mmsi,teu,leg_start_postime,start_port_code,start_postime,end_port_code,speed,voyage_days
209520000,5041,2021-11-09 18:33:06+08:00,CNNBO,2021-12-11 21:58:54+08:00,USLSA,8.18,32.14291667
209520000,5041,2022-02-19 07:35:40+08:00,CNNBO,2022-03-15 23:54:44+08:00,USLSA,10.84,24.67990741
209590000,1080,2020-01-25 10:35:39+08:00,PGPMO,2020-03-20 06:32:57+08:00,USLGB,11.15,54.83145833
209615000,6492,2020-01-04 00:31:13+08:00,CNSHE,2020-02-21 22:25:04+08:00,USLGB,13.59,48.91239583
209795000,4253,2025-07-01 01:13:25+08:00,CNXIA,2025-07-19 21:22:55+08:00,USLGB,13.8,18.83993056
209798000,4253,2022-08-26 21:29:41+08:00,CNYTN,2022-09-08 21:23:27+08:00,USLSA,20.56,12.9956713
209798000,4253,2022-09-28 17:55:22+08:00,CNYTN,2022-10-11 21:20:08+08:00,USLSA,20.32,13.14219907
209798000,4253,2022-11-09 19:04:28+08:00,CNYTN,2022-11-22 22:30:17+08:00,USLSA,20.88,13.14292824
209798000,4253,2022-12-28 21:19:05+08:00,CNYTN,2023-01-11 07:08:12+08:00,USLSA,20.88,13.4091088
209888000,2708,2022-03-11 16:42:51+08:00,CNTAI,2022-04-07 07:47:59+08:00,USLGB,10.94,26.62856481
209888000,2708,2022-05-06 10:13:12+08:00,CNTAI,2022-06-08 22:52:56+08:00,USLGB,8.44,33.52759259
209888000,2708,2022-07-02 10:19:07+08:00,CNTAI,2022-07-25 21:27:53+08:00,USLGB,12.62,23.4644213
209888000,2708,2022-08-22 09:21:23+08:00,CNTAI,2022-09-13 19:58:36+08:00,USLGB,12.19,22.44251157
209888000,2708,2022-10-07 18:21:14+08:00,CNTAI,2022-11-03 21:06:32+08:00,USLGB,10.21,27.11479167
209888000,2708,2022-12-01 11:25:16+08:00,CNTAI,2022-12-21 22:58:12+08:00,USLGB,13.06,20.4812037
209888000,2708,2023-01-17 10:13:40+08:00,CNTAI,2023-02-05 22:35:55+08:00,USLGB,13.89,19.51545139
209888000,2708,2023-03-03 20:13:26+08:00,CNTAI,2023-03-23 16:26:42+08:00,USLGB,13.91,19.8425463
209888000,2708,2023-04-19 21:13:09+08:00,CNTAI,2023-05-08 21:32:37+08:00,USLGB,14.48,19.01351852
211433000,8749,2020-07-18 08:43:00+08:00,CNNBO,2020-07-31 05:14:41+08:00,USLSA,19.63,12.85533565
211433000,8749,2020-09-05 22:45:25+08:00,CNNBO,2020-09-19 21:29:18+08:00,USLSA,18.79,13.9471412
211433000,8749,2020-10-19 11:16:01+08:00,CNNBO,2020-11-12 23:03:22+08:00,USLSA,10.4,24.49121528
211433000,8749,2020-12-10 19:23:07+08:00,CNNBO,2021-01-05 08:29:44+08:00,USLSA,10.33,25.54626157
211433000,8749,2021-01-31 04:11:18+08:00,CNNBO,2021-02-25 23:10:20+08:00,USLSA,11.08,25.79099537
211433000,8749,2021-03-26 02:20:07+08:00,CNNBO,2021-04-16 12:52:33+08:00,USLSA,11.25,21.43918981
212347000,6763,2020-01-02 16:02:35+08:00,CNWGQ,2020-01-16 21:12:46+08:00,USLSA,20.38,14.21540509
212347000,6763,2020-03-24 22:53:16+08:00,TWKAO,2020-04-10 20:56:54+08:00,USLGB,15.57,16.91918981
212347000,6763,2022-07-04 19:46:34+08:00,TWKEE,2022-07-23 21:02:08+08:00,USLSA,13.06,19.05247685
212347000,6763,2022-09-05 18:14:22+08:00,TWKEE,2022-09-19 06:35:44+08:00,USLSA,18.33,13.51483796
212347000,6763,2023-07-19 06:05:56+08:00,CNYSN,2023-08-06 20:00:53+08:00,USLGB,13.33,18.57982639
212347000,6763,2023-12-12 21:54:50+08:00,CNYSN,2024-01-05 22:22:36+08:00,USLGB,10.6,24.01928241
212348000,6763,2020-02-24 21:15:11+08:00,TWKAO,2020-03-12 20:04:24+08:00,USLGB,16.06,16.95084491
212348000,6763,2020-12-08 03:20:33+08:00,CNYTN,2021-01-03 21:15:02+08:00,USLSA,10.89,26.74616898
212348000,6763,2021-03-28 15:08:05+08:00,CNYTN,2021-04-11 20:35:45+08:00,USLSA,19.72,14.2275463
212348000,6763,2021-07-10 16:46:32+08:00,CNYTN,2021-08-01 06:16:47+08:00,USLSA,12.48,21.56267361
212348000,6763,2021-09-21 22:46:37+08:00,CNQIN,2021-11-04 21:19:59+08:00,USLSA,5.95,43.93983796
212348000,6763,2023-07-16 08:48:20+08:00,CNYSN,2023-08-01 05:45:08+08:00,USLGB,15.41,15.87277778
212350000,6763,2020-01-16 08:19:11+08:00,TWKAO,2020-01-31 21:29:31+08:00,USLGB,19.34,15.54884259
212350000,6763,2020-03-10 01:21:57+08:00,TWKAO,2020-03-26 21:00:29+08:00,USLGB,16.59,16.81842593
212350000,6763,2020-08-07 10:43:59+08:00,CNYTN,2020-08-21 19:48:34+08:00,USLSA,19.46,14.37818287
212350000,6763,2020-10-24 23:58:22+08:00,CNYTN,2020-11-10 04:46:39+08:00,USLSA,16.59,16.20019676
212350000,6763,2021-01-28 16:11:50+08:00,CNYTN,2021-02-13 20:14:46+08:00,USLSA,17.55,16.1687037
212350000,6763,2021-05-06 09:26:32+08:00,CNYTN,2021-05-20 20:27:49+08:00,USLSA,18.78,14.45922454
212350000,6763,2023-07-28 21:37:35+08:00,CNYSN,2023-08-15 06:03:26+08:00,USLGB,14.07,17.35128472
212351000,6763,2020-02-18 15:12:27+08:00,TWKAO,2020-03-05 21:06:19+08:00,USLGB,16.14,16.24574074
212351000,6763,2020-07-10 03:19:54+08:00,CNYTN,2020-07-25 07:40:49+08:00,USLSA,18.33,15.18119213
212351000,6763,2020-11-27 03:25:53+08:00,TWKEE,2020-12-18 02:53:56+08:00,USLSA,11.88,20.9778125
212351000,6763,2021-01-19 13:46:24+08:00,TWKEE,2021-02-13 09:08:28+08:00,USLSA,10.06,24.80699074
212351000,6763,2021-03-18 15:35:28+08:00,TWKEE,2021-04-05 20:57:32+08:00,USLSA,14.22,18.22365741
212351000,6763,2021-05-21 18:12:00+08:00,TWKEE,2021-06-13 20:51:07+08:00,USLSA,10.74,23.11049769
212351000,6763,2022-06-25 10:21:58+08:00,CNNBO,2022-07-14 06:38:40+08:00,USLSA,13.05,18.84493056
212351000,6763,2023-07-04 00:46:18+08:00,CNYSN,2023-07-20 05:55:29+08:00,USLGB,15.18,16.21471065
212353000,6763,2020-01-30 02:11:05+08:00,TWKAO,2020-02-14 20:34:41+08:00,USLGB,18.17,15.76638889
212353000,6763,2020-03-31 12:14:55+08:00,TWKAO,2020-04-16 20:00:15+08:00,USLSA,16.26,16.32314815
212353000,6763,2021-02-14 18:08:02+08:00,CNYTN,2021-03-16 21:08:52+08:00,USLSA,9.17,30.1255787
212353000,6763,2024-09-27 17:24:13+08:00,CNYTN,2024-10-25 05:16:06+08:00,USLSA,9.98,27.49436343
212587000,2190,2023-03-27 13:21:10+08:00,CNWGQ,2023-04-10 18:42:16+08:00,USLSA,17.14,14.22298611
212642000,8401,2025-07-01 04:02:48+08:00,CNXIA,2025-07-16 21:20:04+08:00,USLSA,16.69,15.72032407
212671000,5059,2025-01-02 01:12:55+08:00,CNWGQ,2025-01-14 15:30:07+08:00,USLGB,19.8,12.59527778
212671000,5059,2025-02-05 15:44:08+08:00,CNWGQ,2025-02-17 21:43:42+08:00,USLGB,20.08,12.24969907
212671000,5059,2025-03-15 00:49:27+08:00,CNWGQ,2025-03-26 21:34:58+08:00,USLGB,21.24,11.86494213
212671000,5059,2025-04-24 00:18:44+08:00,CNWGQ,2025-05-05 20:58:55+08:00,USLGB,19.86,11.86123843
212671000,5059,2025-06-05 06:25:04+08:00,CNWGQ,2025-06-16 23:49:23+08:00,USLGB,20.78,11.72521991
212714000,4253,2020-11-15 20:29:16+08:00,CNYTN,2020-12-03 07:00:14+08:00,USLSA,17.78,17.4381713
212714000,4253,2021-08-20 21:22:16+08:00,CNYTN,2021-09-03 05:52:24+08:00,USLGB,20,13.35425926
212714000,4253,2021-09-29 08:25:53+08:00,CNYTN,2021-10-16 21:13:33+08:00,USLGB,15.29,17.53310185
212714000,4253,2021-11-09 09:03:09+08:00,CNFUN,2021-11-22 22:27:16+08:00,USLGB,18.83,13.55841435
212790000,5075,2022-01-12 17:48:12+08:00,CNYTN,2022-02-11 22:34:15+08:00,USLGB,12.85,30.19864583
212790000,5075,2022-03-15 03:40:41+08:00,CNYTN,2022-04-22 20:16:37+08:00,USLGB,11.18,38.69162037
212962000,2190,2021-06-19 18:54:16+08:00,CNWGQ,2021-07-09 20:57:01+08:00,USLGB,12,20.08524306
215002000,1774,2021-08-06 09:37:25+08:00,CNWGQ,2021-09-05 01:57:34+08:00,USLGB,8.06,29.68065972
215002000,1774,2021-10-22 16:43:47+08:00,CNQIN,2021-11-22 17:57:55+08:00,USLGB,8.89,31.05148148
215125000,14414,2020-01-13 23:44:23+08:00,CNXIA,2020-01-27 06:46:06+08:00,USLSA,23.26,13.2928588
215125000,14414,2020-06-10 20:21:28+08:00,CNYTN,2020-06-25 06:06:24+08:00,USLSA,19.3,14.4062037
215125000,14414,2021-04-09 22:57:21+08:00,CNYTN,2021-05-02 12:37:58+08:00,USLSA,13.02,22.56987269
215125000,14414,2021-09-08 12:42:34+08:00,CNYTN,2021-10-02 12:14:11+08:00,USLSA,11.64,23.98028935
215125000,14414,2022-02-03 10:26:50+08:00,CNYTN,2022-03-12 00:37:59+08:00,USLSA,8.52,36.59107639
215125000,14414,2022-09-03 21:12:09+08:00,CNYTN,2022-09-24 20:40:54+08:00,USLSA,12.98,20.97829861
215125000,14414,2023-03-02 12:29:03+08:00,CNYTN,2023-03-16 20:49:52+08:00,USLSA,19,14.34778935
215125000,14414,2023-08-03 07:20:48+08:00,CNYTN,2023-08-18 20:30:04+08:00,USLSA,18.02,15.54810185
215125000,14414,2023-12-27 23:23:09+08:00,CNYTN,2024-01-14 00:40:57+08:00,USLSA,16.54,17.05402778
215125000,14414,2024-06-09 06:28:06+08:00,CNYTN,2024-06-24 06:04:40+08:00,USLSA,18.12,14.98372685
215125000,14414,2024-11-08 03:22:39+08:00,CNYTN,2024-11-24 23:09:54+08:00,USLSA,16.69,16.82447917
215125000,14414,2025-04-28 09:06:30+08:00,CNYTN,2025-05-14 06:04:39+08:00,USLSA,16.83,15.87371528
215126000,14414,2020-01-05 20:12:25+08:00,CNXIA,2020-01-19 08:52:19+08:00,USLSA,20.75,13.52770833
215126000,14414,2020-05-21 05:47:42+08:00,CNYTN,2020-06-05 06:08:55+08:00,USLSA,18.01,15.0147338
215126000,14414,2020-10-03 15:34:20+08:00,CNYTN,2020-10-19 10:16:34+08:00,USLSA,17.96,15.7793287
215126000,14414,2021-02-17 06:45:59+08:00,CNYTN,2021-03-14 19:01:53+08:00,USLSA,10.59,25.51104167
215126000,14414,2021-07-31 17:27:50+08:00,CNYTN,2021-08-24 06:01:42+08:00,USLSA,11.61,23.52351852
215126000,14414,2021-12-31 18:38:57+08:00,CNYTN,2022-02-08 20:31:31+08:00,USLSA,7.96,39.0781713
215126000,14414,2022-11-30 13:34:49+08:00,CNYTN,2022-12-14 21:24:34+08:00,USLSA,19.01,14.32621528
215126000,14414,2023-05-04 15:27:39+08:00,CNYTN,2023-05-18 19:49:45+08:00,USLSA,19.52,14.18201389
215126000,14414,2023-09-28 07:52:25+08:00,CNYTN,2023-10-14 19:00:09+08:00,USLSA,16.27,16.4637037
215126000,14414,2024-02-29 15:48:31+08:00,CNYTN,2024-03-15 18:15:24+08:00,USLSA,18.07,15.10200231
215126000,14414,2024-08-02 03:16:46+08:00,CNYTN,2024-08-18 21:19:09+08:00,USLSA,16,16.75165509
215126000,14414,2025-01-03 17:27:16+08:00,CNYTN,2025-01-19 20:56:52+08:00,USLSA,17.45,16.14555556
215131000,11356,2020-11-29 21:23:58+08:00,CNYTN,2020-12-19 01:18:50+08:00,USLSA,14.87,19.16310185
215131000,11356,2021-04-29 12:15:41+08:00,CNYTN,2021-05-18 12:48:53+08:00,USLSA,14.18,19.02305556
215131000,11356,2021-07-02 18:10:18+08:00,CNXIA,2021-07-23 01:23:07+08:00,USLSA,12.85,20.30056713
215131000,11356,2021-09-30 23:08:15+08:00,CNYTN,2021-11-01 23:10:45+08:00,USLSA,8.84,32.00173611
215131000,11356,2021-12-04 14:36:38+08:00,CNXIA,2022-01-16 03:15:00+08:00,USLSA,7.47,42.52664352
215131000,11356,2022-02-15 05:36:30+08:00,CNXIA,2022-03-20 13:15:48+08:00,USLSA,9.25,33.31895833
215131000,11356,2022-11-25 06:32:09+08:00,CNSHE,2022-12-11 22:43:23+08:00,USLSA,16.4,16.67446759
215131000,11356,2023-05-16 19:48:53+08:00,CNYTN,2023-06-01 11:47:02+08:00,USLSA,17.15,15.66538194
215131000,11356,2023-07-04 03:08:14+08:00,CNSHE,2023-07-18 19:50:10+08:00,USLSA,18.38,14.69578704
215131000,11356,2023-08-22 10:23:30+08:00,CNYTN,2023-09-06 05:51:29+08:00,USLSA,18.42,14.81109954
215134000,11356,2021-07-16 04:53:09+08:00,CNYTN,2021-08-04 20:22:14+08:00,USLSA,13.87,19.64519676
215137000,14414,2020-06-07 09:49:48+08:00,CNYSN,2020-06-23 03:28:13+08:00,USLSA,15.59,15.73501157
215137000,14414,2021-01-30 16:08:09+08:00,CNYTN,2021-02-24 01:36:55+08:00,USLSA,12.3,24.39497685
215137000,14414,2021-07-01 16:37:51+08:00,CNYTN,2021-07-25 12:07:55+08:00,USLSA,11.38,23.8125463
215137000,14414,2021-11-21 16:04:13+08:00,CNYTN,2022-01-06 11:27:27+08:00,USLGB,7.24,45.80780093
215137000,14414,2022-05-16 07:12:20+08:00,CNYTN,2022-06-07 23:26:37+08:00,USLSA,12.22,22.67658565
215137000,14414,2022-12-31 11:44:07+08:00,CNQIN,2023-01-13 21:17:22+08:00,USLSA,18.15,13.39809028
215137000,14414,2023-02-21 20:22:39+08:00,CNXIA,2023-03-09 07:07:39+08:00,USLSA,16.87,15.44791667
215137000,14414,2023-04-21 12:40:31+08:00,CNYTN,2023-05-07 12:06:11+08:00,USLSA,17.08,15.97615741
215137000,14414,2023-09-14 06:40:58+08:00,CNYTN,2023-09-30 20:45:45+08:00,USLSA,16.12,16.58665509
215137000,14414,2024-02-11 12:42:26+08:00,CNYTN,2024-02-25 20:28:00+08:00,USLSA,18.76,14.32331019
215137000,14414,2024-12-19 21:53:48+08:00,CNYTN,2025-01-06 06:04:21+08:00,USLSA,16.27,17.34065972
215137000,14414,2025-06-09 02:37:22+08:00,CNYTN,2025-06-25 06:03:08+08:00,USLSA,16.55,16.14289352
215154000,13830,2021-01-24 13:12:04+08:00,CNYTN,2021-02-16 19:04:40+08:00,USLSA,11.6,23.24486111
215154000,13830,2022-02-25 11:00:16+08:00,CNYTN,2022-03-31 13:10:24+08:00,USLSA,9.09,34.09037037
215154000,13830,2023-01-12 05:42:01+08:00,CNYTN,2023-01-29 18:54:54+08:00,USLSA,15.88,17.55061343
215154000,13830,2023-06-08 03:51:30+08:00,CNYTN,2023-06-22 22:15:05+08:00,USLSA,18.12,14.76637731
215154000,13830,2023-11-08 21:26:52+08:00,CNYTN,2023-11-24 23:20:08+08:00,USLSA,17.55,16.07865741
215158000,13830,2022-07-20 09:19:00+08:00,CNYTN,2022-08-07 03:20:37+08:00,USLSA,15.14,17.75112269
215158000,13830,2023-01-08 10:27:01+08:00,CNYSN,2023-01-23 08:08:55+08:00,USLSA,17.92,14.90409722
215158000,13830,2023-09-09 00:47:43+08:00,CNYTN,2023-09-23 21:00:21+08:00,USLSA,18.12,14.84210648
215159000,5095,2020-06-04 09:34:01+08:00,CNWGQ,2020-06-16 06:17:33+08:00,USLSA,21.45,11.86356481
215159000,5095,2020-07-09 15:35:00+08:00,CNWGQ,2020-07-21 06:25:56+08:00,USLSA,20.8,11.6187037
215159000,5095,2020-08-20 13:07:09+08:00,CNWGQ,2020-09-01 06:21:39+08:00,USLSA,21.07,11.71840278
215159000,5095,2020-10-02 13:21:04+08:00,CNWGQ,2020-10-13 21:29:26+08:00,USLSA,22.87,11.33914352
215159000,5095,2020-11-12 09:56:19+08:00,CNWGQ,2020-11-25 01:16:12+08:00,USLSA,19.89,12.63880787
215159000,5095,2020-12-24 19:34:23+08:00,CNWGQ,2021-01-11 20:29:15+08:00,USLSA,15.81,18.03810185
215159000,5095,2021-02-04 16:39:47+08:00,CNWGQ,2021-02-28 14:06:03+08:00,USLSA,12.06,23.89324074
215159000,5095,2021-04-05 05:06:56+08:00,CNWGQ,2021-04-17 02:24:47+08:00,USLSA,22.6,11.88739583
215159000,5095,2021-05-14 13:47:30+08:00,CNWGQ,2021-05-26 01:59:27+08:00,USLSA,20.84,11.50829861
215159000,5095,2021-06-25 00:32:11+08:00,CNWGQ,2021-07-09 11:51:34+08:00,USLSA,16.51,14.47179398
215159000,5095,2021-08-09 12:16:37+08:00,CNWGQ,2021-08-23 21:32:43+08:00,USLSA,16.73,14.38618056
215159000,5095,2021-09-22 11:16:32+08:00,CNWGQ,2021-10-09 21:13:24+08:00,USLSA,14.09,17.41449074
215159000,5095,2021-11-05 12:33:32+08:00,CNWGQ,2021-11-19 23:57:28+08:00,USLSA,16.79,14.4749537
215159000,5095,2021-12-17 19:19:12+08:00,CNWGQ,2022-01-15 11:02:04+08:00,USLSA,9.51,28.65476852
215159000,5095,2022-02-13 10:31:15+08:00,CNWGQ,2022-02-25 07:35:47+08:00,USLSA,20.37,11.87814815
215159000,5095,2022-04-01 14:18:47+08:00,CNNBO,2022-04-14 12:12:27+08:00,USLSA,18.85,12.91226852
215159000,5095,2022-05-17 21:08:01+08:00,CNNBO,2022-06-02 11:20:37+08:00,USLSA,15.97,15.59208333
215159000,5095,2022-07-04 02:41:45+08:00,CNWGQ,2022-07-16 08:12:31+08:00,USLSA,19.62,12.22969907
215159000,5095,2022-08-19 16:10:19+08:00,CNWGQ,2022-08-31 07:39:01+08:00,USLSA,20.55,11.64493056
215159000,5095,2022-10-04 17:33:52+08:00,CNWGQ,2022-10-16 13:53:35+08:00,USLSA,20.72,11.84702546
215159000,5095,2023-01-19 21:06:41+08:00,CNWGQ,2023-01-31 21:37:11+08:00,USLSA,19.95,12.02118056
215159000,5095,2023-03-09 12:51:32+08:00,CNWGQ,2023-03-21 05:51:22+08:00,USLSA,20.51,11.70821759
215159000,5095,2023-04-28 05:54:08+08:00,CNWGQ,2023-05-09 19:49:10+08:00,USLSA,20.75,11.57988426
215159000,5095,2023-06-09 04:04:43+08:00,CNWGQ,2023-06-20 20:00:08+08:00,USLSA,20.56,11.6634838
215159000,5095,2023-07-28 06:41:18+08:00,CNWGQ,2023-08-09 22:25:10+08:00,USLSA,19,12.65546296
215159000,5095,2023-09-14 11:35:28+08:00,CNWGQ,2023-09-26 13:10:05+08:00,USLSA,19.89,12.06570602
215159000,5095,2023-11-02 14:31:57+08:00,CNWGQ,2023-11-14 14:15:08+08:00,USLSA,20.58,11.98832176
215159000,5095,2023-12-14 12:05:12+08:00,CNWGQ,2023-12-26 22:10:01+08:00,USLSA,20.2,12.42001157
215159000,5095,2024-01-25 12:04:19+08:00,CNWGQ,2024-02-06 14:14:49+08:00,USLSA,20.12,12.090625
215159000,5095,2024-03-07 21:01:41+08:00,CNWGQ,2024-03-20 02:09:24+08:00,USLSA,19.96,12.21369213
215159000,5095,2024-04-20 11:10:55+08:00,CNWGQ,2024-05-02 13:09:10+08:00,USLSA,19.87,12.08211806
215159000,5095,2024-06-06 12:08:07+08:00,CNWGQ,2024-06-18 07:33:13+08:00,USLSA,20.31,11.80909722
215159000,5095,2024-07-25 14:02:53+08:00,CNWGQ,2024-08-06 06:12:59+08:00,USLSA,20.57,11.67368056
215159000,5095,2024-09-12 17:36:44+08:00,CNWGQ,2024-09-24 06:01:42+08:00,USLSA,20.89,11.51733796
215159000,5095,2024-10-31 10:44:56+08:00,CNWGQ,2024-11-12 23:09:56+08:00,USLSA,20.06,12.51736111
215159000,5095,2024-12-12 08:37:23+08:00,CNWGQ,2024-12-27 13:54:08+08:00,USLSA,19.54,15.21996528
215159000,5095,2025-01-25 20:41:45+08:00,CNWGQ,2025-02-07 06:59:39+08:00,USLSA,20.5,12.42909722
215159000,5095,2025-03-15 13:51:43+08:00,CNWGQ,2025-03-27 08:03:56+08:00,USLSA,20.52,11.7584838
215159000,5095,2025-05-01 13:34:11+08:00,CNWGQ,2025-05-13 21:26:34+08:00,USLSA,19.56,12.32804398
215159000,5095,2025-06-19 18:22:55+08:00,CNWGQ,2025-07-01 13:03:39+08:00,USLSA,20.44,11.77828704
215164000,11356,2021-01-14 05:29:53+08:00,CNYTN,2021-02-09 20:10:14+08:00,USLSA,11.86,26.61135417
215164000,11356,2021-11-03 04:59:07+08:00,CNYTN,2021-12-07 22:00:56+08:00,USLSA,8.91,34.70959491
215164000,11356,2022-01-06 13:25:26+08:00,CNXIA,2022-02-12 13:29:40+08:00,USLSA,8.15,37.00293981
215164000,11356,2023-04-14 19:02:18+08:00,CNYTN,2023-04-29 20:26:53+08:00,USLSA,18.39,15.05873843
215164000,11356,2023-06-05 19:23:18+08:00,CNYTN,2023-06-19 17:49:07+08:00,USLSA,19.26,13.93459491
215164000,11356,2023-07-20 11:09:58+08:00,CNYTN,2023-08-05 05:55:34+08:00,USLSA,17.01,15.78166667
215164000,11356,2025-06-18 00:46:07+08:00,CNYTN,2025-07-03 21:05:39+08:00,USLSA,16.91,15.84689815
215165000,5095,2020-06-11 16:13:00+08:00,CNWGQ,2020-06-23 06:11:51+08:00,USLSA,21.09,11.58253472
215165000,5095,2020-07-23 14:13:14+08:00,CNWGQ,2020-08-04 06:02:01+08:00,USLSA,20.56,11.65887731
215165000,5095,2020-09-03 13:28:38+08:00,CNWGQ,2020-09-15 06:07:50+08:00,USLSA,22.31,11.69388889
215165000,5095,2020-10-15 23:52:17+08:00,CNWGQ,2020-10-27 10:06:15+08:00,USLSA,22.15,11.42636574
215165000,5095,2020-11-26 10:33:37+08:00,CNWGQ,2020-12-08 22:17:48+08:00,USLSA,19.23,12.4890162
215165000,5095,2021-01-09 07:27:54+08:00,CNWGQ,2021-01-23 02:06:39+08:00,USLSA,21.63,13.77690972
215165000,5095,2021-02-25 11:06:28+08:00,CNWGQ,2021-03-09 20:53:12+08:00,USLSA,19.31,12.4074537
215165000,5095,2021-04-10 12:43:26+08:00,CNWGQ,2021-04-21 19:52:59+08:00,USLSA,23.62,11.29829861
215165000,5095,2021-05-20 18:31:21+08:00,CNWGQ,2021-06-01 12:00:47+08:00,USLSA,21.33,11.72877315
215165000,5095,2021-07-01 17:32:04+08:00,CNWGQ,2021-07-13 23:00:47+08:00,USLSA,19.65,12.22827546
215165000,5095,2021-09-17 20:50:51+08:00,CNWGQ,2021-09-29 17:23:15+08:00,USLSA,20.32,11.85583333
215165000,5095,2021-10-31 20:45:19+08:00,CNWGQ,2021-11-15 10:32:24+08:00,USLSA,16.64,14.57436343
215165000,5095,2021-12-09 15:43:41+08:00,CNWGQ,2022-01-11 10:26:19+08:00,USLSA,8.74,32.77960648
215165000,5095,2022-04-05 11:55:46+08:00,CNNBO,2022-04-28 16:27:34+08:00,USLSA,11.4,23.18875
215165000,5095,2022-05-23 06:52:40+08:00,CNNBO,2022-06-05 21:37:20+08:00,USLSA,17.73,13.61435185
215165000,5095,2022-07-07 16:49:41+08:00,CNWGQ,2022-07-22 21:24:16+08:00,USLSA,16.04,15.19068287
215165000,5095,2022-11-13 00:28:36+08:00,CNWGQ,2022-11-26 04:27:20+08:00,USLSA,18.39,13.16578704
215165000,5095,2023-01-07 12:48:16+08:00,CNWGQ,2023-01-23 23:01:24+08:00,USLSA,16.89,16.42578704
215165000,5095,2023-02-23 12:18:14+08:00,CNWGQ,2023-03-08 04:43:17+08:00,USLSA,19.06,12.6840625
215165000,5095,2023-04-13 19:02:17+08:00,CNWGQ,2023-04-27 01:37:15+08:00,USLSA,18.18,13.27428241
215165000,5095,2023-06-29 07:22:35+08:00,CNWGQ,2023-07-11 20:25:50+08:00,USLSA,19.16,12.54392361
215165000,5095,2023-08-17 12:50:44+08:00,CNWGQ,2023-09-03 06:10:53+08:00,USLSA,14.7,16.72232639
215165000,5095,2023-10-04 02:24:29+08:00,CNWGQ,2023-10-17 06:40:06+08:00,USLSA,18.92,13.17751157
215165000,5095,2023-11-23 20:03:49+08:00,CNWGQ,2023-12-05 22:21:53+08:00,USLSA,19.98,12.09587963
215165000,5095,2024-01-05 05:57:35+08:00,CNWGQ,2024-01-17 23:10:50+08:00,USLSA,20.53,12.71753472
215165000,5095,2024-02-14 14:31:01+08:00,CNWGQ,2024-02-26 20:57:16+08:00,USLSA,20.12,12.26822917
215165000,5095,2024-03-29 15:50:30+08:00,CNWGQ,2024-04-10 18:16:02+08:00,USLSA,20.22,12.10106481
215165000,5095,2024-05-16 19:24:09+08:00,CNWGQ,2024-05-28 12:56:37+08:00,USLSA,20.41,11.73087963
215165000,5095,2024-07-04 10:25:19+08:00,CNWGQ,2024-07-16 08:06:43+08:00,USLSA,20.08,11.90375
215165000,5095,2024-08-22 12:38:44+08:00,CNWGQ,2024-09-03 18:05:26+08:00,USLSA,19.58,12.226875
215165000,5095,2024-10-10 14:57:32+08:00,CNWGQ,2024-10-23 12:25:55+08:00,USLSA,18.58,12.89471065
215165000,5095,2024-11-21 15:18:43+08:00,CNWGQ,2024-12-05 12:29:20+08:00,USLSA,19.43,13.88237269
215165000,5095,2025-01-03 00:55:35+08:00,CNWGQ,2025-01-15 04:54:36+08:00,USLSA,20.05,12.1659838
215165000,5095,2025-02-20 16:38:03+08:00,CNWGQ,2025-03-05 19:53:55+08:00,USLSA,20.19,13.13601852
215165000,5095,2025-04-10 09:38:08+08:00,CNWGQ,2025-04-22 12:59:28+08:00,USLSA,19.98,12.13981481
215165000,5095,2025-05-29 13:25:39+08:00,CNWGQ,2025-06-10 19:56:11+08:00,USLSA,19.88,12.2712037
215175000,5095,2022-03-06 02:50:17+08:00,CNWGQ,2022-03-20 21:53:57+08:00,USLSA,16.26,14.79421296
215175000,5095,2022-05-01 14:38:15+08:00,CNNBO,2022-05-14 07:36:45+08:00,USLSA,18.97,12.70729167
215175000,5095,2022-06-17 22:42:18+08:00,CNWGQ,2022-06-30 21:12:19+08:00,USLSA,18.56,12.93751157
215175000,5095,2022-07-29 23:11:47+08:00,CNWGQ,2022-08-10 17:19:28+08:00,USLSA,20.5,11.75533565
215175000,5095,2022-09-13 15:07:08+08:00,CNNBO,2022-09-25 19:12:08+08:00,USLSA,19.89,12.17013889
215175000,5095,2022-11-03 19:50:13+08:00,CNWGQ,2022-11-15 09:42:32+08:00,USLSA,20.73,11.57799769
215175000,5095,2022-12-23 10:08:40+08:00,CNWGQ,2023-01-04 23:28:51+08:00,USLSA,20.51,12.55568287
215175000,5095,2024-04-11 13:35:50+08:00,CNWGQ,2024-04-24 10:21:58+08:00,USLSA,19.02,12.86537037
215175000,5095,2024-07-27 13:12:50+08:00,CNWGQ,2024-08-11 05:12:04+08:00,USLSA,16.49,14.66613426
215181000,14414,2020-12-16 05:29:28+08:00,CNYTN,2021-01-07 00:12:24+08:00,USLSA,13.39,21.77981481
215181000,14414,2021-05-16 07:02:23+08:00,CNYTN,2021-06-12 21:44:37+08:00,USLSA,9.7,27.61266204
215181000,14414,2021-10-11 21:03:39+08:00,CNYTN,2021-11-18 15:50:14+08:00,USLSA,7.57,37.78234954
215181000,14414,2022-03-27 20:24:23+08:00,CNYTN,2022-04-24 22:42:21+08:00,USLSA,10.36,28.09581019
215181000,14414,2024-04-16 23:08:09+08:00,CNYTN,2024-05-01 18:08:40+08:00,USLSA,18.19,14.79202546
215181000,14414,2024-09-20 08:42:42+08:00,CNYTN,2024-10-06 20:08:58+08:00,USLSA,16.4,16.47657407
215181000,14414,2025-03-01 06:48:40+08:00,CNYTN,2025-03-17 09:38:41+08:00,USLSA,17.47,16.11806713
215183000,5095,2020-07-16 22:00:27+08:00,CNWGQ,2020-07-28 06:48:36+08:00,USLSA,21.13,11.36677083
215183000,5095,2020-08-27 06:05:33+08:00,CNWGQ,2020-09-08 21:12:37+08:00,USLSA,18.94,12.62990741
215183000,5095,2020-10-09 16:11:47+08:00,CNWGQ,2020-10-21 06:18:50+08:00,USLSA,21.84,11.58822917
215183000,5095,2020-11-19 15:19:48+08:00,CNWGQ,2020-12-01 22:06:44+08:00,USLSA,20.61,12.28259259
215183000,5095,2021-01-02 14:47:09+08:00,CNWGQ,2021-01-15 23:55:00+08:00,USLSA,20.16,13.38045139
215183000,5095,2021-03-04 15:13:05+08:00,CNWGQ,2021-03-16 07:23:08+08:00,USLSA,23.16,11.67364583
215183000,5095,2021-04-15 14:35:22+08:00,CNWGQ,2021-04-27 18:46:59+08:00,USLSA,21.46,12.1747338
215183000,5095,2021-05-27 12:25:11+08:00,CNWGQ,2021-06-08 21:05:28+08:00,USLSA,19.42,12.36130787
215183000,5095,2021-07-09 01:04:23+08:00,CNWGQ,2021-07-20 11:43:20+08:00,USLSA,20.98,11.44371528
215183000,5095,2021-08-22 11:25:41+08:00,CNWGQ,2021-09-05 21:27:06+08:00,USLSA,16.63,14.41765046
215183000,5095,2021-10-07 23:20:39+08:00,CNWGQ,2021-10-21 12:02:54+08:00,USLSA,18.07,13.52934028
215183000,5095,2021-11-20 23:23:58+08:00,CNWGQ,2021-12-06 13:24:38+08:00,USLSA,15.79,15.5837963
215183000,5095,2022-01-01 11:29:26+08:00,CNWGQ,2022-01-30 22:34:14+08:00,USLSA,9.17,29.46166667
215183000,5095,2022-02-27 07:07:48+08:00,CNNBO,2022-03-15 12:23:16+08:00,USLSA,15.51,16.21907407
215183000,5095,2022-04-19 08:20:14+08:00,CNNBO,2022-05-04 21:38:13+08:00,USLSA,15.83,15.55415509
215183000,5095,2022-06-08 17:13:34+08:00,CNNBO,2022-06-23 00:23:20+08:00,USLSA,16.96,14.29844907
215183000,5095,2022-07-22 07:00:12+08:00,CNWGQ,2022-08-02 15:35:46+08:00,USLSA,21.22,11.35803241
215183000,5095,2022-09-01 17:17:00+08:00,CNWGQ,2022-09-13 05:12:25+08:00,USLSA,20.85,11.49681713
215183000,5095,2022-10-28 12:23:21+08:00,CNWGQ,2022-11-09 20:49:27+08:00,USLSA,19.88,12.35145833
215183000,5095,2022-12-15 15:17:09+08:00,CNWGQ,2022-12-28 20:24:30+08:00,USLSA,20.62,13.2134375
215183000,5095,2023-02-16 20:04:05+08:00,CNWGQ,2023-02-28 15:03:41+08:00,USLSA,20.36,11.79138889
215183000,5095,2023-04-07 03:28:06+08:00,CNWGQ,2023-04-19 11:54:02+08:00,USLSA,19.5,12.35134259
215183000,5095,2023-05-18 23:52:39+08:00,CNWGQ,2023-05-30 19:00:31+08:00,USLSA,20.29,11.79712963
215183000,5095,2023-07-06 14:48:48+08:00,CNWGQ,2023-07-18 13:05:14+08:00,USLSA,20.04,11.9280787
215183000,5095,2023-08-25 05:05:02+08:00,CNWGQ,2023-09-06 05:20:14+08:00,USLSA,20.13,12.01055556
215183000,5095,2023-11-19 14:49:25+08:00,CNWGQ,2023-12-02 22:01:15+08:00,USLSA,18.48,13.29988426
215183000,5095,2024-01-02 04:17:47+08:00,CNWGQ,2024-01-15 00:25:40+08:00,USLSA,20.03,12.83880787
215183000,5095,2024-02-08 22:46:58+08:00,CNWGQ,2024-02-21 14:20:59+08:00,USLSA,19.12,12.64862269
215183000,5095,2024-03-21 12:23:26+08:00,CNWGQ,2024-04-02 08:31:10+08:00,USLSA,20.22,11.8387037
215183000,5095,2024-05-09 14:09:44+08:00,CNWGQ,2024-05-21 16:15:28+08:00,USLSA,19.78,12.08731481
215183000,5095,2024-06-27 16:10:16+08:00,CNWGQ,2024-07-09 20:48:59+08:00,USLSA,19.61,12.19355324
215183000,5095,2024-08-15 19:29:48+08:00,CNWGQ,2024-08-28 23:30:42+08:00,USLSA,18.22,13.16729167
215183000,5095,2024-10-03 12:38:21+08:00,CNWGQ,2024-10-15 20:37:14+08:00,USLSA,19.41,12.33255787
215183000,5095,2025-03-28 21:58:56+08:00,CNWGQ,2025-04-11 19:01:00+08:00,USLSA,17.32,13.87643519
215183000,5095,2025-05-15 12:03:26+08:00,CNWGQ,2025-05-29 04:03:23+08:00,USLSA,17.6,13.66663194
215183000,5095,2025-07-03 17:20:51+08:00,CNWGQ,2025-07-15 21:41:08+08:00,USLSA,19.63,12.18075231
215187000,5095,2021-08-03 06:28:39+08:00,CNNBO,2021-08-28 21:43:35+08:00,USLSA,9.56,25.63537037
215187000,5095,2024-02-15 10:58:00+08:00,CNYSN,2024-03-16 12:16:10+08:00,USLSA,11.8,30.05428241
215187000,5095,2024-04-04 20:35:40+08:00,CNWGQ,2024-04-16 12:39:45+08:00,USLSA,20.58,11.66950231
215187000,5095,2024-05-23 11:19:12+08:00,CNWGQ,2024-06-04 12:54:38+08:00,USLSA,19.83,12.06627315
215187000,5095,2024-07-11 14:54:11+08:00,CNWGQ,2024-07-23 07:11:21+08:00,USLSA,20.49,11.67858796
215187000,5095,2024-08-29 07:06:30+08:00,CNWGQ,2024-09-10 04:47:09+08:00,USLSA,20.18,11.90322917
215187000,5095,2024-10-17 11:21:29+08:00,CNWGQ,2024-10-29 05:56:10+08:00,USLSA,20.61,11.77408565
215187000,5095,2024-11-28 21:03:07+08:00,CNWGQ,2024-12-11 18:09:37+08:00,USLSA,18.87,12.87951389
215187000,5095,2025-01-09 06:47:09+08:00,CNWGQ,2025-01-22 21:51:37+08:00,USLSA,20.04,13.62810185
215187000,5095,2025-02-27 11:12:36+08:00,CNWGQ,2025-03-12 06:52:51+08:00,USLSA,20.91,12.81961806
215187000,5095,2025-04-17 12:41:51+08:00,CNWGQ,2025-04-29 12:41:44+08:00,USLSA,19.92,11.99991898
215187000,5095,2025-06-05 18:32:40+08:00,CNWGQ,2025-06-17 12:53:55+08:00,USLSA,20.35,11.76475694
215189000,5095,2020-04-09 11:54:13+08:00,CNWGQ,2020-04-21 06:06:17+08:00,USLSA,20.45,11.75837963
215189000,5095,2020-05-14 18:17:08+08:00,CNWGQ,2020-05-26 06:06:39+08:00,USLSA,21.63,11.49271991
215189000,5095,2020-06-18 22:07:17+08:00,CNWGQ,2020-06-30 05:54:28+08:00,USLSA,22.12,11.32443287
215189000,5095,2020-07-30 20:39:20+08:00,CNWGQ,2020-08-11 06:00:10+08:00,USLSA,21.2,11.38946759
215189000,5095,2020-09-10 17:39:57+08:00,CNWGQ,2020-09-22 05:56:57+08:00,USLSA,22.62,11.51180556
215189000,5095,2020-10-22 06:33:39+08:00,CNWGQ,2020-11-03 07:06:10+08:00,USLSA,19.89,12.02258102
215189000,5095,2020-12-03 14:34:21+08:00,CNWGQ,2020-12-16 21:06:02+08:00,USLSA,19.95,13.27200231
215189000,5095,2021-01-14 13:32:26+08:00,CNWGQ,2021-02-01 19:57:57+08:00,USLSA,14.19,18.26771991
215189000,5095,2021-03-11 11:02:22+08:00,CNWGQ,2021-03-23 11:55:20+08:00,USLSA,20.97,12.03678241
215189000,5095,2021-04-25 22:31:20+08:00,CNWGQ,2021-05-07 22:04:16+08:00,USLSA,19.96,11.9812037
215189000,5095,2021-06-06 01:07:41+08:00,CNWGQ,2021-06-17 18:25:15+08:00,USLSA,20.48,11.72053241
215189000,5095,2021-07-15 16:07:03+08:00,CNWGQ,2021-07-28 13:11:40+08:00,USLSA,18.63,12.87820602
215189000,5095,2021-09-02 08:04:32+08:00,CNWGQ,2021-09-17 21:56:02+08:00,USLSA,15.69,15.57743056
215189000,5095,2021-10-24 01:28:27+08:00,CNWGQ,2021-11-06 01:23:08+08:00,USLSA,18.88,12.99630787
215189000,5095,2021-12-04 00:14:40+08:00,CNWGQ,2021-12-23 04:19:08+08:00,USLSA,13.51,19.16976852
215189000,5095,2022-11-18 18:38:50+08:00,CNWGQ,2022-12-02 20:25:43+08:00,USLSA,19.09,14.07422454
215189000,5095,2023-01-14 08:08:51+08:00,CNWGQ,2023-01-26 20:44:05+08:00,USLSA,19.44,12.52446759
215189000,5095,2023-05-04 23:39:46+08:00,CNWGQ,2023-05-20 17:53:16+08:00,USLSA,15.8,15.759375
215189000,5095,2023-06-16 10:52:19+08:00,CNWGQ,2023-06-28 19:54:58+08:00,USLSA,19.47,12.37684028
215189000,5095,2023-08-03 01:51:07+08:00,CNWGQ,2023-08-15 06:55:02+08:00,USLSA,19.57,12.21105324
215189000,5095,2023-09-21 15:10:38+08:00,CNWGQ,2023-10-03 19:45:51+08:00,USLSA,19.63,12.19112269
215189000,5095,2023-11-09 09:07:09+08:00,CNWGQ,2023-11-21 21:20:17+08:00,USLSA,19.45,12.50912037
215189000,5095,2023-12-21 21:33:11+08:00,CNWGQ,2024-01-05 03:20:30+08:00,USLSA,17.25,14.24119213
215189000,5095,2024-02-02 16:19:26+08:00,CNWGQ,2024-02-14 20:54:18+08:00,USLSA,19.69,12.19087963
215189000,5095,2024-03-16 15:30:45+08:00,CNWGQ,2024-03-29 09:16:17+08:00,USLSA,19.92,12.7399537
215189000,5095,2024-05-02 19:17:15+08:00,CNWGQ,2024-05-15 00:24:43+08:00,USLSA,19.59,12.21351852
215189000,5095,2024-06-20 10:56:07+08:00,CNWGQ,2024-07-02 21:25:09+08:00,USLSA,19.28,12.4368287
215189000,5095,2024-08-08 14:23:25+08:00,CNWGQ,2024-08-21 21:16:58+08:00,USLSA,18.06,13.2871875
215189000,5095,2024-09-19 11:46:31+08:00,CNWGQ,2024-10-02 19:49:07+08:00,USLSA,18.73,13.33513889
215189000,5095,2024-11-07 14:57:03+08:00,CNWGQ,2024-11-20 13:42:52+08:00,USLSA,19.23,12.9484838
215189000,5095,2024-12-19 13:53:50+08:00,CNWGQ,2025-01-02 20:27:22+08:00,USLSA,19.23,14.27328704
215189000,5095,2025-01-31 23:52:54+08:00,CNWGQ,2025-02-14 06:32:53+08:00,USLSA,18.56,13.2777662
215189000,5095,2025-03-20 15:38:11+08:00,CNWGQ,2025-04-01 22:55:47+08:00,USLSA,19.5,12.30388889
215189000,5095,2025-05-08 08:10:21+08:00,CNWGQ,2025-05-20 21:46:36+08:00,USLSA,19.07,12.56684028
215189000,5095,2025-06-26 12:53:10+08:00,CNWGQ,2025-07-08 21:11:19+08:00,USLSA,19.4,12.3459375
215192000,11356,2021-04-19 02:37:49+08:00,CNXIA,2021-05-11 12:50:55+08:00,USLSA,11.48,22.42576389
215192000,11356,2021-06-26 15:24:12+08:00,CNNBO,2021-07-12 20:59:20+08:00,USLSA,14.89,16.23273148
215192000,11356,2021-08-31 08:51:24+08:00,CNYSN,2021-09-21 12:59:33+08:00,USLGB,11.54,21.17232639
215192000,11356,2021-10-30 06:37:30+08:00,CNXIA,2021-11-18 14:23:49+08:00,USLGB,13.7,19.32383102
215192000,11356,2022-01-01 19:19:44+08:00,CNXIA,2022-02-02 14:02:48+08:00,USLSA,8.94,31.77990741
215192000,11356,2022-03-12 21:44:46+08:00,CNXIA,2022-04-16 00:01:20+08:00,USLSA,8.82,34.09483796
215192000,11356,2023-04-03 22:33:49+08:00,CNXIA,2023-04-20 21:11:58+08:00,USLSA,15.25,16.94315972
215196000,11356,2021-05-30 14:10:11+08:00,CNYTN,2021-06-23 11:45:24+08:00,USLSA,11.45,23.89945602
215196000,11356,2021-07-23 00:52:22+08:00,CNXIA,2021-08-21 11:55:23+08:00,USLSA,9.3,29.46042824
215196000,11356,2021-09-27 19:19:27+08:00,CNXIA,2021-10-25 07:08:43+08:00,USLSA,9.75,27.4925463
215196000,11356,2021-11-23 12:34:05+08:00,CNXIA,2021-12-21 15:04:49+08:00,USLGB,10.34,28.10467593
215196000,11356,2022-01-29 18:24:18+08:00,CNXIA,2022-02-24 19:46:46+08:00,USLGB,11.2,26.05726852
215196000,11356,2022-04-08 15:42:38+08:00,CNXIA,2022-05-12 21:45:21+08:00,USLSA,9.38,34.25188657
215196000,11356,2024-03-21 04:45:22+08:00,CNYTN,2024-04-05 20:26:25+08:00,USLSA,17.59,15.65350694
215197000,14414,2020-01-22 07:06:48+08:00,CNXIA,2020-02-05 21:13:10+08:00,USLSA,18.63,14.58775463
215197000,14414,2020-03-23 09:41:40+08:00,CNXIA,2020-04-05 20:09:04+08:00,USLSA,19.25,13.43569444
215197000,14414,2020-05-05 20:03:48+08:00,CNXIA,2020-05-18 20:27:08+08:00,USLSA,19.76,13.0162037
215197000,14414,2020-06-18 10:11:31+08:00,CNYSN,2020-07-01 05:58:05+08:00,USLSA,18.74,12.82400463
215197000,14414,2020-07-29 07:09:14+08:00,CNXIA,2020-08-11 19:52:20+08:00,USLSA,19.37,13.52993056
215197000,14414,2020-12-03 09:40:21+08:00,CNXIA,2020-12-22 00:00:29+08:00,USLSA,14.65,18.59731481
215197000,14414,2021-01-23 12:22:24+08:00,CNXIA,2021-02-15 00:47:58+08:00,USLSA,11.98,22.51775463
215197000,14414,2021-03-17 11:19:30+08:00,CNXIA,2021-04-08 22:06:59+08:00,USLSA,11.96,22.4496412
215197000,14414,2021-05-08 16:22:40+08:00,CNXIA,2021-05-25 13:06:31+08:00,USLSA,15.48,16.86378472
215197000,14414,2021-07-10 08:42:01+08:00,CNXIA,2021-07-30 21:08:48+08:00,USLSA,12.56,20.51859954
215197000,14414,2021-09-08 16:21:23+08:00,CNXIA,2021-10-02 06:46:11+08:00,USLSA,11.2,23.60055556
215197000,14414,2021-11-10 18:54:57+08:00,CNXIA,2021-12-16 13:00:58+08:00,USLSA,8.42,35.75417824
215197000,14414,2022-01-15 12:00:20+08:00,CNXIA,2022-02-25 00:20:19+08:00,USLSA,7.57,40.51387731
215197000,14414,2023-02-26 05:22:14+08:00,CNYTN,2023-03-12 21:07:19+08:00,USLSA,18.56,14.65630787
215197000,14414,2023-07-20 20:57:27+08:00,CNYTN,2023-08-05 18:10:37+08:00,USLSA,16.96,15.88414352
215197000,14414,2025-04-18 14:37:23+08:00,CNYTN,2025-05-05 17:44:40+08:00,USLSA,15.73,17.13005787
215217000,11356,2020-08-14 07:38:38+08:00,CNYTN,2020-08-28 06:02:38+08:00,USLSA,19.71,13.93333333
215219000,16022,2021-04-12 06:41:47+08:00,CNYTN,2021-05-15 18:17:24+08:00,USLSA,8.63,33.48306713
215219000,16022,2021-09-20 01:32:33+08:00,CNYTN,2021-10-22 21:55:47+08:00,USLSA,8.55,32.84946759
215219000,16022,2022-05-23 18:06:38+08:00,CNYTN,2022-06-17 21:55:43+08:00,USLSA,10.78,25.15908565
215219000,16022,2022-11-22 06:27:04+08:00,CNXIA,2022-12-06 21:47:55+08:00,USLSA,17.85,14.63947917
215219000,16022,2023-04-27 15:30:13+08:00,CNYTN,2023-05-11 22:40:54+08:00,USLSA,18.82,14.29908565
215225000,11356,2021-05-30 17:07:55+08:00,TWKAO,2021-06-14 07:52:28+08:00,USLSA,17.84,14.61427083
215230000,5095,2022-12-02 06:16:02+08:00,CNWGQ,2022-12-14 06:51:50+08:00,USLSA,20.41,12.02486111
215230000,5095,2024-05-30 17:01:19+08:00,CNWGQ,2024-06-12 00:36:58+08:00,USLSA,19.8,12.31642361
215230000,5095,2024-07-18 08:47:18+08:00,CNWGQ,2024-07-30 06:02:55+08:00,USLSA,20.24,11.88584491
215230000,5095,2024-09-05 13:50:44+08:00,CNWGQ,2024-09-17 19:03:06+08:00,USLSA,19.74,12.2169213
215230000,5095,2024-10-24 17:06:08+08:00,CNWGQ,2024-11-05 23:13:37+08:00,USLSA,19.87,12.25519676
215230000,5095,2024-12-05 13:32:04+08:00,CNWGQ,2024-12-18 07:17:28+08:00,USLSA,19.8,12.73986111
215230000,5095,2025-01-16 14:50:54+08:00,CNWGQ,2025-01-28 22:08:52+08:00,USLSA,19.7,12.30414352
215230000,5095,2025-03-06 15:24:47+08:00,CNWGQ,2025-03-21 03:54:25+08:00,USLSA,19.4,14.5205787
215230000,5095,2025-04-24 21:05:21+08:00,CNWGQ,2025-05-07 06:03:11+08:00,USLSA,19.62,12.37349537
215230000,5095,2025-06-12 13:30:11+08:00,CNWGQ,2025-06-24 12:52:04+08:00,USLSA,20.09,11.97353009
215240000,5095,2020-05-28 16:40:28+08:00,CNWGQ,2020-06-09 06:03:39+08:00,USLSA,20.72,11.5577662
215240000,5095,2020-07-02 08:20:27+08:00,CNWGQ,2020-07-14 06:58:41+08:00,USLSA,20.25,11.94321759
215240000,5095,2020-08-13 18:15:07+08:00,CNWGQ,2020-08-25 04:32:16+08:00,USLSA,21.3,11.42857639
215240000,5095,2020-09-24 17:05:21+08:00,CNWGQ,2020-10-07 19:10:28+08:00,USLSA,18.47,13.08688657
215240000,5095,2020-11-05 13:41:03+08:00,CNWGQ,2020-11-17 07:13:56+08:00,USLSA,22.12,11.73116898
215240000,5095,2020-12-17 14:05:35+08:00,CNWGQ,2020-12-30 11:12:17+08:00,USLSA,22.86,12.87965278
215240000,5095,2021-01-30 00:47:41+08:00,CNWGQ,2021-02-19 00:15:46+08:00,USLSA,12.25,19.97783565
215240000,5095,2021-03-25 09:49:04+08:00,CNWGQ,2021-04-06 09:09:22+08:00,USLSA,20.17,11.97243056
215240000,5095,2021-05-06 21:34:22+08:00,CNWGQ,2021-05-20 09:12:55+08:00,USLSA,18.27,13.48510417
215240000,5095,2021-06-18 17:29:27+08:00,CNWGQ,2021-07-01 11:53:12+08:00,USLSA,18.82,12.76649306
215240000,5095,2021-08-02 06:17:45+08:00,CNWGQ,2021-08-16 13:11:46+08:00,USLSA,16.98,14.28751157
215240000,5095,2021-09-29 11:40:41+08:00,CNNBO,2021-10-16 14:06:35+08:00,USLSA,14.37,17.10131944
215240000,5095,2021-11-13 20:17:37+08:00,CNWGQ,2021-11-28 14:01:06+08:00,USLSA,16.37,14.73853009
215240000,5095,2021-12-24 03:53:10+08:00,CNWGQ,2022-01-25 22:36:57+08:00,USLSA,8.06,32.78040509
215240000,5095,2022-02-18 13:41:29+08:00,CNWGQ,2022-03-07 22:15:06+08:00,USLSA,15.48,17.35667824
215240000,5095,2022-04-11 07:51:56+08:00,CNWGQ,2022-04-29 12:21:21+08:00,USLSA,13.35,18.18709491
215240000,5095,2022-06-01 07:14:46+08:00,CNNBO,2022-06-14 12:23:54+08:00,USLSA,18.35,13.21467593
215240000,5095,2022-07-15 00:59:56+08:00,CNWGQ,2022-07-26 21:37:57+08:00,USLSA,20.26,11.8597338
215240000,5095,2022-08-25 23:30:16+08:00,CNWGQ,2022-09-06 19:42:16+08:00,USLSA,20.19,11.84166667
215240000,5095,2022-10-20 21:41:04+08:00,CNWGQ,2022-11-03 23:50:54+08:00,USLSA,17.52,14.09016204
215240000,5095,2022-12-08 12:12:51+08:00,CNWGQ,2022-12-20 23:24:13+08:00,USLSA,21.12,12.46622685
215240000,5095,2023-01-27 03:00:18+08:00,CNWGQ,2023-02-09 12:53:54+08:00,USLSA,18,13.41222222
215240000,5095,2023-03-18 22:28:47+08:00,CNWGQ,2023-04-01 02:07:32+08:00,USLSA,18.19,13.15190972
215240000,5095,2023-06-01 22:50:35+08:00,CNWGQ,2023-06-13 20:51:42+08:00,USLSA,20.08,11.91744213
215240000,5095,2023-07-22 14:57:51+08:00,CNNBO,2023-08-04 21:16:14+08:00,USLSA,18.18,13.2627662
215240000,5095,2023-09-07 16:48:43+08:00,CNWGQ,2023-09-19 12:55:44+08:00,USLSA,20.21,11.83820602
215240000,5095,2023-10-26 12:52:46+08:00,CNWGQ,2023-11-08 06:56:12+08:00,USLSA,18.81,12.75238426
215240000,5095,2023-12-07 06:43:57+08:00,CNWGQ,2023-12-19 22:05:08+08:00,USLSA,19.01,12.63971065
215240000,5095,2024-01-18 15:57:38+08:00,CNWGQ,2024-01-31 14:55:07+08:00,USLSA,18.64,12.95658565
215240000,5095,2024-04-25 13:07:43+08:00,CNWGQ,2024-05-07 19:51:58+08:00,USLSA,19.9,12.28072917
215240000,5095,2024-06-14 05:12:39+08:00,CNWGQ,2024-06-26 03:53:44+08:00,USLSA,20.06,11.94519676
215240000,5095,2024-08-01 10:28:39+08:00,CNWGQ,2024-08-13 06:02:57+08:00,USLSA,20.25,11.81548611
215240000,5095,2024-09-26 18:51:31+08:00,CNWGQ,2024-10-08 21:59:14+08:00,USLSA,19.74,12.1303588
215240000,5095,2024-11-14 09:23:40+08:00,CNWGQ,2024-11-26 21:48:20+08:00,USLSA,19.74,12.51712963
215240000,5095,2024-12-27 09:01:34+08:00,CNWGQ,2025-01-09 04:51:55+08:00,USLSA,20.2,12.82663194
215240000,5095,2025-02-13 13:35:44+08:00,CNWGQ,2025-02-25 13:41:09+08:00,USLSA,20.13,12.00376157
215240000,5095,2025-04-03 14:35:55+08:00,CNWGQ,2025-04-15 12:46:58+08:00,USLSA,20.18,11.92434028
215240000,5095,2025-05-23 07:04:58+08:00,CNWGQ,2025-06-04 22:55:26+08:00,USLSA,19.87,12.6600463
215240000,5095,2025-07-10 10:50:20+08:00,CNWGQ,2025-07-22 14:49:14+08:00,USLSA,19.76,12.16590278
215249000,11356,2021-12-19 06:50:43+08:00,CNYSN,2022-02-14 04:32:43+08:00,USLSA,12.09,56.90416667
215251000,14414,2020-06-13 16:31:48+08:00,CNYSN,2020-06-27 21:17:09+08:00,USLSA,17.18,14.19815972
215251000,14414,2021-07-14 03:03:37+08:00,CNXIA,2021-08-11 22:04:55+08:00,USLSA,8.93,28.79256944
215251000,14414,2021-09-16 06:20:40+08:00,CNXIA,2021-10-10 13:15:45+08:00,USLSA,10.88,24.28825231
215251000,14414,2022-05-07 17:52:18+08:00,CNYTN,2022-05-29 22:01:55+08:00,USLSA,12.18,22.17334491
215251000,14414,2022-10-07 14:01:28+08:00,CNYTN,2022-10-26 20:37:24+08:00,USLSA,14.16,19.2749537
215251000,14414,2024-10-05 00:06:13+08:00,CNYTN,2024-10-20 20:24:29+08:00,USLSA,18.09,15.84601852
215251000,14414,2025-03-23 12:14:07+08:00,CNYTN,2025-04-08 06:22:22+08:00,USLSA,17,15.75572917
215331000,15128,2024-11-16 00:39:34+08:00,CNYTN,2024-12-01 20:37:35+08:00,USLSA,17.74,15.83195602
215346000,15128,2020-09-26 08:51:27+08:00,CNYTN,2020-10-10 06:05:42+08:00,USLSA,19.2,13.88489583
215346000,15128,2021-02-06 01:16:45+08:00,CNYTN,2021-03-04 07:22:41+08:00,USLSA,10.84,26.25412037
215346000,15128,2021-07-18 16:49:45+08:00,CNYTN,2021-08-13 00:11:30+08:00,USLSA,10.69,25.30677083
215346000,15128,2021-12-23 18:59:36+08:00,CNYTN,2022-01-31 20:24:16+08:00,USLSA,8.45,39.0587963
215346000,15128,2022-08-29 05:34:34+08:00,CNXIA,2022-09-16 20:25:36+08:00,USLSA,14.26,18.61877315
215346000,15128,2023-03-15 13:06:17+08:00,CNYTN,2023-03-30 07:11:38+08:00,USLSA,18.38,14.75371528
215346000,15128,2023-08-17 09:22:47+08:00,CNYTN,2023-09-01 20:31:07+08:00,USLSA,17.35,15.46412037
215346000,15128,2023-10-13 23:39:02+08:00,CNYTN,2023-10-28 19:01:40+08:00,USLSA,18.17,14.80738426
215346000,15128,2024-08-16 12:33:43+08:00,CNYTN,2024-09-01 19:55:37+08:00,USLSA,16.53,16.306875
215346000,15128,2025-02-14 07:41:49+08:00,CNYTN,2025-03-02 21:14:25+08:00,USLSA,16.66,16.56430556
215347000,15128,2020-03-28 08:25:01+08:00,CNYTN,2020-04-12 07:07:51+08:00,USLSA,18.16,14.94641204
215347000,15128,2020-05-16 04:21:12+08:00,CNXIA,2020-05-29 20:31:57+08:00,USLSA,18.75,13.67413194
215347000,15128,2020-07-08 14:21:02+08:00,CNYTN,2020-07-23 06:20:58+08:00,USLSA,18.35,14.66662037
215347000,15128,2020-11-19 10:34:59+08:00,CNYTN,2020-12-08 19:35:53+08:00,USLSA,13.81,19.375625
215347000,15128,2021-04-16 10:48:35+08:00,CNYTN,2021-05-05 20:10:55+08:00,USLSA,13.74,19.39050926
215347000,15128,2021-09-09 03:02:27+08:00,CNYTN,2021-10-08 14:23:06+08:00,USLGB,9.4,29.47267361
215347000,15128,2022-02-11 15:41:27+08:00,CNYTN,2022-03-20 18:35:54+08:00,USLSA,8.64,37.12114583
215347000,15128,2022-07-30 17:28:29+08:00,CNYTN,2022-08-15 20:26:45+08:00,USLSA,16.62,16.1237963
215347000,15128,2023-01-19 19:35:56+08:00,CNYTN,2023-02-03 20:32:40+08:00,USLSA,18.56,15.03939815
215347000,15128,2023-06-15 22:00:04+08:00,CNXIA,2023-06-30 09:20:13+08:00,USLSA,17.89,14.47232639
215347000,15128,2023-11-19 08:37:33+08:00,CNYTN,2023-12-04 19:06:25+08:00,USLSA,17.61,15.43671296
215347000,15128,2024-01-15 00:59:34+08:00,CNYTN,2024-02-01 21:01:42+08:00,USLSA,15.47,17.83481481
215347000,15128,2024-07-02 17:19:02+08:00,CNYTN,2024-07-17 07:48:12+08:00,USLSA,18.38,14.60358796
215347000,15128,2025-01-11 18:39:25+08:00,CNYTN,2025-01-26 21:07:34+08:00,USLSA,18.36,15.10288194
215347000,15128,2025-07-03 00:55:55+08:00,CNYTN,2025-07-18 06:08:51+08:00,USLSA,17.96,15.21731481
215352000,15128,2020-11-07 01:29:00+08:00,CNYTN,2020-11-23 09:43:29+08:00,USLSA,17.01,16.3433912
215352000,15128,2021-04-01 18:20:25+08:00,CNYTN,2021-04-24 22:22:34+08:00,USLSA,12.12,23.16815972
215352000,15128,2022-12-27 05:27:43+08:00,CNXIA,2023-01-18 22:47:57+08:00,USLSA,13.47,22.72238426
215352000,15128,2023-12-23 17:42:17+08:00,CNYTN,2024-01-07 21:35:38+08:00,USLSA,18.27,15.16204861
215354000,15128,2021-01-07 02:14:00+08:00,CNYTN,2021-01-30 19:54:01+08:00,USLSA,12.28,23.73612269
215354000,15128,2021-11-14 02:02:15+08:00,CNYTN,2021-12-21 21:43:08+08:00,USLSA,8.22,37.82005787
215354000,15128,2023-01-25 17:39:37+08:00,CNYTN,2023-02-09 18:59:27+08:00,USLSA,17.7,15.05543981
215354000,15128,2023-06-23 14:10:50+08:00,CNYTN,2023-07-07 22:48:38+08:00,USLSA,18.67,14.35958333
215354000,15128,2023-11-23 04:40:21+08:00,CNYTN,2023-12-09 17:10:12+08:00,USLSA,16.59,16.52072917
215354000,15128,2025-01-24 12:22:11+08:00,CNYTN,2025-02-09 21:08:25+08:00,USLSA,16.44,16.36543981
215485000,8533,2025-04-29 16:48:23+08:00,CNYSN,2025-05-16 20:07:27+08:00,USLSA,14.48,17.13824074
215499000,9162,2020-03-16 07:17:18+08:00,CNXIA,2020-03-30 06:05:11+08:00,USLSA,19.07,13.94991898
215499000,9162,2020-04-27 06:19:21+08:00,CNXIA,2020-05-11 05:36:21+08:00,USLSA,18.55,13.97013889
215560000,13892,2020-01-29 04:21:01+08:00,CNXIA,2020-02-12 21:19:18+08:00,USLSA,17.41,14.7071412
215560000,13892,2020-06-18 05:00:48+08:00,CNYTN,2020-07-02 06:05:27+08:00,USLSA,19.66,14.04489583
215560000,13892,2020-10-28 22:28:27+08:00,CNYTN,2020-11-13 11:12:09+08:00,USLSA,18.5,15.53034722
215560000,13892,2021-03-17 20:18:54+08:00,CNYTN,2021-04-11 06:00:37+08:00,USLSA,12.35,24.40396991
215560000,13892,2021-08-23 12:09:22+08:00,CNYTN,2021-09-18 12:09:19+08:00,USLSA,10.35,25.99996528
215560000,13892,2022-01-29 07:51:32+08:00,CNYTN,2022-03-02 22:12:15+08:00,USLSA,9.23,32.59771991
215560000,13892,2022-07-10 17:46:19+08:00,CNYTN,2022-07-29 22:41:02+08:00,USLSA,13.95,19.20466435
215560000,13892,2023-08-31 09:06:24+08:00,CNYTN,2023-09-16 07:05:13+08:00,USLSA,17.68,15.91584491
215560000,13892,2024-02-01 04:21:45+08:00,CNYTN,2024-02-16 20:02:04+08:00,USLSA,17.34,15.65299769
215560000,13892,2024-11-29 18:13:49+08:00,CNYTN,2024-12-15 20:53:39+08:00,USLSA,17.47,16.11099537
215577000,12917,2020-07-22 13:33:17+08:00,CNYTN,2020-08-06 06:19:46+08:00,USLSA,18.23,14.69894676
215657000,11040,2020-06-05 03:27:20+08:00,CNYTN,2020-06-20 06:06:31+08:00,USLSA,18.39,15.11054398
215657000,11040,2020-07-17 06:54:28+08:00,CNYTN,2020-07-31 20:38:19+08:00,USLSA,19.51,14.57211806
215657000,11040,2021-05-20 11:49:28+08:00,CNYTN,2021-06-10 18:02:08+08:00,USLSA,12.58,21.2587963
215657000,11040,2021-10-05 12:11:57+08:00,CNYTN,2021-11-11 23:36:03+08:00,USLSA,7.97,37.47506944
215765000,14812,2022-06-14 10:08:16+08:00,CNQIN,2022-07-04 12:15:11+08:00,USLSA,12.12,20.08813657
215765000,14812,2022-08-15 20:03:31+08:00,CNQIN,2022-09-01 20:41:05+08:00,USLSA,14.11,17.02608796
215765000,14812,2022-10-27 22:38:37+08:00,CNQIN,2022-11-11 19:42:29+08:00,USLSA,16.89,14.87768519
215765000,14812,2023-11-26 11:54:55+08:00,CNYSN,2023-12-12 09:07:21+08:00,USLSA,15.59,15.88363426
215765000,14812,2024-02-10 13:30:46+08:00,CNYSN,2024-02-27 23:15:10+08:00,USLSA,15.21,17.40583333
215879000,9415,2022-10-17 01:01:38+08:00,CNSHE,2022-11-02 20:24:34+08:00,USLSA,16.78,16.80759259
215879000,9415,2023-05-25 06:19:18+08:00,CNYTN,2023-06-09 06:00:56+08:00,USLSA,17.85,14.98724537
215880000,5782,2020-12-19 16:54:56+08:00,CNYTN,2021-01-21 11:17:24+08:00,USLSA,8.22,32.76560185
215930000,13830,2022-04-19 02:34:49+08:00,CNQIN,2022-05-21 20:36:22+08:00,USLSA,12.49,32.75107639
215930000,13830,2022-12-30 09:32:07+08:00,CNNSA,2023-01-14 08:20:35+08:00,USLSA,18.57,14.95032407
215930000,13830,2023-05-24 11:38:11+08:00,CNYTN,2023-06-09 04:12:04+08:00,USLSA,17.09,15.69019676
215930000,13830,2023-11-02 18:23:38+08:00,CNYTN,2023-11-18 20:16:51+08:00,USLSA,17.11,16.07862269
215930000,13830,2024-04-05 06:37:39+08:00,CNYTN,2024-04-20 06:07:21+08:00,USLSA,17.94,14.97895833
215930000,13830,2024-09-14 07:35:56+08:00,CNYTN,2024-09-29 21:06:37+08:00,USLSA,17.54,15.56297454
215930000,13830,2025-02-21 14:38:52+08:00,CNYTN,2025-03-09 20:24:22+08:00,USLSA,17.67,16.23993056
215965000,13830,2022-04-04 19:08:19+08:00,CNXIA,2022-05-02 04:32:53+08:00,USLSA,10.88,27.39206019
215965000,13830,2022-09-24 06:01:46+08:00,CNYTN,2022-10-16 20:46:00+08:00,USLSA,12,22.61405093
215965000,13830,2023-01-20 06:43:02+08:00,CNQIN,2023-02-05 13:02:38+08:00,USLSA,16.72,16.26361111
215965000,13830,2023-03-24 11:59:43+08:00,CNYSN,2023-04-06 06:07:21+08:00,USLSA,18.81,12.75530093
215965000,13830,2023-05-12 00:13:17+08:00,CNSHE,2023-05-26 21:49:05+08:00,USLSA,18.21,14.89986111
215965000,13830,2023-10-05 17:41:28+08:00,CNYTN,2023-10-21 19:11:06+08:00,USLSA,17.57,16.06224537
215965000,13830,2024-03-07 20:21:59+08:00,CNYTN,2024-03-23 06:59:37+08:00,USLSA,17.77,15.44280093
215965000,13830,2024-08-08 15:04:27+08:00,CNYTN,2024-08-25 19:55:14+08:00,USLSA,15.57,17.20193287
215992000,13830,2021-03-23 04:53:50+08:00,CNXIA,2021-04-16 21:46:27+08:00,USLSA,10.38,24.70320602
215992000,13830,2021-05-17 02:36:53+08:00,CNXIA,2021-06-04 21:35:55+08:00,USLSA,13.8,18.79099537
215992000,13830,2022-06-18 03:20:04+08:00,CNYTN,2022-07-12 13:14:01+08:00,USLSA,11.94,24.41246528
215992000,13830,2022-12-18 15:59:01+08:00,CNXIA,2023-01-02 20:33:44+08:00,USLSA,17.43,15.19077546
215992000,13830,2023-05-17 10:26:02+08:00,CNYTN,2023-06-01 06:04:36+08:00,USLSA,18.15,14.81844907
215992000,13830,2023-10-19 21:02:48+08:00,CNYTN,2023-11-04 19:05:04+08:00,USLSA,16.82,15.91824074
218042000,8749,2020-02-21 00:38:33+08:00,CNNBO,2020-03-08 19:42:26+08:00,USLGB,15.01,16.79436343
218042000,8749,2020-04-07 08:07:41+08:00,CNNBO,2020-04-23 20:35:57+08:00,USLSA,14.86,16.51962963
218042000,8749,2020-05-20 19:57:23+08:00,CNNBO,2020-06-04 20:17:44+08:00,USLSA,16.23,15.01413194
218042000,8749,2020-07-02 17:51:35+08:00,CNNBO,2020-07-17 05:56:44+08:00,USLSA,16.71,14.50357639
218042000,8749,2020-08-16 08:25:52+08:00,CNNBO,2020-08-30 20:33:52+08:00,USLSA,16.72,14.50555556
218042000,8749,2020-09-25 14:29:31+08:00,CNNBO,2020-10-12 20:22:59+08:00,USLSA,14.73,17.24546296
218042000,8749,2020-11-12 08:16:50+08:00,CNNBO,2020-12-04 22:25:14+08:00,USLSA,11.95,22.58916667
218042000,8749,2021-01-12 20:44:28+08:00,CNNBO,2021-01-31 06:20:09+08:00,USLSA,16.02,18.39978009
218042000,8749,2021-03-04 12:42:10+08:00,CNNBO,2021-03-18 20:50:32+08:00,USLSA,18.56,14.33914352
218092000,8749,2020-02-01 10:05:43+08:00,CNNBO,2020-02-19 07:19:11+08:00,USLGB,14.19,17.88435185
218092000,8749,2020-03-15 23:22:42+08:00,CNNBO,2020-03-28 19:55:45+08:00,USLGB,19.37,12.85628472
218092000,8749,2020-04-29 22:46:11+08:00,CNNBO,2020-05-14 20:28:49+08:00,USLSA,16.39,14.90460648
218092000,8749,2020-06-12 00:16:50+08:00,CNNBO,2020-06-26 20:28:53+08:00,USLSA,16.92,14.84170139
218092000,8749,2020-07-23 18:40:07+08:00,CNNBO,2020-08-07 20:41:07+08:00,USLSA,16.13,15.08402778
218092000,8749,2020-09-04 22:47:49+08:00,CNNBO,2020-09-21 05:18:00+08:00,USLSA,16.63,16.27096065
218092000,8749,2020-10-22 02:45:39+08:00,CNNBO,2020-11-12 22:45:53+08:00,USLSA,11.12,21.83349537
218092000,8749,2020-12-19 02:28:36+08:00,CNNBO,2021-01-06 08:16:48+08:00,USLSA,14.57,18.24180556
218092000,8749,2021-02-06 00:36:13+08:00,CNNBO,2021-02-25 12:26:33+08:00,USLSA,14.06,19.49328704
218092000,8749,2021-04-01 17:06:57+08:00,CNNBO,2021-04-22 10:38:24+08:00,USLSA,14.23,20.73017361
218284000,8749,2020-01-04 23:37:46+08:00,CNNBO,2020-01-17 21:08:01+08:00,USLGB,20.32,12.89600694
218284000,8749,2020-02-17 21:45:52+08:00,CNNBO,2020-03-04 20:54:58+08:00,USLGB,15.3,15.96465278
218284000,8749,2020-04-02 00:21:10+08:00,CNNBO,2020-04-14 21:24:30+08:00,USLGB,19.38,12.87731481
218284000,8749,2020-05-12 22:26:53+08:00,CNNBO,2020-05-28 20:22:59+08:00,USLSA,18.34,15.91395833
218284000,8749,2020-06-26 01:26:16+08:00,CNNBO,2020-07-11 04:28:36+08:00,USLSA,16.15,15.12662037
218284000,8749,2020-08-08 20:25:07+08:00,CNNBO,2020-08-23 20:19:16+08:00,USLSA,17.24,14.9959375
218284000,8749,2020-09-19 00:00:59+08:00,CNNBO,2020-10-05 20:36:57+08:00,USLSA,14.77,16.85831019
218284000,8749,2020-11-05 20:07:44+08:00,CNNBO,2020-11-23 23:56:28+08:00,USLSA,14.9,18.15884259
218284000,8749,2020-12-27 23:00:11+08:00,CNNBO,2021-01-21 21:29:32+08:00,USLSA,11.91,24.93704861
218284000,8749,2021-02-21 21:19:39+08:00,CNNBO,2021-03-11 13:11:46+08:00,USLSA,13.93,17.66119213
218284000,8749,2021-04-16 18:47:05+08:00,CNNBO,2021-05-03 19:33:01+08:00,USLSA,14.24,17.03189815
218400000,14036,2020-10-19 15:28:28+08:00,CNNBO,2020-11-05 13:38:41+08:00,USLSA,15.53,16.92376157
218400000,14036,2021-02-28 18:24:02+08:00,CNYSN,2021-04-21 23:02:58+08:00,USLSA,8.74,52.1937037
218400000,14036,2022-08-07 13:07:30+08:00,CNQIN,2022-09-27 21:22:52+08:00,USLGB,6.29,51.34400463
218400000,14036,2023-01-27 13:49:14+08:00,CNXIA,2023-02-17 22:41:05+08:00,USLGB,14.72,21.36934028
218400000,14036,2023-07-22 12:13:27+08:00,CNYSN,2023-08-05 21:25:45+08:00,USLGB,16.69,14.38354167
218400000,14036,2024-12-13 04:23:51+08:00,CNYSN,2024-12-28 12:03:09+08:00,USLGB,19.33,15.31895833
218400000,14036,2025-02-05 08:21:07+08:00,CNYSN,2025-02-24 08:05:19+08:00,USLSA,15.53,18.98902778
218441000,14036,2020-10-06 20:55:00+08:00,CNYSN,2020-10-31 05:20:03+08:00,USLSA,11.86,24.35072917
218441000,14036,2020-12-04 00:28:02+08:00,CNNBO,2020-12-24 21:12:13+08:00,USLGB,13.23,20.8640162
218441000,14036,2021-01-28 07:44:32+08:00,CNNBO,2021-02-19 20:12:58+08:00,USLGB,12.76,22.51974537
218441000,14036,2021-03-21 11:16:40+08:00,CNYSN,2021-04-12 21:48:04+08:00,USLGB,11.74,22.43847222
218441000,14036,2021-05-09 18:08:04+08:00,CNYSN,2021-05-30 22:19:30+08:00,USLGB,11.63,21.17460648
218441000,14036,2021-06-27 14:36:11+08:00,CNYSN,2021-07-17 11:50:04+08:00,USLSA,12.23,19.8846412
218441000,14036,2021-08-28 00:50:23+08:00,CNYSN,2021-09-27 02:49:57+08:00,USLGB,8.29,30.08303241
218441000,14036,2022-02-27 06:24:59+08:00,CNYSN,2022-04-02 20:26:51+08:00,USLSA,8.31,34.58462963
218441000,14036,2022-05-01 09:52:05+08:00,CNYSN,2022-05-28 22:03:00+08:00,USLSA,10.04,27.50758102
218441000,14036,2022-06-30 19:22:58+08:00,CNYSN,2022-07-29 19:40:43+08:00,USLSA,9.39,29.01232639
218441000,14036,2023-01-23 01:23:58+08:00,CNYSN,2023-02-11 19:05:56+08:00,USLGB,14.55,19.73747685
218441000,14036,2023-03-29 02:49:24+08:00,CNYSN,2023-04-13 20:12:26+08:00,USLGB,16.93,15.7243287
218819000,14036,2023-03-26 15:35:15+08:00,CNYSN,2023-04-08 20:19:44+08:00,USLGB,19.11,13.19755787
218824714,9661,2020-02-18 03:57:50+08:00,HKHKG,2020-03-26 20:33:02+08:00,USLSA,13.35,37.69111111
218824714,9661,2020-07-29 20:01:54+08:00,CNYTN,2020-08-13 06:29:27+08:00,USLSA,18.63,14.43579861
218834000,2742,2021-08-17 07:24:48+08:00,CNNBO,2021-09-08 22:19:01+08:00,USLGB,10.85,22.6209838
218834000,2742,2021-10-02 22:29:32+08:00,CNTAI,2021-10-30 21:31:46+08:00,USLGB,9.17,27.95988426
218834000,2742,2021-11-18 19:23:37+08:00,CNTAI,2021-12-12 21:43:10+08:00,USLGB,10.91,24.09690972
218834000,2742,2022-01-02 21:22:06+08:00,CNTAI,2022-02-08 08:42:54+08:00,USLGB,6.96,36.47277778
218834000,2742,2022-05-12 05:16:11+08:00,CNXIA,2022-06-01 21:09:56+08:00,USLGB,14.2,20.66232639
218834000,2742,2022-06-20 13:40:22+08:00,CNXIA,2022-07-23 22:01:51+08:00,USLGB,9.4,33.34825231
218834000,2742,2024-09-21 00:49:24+08:00,CNNBO,2024-10-07 06:07:41+08:00,USLSA,16.37,16.22103009
218834000,2742,2024-11-02 23:37:27+08:00,CNWGQ,2024-11-17 07:02:28+08:00,USLSA,18.34,14.30903935
218834000,2742,2024-12-05 12:02:10+08:00,CNWGQ,2024-12-20 06:54:50+08:00,USLSA,18.19,14.78657407
218834000,2742,2025-01-09 21:49:54+08:00,CNWGQ,2025-01-24 22:18:05+08:00,USLSA,18.31,15.01957176
218834000,2742,2025-02-20 06:53:56+08:00,CNWGQ,2025-03-06 19:03:13+08:00,USLSA,18.64,14.50644676
218834000,2742,2025-03-27 23:31:10+08:00,CNWGQ,2025-04-10 21:58:39+08:00,USLSA,17.55,13.93575231
218834000,2742,2025-05-01 13:08:02+08:00,CNWGQ,2025-05-14 23:44:34+08:00,USLSA,19,13.44203704
218834000,2742,2025-06-05 16:47:50+08:00,CNWGQ,2025-06-18 19:57:50+08:00,USLSA,19.17,13.13194444
219027000,13092,2020-01-05 05:29:42+08:00,CNYSN,2020-01-17 19:59:24+08:00,USLGB,20.27,12.60395833
219027000,13092,2020-06-19 13:56:04+08:00,CNXIA,2020-07-03 19:04:26+08:00,USLSA,18.32,14.21414352
219027000,13092,2020-10-10 19:00:21+08:00,CNXIA,2020-10-23 20:04:54+08:00,USLSA,20.54,13.04482639
219027000,13092,2021-02-11 03:31:57+08:00,CNXIA,2021-03-21 23:09:15+08:00,USLSA,10.82,38.81756944
219027000,13092,2021-06-01 11:40:36+08:00,CNYTN,2021-06-16 21:28:46+08:00,USLGB,17.58,15.40844907
219027000,13092,2021-07-25 06:46:54+08:00,CNYTN,2021-08-21 12:49:08+08:00,USLGB,9.96,27.25155093
219027000,13092,2021-10-02 08:56:24+08:00,CNXIA,2021-11-01 21:11:09+08:00,USLGB,8.74,30.51024306
219027000,13092,2021-12-06 10:44:05+08:00,CNXIA,2022-01-31 00:52:25+08:00,USLGB,5.85,55.58912037
219027000,13092,2022-03-07 16:02:03+08:00,CNNBO,2022-04-16 20:59:11+08:00,USLGB,6.73,40.20634259
219027000,13092,2022-06-10 09:45:31+08:00,CNNBO,2022-06-26 21:40:25+08:00,USLGB,14.61,16.49645833
219027000,13092,2022-08-15 21:52:29+08:00,CNYSN,2022-08-30 02:21:29+08:00,USLGB,17.3,14.18680556
219027000,13092,2022-10-21 04:30:17+08:00,CNYSN,2022-11-06 22:41:08+08:00,USLGB,14.95,16.75753472
219027000,13092,2023-01-01 05:53:46+08:00,CNXIA,2023-01-23 08:09:10+08:00,USLSA,13.7,22.09402778
219031000,13092,2020-07-02 12:31:49+08:00,CNXIA,2020-07-15 18:58:09+08:00,USLSA,19.42,13.26828704
219031000,13092,2020-10-24 10:15:12+08:00,CNXIA,2020-11-11 04:59:21+08:00,USLSA,14.68,17.78065972
219031000,13092,2021-02-21 02:31:49+08:00,CNXIA,2021-03-23 21:04:55+08:00,USLSA,8.39,30.77298611
219031000,13092,2021-05-03 09:50:18+08:00,CNXIA,2021-05-26 12:40:21+08:00,USLSA,11.13,23.11809028
219031000,13092,2021-07-18 03:53:29+08:00,CNXIA,2021-08-12 21:15:34+08:00,USLSA,10.03,25.72366898
219031000,13092,2021-09-24 05:54:51+08:00,CNXIA,2021-10-23 18:53:15+08:00,USLSA,9.01,29.54055556
219031000,13092,2021-12-09 12:41:48+08:00,CNXIA,2022-01-22 20:11:31+08:00,USLSA,6.95,44.31230324
219031000,13092,2022-03-23 23:12:06+08:00,CNXIA,2022-04-23 13:07:23+08:00,USLSA,9.35,30.58005787
219031000,13092,2022-06-15 05:28:45+08:00,CNXIA,2022-07-15 18:57:21+08:00,USLSA,8.55,30.56152778
219031000,13092,2022-09-03 19:40:57+08:00,CNXIA,2022-09-18 21:28:22+08:00,USLSA,17.94,15.07459491
219031000,13092,2022-11-24 22:09:40+08:00,CNXIA,2022-12-09 20:22:45+08:00,USLSA,17.23,14.92575231
219031000,13092,2023-04-19 00:00:12+08:00,CNYSN,2023-05-01 20:42:19+08:00,USLSA,18.66,12.86258102
219031000,13092,2023-06-12 08:29:32+08:00,CNYSN,2023-06-25 19:46:45+08:00,USLSA,17.74,13.47028935
219031000,13092,2023-08-07 05:02:48+08:00,CNXIA,2023-08-23 21:21:35+08:00,USLSA,15.57,16.67971065
219031000,13092,2023-10-02 10:25:29+08:00,CNXIA,2023-10-17 22:20:01+08:00,USLSA,16.55,15.4962037
219031000,13092,2023-12-05 22:55:26+08:00,CNXIA,2023-12-19 23:10:03+08:00,USLSA,18.32,14.01015046
219031000,13092,2024-02-06 16:24:36+08:00,CNXIA,2024-02-22 23:18:28+08:00,USLSA,16.07,16.28740741
219033000,13092,2020-04-10 05:32:49+08:00,CNXIA,2020-04-23 06:06:32+08:00,USLSA,19.97,13.02341435
219033000,13092,2020-06-04 02:49:31+08:00,CNXIA,2020-06-19 01:49:59+08:00,USLSA,17.54,14.95865741
219033000,13092,2022-04-23 11:08:55+08:00,CNNBO,2022-05-18 23:58:37+08:00,USLGB,10.08,25.53451389
219033000,13092,2022-07-05 09:58:55+08:00,CNNBO,2022-07-24 21:12:42+08:00,USLGB,12.41,19.46790509
219033000,13092,2022-09-16 20:26:31+08:00,CNYSN,2022-09-30 21:39:40+08:00,USLGB,17.17,14.05079861
219033000,13092,2022-12-15 15:29:07+08:00,CNXIA,2023-01-02 21:20:47+08:00,USLSA,14.57,18.24421296
219033000,13092,2023-02-25 00:18:41+08:00,CNXIA,2023-03-12 18:57:03+08:00,USLSA,16.77,15.77664352
219033000,13092,2023-05-05 12:25:08+08:00,CNXIA,2023-05-20 21:36:41+08:00,USLSA,16.76,15.38302083
219033000,13092,2023-07-10 05:46:12+08:00,CNXIA,2023-07-24 20:11:13+08:00,USLSA,17.58,14.60070602
219056000,13092,2020-03-25 23:41:18+08:00,CNXIA,2020-04-07 18:53:18+08:00,USLSA,20.03,12.8
219056000,13092,2020-07-27 18:41:52+08:00,CNYSN,2020-08-09 23:16:39+08:00,USLGB,18.09,13.19082176
219056000,13092,2020-11-24 11:16:00+08:00,CNYSN,2020-12-21 22:12:49+08:00,USLGB,8.83,27.45612269
219056000,13092,2021-04-10 09:41:39+08:00,CNYTN,2021-05-08 22:02:52+08:00,USLGB,9.81,28.5147338
219056000,13092,2021-07-18 08:35:02+08:00,CNXIA,2021-08-16 21:28:03+08:00,USLGB,8.75,29.53681713
219056000,13092,2021-09-27 11:29:15+08:00,CNNBO,2021-10-25 16:32:29+08:00,USLGB,8.84,28.2105787
219056000,13092,2021-12-12 07:29:41+08:00,CNNBO,2022-02-08 00:07:38+08:00,USLGB,5.57,57.69302083
219056000,13092,2022-03-17 13:03:33+08:00,CNNBO,2022-04-22 21:26:56+08:00,USLGB,7.31,36.34957176
219056000,13092,2022-06-19 18:04:05+08:00,CNNBO,2022-07-13 22:40:16+08:00,USLGB,10.35,24.19179398
219056000,13092,2022-08-26 22:40:51+08:00,CNYSN,2022-09-13 23:43:32+08:00,USLGB,13.27,18.04353009
219056000,13092,2022-11-19 07:06:03+08:00,CNXIA,2022-12-02 21:18:40+08:00,USLSA,19.18,13.59209491
219056000,13092,2023-01-28 14:26:02+08:00,CNXIA,2023-02-16 20:04:01+08:00,USLSA,15,19.23471065
219056000,13092,2023-04-06 11:09:27+08:00,CNXIA,2023-04-21 19:01:39+08:00,USLGB,17.07,15.32791667
219056000,13092,2023-06-16 00:46:10+08:00,CNXIA,2023-06-30 20:43:04+08:00,USLSA,17.3,14.83118056
219056000,13092,2023-08-16 04:29:21+08:00,CNXIA,2023-08-30 05:15:59+08:00,USLSA,18.38,14.03238426
219056000,13092,2023-10-19 13:51:47+08:00,CNNBO,2023-11-01 19:50:43+08:00,USLSA,18.24,13.24925926
219059000,11000,2020-06-24 07:37:51+08:00,CNYTN,2020-07-09 05:49:12+08:00,USLSA,17.87,14.92454861
219071000,7800,2022-12-14 04:10:10+08:00,CNYSN,2023-01-02 20:34:50+08:00,USLSA,14.23,19.6837963
219071000,7800,2023-02-08 16:24:03+08:00,CNXIA,2023-02-23 00:56:13+08:00,USLSA,18.48,14.3556713
219130000,4622,2022-11-11 11:18:10+08:00,CNYSN,2022-11-27 22:51:39+08:00,USLSA,16.47,16.48158565
219130000,4622,2023-01-03 10:46:26+08:00,CNYSN,2023-01-21 07:46:01+08:00,USLSA,14.8,17.87471065
219130000,4622,2023-02-20 16:08:06+08:00,CNYSN,2023-03-06 19:54:02+08:00,USLSA,17.45,14.15689815
219130000,4622,2023-04-13 08:20:47+08:00,CNYSN,2023-05-02 19:38:51+08:00,USLSA,14.29,19.47087963
219130000,4622,2023-06-29 02:41:36+08:00,CNYSN,2023-07-17 19:44:26+08:00,USLSA,14.03,18.71030093
219130000,4622,2023-08-25 02:45:22+08:00,CNYSN,2023-09-11 21:45:04+08:00,USLSA,14.77,17.79145833
219130000,4622,2023-10-16 22:55:49+08:00,CNYSN,2023-11-03 21:45:02+08:00,USLGB,14.65,17.95084491
219130000,4622,2023-12-12 09:19:05+08:00,CNYSN,2024-01-02 22:17:17+08:00,USLGB,12.28,21.54041667
219130000,4622,2025-06-23 22:09:38+08:00,CNXIA,2025-07-12 22:59:05+08:00,USLGB,13.67,19.03434028
219155000,13092,2020-05-26 15:01:33+08:00,CNYSN,2020-06-09 09:17:10+08:00,USLGB,17.57,13.76084491
219155000,13092,2020-07-12 12:18:46+08:00,CNNBO,2020-07-29 21:43:05+08:00,USLGB,14.88,17.39188657
219155000,13092,2020-08-29 05:44:59+08:00,CNNBO,2020-09-12 22:54:52+08:00,USLGB,18.1,14.71519676
219155000,13092,2020-10-10 01:33:49+08:00,CNNBO,2020-10-28 22:42:18+08:00,USLGB,14.37,18.8808912
219155000,13092,2020-11-25 20:24:50+08:00,CNNBO,2020-12-18 21:14:18+08:00,USLGB,11.57,23.03435185
219155000,13092,2021-01-22 23:51:15+08:00,CNNBO,2021-02-17 23:11:32+08:00,USLGB,9.52,25.97241898
219155000,13092,2021-04-04 23:30:13+08:00,CNNBO,2021-05-01 12:22:14+08:00,USLGB,9.67,26.53612269
219155000,13092,2021-06-22 11:25:50+08:00,CNNBO,2021-07-07 16:47:59+08:00,USLGB,15.86,15.22371528
219155000,13092,2021-09-03 23:39:12+08:00,CNNBO,2021-09-30 19:22:42+08:00,USLGB,9.29,26.821875
219155000,13092,2021-11-10 11:50:06+08:00,CNNBO,2022-01-07 12:51:57+08:00,USLGB,5.93,58.04295139
219155000,13092,2022-02-08 20:41:09+08:00,CNYTN,2022-03-27 12:09:50+08:00,USLGB,6.46,46.64491898
219155000,13092,2022-05-12 11:21:02+08:00,CNNBO,2022-06-12 21:48:41+08:00,USLGB,8.21,31.43586806
219155000,13092,2022-07-25 11:04:31+08:00,CNNBO,2022-08-08 23:39:37+08:00,USLGB,16.61,14.524375
219155000,13092,2022-10-03 08:14:01+08:00,CNNBO,2022-10-15 20:18:33+08:00,USLGB,19.22,12.50314815
219155000,13092,2022-12-22 09:48:16+08:00,CNXIA,2023-01-09 04:56:27+08:00,USLSA,14.83,17.79734954
219155000,13092,2023-03-05 16:49:57+08:00,CNYSN,2023-03-19 19:44:37+08:00,USLSA,17.05,14.1212963
219155000,13092,2023-05-14 12:15:28+08:00,CNYSN,2023-05-29 18:53:32+08:00,USLSA,15.69,15.27643519
219196000,4504,2021-09-17 22:28:43+08:00,CNQIN,2021-10-07 21:52:54+08:00,USLSA,12.58,19.97512731
219196000,4504,2021-11-17 13:20:40+08:00,CNNBO,2021-12-17 02:30:57+08:00,USLSA,9.74,29.54880787
219196000,4504,2022-01-19 07:28:38+08:00,CNNBO,2022-02-19 13:18:35+08:00,USLSA,8.97,31.24302083
219196000,4504,2022-03-29 21:40:46+08:00,CNNBO,2022-04-23 08:03:49+08:00,USLSA,10.89,24.43267361
219196000,4504,2022-06-03 10:19:53+08:00,CNNBO,2022-06-23 21:16:55+08:00,USLSA,13.04,20.45627315
219196000,4504,2022-07-31 11:26:02+08:00,CNNBO,2022-08-12 21:16:17+08:00,USLSA,19.5,12.40989583
219196000,4504,2022-09-16 02:09:04+08:00,CNNBO,2022-09-27 20:05:30+08:00,USLSA,20.84,11.74752315
219196000,4504,2022-10-31 23:17:34+08:00,CNYSN,2022-11-19 19:34:38+08:00,USLSA,14.81,18.84518519
219198000,13092,2020-06-27 01:24:24+08:00,CNXIA,2020-07-10 05:21:41+08:00,USLSA,19.59,13.16478009
219198000,13092,2020-10-19 04:19:20+08:00,CNXIA,2020-11-06 00:07:50+08:00,USLSA,14.42,17.82534722
219198000,13092,2021-05-05 00:35:14+08:00,CNYTN,2021-05-22 19:10:51+08:00,USLGB,15.01,17.7747338
219198000,13092,2021-07-02 23:00:35+08:00,CNYTN,2021-07-21 21:13:25+08:00,USLGB,14.16,18.9255787
219198000,13092,2021-08-27 06:30:17+08:00,CNXIA,2021-09-21 20:45:25+08:00,USLGB,10.07,25.59384259
219198000,13092,2021-11-03 08:34:08+08:00,CNNBO,2021-12-17 23:42:20+08:00,USLGB,5.95,44.63069444
219198000,13092,2022-01-23 20:29:05+08:00,CNYTN,2022-03-17 14:32:38+08:00,USLGB,5.39,52.75246528
219198000,13092,2022-06-26 15:53:31+08:00,CNNBO,2022-07-15 22:39:19+08:00,USLGB,12.47,19.28180556
219198000,13092,2022-09-06 22:44:11+08:00,CNNBO,2022-09-19 21:41:30+08:00,USLGB,18.58,12.95646991
219198000,13092,2022-12-03 08:40:00+08:00,CNXIA,2022-12-17 21:33:25+08:00,USLSA,17.84,14.53709491
219199000,13092,2020-06-11 20:35:14+08:00,CNXIA,2020-06-28 07:02:46+08:00,USLSA,16.15,16.43578704
219199000,13092,2020-10-03 22:23:47+08:00,CNXIA,2020-10-19 19:54:16+08:00,USLSA,19.38,15.89616898
219199000,13092,2021-02-01 02:51:37+08:00,CNXIA,2021-03-03 00:15:26+08:00,USLSA,11.3,29.89153935
219199000,13092,2023-02-26 16:18:34+08:00,CNNBO,2023-03-17 23:12:25+08:00,USLGB,12.71,19.28739583
219199000,13092,2023-04-21 20:55:00+08:00,CNYSN,2023-05-08 20:52:50+08:00,USLSA,14.26,16.99849537
219210000,13092,2020-01-23 08:21:31+08:00,CNXIA,2020-02-05 07:08:01+08:00,USLSA,19.75,12.94895833
219210000,13092,2020-05-13 18:17:40+08:00,CNXIA,2020-05-28 05:08:44+08:00,USLSA,18.72,14.45212963
219210000,13092,2020-09-05 09:12:55+08:00,CNXIA,2020-09-19 07:59:32+08:00,USLSA,21.45,13.94903935
219210000,13092,2022-10-25 17:34:21+08:00,CNNBO,2022-11-09 21:32:18+08:00,USLGB,16.36,15.16524306
219210000,13092,2023-01-09 23:15:42+08:00,CNNBO,2023-01-25 20:04:41+08:00,USLGB,15.45,15.86734954
219210000,13092,2023-03-05 05:38:37+08:00,CNNBO,2023-03-23 20:07:36+08:00,USLGB,13.22,18.60346065
219210000,13092,2023-06-06 20:19:21+08:00,CNYSN,2023-06-19 20:19:09+08:00,USLGB,18.66,12.99986111
219210000,13092,2024-04-25 23:21:09+08:00,CNXIA,2024-05-10 19:04:08+08:00,USLSA,17.45,14.8215162
219210000,13092,2024-06-18 08:19:16+08:00,CNXIA,2024-07-02 19:36:53+08:00,USLSA,17.81,14.47056713
219210000,13092,2024-11-24 11:54:24+08:00,CNXIA,2024-12-10 04:48:07+08:00,USLSA,16.66,15.70396991
219857000,2240,2020-10-30 10:24:43+08:00,CNXIA,2020-11-15 07:34:28+08:00,USLSA,17.96,15.88177083
220000001,16200,2024-08-05 10:35:24+08:00,CNXIA,2024-08-20 04:13:50+08:00,USLSA,17.51,14.73502315
220061000,8648,2022-07-10 19:06:42+08:00,CNNBO,2022-08-01 21:29:32+08:00,USLGB,11.21,22.09918981
220061000,8648,2023-09-04 20:08:52+08:00,CNYSN,2023-09-23 05:45:23+08:00,USLSA,14.47,18.4003588
220061000,8648,2023-10-24 00:31:29+08:00,CNYSN,2023-11-07 20:40:16+08:00,USLSA,16.41,14.83943287
220129000,8648,2025-05-07 02:52:27+08:00,CNYSN,2025-05-20 19:40:25+08:00,USLSA,17.89,13.69997685
220164000,8648,2023-01-30 01:50:49+08:00,CNYSN,2023-02-12 19:56:58+08:00,USLSA,18.53,13.75427083
220397000,11078,2024-06-11 10:43:33+08:00,CNYSN,2024-06-24 19:33:59+08:00,USLGB,17.94,13.36835648
220397000,11078,2024-08-05 19:14:51+08:00,CNYSN,2024-08-17 18:18:05+08:00,USLGB,20.05,11.9605787
220397000,11078,2024-09-30 00:46:48+08:00,CNXIA,2024-10-15 03:59:09+08:00,USLSA,17.02,15.13357639
220397000,11078,2024-12-01 16:50:13+08:00,CNXIA,2024-12-17 05:22:58+08:00,USLSA,16.57,15.52274306
220397000,11078,2025-01-19 23:03:34+08:00,CNXIA,2025-02-04 07:03:09+08:00,USLSA,16.72,15.33304398
220397000,11078,2025-03-13 01:37:49+08:00,CNYSN,2025-03-26 19:56:10+08:00,USLSA,17.65,13.76274306
220413000,11078,2020-03-16 22:02:00+08:00,CNYSN,2020-04-08 22:28:21+08:00,USLGB,12.2,23.01829861
220413000,11078,2024-03-12 00:51:27+08:00,CNXIA,2024-03-26 23:04:34+08:00,USLSA,17.17,14.92577546
220413000,11078,2024-05-06 18:17:56+08:00,CNXIA,2024-05-21 04:03:37+08:00,USLSA,17.86,14.40672454
220413000,11078,2024-07-02 10:11:09+08:00,CNXIA,2024-07-16 07:52:44+08:00,USLSA,18.44,13.90387731
220413000,11078,2024-08-26 18:14:16+08:00,CNXIA,2024-09-11 00:09:35+08:00,USLSA,4.6,15.24674769
220413000,11078,2024-10-27 18:29:45+08:00,CNXIA,2024-11-12 05:04:35+08:00,USLSA,18.06,15.44085648
220413000,11078,2025-02-27 11:52:44+08:00,CNYTN,2025-03-16 20:24:55+08:00,USLSA,15.76,17.35568287
220414000,11078,2024-03-14 20:45:36+08:00,CNYTN,2024-04-02 07:18:08+08:00,USLSA,14.8,18.43925926
220414000,11078,2024-05-13 02:26:08+08:00,CNXIA,2024-05-28 04:32:21+08:00,USLSA,17.22,15.08765046
220414000,11078,2024-07-09 08:59:57+08:00,CNXIA,2024-07-23 04:22:54+08:00,USLSA,18.64,13.80760417
220414000,11078,2024-09-02 13:25:09+08:00,CNXIA,2024-09-17 04:21:27+08:00,USLSA,17.66,14.62243056
220414000,11078,2025-01-23 08:10:59+08:00,CNNBO,2025-02-08 22:39:28+08:00,USLSA,14.94,16.60311343
220414000,11078,2025-03-12 23:35:09+08:00,CNNBO,2025-03-28 23:16:24+08:00,USLSA,15.76,15.98697917
220414000,11078,2025-06-25 10:55:48+08:00,CNYSN,2025-07-08 21:38:10+08:00,USLSA,17.87,13.44608796
220415000,11078,2020-10-31 14:16:48+08:00,CNXIA,2020-11-22 00:08:37+08:00,USLSA,13.76,21.4109838
220415000,11078,2021-02-28 08:54:10+08:00,CNXIA,2021-03-23 16:57:27+08:00,USLSA,13.18,23.33561343
220415000,11078,2021-05-06 11:28:22+08:00,CNXIA,2021-05-21 07:13:18+08:00,USLSA,17.87,14.82287037
220415000,11078,2021-07-28 14:42:38+08:00,CNXIA,2021-08-22 22:36:57+08:00,USLSA,10.14,25.32938657
220415000,11078,2021-10-01 16:30:20+08:00,CNXIA,2021-11-06 02:26:41+08:00,USLSA,7.48,35.41413194
220415000,11078,2021-12-17 05:38:05+08:00,CNXIA,2022-02-10 22:32:04+08:00,USLSA,6.15,55.70415509
220415000,11078,2022-03-30 09:13:24+08:00,CNXIA,2022-05-01 22:11:39+08:00,USLSA,9.6,32.54045139
220415000,11078,2022-06-20 11:15:19+08:00,CNXIA,2022-07-21 07:31:59+08:00,USLSA,9.22,30.84490741
220415000,11078,2022-09-11 05:34:19+08:00,CNXIA,2022-09-24 21:55:13+08:00,USLSA,18.82,13.68118056
220415000,11078,2022-12-10 19:30:49+08:00,CNNBO,2022-12-26 22:47:43+08:00,USLGB,16.69,16.13673611
220415000,11078,2023-02-11 02:32:20+08:00,CNNBO,2023-03-03 20:09:35+08:00,USLGB,12.77,20.73420139
220415000,11078,2023-04-20 07:55:52+08:00,CNNBO,2023-05-06 07:55:33+08:00,USLSA,15.2,15.99978009
220415000,11078,2023-06-08 13:20:55+08:00,CNNBO,2023-06-23 21:09:44+08:00,USLSA,15.82,15.32556713
220415000,11078,2023-08-02 18:12:45+08:00,CNNBO,2023-08-19 21:05:20+08:00,USLSA,14.3,17.11984954
220415000,11078,2023-09-21 14:01:06+08:00,CNNBO,2023-10-12 21:00:04+08:00,USLGB,11.7,21.29094907
220415000,11078,2023-11-10 08:20:13+08:00,CNNBO,2023-11-29 21:45:19+08:00,USLGB,12.74,19.55909722
220415000,11078,2024-01-07 12:04:20+08:00,CNNBO,2024-01-25 23:30:13+08:00,USLGB,13.73,18.47630787
220415000,11078,2024-02-23 06:43:28+08:00,CNYSN,2024-03-11 20:26:42+08:00,USLGB,14.41,17.57168981
220415000,11078,2024-04-22 22:44:58+08:00,CNNBO,2024-05-09 04:17:52+08:00,USLGB,15.28,16.23118056
220415000,11078,2024-06-10 09:51:00+08:00,CNNBO,2024-06-26 21:14:21+08:00,USLGB,14.82,16.47454861
220415000,11078,2024-07-28 20:07:26+08:00,CNNBO,2024-08-13 21:18:05+08:00,USLSA,15.19,16.0490625
220415000,11078,2024-09-10 00:25:06+08:00,CNNBO,2024-09-28 20:44:40+08:00,USLSA,12.91,18.8469213
220415000,11078,2024-11-07 21:24:20+08:00,CNNBO,2024-11-22 20:33:35+08:00,USLGB,16.93,14.96475694
220415000,11078,2024-12-28 21:19:37+08:00,CNNBO,2025-01-16 20:28:36+08:00,USLSA,14.11,18.96457176
220415000,11078,2025-02-24 02:44:29+08:00,CNYSN,2025-03-11 20:01:26+08:00,USLSA,15.3,15.72010417
220415000,11078,2025-04-25 23:03:26+08:00,CNYSN,2025-05-08 19:45:35+08:00,USLSA,19.28,12.86260417
220415000,11078,2025-06-18 11:53:38+08:00,CNYSN,2025-07-01 19:19:52+08:00,USLSA,18.02,13.30988426
220416000,11078,2020-12-02 00:44:25+08:00,CNYSN,2020-12-31 23:19:54+08:00,USLGB,9.66,29.94130787
220416000,11078,2021-04-23 17:52:11+08:00,CNYTN,2021-05-14 21:52:16+08:00,USLGB,12.6,21.16672454
220416000,11078,2021-07-18 15:54:03+08:00,CNYTN,2021-08-14 12:04:57+08:00,USLGB,10.02,26.84090278
220416000,11078,2021-09-17 22:59:38+08:00,CNYTN,2021-10-20 23:06:49+08:00,USLGB,8.44,33.00498843
220416000,11078,2021-11-25 16:23:01+08:00,CNQIN,2022-01-13 22:06:32+08:00,USLGB,6.58,49.23855324
220416000,11078,2022-02-18 12:52:44+08:00,CNYTN,2022-03-27 23:19:13+08:00,USLGB,7.81,37.43505787
220416000,11078,2022-05-22 16:22:00+08:00,CNNBO,2022-06-19 21:57:11+08:00,USLGB,8.77,28.2327662
220416000,11078,2022-09-17 14:53:19+08:00,CNNBO,2022-10-05 13:58:22+08:00,USLGB,13.98,17.96184028
220416000,11078,2024-04-02 02:39:28+08:00,CNXIA,2024-04-16 06:02:51+08:00,USLSA,18.34,14.14123843
220416000,11078,2024-05-28 15:27:54+08:00,CNXIA,2024-06-11 07:32:10+08:00,USLSA,19.21,13.66962963
220416000,11078,2024-07-22 10:49:29+08:00,CNXIA,2024-08-06 04:27:53+08:00,USLSA,17.47,14.735
220416000,11078,2024-09-16 15:57:03+08:00,CNXIA,2024-10-01 22:15:13+08:00,USLSA,17.05,15.26261574
220416000,11078,2024-11-11 04:29:13+08:00,CNXIA,2024-11-26 05:10:13+08:00,USLSA,17.47,15.02847222
220416000,11078,2024-12-30 19:10:28+08:00,CNXIA,2025-01-15 22:12:19+08:00,USLSA,16.89,16.12628472
220416000,11078,2025-02-20 06:23:51+08:00,CNYTN,2025-03-09 22:28:10+08:00,USLSA,15.4,17.66966435
220416000,11078,2025-04-17 18:36:30+08:00,CNYTN,2025-05-04 21:14:36+08:00,USLSA,15.38,17.10979167
220416000,11078,2025-06-12 20:06:51+08:00,CNYTN,2025-06-29 19:04:14+08:00,USLSA,15.71,16.9565162
220499000,17816,2021-06-18 07:55:00+08:00,CNYSN,2021-07-02 10:44:27+08:00,USLSA,17.63,14.11767361
220593000,11008,2020-02-12 06:06:52+08:00,CNXIA,2020-02-28 20:00:02+08:00,USLSA,17.26,16.57858796
220593000,11008,2020-03-30 18:40:43+08:00,CNYSN,2020-04-22 19:10:48+08:00,USLGB,12.14,23.0208912
220593000,11008,2020-06-22 12:23:53+08:00,CNNBO,2020-07-10 10:14:05+08:00,USLGB,13.53,17.90986111
220593000,11008,2020-08-07 10:58:35+08:00,CNNBO,2020-08-21 04:44:53+08:00,USLGB,17.73,13.74048611
220593000,11008,2020-09-17 16:57:45+08:00,CNNBO,2020-10-11 21:51:06+08:00,USLGB,10.04,24.20371528
220593000,11008,2020-11-07 19:34:55+08:00,CNQIN,2020-12-04 00:15:49+08:00,USLGB,11.2,26.19506944
220593000,11008,2020-12-28 15:24:33+08:00,CNQIN,2021-01-22 23:41:09+08:00,USLGB,10.99,25.34486111
220593000,11008,2021-03-01 13:41:01+08:00,CNNBO,2021-03-27 01:20:00+08:00,USLGB,11.37,25.48540509
220593000,11008,2021-05-06 13:32:21+08:00,CNNBO,2021-05-26 21:45:21+08:00,USLGB,12.01,20.34236111
220593000,11008,2021-07-22 17:01:26+08:00,CNYSN,2021-08-21 14:15:51+08:00,USLGB,8.13,29.88501157
220593000,11008,2021-10-07 14:08:13+08:00,CNYSN,2021-11-17 00:00:01+08:00,USLSA,6.36,40.41097222
220593000,11008,2021-12-18 23:08:07+08:00,CNYSN,2022-02-01 22:52:45+08:00,USLSA,6.2,44.9893287
220593000,11008,2022-03-02 12:52:59+08:00,CNYSN,2022-04-05 22:55:54+08:00,USLSA,7.37,34.41869213
220593000,11008,2022-05-06 10:05:23+08:00,CNYSN,2022-06-10 22:56:51+08:00,USLSA,7.02,35.53574074
220593000,11008,2022-07-08 22:39:10+08:00,CNYSN,2022-08-03 19:30:30+08:00,USLSA,9.32,25.86898148
220593000,11008,2022-08-30 02:52:04+08:00,CNYSN,2022-09-12 20:07:30+08:00,USLSA,17.55,13.71905093
220593000,11008,2022-10-17 14:27:01+08:00,CNNBO,2022-11-01 21:33:11+08:00,USLGB,16.24,15.29594907
220593000,11008,2022-12-31 14:45:15+08:00,CNNBO,2023-01-16 20:13:07+08:00,USLGB,15.07,16.22768519
220593000,11008,2023-05-22 14:58:29+08:00,CNNBO,2023-06-08 20:59:56+08:00,USLSA,14.28,17.25100694
220594000,11008,2023-08-21 05:48:00+08:00,CNXIA,2023-09-05 19:00:13+08:00,USLSA,16.83,15.55015046
220594000,11008,2023-11-02 23:00:37+08:00,CNNBO,2023-11-18 21:20:01+08:00,USLGB,15.27,15.93013889
220596000,11008,2023-12-24 19:10:12+08:00,CNXIA,2024-01-09 21:30:30+08:00,USLSA,17.45,16.09743056
220597000,11008,2023-10-12 07:19:05+08:00,CNNBO,2023-10-29 20:05:05+08:00,USLGB,13.93,17.53194444
220598000,11008,2020-04-03 18:51:14+08:00,CNYSN,2020-04-18 20:05:38+08:00,USLGB,16.48,15.05166667
226325000,5782,2020-10-21 05:15:59+08:00,CNXIA,2020-11-05 00:10:48+08:00,USLSA,17.45,14.78806713
226327000,5782,2020-09-28 22:34:52+08:00,CNWGQ,2020-10-12 19:48:29+08:00,USLSA,18.3,13.88445602
226327000,5782,2020-11-11 19:55:27+08:00,CNQIN,2020-11-24 22:01:14+08:00,USLSA,19.62,13.08734954
228032900,16022,2021-02-19 06:43:38+08:00,CNXIA,2021-03-23 22:12:41+08:00,USLSA,9.6,32.64517361
228032900,16022,2021-04-29 17:37:55+08:00,CNXIA,2021-05-25 21:56:11+08:00,USLSA,10,26.17935185
228315600,13830,2020-02-25 01:30:06+08:00,CNXIA,2020-03-10 05:59:05+08:00,USLSA,18.35,14.18679398
228315600,13830,2020-09-17 12:37:02+08:00,CNYTN,2020-10-01 19:23:51+08:00,USLSA,23.54,14.28251157
228316800,13830,2020-12-25 06:51:17+08:00,CNYTN,2021-01-22 16:46:02+08:00,USLSA,9.46,28.41302083
228342900,9415,2021-06-09 18:23:21+08:00,CNXIA,2021-07-06 01:37:30+08:00,USLSA,9.79,26.30149306
228342900,9415,2021-11-19 00:54:26+08:00,CNYSN,2021-12-19 07:45:55+08:00,USLSA,8.28,30.28575231
228342900,9415,2024-11-03 22:08:58+08:00,CNYTN,2024-11-19 07:05:19+08:00,USLSA,17.44,15.37246528
228342900,9415,2024-12-29 15:10:22+08:00,CNYTN,2025-01-14 12:15:51+08:00,USLSA,19.8,15.87880787
228342900,9415,2025-02-26 12:23:10+08:00,CNYTN,2025-03-13 06:04:05+08:00,USLSA,18.94,14.73674769
228342900,9415,2025-04-16 00:17:53+08:00,CNYTN,2025-05-03 08:07:21+08:00,USLSA,15.97,17.32601852
228343900,9415,2020-09-19 16:52:10+08:00,CNYTN,2020-10-03 20:34:06+08:00,USLSA,19.04,14.15412037
228348900,9415,2020-02-16 00:52:44+08:00,CNXIA,2020-03-02 21:10:41+08:00,USLSA,16.42,15.84579861
228348900,9415,2020-04-05 08:17:10+08:00,CNXIA,2020-04-21 20:42:52+08:00,USLSA,16.71,16.51784722
228348900,9415,2020-06-01 06:42:53+08:00,CNXIA,2020-06-15 20:04:38+08:00,USLSA,17.88,14.55677083
228348900,9415,2020-07-13 06:32:58+08:00,CNXIA,2020-07-27 19:57:14+08:00,USLSA,17.71,14.55851852
228348900,9415,2020-08-26 19:00:10+08:00,CNXIA,2020-09-09 05:55:08+08:00,USLSA,31.1,13.45483796
228348900,9415,2020-10-07 02:28:29+08:00,CNXIA,2020-10-20 19:58:19+08:00,USLSA,19.33,13.72905093
228348900,9415,2020-11-16 16:29:52+08:00,CNXIA,2020-12-08 11:25:19+08:00,USLSA,13.29,21.78850694
228353600,8488,2020-10-15 11:11:56+08:00,CNQIN,2020-10-29 20:16:55+08:00,USLSA,17.76,14.37846065
228354600,9415,2024-08-23 02:52:46+08:00,CNYTN,2024-09-08 23:56:43+08:00,USLSA,15.9,16.87774306
228354600,9415,2025-01-17 01:33:50+08:00,CNYTN,2025-02-02 21:08:56+08:00,USLSA,15.97,16.81604167
228410700,15254,2024-11-03 17:50:07+08:00,CNYTN,2024-11-19 02:54:57+08:00,USLSA,18.18,15.37835648
228410700,15254,2025-04-07 03:38:40+08:00,CNYTN,2025-04-23 06:14:29+08:00,USLSA,16.75,16.10820602
229190000,16022,2021-09-23 13:31:34+08:00,CNYTN,2021-10-31 21:58:32+08:00,USLSA,7.22,38.35206019
229190000,16022,2022-03-07 15:14:24+08:00,CNYTN,2022-04-04 20:27:33+08:00,USLSA,9.84,28.21746528
229190000,16022,2022-08-23 01:19:02+08:00,CNXIA,2022-09-06 20:27:15+08:00,USLSA,17.34,14.79737269
229190000,16022,2023-06-01 16:38:09+08:00,CNYTN,2023-06-16 15:17:04+08:00,USLSA,17.89,14.94369213
229321000,15363,2023-09-21 07:50:18+08:00,CNYTN,2023-10-07 21:50:11+08:00,USLSA,16.36,16.58325231
229321000,15363,2024-02-15 06:15:19+08:00,CNYTN,2024-03-01 20:00:16+08:00,USLSA,17.51,15.57288194
229321000,15363,2024-07-26 12:12:05+08:00,CNYTN,2024-08-11 20:02:08+08:00,USLSA,16.45,16.32642361
229321000,15363,2024-12-27 18:45:25+08:00,CNYTN,2025-01-13 10:05:00+08:00,USLSA,18.16,16.63859954
229326000,14846,2022-04-28 19:53:24+08:00,CNMWN,2022-05-24 12:21:08+08:00,USLSA,11.07,25.68592593
229326000,14846,2022-07-12 11:17:17+08:00,CNXIA,2022-07-30 05:44:08+08:00,USLSA,14.48,17.76864583
229358000,6350,2022-02-05 09:02:47+08:00,CNNBO,2022-02-17 22:18:00+08:00,USLSA,19.33,12.5522338
229358000,6350,2022-03-23 00:00:47+08:00,CNNBO,2022-04-04 23:40:09+08:00,USLSA,18.59,12.9856713
229389000,14846,2022-09-21 09:49:53+08:00,CNYSN,2022-10-10 22:16:13+08:00,USLSA,12.88,19.51828704
229393000,14812,2023-10-22 13:54:38+08:00,CNYSN,2023-11-07 20:55:42+08:00,USLSA,15.22,16.29240741
229454000,15363,2021-11-12 23:52:21+08:00,CNXIA,2021-12-11 20:43:44+08:00,USLSA,10.27,28.8690162
229454000,15363,2022-04-24 19:08:12+08:00,CNYTN,2022-05-14 19:54:45+08:00,USLSA,13.41,20.03232639
229454000,15363,2022-10-04 21:45:34+08:00,CNQIN,2022-10-18 21:34:00+08:00,USLSA,17.35,13.99196759
229454000,15363,2023-08-24 16:40:22+08:00,CNYTN,2023-09-08 20:20:06+08:00,USLSA,17.71,15.15259259
229454000,15363,2024-01-20 19:03:50+08:00,CNXIA,2024-02-05 22:10:20+08:00,USLSA,18.01,16.12951389
229454000,15363,2024-07-11 10:01:32+08:00,CNYTN,2024-07-26 06:17:27+08:00,USLSA,18.2,14.84438657
229454000,15363,2024-12-14 12:05:55+08:00,CNYTN,2024-12-30 08:14:34+08:00,USLSA,18.13,15.83934028
229458000,8827,2020-02-29 15:24:01+08:00,TWTAP,2020-03-13 20:51:56+08:00,USLSA,19.39,13.22771991
229463000,14846,2022-05-26 06:06:38+08:00,CNXIA,2022-06-15 12:29:24+08:00,USLSA,13.53,20.26581019
229463000,14846,2022-07-24 06:22:33+08:00,CNXIA,2022-08-16 21:40:01+08:00,USLSA,11.1,23.63712963
229463000,14846,2022-09-22 17:01:17+08:00,CNYSN,2022-10-11 20:27:44+08:00,USLSA,12.93,19.14336806
229463000,14846,2022-11-21 01:03:19+08:00,CNQIN,2022-12-05 23:41:24+08:00,USLSA,17.38,14.94311343
229463000,14846,2023-04-20 12:10:10+08:00,CNYTN,2023-05-05 00:06:45+08:00,USLSA,18.52,14.49762731
229464000,14846,2022-03-11 21:15:40+08:00,CNXIA,2022-04-09 20:40:08+08:00,USLSA,10.36,28.97532407
229464000,14846,2023-01-31 20:18:58+08:00,CNQIN,2023-02-15 23:42:41+08:00,USLSA,16.87,15.14146991
229464000,14846,2023-03-29 22:57:55+08:00,CNYTN,2023-04-13 07:08:18+08:00,USLSA,19.16,14.34054398
229465000,14846,2022-05-05 15:20:56+08:00,CNXIA,2022-06-03 12:21:03+08:00,USLSA,10.07,28.87508102
229465000,14846,2022-07-18 17:26:38+08:00,CNXIA,2022-08-07 22:44:18+08:00,USLSA,12.87,20.22060185
229465000,14846,2022-09-14 14:27:40+08:00,CNQIN,2022-09-28 06:25:40+08:00,USLSA,17.78,13.66527778
229465000,14846,2022-11-14 02:23:23+08:00,CNQIN,2022-11-30 06:21:37+08:00,USLSA,15.73,16.16543981
229465000,14846,2023-01-04 12:49:54+08:00,CNXIA,2023-01-28 22:14:02+08:00,USLSA,12.06,24.39175926
229465000,14846,2023-03-14 10:53:25+08:00,CNXIA,2023-03-29 11:01:55+08:00,USLSA,17.3,15.00590278
229467000,8827,2020-01-31 04:21:13+08:00,TWKAO,2020-02-14 07:50:32+08:00,USLSA,20.73,14.1453588
229467000,8827,2020-03-13 07:44:49+08:00,TWTAP,2020-03-26 21:17:37+08:00,USLSA,19.43,13.56444444
229467000,8827,2025-07-03 21:44:50+08:00,CNYSN,2025-07-18 18:53:44+08:00,USLGB,16.34,14.88118056
229541000,8827,2020-04-23 12:07:53+08:00,TWTAP,2020-05-06 20:54:07+08:00,USLSA,18.65,13.36543981
229550000,5071,2021-03-24 04:51:46+08:00,CNYTN,2021-04-06 19:00:56+08:00,USLSA,19.71,13.58969907
229550000,5071,2021-05-05 08:43:32+08:00,CNYTN,2021-05-22 12:21:57+08:00,USLSA,15.72,17.15167824
229550000,5071,2021-06-14 15:01:10+08:00,CNYTN,2021-07-12 20:28:05+08:00,USLSA,9.54,28.22702546
229556000,4957,2022-04-20 13:42:02+08:00,CNNBO,2022-05-11 08:14:30+08:00,USLSA,12.04,20.7725463
229556000,4957,2022-06-20 14:44:41+08:00,CNNBO,2022-07-08 19:54:53+08:00,USLSA,13.28,18.21541667
229556000,4957,2022-08-12 14:07:12+08:00,CNNBO,2022-08-30 00:16:58+08:00,USLGB,14.11,17.42344907
229592000,15363,2024-04-21 20:23:11+08:00,CNYTN,2024-05-06 17:46:35+08:00,USLSA,18,14.89125
229592000,15363,2024-09-27 11:35:27+08:00,CNYTN,2024-10-13 20:30:06+08:00,USLSA,16.44,16.37128472
229606000,4255,2024-03-07 04:42:08+08:00,TWKAO,2024-04-28 19:57:43+08:00,USLSA,11.06,52.63582176
229620000,9403,2020-10-04 16:22:07+08:00,CNYTN,2020-10-23 04:53:31+08:00,USLSA,17.81,18.52180556
229622000,13050,2020-07-08 02:41:36+08:00,CNYSN,2020-07-21 23:24:49+08:00,USLGB,17.63,13.86334491
229622000,13050,2020-11-14 17:51:24+08:00,CNYSN,2020-12-04 00:04:34+08:00,USLGB,13.91,19.25914352
229622000,13050,2021-01-05 20:22:15+08:00,CNYSN,2021-02-08 00:37:28+08:00,USLGB,12.1,33.1772338
229622000,13050,2021-03-16 04:53:28+08:00,CNYSN,2021-04-16 23:23:56+08:00,USLGB,9.21,31.77115741
229622000,13050,2022-10-16 00:32:19+08:00,CNDCB,2022-10-30 20:11:13+08:00,USLGB,18.18,14.81868056
229622000,13050,2024-01-21 10:20:00+08:00,CNYSN,2024-02-08 23:48:02+08:00,USLGB,15.18,18.56113426
229622000,13050,2024-03-23 06:35:50+08:00,CNYSN,2024-04-07 20:15:54+08:00,USLGB,16.55,15.56949074
229622000,13050,2024-05-15 17:27:27+08:00,CNYSN,2024-05-31 21:54:53+08:00,USLGB,15.08,16.18571759
229622000,13050,2024-07-08 08:46:47+08:00,CNYSN,2024-07-20 22:43:21+08:00,USLGB,19.12,12.58094907
229622000,13050,2025-06-25 21:11:56+08:00,CNYSN,2025-07-11 18:53:03+08:00,USLGB,15.31,15.90355324
229626000,9403,2024-06-17 04:42:32+08:00,CNZOS,2024-07-12 20:06:26+08:00,USLGB,10.82,25.64159722
229626000,9403,2024-09-03 21:25:24+08:00,CNNBO,2024-09-18 05:57:43+08:00,USLGB,16.84,14.35577546
229626000,9403,2024-10-23 17:55:43+08:00,CNYTN,2024-11-12 08:09:02+08:00,USLSA,15.27,19.59258102
229752000,15363,2023-03-10 09:55:16+08:00,CNYTN,2023-03-24 22:10:10+08:00,USLSA,18.47,14.51034722
229752000,15363,2023-08-10 13:13:47+08:00,CNYTN,2023-08-25 20:45:04+08:00,USLSA,17.54,15.3133912
229752000,15363,2024-01-04 16:48:23+08:00,CNYTN,2024-01-20 00:35:59+08:00,USLSA,18.29,15.32472222
229778000,14812,2022-06-21 08:25:23+08:00,CNXIA,2022-07-17 00:28:09+08:00,USLSA,10.88,25.66858796
229778000,14812,2022-08-21 10:08:47+08:00,CNYSN,2022-09-12 19:36:59+08:00,USLSA,11.89,22.39458333
229778000,14812,2022-10-31 17:34:02+08:00,CNQIN,2022-11-18 22:51:18+08:00,USLSA,14.58,18.22032407
229779000,14812,2022-03-24 12:42:04+08:00,CNXIA,2022-04-18 22:22:44+08:00,USLSA,11.15,25.40324074
229779000,14812,2022-06-01 09:23:59+08:00,CNNBO,2022-06-25 21:40:03+08:00,USLSA,9.93,24.51115741
229779000,14812,2022-07-31 11:25:14+08:00,CNNBO,2022-08-24 21:54:49+08:00,USLSA,9.93,24.43721065
229779000,14812,2022-10-12 12:59:09+08:00,CNSHE,2022-10-27 06:33:20+08:00,USLSA,18.44,14.73207176
229779000,14812,2022-12-15 08:55:49+08:00,CNQIN,2022-12-29 08:35:21+08:00,USLSA,19.5,13.98578704
229779000,14812,2023-02-17 09:56:56+08:00,CNXIA,2023-03-05 07:14:16+08:00,USLSA,16.24,15.88703704
229779000,14812,2023-04-12 09:46:52+08:00,CNXIA,2023-04-27 13:58:58+08:00,USLSA,17.29,15.17506944
229779000,14812,2023-12-16 20:33:45+08:00,CNSHE,2024-01-02 19:15:09+08:00,USLSA,17.74,16.94541667
229779000,14812,2024-05-26 19:44:19+08:00,CNYTN,2024-06-10 06:55:07+08:00,USLSA,18.72,14.46583333
229779000,14812,2024-10-25 18:25:57+08:00,CNYTN,2024-11-10 22:06:12+08:00,USLSA,17.37,16.15295139
229779000,14812,2025-04-14 11:44:39+08:00,CNYTN,2025-04-30 17:49:05+08:00,USLSA,16.44,16.2530787
229824000,2478,2024-08-30 21:52:54+08:00,CNWGQ,2024-09-15 10:13:39+08:00,USLSA,15.68,15.51440972
229934000,9365,2020-04-17 12:09:33+08:00,CNYTN,2020-05-03 20:12:52+08:00,USLSA,16.45,16.33563657
229934000,9365,2020-09-03 14:45:26+08:00,CNYTN,2020-09-17 19:59:24+08:00,USLSA,19.48,14.21803241
229934000,9365,2021-01-17 13:05:10+08:00,CNYTN,2021-03-03 14:10:22+08:00,USLSA,6.86,45.04527778
229934000,9365,2021-06-02 12:48:10+08:00,CNXIA,2021-06-28 12:28:22+08:00,USLSA,10.25,25.98625
229934000,9365,2025-05-12 06:47:14+08:00,CNYSN,2025-05-28 05:58:42+08:00,USLSA,15.2,15.9662963
229947000,9365,2021-10-19 11:57:11+08:00,CNYSN,2021-11-10 21:58:28+08:00,USLSA,11.15,22.41755787
229955000,4253,2023-09-09 21:46:07+08:00,TWKAO,2023-11-05 12:45:18+08:00,USLSA,10.44,56.62443287
229955000,4253,2024-11-29 19:03:37+08:00,CNSHE,2025-01-26 07:03:22+08:00,USLGB,11.27,57.49982639
229979000,2824,2020-05-28 05:09:41+08:00,CNWGQ,2020-06-08 21:30:37+08:00,USLGB,20.52,11.6812037
229979000,2824,2020-07-09 15:32:02+08:00,CNWGQ,2020-07-21 05:47:22+08:00,USLGB,20.94,11.59398148
229979000,2824,2020-08-14 06:12:29+08:00,CNWGQ,2020-08-25 21:29:49+08:00,USLGB,20.98,11.63703704
229979000,2824,2020-09-17 12:18:53+08:00,CNWGQ,2020-09-29 00:52:41+08:00,USLGB,26.53,11.52347222
229979000,2824,2020-10-22 15:03:27+08:00,CNWGQ,2020-11-04 16:16:13+08:00,USLGB,18.38,13.05053241
229979000,2824,2020-11-26 23:11:42+08:00,CNWGQ,2020-12-08 12:19:54+08:00,USLGB,20.99,11.54736111
229979000,2824,2021-01-01 14:08:30+08:00,CNWGQ,2021-01-17 23:15:31+08:00,USLGB,16.49,16.37987269
229979000,2824,2021-02-09 15:28:14+08:00,CNNBO,2021-03-01 07:27:07+08:00,USLGB,15.57,19.6658912
229979000,2824,2021-03-26 23:55:41+08:00,CNWGQ,2021-04-08 04:16:13+08:00,USLGB,20.17,12.18092593
229979000,2824,2021-04-29 13:49:40+08:00,CNWGQ,2021-05-11 21:25:08+08:00,USLGB,20.64,12.3162963
229979000,2824,2021-06-04 06:39:53+08:00,CNWGQ,2021-06-15 17:56:24+08:00,USLGB,21.67,11.46980324
229979000,2824,2021-07-01 16:30:22+08:00,CNWGQ,2021-07-13 03:41:15+08:00,USLGB,21.47,11.4658912
229980000,2824,2020-05-21 15:07:21+08:00,CNWGQ,2020-06-02 21:22:25+08:00,USLGB,20.85,12.26046296
229989000,9365,2020-09-22 07:01:20+08:00,CNXIA,2020-10-07 05:52:34+08:00,USLSA,17.68,14.95224537
229997000,14846,2023-07-28 09:52:58+08:00,CNYTN,2023-08-11 19:30:12+08:00,USLSA,18.69,14.40085648
232018900,10055,2020-01-14 11:46:37+08:00,CNYSN,2020-02-10 00:03:37+08:00,USLGB,11.27,26.51180556
232018900,10055,2020-05-01 07:05:52+08:00,CNWGQ,2020-05-16 07:10:32+08:00,USLGB,16.29,15.00324074
232018900,10055,2020-06-12 19:12:39+08:00,CNWGQ,2020-06-27 20:04:56+08:00,USLGB,16.23,15.03630787
232018900,10055,2020-07-26 17:49:30+08:00,CNWGQ,2020-08-15 20:15:25+08:00,USLGB,12.32,20.10133102
232018900,10055,2020-09-16 02:46:15+08:00,CNYSN,2020-10-05 06:04:06+08:00,USLSA,12.94,19.13739583
232018900,10055,2020-10-31 18:59:44+08:00,CNYSN,2020-11-18 00:10:31+08:00,USLSA,15.54,17.21582176
232018900,10055,2020-12-23 00:56:09+08:00,CNYSN,2021-01-12 22:37:00+08:00,USLSA,12.07,20.90336806
232018900,10055,2021-02-21 03:52:18+08:00,CNYSN,2021-03-14 13:16:19+08:00,USLSA,13.18,21.39167824
232018900,10055,2021-04-24 04:23:52+08:00,CNYSN,2021-05-18 06:42:25+08:00,USLSA,10.34,24.09621528
232018900,10055,2021-07-01 17:12:24+08:00,CNYSN,2021-07-25 21:19:04+08:00,USLGB,10.25,24.1712963
232018900,10055,2021-08-22 00:48:09+08:00,CNYSN,2021-09-28 19:50:01+08:00,USLGB,7.14,37.79296296
232018900,10055,2022-02-03 15:54:18+08:00,CNYSN,2022-03-16 03:51:42+08:00,USLGB,7.04,40.49819444
232018900,10055,2022-04-12 19:48:39+08:00,CNYSN,2022-05-20 21:12:15+08:00,USLGB,7.36,38.05805556
232018900,10055,2022-06-19 10:32:24+08:00,CNYSN,2022-07-19 21:19:33+08:00,USLGB,8.61,30.44940972
232018900,10055,2022-08-18 20:49:08+08:00,CNYSN,2022-09-09 21:54:15+08:00,USLGB,11.21,22.04521991
232018900,10055,2022-10-07 14:19:17+08:00,CNYSN,2022-10-23 06:52:54+08:00,USLGB,15.6,15.69001157
232018900,10055,2022-12-15 08:45:45+08:00,CNYSN,2023-01-02 22:08:20+08:00,USLGB,13.23,18.55734954
232018900,10055,2023-03-09 01:56:22+08:00,CNYSN,2023-03-24 20:24:00+08:00,USLGB,15.49,15.76918981
232018900,10055,2023-05-04 11:49:09+08:00,CNYSN,2023-05-22 06:12:17+08:00,USLGB,14.19,17.76606481
232018900,10055,2023-06-23 01:22:35+08:00,CNYSN,2023-07-10 06:02:53+08:00,USLGB,14.19,17.19465278
232018900,10055,2023-08-14 07:20:34+08:00,CNYSN,2023-08-30 06:05:09+08:00,USLGB,15.31,15.94762731
232018900,10055,2023-09-30 12:55:02+08:00,CNYSN,2023-10-20 20:46:10+08:00,USLGB,12.48,20.32717593
232018901,10055,2020-04-24 14:15:57+08:00,CNWGQ,2020-05-09 07:17:23+08:00,USLGB,16.79,14.7093287
232018901,10055,2020-06-05 13:41:07+08:00,CNWGQ,2020-06-20 06:06:41+08:00,USLGB,16.75,14.6844213
232018901,10055,2020-07-22 15:10:39+08:00,CNWGQ,2020-08-06 23:41:45+08:00,USLGB,15.9,15.35493056
232018901,10055,2020-09-03 09:07:39+08:00,CNYSN,2020-09-21 20:59:54+08:00,USLSA,15.58,18.49461806
232018901,10055,2020-10-24 09:19:15+08:00,CNYSN,2020-11-10 22:33:00+08:00,USLSA,15.22,17.55121528
232018901,10055,2020-12-11 01:19:02+08:00,CNYSN,2020-12-29 10:35:14+08:00,USLSA,16.05,18.38625
232018901,10055,2021-02-08 16:46:15+08:00,CNYSN,2021-03-03 21:43:33+08:00,USLSA,11.29,23.20645833
232018901,10055,2021-04-10 16:27:33+08:00,CNYSN,2021-05-01 22:14:04+08:00,USLSA,11.83,21.24063657
232018901,10055,2021-06-12 06:24:50+08:00,CNYSN,2021-06-27 06:07:42+08:00,USLGB,16.35,14.98810185
232018901,10055,2021-08-14 07:24:01+08:00,CNYSN,2021-09-07 22:40:18+08:00,USLGB,10.04,24.63630787
232018901,10055,2021-10-08 04:24:03+08:00,CNYSN,2021-12-05 21:57:38+08:00,USLGB,4.63,58.73165509
232018901,10055,2022-01-05 10:13:30+08:00,CNYSN,2022-03-06 05:27:32+08:00,USLGB,5.26,59.80141204
232018901,10055,2022-04-04 09:50:25+08:00,CNYSN,2022-05-16 21:25:38+08:00,USLGB,7.2,42.48278935
232018901,10055,2022-06-14 16:18:43+08:00,CNYSN,2022-07-12 21:54:08+08:00,USLGB,9.56,28.23292824
232018901,10055,2022-08-11 08:55:39+08:00,CNYSN,2022-08-29 05:42:52+08:00,USLGB,13.68,17.86612269
232018901,10055,2022-09-23 13:45:21+08:00,CNYSN,2022-10-10 23:43:23+08:00,USLGB,14.2,17.41530093
232018901,10055,2022-11-24 00:26:43+08:00,CNYSN,2022-12-12 21:12:13+08:00,USLGB,13.15,18.86493056
232018901,10055,2023-02-23 00:03:42+08:00,CNYSN,2023-03-13 05:57:29+08:00,USLGB,13.66,18.24568287
232018901,10055,2023-04-27 14:12:54+08:00,CNYSN,2023-05-14 05:58:45+08:00,USLGB,14.78,16.65684028
232018901,10055,2023-06-10 05:15:10+08:00,CNYSN,2023-06-24 20:21:50+08:00,USLGB,16.72,14.62962963
232018901,10055,2023-12-25 12:38:47+08:00,CNYSN,2024-01-12 22:10:16+08:00,USLGB,13.62,18.39686343
232018901,10055,2024-02-18 09:48:49+08:00,CNYSN,2024-03-06 21:20:15+08:00,USLSA,13.99,17.48016204
232018901,10055,2024-04-08 15:52:56+08:00,CNYSN,2024-04-25 20:57:33+08:00,USLSA,14.25,17.21153935
232018901,10055,2024-05-26 15:10:58+08:00,CNYSN,2024-06-12 19:59:08+08:00,USLSA,14.26,17.20011574
232018901,10055,2024-07-17 03:24:14+08:00,CNYSN,2024-08-02 20:00:58+08:00,USLSA,14.65,16.69217593
232018919,10055,2020-05-30 07:20:55+08:00,CNWGQ,2020-06-13 21:08:06+08:00,USLGB,16.8,14.57443287
232018919,10055,2020-07-10 04:56:37+08:00,CNWGQ,2020-07-26 20:26:55+08:00,USLGB,14.73,16.64604167
232018919,10055,2020-08-23 21:56:44+08:00,CNYSN,2020-09-09 20:56:49+08:00,USLSA,15,16.9583912
232018919,10055,2020-10-11 17:23:00+08:00,CNYSN,2020-10-27 23:02:12+08:00,USLSA,16.42,16.23555556
232018919,10055,2020-11-30 18:50:31+08:00,CNYSN,2020-12-22 00:51:34+08:00,USLSA,12.61,21.25072917
232018919,10055,2021-01-31 20:49:41+08:00,CNYSN,2021-02-22 21:03:37+08:00,USLSA,12.54,22.00967593
232018919,10055,2021-04-05 10:15:25+08:00,CNYSN,2021-04-25 19:48:19+08:00,USLSA,12.77,20.39784722
232018919,10055,2021-05-30 12:26:32+08:00,CNYSN,2021-06-18 22:44:31+08:00,USLGB,12.59,19.42915509
232018919,10055,2021-08-07 09:25:34+08:00,CNYSN,2021-09-04 21:52:53+08:00,USLGB,8.72,28.51896991
232018919,10055,2021-10-05 23:33:24+08:00,CNYSN,2021-11-14 00:19:43+08:00,USLGB,6.87,39.03216435
232018919,10055,2021-12-17 18:53:10+08:00,CNYSN,2022-02-13 19:15:35+08:00,USLGB,5.21,58.01556713
232018919,10055,2022-03-12 10:00:23+08:00,CNYSN,2022-04-19 20:33:53+08:00,USLGB,7.84,38.43993056
232018919,10055,2022-05-17 08:15:34+08:00,CNYSN,2022-06-16 07:47:24+08:00,USLGB,8.49,29.98043981
232018919,10055,2022-07-17 20:16:42+08:00,CNYSN,2022-08-09 21:26:05+08:00,USLGB,10.83,23.04818287
232018919,10055,2022-09-09 11:43:09+08:00,CNYSN,2022-09-26 20:44:07+08:00,USLGB,14.23,17.3756713
232018919,10055,2022-11-10 20:25:57+08:00,CNYSN,2022-11-28 21:25:09+08:00,USLGB,13.88,18.04111111
232018919,10055,2023-01-27 01:48:25+08:00,CNYSN,2023-02-15 06:52:36+08:00,USLGB,13.03,19.21123843
232018919,10055,2023-04-12 14:01:13+08:00,CNYSN,2023-04-29 05:45:12+08:00,USLGB,14.72,16.65554398
232018919,10055,2023-09-07 12:46:39+08:00,CNYSN,2023-09-25 05:55:14+08:00,USLGB,13.98,17.71429398
232018919,10055,2023-10-30 19:46:51+08:00,CNYSN,2023-11-15 21:10:23+08:00,USLGB,15.6,16.05800926
232018919,10055,2023-12-22 06:21:18+08:00,CNYSN,2024-01-06 21:10:09+08:00,USLGB,15.78,15.61725694
232018919,10055,2024-02-10 20:20:55+08:00,CNYSN,2024-02-27 06:41:01+08:00,USLSA,15.04,16.430625
232018919,10055,2024-04-03 04:34:17+08:00,CNYSN,2024-04-20 21:49:45+08:00,USLSA,13.92,17.71907407
232018919,10055,2024-05-20 11:11:35+08:00,CNYSN,2024-06-06 19:54:20+08:00,USLSA,14.15,17.36302083
232018919,10055,2024-07-09 06:58:56+08:00,CNYSN,2024-07-26 19:50:40+08:00,USLSA,14.05,17.53592593
232018919,10055,2024-08-29 05:27:52+08:00,CNYSN,2024-09-17 18:53:39+08:00,USLSA,12.69,19.55957176
232024771,10055,2020-06-20 12:55:42+08:00,CNWGQ,2020-07-06 20:22:37+08:00,USLGB,14.91,16.3103588
232024771,10055,2020-08-02 14:33:07+08:00,CNWGQ,2020-08-18 05:55:01+08:00,USLSA,15.63,15.64020833
232024771,10055,2020-09-20 17:30:02+08:00,CNYSN,2020-10-09 19:29:27+08:00,USLSA,13.31,19.08292824
232024771,10055,2020-11-06 19:45:03+08:00,CNYSN,2020-11-23 07:25:54+08:00,USLSA,15.33,16.48670139
232024771,10055,2021-01-03 09:10:35+08:00,CNYSN,2021-01-28 23:21:06+08:00,USLSA,10.57,25.59063657
232024771,10055,2021-03-01 21:46:27+08:00,CNYSN,2021-03-28 06:48:10+08:00,USLSA,10.21,26.37619213
232024771,10055,2023-09-13 18:17:31+08:00,CNYSN,2023-10-01 06:20:11+08:00,USLGB,14.04,17.50185185
232024771,10055,2023-11-19 02:57:43+08:00,CNYSN,2023-12-06 21:15:08+08:00,USLGB,14.14,17.76209491
232024771,10055,2024-01-16 04:18:23+08:00,CNYSN,2024-02-02 20:44:12+08:00,USLSA,14.23,17.68459491
232024771,10055,2024-03-15 13:37:06+08:00,CNYSN,2024-03-31 19:57:08+08:00,USLSA,15.08,16.26391204
232024771,10055,2024-04-28 03:25:03+08:00,CNYSN,2024-05-18 20:36:58+08:00,USLSA,11.98,20.7166088
232024771,10055,2024-06-19 20:35:11+08:00,CNYSN,2024-07-06 19:48:14+08:00,USLSA,14.43,16.96739583
232024772,10055,2020-05-14 06:28:58+08:00,CNWGQ,2020-05-29 19:38:07+08:00,USLGB,16.3,15.54802083
232024772,10055,2020-06-26 04:36:11+08:00,CNWGQ,2020-07-11 20:32:48+08:00,USLGB,15.7,15.66431713
232024772,10055,2020-08-07 09:26:32+08:00,CNYSN,2020-08-23 07:20:31+08:00,USLSA,15.88,15.91248843
232024772,10055,2020-09-24 21:10:00+08:00,CNYSN,2020-10-13 19:49:09+08:00,USLSA,14.34,18.94385417
232024772,10055,2020-11-14 05:25:39+08:00,CNYSN,2020-12-01 22:50:59+08:00,USLSA,14.78,17.72592593
232024772,10055,2021-01-10 04:05:00+08:00,CNYSN,2021-02-02 20:34:29+08:00,USLSA,11.95,23.6871412
232024772,10055,2021-03-12 06:17:39+08:00,CNYSN,2021-04-05 07:10:03+08:00,USLSA,10.52,24.03638889
232024772,10055,2021-05-07 09:44:12+08:00,CNYSN,2021-05-25 21:56:44+08:00,USLSA,13.15,18.5087037
232024772,10055,2021-07-09 04:54:11+08:00,CNYSN,2021-08-03 18:55:54+08:00,USLGB,9.56,25.58452546
232024772,10055,2021-09-03 13:11:27+08:00,CNYSN,2021-10-12 22:15:21+08:00,USLGB,6.68,39.37770833
232024772,10055,2021-11-15 10:23:22+08:00,CNYSN,2022-01-07 13:11:37+08:00,USLGB,6.05,53.11684028
232024772,10055,2022-02-20 03:25:57+08:00,CNYSN,2022-04-02 18:23:36+08:00,USLGB,6.94,41.62336806
232024772,10055,2022-05-01 00:38:40+08:00,CNYSN,2022-06-01 22:22:03+08:00,USLGB,8.21,31.90512731
232024772,10055,2022-07-01 19:40:59+08:00,CNYSN,2022-07-27 21:39:37+08:00,USLGB,9.74,26.08238426
232024772,10055,2022-08-26 18:37:08+08:00,CNYSN,2022-09-14 22:01:08+08:00,USLGB,13.06,19.14166667
232024772,10055,2022-10-20 15:03:22+08:00,CNYSN,2022-11-06 06:25:29+08:00,USLGB,14.86,16.6403588
232024772,10055,2022-12-30 11:44:50+08:00,CNYSN,2023-01-19 21:33:12+08:00,USLGB,12.08,20.40858796
232024772,10055,2023-04-06 08:17:14+08:00,CNYSN,2023-04-22 05:58:04+08:00,USLGB,15.44,15.90335648
232024772,10055,2023-05-25 15:47:50+08:00,CNYSN,2023-06-10 20:00:06+08:00,USLGB,15.25,16.17518519
232024772,10055,2023-08-03 13:10:45+08:00,CNYSN,2023-08-21 19:51:00+08:00,USLGB,13.86,18.27795139
232024772,10055,2023-09-21 22:47:53+08:00,CNYSN,2023-10-13 22:35:07+08:00,USLGB,11.2,21.99113426
232024772,10055,2023-11-14 10:33:42+08:00,CNYSN,2023-12-01 21:00:03+08:00,USLGB,14.24,17.43496528
232024772,10055,2024-01-05 13:00:17+08:00,CNYSN,2024-01-25 06:55:31+08:00,USLSA,13.24,19.74668981
232024772,10055,2024-03-05 05:26:16+08:00,CNYSN,2024-03-22 19:59:33+08:00,USLSA,14.04,17.60644676
232024772,10055,2024-04-22 02:39:23+08:00,CNYSN,2024-05-08 20:10:24+08:00,USLSA,14.84,16.72987269
232024772,10055,2024-06-11 06:53:30+08:00,CNYSN,2024-06-29 05:51:06+08:00,USLSA,13.69,17.95666667
232024772,10055,2024-08-06 23:07:34+08:00,CNYSN,2024-08-23 06:07:39+08:00,USLSA,15.05,16.29172454
232024772,10055,2024-09-28 00:36:27+08:00,CNYSN,2024-10-15 06:19:51+08:00,USLSA,14.24,17.23847222
232024772,10055,2024-11-15 18:09:24+08:00,CNYSN,2024-12-04 23:21:37+08:00,USLSA,12.94,19.21681713
232024773,10055,2020-05-23 14:42:03+08:00,CNWGQ,2020-06-07 06:04:08+08:00,USLGB,17.15,14.64033565
232024773,10055,2020-07-03 12:52:07+08:00,CNWGQ,2020-07-18 21:52:49+08:00,USLGB,15.82,15.37548611
232024773,10055,2020-08-14 11:56:46+08:00,CNYSN,2020-08-31 21:12:46+08:00,USLSA,14.15,17.38611111
232024773,10055,2020-10-04 11:17:12+08:00,CNYSN,2020-10-20 22:54:07+08:00,USLSA,15.56,16.48396991
232024773,10055,2020-11-19 09:01:10+08:00,CNYSN,2020-12-12 12:08:28+08:00,USLSA,11.19,23.13006944
232024773,10055,2021-01-21 15:51:26+08:00,CNYSN,2021-02-13 12:37:58+08:00,USLSA,10.94,22.86564815
232024773,10055,2021-03-18 21:59:11+08:00,CNYSN,2021-04-14 20:51:52+08:00,USLSA,9.11,26.95325231
232024773,10055,2021-05-22 22:28:12+08:00,CNYSN,2021-06-08 21:15:24+08:00,USLSA,14.38,16.94944444
232024773,10055,2021-07-28 13:38:07+08:00,CNYSN,2021-08-26 21:04:58+08:00,USLGB,8.35,29.3103125
232024773,10055,2021-09-27 14:06:38+08:00,CNYSN,2021-11-05 23:36:52+08:00,USLGB,6.56,39.39599537
232024773,10055,2021-12-05 18:06:52+08:00,CNYSN,2022-01-31 19:23:04+08:00,USLGB,5.65,57.05291667
232024773,10055,2022-03-02 21:55:25+08:00,CNYSN,2022-04-11 20:29:38+08:00,USLGB,7.26,39.94042824
232024773,10055,2022-05-09 22:47:22+08:00,CNYSN,2022-06-09 22:19:26+08:00,USLGB,8.07,30.98060185
232024773,10055,2022-07-07 12:38:06+08:00,CNYSN,2022-08-03 05:29:27+08:00,USLGB,9.37,26.70232639
232024773,10055,2022-09-01 18:23:03+08:00,CNYSN,2022-09-20 22:32:40+08:00,USLGB,12.87,19.17334491
232024773,10055,2022-10-27 10:55:53+08:00,CNYSN,2022-11-12 07:17:28+08:00,USLGB,15.38,15.84832176
232024773,10055,2023-01-12 15:40:28+08:00,CNYSN,2023-01-31 21:21:53+08:00,USLGB,12.86,19.23709491
232024773,10055,2023-03-24 23:56:04+08:00,CNYSN,2023-04-12 05:56:11+08:00,USLGB,13.47,18.25008102
232024773,10055,2023-05-19 03:43:33+08:00,CNYSN,2023-06-03 06:12:47+08:00,USLGB,16.26,15.10363426
232024773,10055,2023-07-09 02:15:23+08:00,CNYSN,2023-07-24 06:11:09+08:00,USLGB,16.23,15.16372685
232024773,10055,2023-09-18 11:25:02+08:00,CNYSN,2023-10-06 20:20:09+08:00,USLGB,13.31,18.3716088
232024773,10055,2023-11-07 03:27:33+08:00,CNYSN,2023-11-26 07:05:25+08:00,USLGB,13.14,19.1512963
232024773,10055,2023-12-31 22:58:35+08:00,CNYSN,2024-01-19 21:05:05+08:00,USLGB,13.32,18.92118056
232024773,10055,2024-02-23 15:50:34+08:00,CNYSN,2024-03-11 19:56:43+08:00,USLSA,14.48,17.1709375
232024773,10055,2024-04-15 09:25:10+08:00,CNYSN,2024-05-02 05:47:26+08:00,USLSA,14.69,16.8487963
235009240,7024,2020-06-05 04:32:03+08:00,TWTAP,2020-06-18 08:33:20+08:00,USLSA,19.12,13.16755787
235009240,7024,2020-08-28 11:01:23+08:00,TWTAP,2020-09-13 10:36:11+08:00,USLSA,16.98,15.9825
235009240,7024,2021-01-14 16:49:57+08:00,TWTAP,2021-02-06 23:37:23+08:00,USLSA,11.77,23.28293981
235009240,7024,2021-03-04 10:19:00+08:00,TWTAP,2021-03-30 22:04:31+08:00,USLSA,10,26.48994213
235009240,7024,2021-04-25 18:20:01+08:00,TWTAP,2021-05-22 22:36:09+08:00,USLSA,9.16,27.17787037
235009240,7024,2021-06-20 19:48:31+08:00,CNSHE,2021-07-07 22:39:37+08:00,USLSA,15.68,17.11881944
235009240,7024,2021-08-06 22:52:29+08:00,TWKAO,2021-08-28 07:18:55+08:00,USLSA,12.6,21.35168981
235009240,7024,2021-10-05 10:05:50+08:00,TWTAP,2021-10-22 22:20:22+08:00,USLSA,14.64,17.51009259
235009240,7024,2021-11-28 10:18:33+08:00,TWTAP,2022-01-03 01:47:53+08:00,USLSA,8.33,35.64537037
235009240,7024,2022-02-12 07:37:54+08:00,TWTAP,2022-03-04 21:36:57+08:00,USLSA,13.15,20.58267361
235009240,7024,2022-04-01 23:50:13+08:00,TWTAP,2022-04-23 12:25:48+08:00,USLSA,12.01,21.52471065
235009240,7024,2023-01-30 23:43:36+08:00,CNYTN,2023-02-17 07:12:16+08:00,USLSA,15.87,17.31157407
235009240,7024,2023-09-17 18:21:59+08:00,CNYTN,2023-10-02 06:00:51+08:00,USLSA,18.49,14.48532407
235009850,7024,2020-07-02 10:58:06+08:00,TWTAP,2020-07-17 21:15:22+08:00,USLSA,16.09,15.42865741
235009850,7024,2020-09-24 23:06:45+08:00,TWTAP,2020-10-13 09:46:25+08:00,USLSA,13.53,18.44421296
235009850,7024,2022-01-03 11:56:10+08:00,HKHKG,2022-02-05 22:53:06+08:00,USLSA,8.85,33.4562037
235010440,4253,2021-06-17 06:19:36+08:00,CNXIA,2021-07-02 19:57:06+08:00,USLSA,16.78,15.56770833
235010450,7024,2020-04-06 01:22:09+08:00,CNYTN,2020-04-21 21:48:04+08:00,USLSA,17.12,15.85133102
235010450,7024,2020-05-22 00:16:44+08:00,TWTAP,2020-06-04 08:10:25+08:00,USLSA,18.72,13.32894676
235010450,7024,2020-08-15 01:46:39+08:00,TWTAP,2020-08-28 21:50:24+08:00,USLSA,18.13,13.8359375
235010450,7024,2022-12-13 06:09:00+08:00,TWTAP,2022-12-27 08:36:30+08:00,USLSA,17.8,14.10243056
235010450,7024,2023-05-05 08:18:56+08:00,TWTAP,2023-05-20 19:38:08+08:00,USLSA,16.05,15.47166667
235010450,7024,2023-09-05 00:49:44+08:00,CNYTN,2023-09-20 06:59:50+08:00,USLSA,17.69,15.25701389
235010710,7024,2020-11-27 03:39:32+08:00,TWTAP,2020-12-16 12:21:29+08:00,USLSA,12.93,19.36246528
235050802,1708,2022-01-13 15:36:45+08:00,CNNBO,2022-02-17 12:39:02+08:00,USLGB,8.73,34.87658565
235061354,6350,2021-04-24 17:15:42+08:00,CNXIA,2021-05-12 20:43:08+08:00,USLGB,14.11,18.14405093
235061354,6350,2021-06-15 10:52:01+08:00,CNXIA,2021-07-08 20:51:13+08:00,USLGB,11,23.41611111
235061354,6350,2021-08-12 05:49:19+08:00,CNXIA,2021-09-02 23:08:07+08:00,USLGB,11.99,21.72138889
235061354,6350,2022-01-29 05:41:17+08:00,TWKAO,2022-02-19 20:16:49+08:00,USLGB,13.64,21.60800926
235061354,6350,2022-03-31 13:22:36+08:00,TWKAO,2022-04-21 20:24:49+08:00,USLGB,13.2,21.29320602
235061354,6350,2022-05-27 03:30:52+08:00,TWKAO,2022-06-11 18:15:09+08:00,USLGB,16.61,15.61408565
235061354,6350,2022-07-18 02:41:03+08:00,TWKAO,2022-08-06 18:27:47+08:00,USLGB,13.29,19.6574537
235061354,6350,2022-09-14 06:45:36+08:00,TWKAO,2022-09-29 21:29:10+08:00,USLGB,16.53,15.61358796
235082896,13092,2021-08-05 03:44:43+08:00,CNNSA,2021-09-08 23:07:31+08:00,USLSA,9.92,34.8075
235082896,13092,2022-01-16 12:45:53+08:00,CNYTN,2022-02-23 09:22:22+08:00,USLSA,8.11,37.85866898
235084298,13092,2023-12-10 12:20:58+08:00,CNYTN,2023-12-26 19:35:04+08:00,USLSA,16.91,16.30145833
235084298,13092,2024-05-16 22:28:42+08:00,CNYTN,2024-06-02 18:45:09+08:00,USLSA,15.84,16.84475694
235093569,8452,2020-09-06 12:10:58+08:00,CNNBO,2020-09-18 20:37:09+08:00,USLSA,21.15,12.3515162
235093569,8452,2020-10-16 07:48:42+08:00,TWTAP,2020-10-29 19:50:35+08:00,USLSA,19.72,13.50130787
235093569,8452,2020-11-29 11:29:42+08:00,CNNBO,2020-12-12 08:47:26+08:00,USLSA,19.2,12.88731481
235093569,8452,2021-01-18 18:54:03+08:00,CNNBO,2021-02-07 22:37:11+08:00,USLSA,13.11,20.1549537
235093569,8452,2021-03-05 11:14:38+08:00,CNNBO,2021-03-17 14:33:08+08:00,USLSA,20.62,12.13784722
235093569,8452,2021-04-21 23:40:17+08:00,CNNBO,2021-05-10 23:42:03+08:00,USLSA,12.7,19.00122685
235093569,8452,2021-06-11 16:37:38+08:00,CNNBO,2021-06-23 12:06:42+08:00,USLSA,20.48,11.81185185
235093569,8452,2021-07-23 08:25:57+08:00,CNNBO,2021-08-14 05:35:33+08:00,USLSA,11.03,21.88166667
235093569,8452,2021-09-23 14:22:29+08:00,CNNBO,2021-10-08 21:07:56+08:00,USLSA,15.85,15.2815625
235093569,8452,2022-03-02 02:50:32+08:00,TWTAP,2022-03-17 20:37:24+08:00,USLSA,16.39,15.74087963
235093569,8452,2022-04-24 13:41:50+08:00,CNNBO,2022-05-25 21:57:04+08:00,USLSA,11.87,31.34391204
235093618,9466,2020-01-18 08:31:26+08:00,TWTAP,2020-01-30 22:03:43+08:00,USLSA,20.6,12.56408565
235093618,9466,2022-10-05 02:36:00+08:00,CNNBO,2022-10-18 05:24:48+08:00,USLSA,18.38,13.11722222
235093618,9466,2022-11-21 12:32:28+08:00,CNNBO,2022-12-04 22:25:49+08:00,USLSA,18.91,13.41204861
235093618,9466,2023-01-09 07:43:45+08:00,CNNBO,2023-01-23 22:02:34+08:00,USLSA,17.13,14.59640046
235093618,9466,2023-03-01 00:23:06+08:00,CNNBO,2023-03-17 05:54:36+08:00,USLSA,14.98,16.23020833
235093618,9466,2023-04-25 13:35:35+08:00,CNNBO,2023-05-10 21:57:43+08:00,USLSA,15.67,15.3487037
235093618,9466,2023-06-14 22:25:38+08:00,CNNBO,2023-06-29 20:14:24+08:00,USLSA,16.28,14.90886574
235093618,9466,2023-08-07 03:37:28+08:00,CNNBO,2023-08-21 21:15:31+08:00,USLSA,16.4,14.73475694
235093618,9466,2023-09-25 02:03:24+08:00,CNNBO,2023-10-08 20:55:25+08:00,USLSA,17.52,13.78612269
235093618,9466,2023-11-06 22:23:58+08:00,CNNBO,2023-11-21 21:55:44+08:00,USLSA,16.11,14.98039352
235093618,9466,2024-01-01 09:49:01+08:00,CNNBO,2024-01-13 22:00:56+08:00,USLSA,19.32,12.50827546
235093618,9466,2024-02-18 17:22:03+08:00,CNNBO,2024-03-04 22:24:16+08:00,USLSA,16.9,15.20987269
235093618,9466,2024-07-16 22:58:24+08:00,CNNBO,2024-08-04 20:11:24+08:00,USLSA,12.84,18.88402778
235093618,9466,2024-08-30 21:59:33+08:00,CNNBO,2024-09-13 20:50:58+08:00,USLSA,17.28,13.95237269
235093618,9466,2024-10-24 10:05:29+08:00,CNNBO,2024-11-08 21:44:36+08:00,USLSA,16.2,15.48549769
235093618,9466,2024-12-12 23:05:00+08:00,CNNBO,2025-01-04 01:38:52+08:00,USLSA,11.25,22.10685185
235093619,8452,2021-09-05 13:08:07+08:00,TWKAO,2021-09-23 21:07:31+08:00,USLSA,14.59,18.33291667
235093619,8452,2022-07-03 02:13:02+08:00,CNNBO,2022-07-22 21:17:58+08:00,USLSA,12.61,19.79509259
235093619,8452,2022-10-02 04:39:08+08:00,TWTAP,2022-10-14 20:05:09+08:00,USLSA,19.67,12.64306713
235093619,8452,2023-04-05 17:53:30+08:00,CNNBO,2023-04-21 22:22:29+08:00,USLSA,15.14,16.18679398
235093619,8452,2023-05-25 18:28:06+08:00,CNNBO,2023-06-08 21:33:32+08:00,USLSA,17.03,14.12877315
235093619,8452,2023-07-10 16:04:51+08:00,CNNBO,2023-07-25 20:45:05+08:00,USLSA,15.85,15.19460648
235093619,8452,2023-09-01 16:44:12+08:00,CNNBO,2023-09-15 20:40:43+08:00,USLSA,17.03,14.16424769
235093619,8452,2023-10-25 05:13:46+08:00,CNNBO,2023-11-07 22:00:46+08:00,USLSA,17.88,13.69930556
235093619,8452,2023-12-07 07:59:59+08:00,CNNBO,2023-12-20 06:45:56+08:00,USLSA,18.58,12.94857639
235093619,8452,2024-01-24 10:22:30+08:00,CNNBO,2024-02-07 22:37:00+08:00,USLSA,16.83,14.51006944
235093619,8452,2024-03-12 16:24:01+08:00,CNNBO,2024-03-26 21:57:40+08:00,USLSA,17.09,14.23170139
235093619,8452,2024-05-02 17:20:28+08:00,CNNBO,2024-05-16 21:00:36+08:00,USLSA,17.12,14.15287037
235098383,8508,2020-03-31 02:54:00+08:00,CNNBO,2020-04-14 07:41:24+08:00,USLSA,17.19,14.19958333
235098383,8508,2020-05-13 03:02:05+08:00,CNNBO,2020-05-26 07:35:12+08:00,USLSA,18.32,13.18966435
235098383,8508,2020-06-23 22:28:25+08:00,CNNBO,2020-07-06 19:01:41+08:00,USLSA,18.7,12.85643519
235098383,8508,2020-08-07 02:14:48+08:00,CNNBO,2020-08-18 06:30:01+08:00,USLSA,21.9,11.1772338
235098383,8508,2020-09-17 15:56:10+08:00,CNNBO,2020-09-29 06:39:50+08:00,USLSA,23.84,11.61365741
235098383,8508,2020-10-27 11:55:33+08:00,CNNBO,2020-11-12 10:38:23+08:00,USLSA,15.14,15.94641204
235098383,8508,2020-12-10 19:23:07+08:00,CNNBO,2020-12-30 13:11:20+08:00,USLSA,13.27,19.74181713
235098383,8508,2021-02-02 19:17:55+08:00,CNNBO,2021-02-19 23:05:08+08:00,USLSA,15.93,17.15778935
235098383,8508,2021-03-21 11:23:25+08:00,CNNBO,2021-04-05 20:15:36+08:00,USLSA,15.96,15.36957176
235098383,8508,2021-05-12 11:17:17+08:00,CNNBO,2021-05-27 02:03:26+08:00,USLSA,16.64,14.61538194
235098383,8508,2021-07-03 05:49:09+08:00,CNNBO,2021-07-15 21:46:32+08:00,USLSA,19.06,12.66484954
235098383,8508,2021-08-20 13:40:31+08:00,CNNBO,2021-09-09 20:13:16+08:00,USLSA,11.93,20.27274306
235098383,8508,2021-10-13 19:15:57+08:00,CNNBO,2021-10-28 17:14:02+08:00,USLSA,16.65,14.91533565
235098383,8508,2021-12-01 22:18:07+08:00,CNNBO,2021-12-27 13:25:44+08:00,USLSA,10.13,25.63028935
235098383,8508,2022-02-14 12:42:15+08:00,CNNBO,2022-02-27 22:10:25+08:00,USLSA,18.96,13.39456019
235098383,8508,2022-04-05 07:33:24+08:00,CNNBO,2022-04-17 22:33:19+08:00,USLSA,19.28,12.62494213
235098383,8508,2022-05-20 00:10:46+08:00,CNNBO,2022-06-12 10:28:44+08:00,USLSA,10.43,23.42914352
235098383,8508,2022-07-17 15:09:35+08:00,CNNBO,2022-08-03 22:23:21+08:00,USLSA,14.01,17.30122685
235098383,8508,2022-09-12 00:42:19+08:00,TWKAO,2022-09-24 22:26:20+08:00,USLSA,19.98,12.90556713
235098383,8508,2022-10-27 02:59:19+08:00,CNNBO,2022-11-09 00:27:16+08:00,USLSA,18.71,12.89440972
235098383,8508,2022-12-12 07:18:12+08:00,CNNBO,2022-12-26 20:26:52+08:00,USLSA,16.92,14.54768519
235098383,8508,2023-02-13 15:42:54+08:00,CNYTN,2023-02-27 20:29:59+08:00,USLSA,19.06,14.19936343
235098383,8508,2023-04-03 17:25:30+08:00,CNYTN,2023-04-18 06:26:57+08:00,USLSA,18.52,14.54267361
235098383,8508,2023-06-03 21:45:01+08:00,TWTAP,2023-06-17 19:36:46+08:00,USLSA,17.86,13.9109375
235098885,8452,2020-08-07 01:12:52+08:00,CNYTN,2020-08-19 21:03:45+08:00,USLSA,20.96,12.82700231
235098885,8452,2020-09-15 18:27:51+08:00,CNYTN,2020-09-28 22:02:18+08:00,USLSA,24.71,13.14892361
235098885,8452,2020-10-26 17:22:34+08:00,CNYTN,2020-11-14 13:58:15+08:00,USLSA,14.23,18.85811343
235098885,8452,2020-12-10 20:00:33+08:00,CNYTN,2021-01-03 13:17:25+08:00,USLSA,12.2,23.7200463
235098885,8452,2022-05-15 16:35:54+08:00,TWTAP,2022-05-29 23:03:57+08:00,USLSA,17.46,14.26947917
235098885,8452,2022-07-08 13:27:46+08:00,TWTAP,2022-07-20 20:49:36+08:00,USLSA,20.25,12.3068287
235098885,8452,2022-08-22 04:05:20+08:00,TWTAP,2022-09-03 20:51:40+08:00,USLSA,19.8,12.69884259
235098885,8452,2022-10-08 00:13:09+08:00,CNYTN,2022-10-21 22:13:31+08:00,USLSA,19.65,13.9169213
235098885,8452,2022-11-24 17:06:59+08:00,TWKAO,2022-12-10 23:30:01+08:00,USLSA,16.23,16.26599537
235098885,8452,2023-01-10 13:34:07+08:00,CNYTN,2023-01-25 22:40:33+08:00,USLSA,17.42,15.37946759
235098885,8452,2023-04-07 00:28:50+08:00,CNNBO,2023-04-20 21:20:57+08:00,USLSA,17.3,13.86952546
235098885,8452,2025-07-06 10:42:53+08:00,CNNBO,2025-07-21 20:44:42+08:00,USLSA,15.75,15.41792824
235102678,9466,2021-01-06 03:38:27+08:00,TWTAP,2021-01-27 04:27:46+08:00,USLSA,13.5,21.03424769
235102678,9466,2021-02-28 12:04:09+08:00,CNNBO,2021-03-17 13:00:08+08:00,USLSA,15.47,17.03887731
235102678,9466,2021-04-16 00:17:43+08:00,CNNBO,2021-04-29 08:28:57+08:00,USLSA,19.65,13.34113426
235102678,9466,2021-06-03 13:04:11+08:00,CNNBO,2021-06-14 20:39:50+08:00,USLSA,21.3,11.31642361
235102678,9466,2021-07-19 06:25:28+08:00,CNNBO,2021-08-07 12:08:55+08:00,USLSA,12.61,19.23850694
235102678,9466,2021-09-10 16:20:05+08:00,CNNBO,2021-09-30 21:13:32+08:00,USLSA,12.09,20.20378472
235102678,9466,2021-11-04 22:29:16+08:00,CNNBO,2021-11-18 23:42:08+08:00,USLSA,17.39,14.05060185
235102678,9466,2021-12-28 12:49:25+08:00,CNNBO,2022-01-24 08:05:26+08:00,USLSA,10.73,26.80278935
235102678,9466,2022-03-02 21:12:16+08:00,CNNBO,2022-03-19 10:11:55+08:00,USLSA,14.81,16.54142361
235102678,9466,2022-04-25 20:16:57+08:00,CNNBO,2022-05-15 22:05:49+08:00,USLSA,12.54,20.07560185
235102678,9466,2022-06-18 07:11:40+08:00,CNNBO,2022-07-04 06:26:19+08:00,USLSA,15.14,15.96850694
235102678,9466,2024-06-21 01:46:07+08:00,CNNBO,2024-07-07 20:21:58+08:00,USLSA,15.07,16.77489583
235102678,9466,2024-08-09 17:41:01+08:00,CNNBO,2024-08-23 04:40:27+08:00,USLSA,18.08,13.45793981
235102678,9466,2024-09-29 10:06:09+08:00,CNNBO,2024-10-12 20:29:14+08:00,USLSA,18.16,13.43269676
235102678,9466,2024-11-13 21:04:52+08:00,CNNBO,2024-11-29 20:05:38+08:00,USLSA,15.42,15.95886574
235102678,9466,2025-01-02 19:13:42+08:00,CNNBO,2025-01-17 22:10:43+08:00,USLSA,16.66,15.12292824
235102678,9466,2025-02-20 18:52:20+08:00,CNNBO,2025-03-06 20:48:50+08:00,USLSA,17.1,14.08090278
235102678,9466,2025-04-08 09:56:09+08:00,CNNBO,2025-04-23 20:54:22+08:00,USLSA,15.97,15.45709491
235102679,8508,2020-02-06 15:30:29+08:00,TWTAP,2020-02-19 21:47:01+08:00,USLSA,20.11,13.26148148
235102679,8508,2021-03-24 06:39:13+08:00,TWTAP,2021-04-21 09:13:54+08:00,USLSA,8.85,28.10741898
235102679,8508,2021-05-27 01:32:19+08:00,TWTAP,2021-06-10 21:56:43+08:00,USLSA,16.74,14.85027778
235102679,8508,2021-07-13 10:35:50+08:00,CNXIA,2021-08-09 12:24:10+08:00,USLSA,9.58,27.07523148
235102679,8508,2021-09-13 22:05:32+08:00,TWTAP,2021-10-01 21:47:54+08:00,USLSA,14.19,17.98775463
235102679,8508,2021-11-05 20:33:45+08:00,TWTAP,2021-11-20 00:10:08+08:00,USLSA,17.54,14.1502662
235102681,8508,2020-01-08 12:57:50+08:00,CNNBO,2020-01-21 07:15:06+08:00,USLSA,19.72,12.76199074
235102681,8508,2020-02-24 23:13:49+08:00,CNNBO,2020-03-10 06:19:22+08:00,USLSA,17.62,14.29552083
235102681,8508,2020-04-07 11:24:20+08:00,CNNBO,2020-04-21 07:39:51+08:00,USLSA,17.39,13.8441088
235102681,8508,2020-12-26 10:35:02+08:00,TWTAP,2021-01-17 11:20:14+08:00,USLSA,11.39,22.03138889
235102681,8508,2021-02-11 09:48:23+08:00,TWTAP,2021-03-01 22:18:45+08:00,USLSA,15.56,18.52108796
235102681,8508,2024-07-10 10:07:45+08:00,CNNBO,2024-07-24 18:34:58+08:00,USLSA,16.77,14.3522338
235102681,8508,2024-09-08 16:56:19+08:00,CNNBO,2024-09-21 20:54:09+08:00,USLSA,18.29,13.16516204
235110737,8508,2023-10-12 04:13:11+08:00,CNYTN,2023-10-26 19:35:11+08:00,USLSA,18.36,14.64027778
235335000,6332,2020-01-05 16:13:30+08:00,CNYTN,2020-01-20 08:42:32+08:00,USLSA,18.95,14.6868287
235335000,6332,2020-06-30 00:54:33+08:00,TWTAP,2020-07-12 21:27:42+08:00,USLSA,19.55,12.85635417
235335000,6332,2020-08-07 13:11:39+08:00,TWTAP,2020-08-22 09:10:33+08:00,USLSA,17.14,14.83256944
235335000,6332,2020-09-19 10:32:51+08:00,TWTAP,2020-10-02 08:18:23+08:00,USLSA,19.22,12.90662037
235335000,6332,2020-11-02 22:46:00+08:00,TWTAP,2020-11-22 23:07:30+08:00,USLSA,14.33,20.01493056
235335000,6332,2020-12-17 20:11:06+08:00,CNYTN,2021-01-06 22:38:34+08:00,USLSA,14.61,20.10240741
235335000,6332,2021-02-02 21:16:33+08:00,TWTAP,2021-02-22 21:52:02+08:00,USLSA,12.83,20.0246412
235335000,6332,2021-03-22 23:43:17+08:00,TWTAP,2021-04-14 08:09:51+08:00,USLSA,11.24,22.35178241
235335000,6332,2021-05-07 17:42:00+08:00,TWTAP,2021-06-04 21:15:13+08:00,USLSA,8.92,28.14806713
235335000,6332,2022-11-19 12:52:08+08:00,CNYTN,2022-12-05 22:38:19+08:00,USLSA,18.07,16.40707176
235335000,6332,2023-03-10 22:26:17+08:00,CNYTN,2023-03-27 06:06:37+08:00,USLSA,16.54,16.31967593
235414000,6332,2020-03-08 13:17:39+08:00,CNYTN,2020-03-23 06:27:40+08:00,USLSA,19.21,14.71528935
235414000,6332,2020-04-19 09:18:46+08:00,CNYTN,2020-05-04 08:10:58+08:00,USLSA,17.96,14.95291667
235414000,6332,2020-07-23 16:24:20+08:00,TWTAP,2020-08-06 06:59:58+08:00,USLSA,18.37,13.6080787
235414000,6332,2020-09-05 03:38:29+08:00,TWTAP,2020-09-18 21:18:18+08:00,USLSA,19.36,13.7359838
235414000,6332,2020-10-18 01:10:04+08:00,TWKAO,2020-11-02 13:38:04+08:00,USLSA,16.8,15.51944444
235414000,6332,2020-12-01 10:49:50+08:00,TWTAP,2020-12-23 22:17:33+08:00,USLSA,12.22,22.47758102
235414000,6332,2021-01-18 18:56:34+08:00,TWTAP,2021-02-13 10:21:39+08:00,USLSA,10.49,25.64241898
235414000,6332,2022-10-21 20:04:18+08:00,TWTAP,2022-11-05 21:40:19+08:00,USLSA,16.67,15.06667824
235554000,6332,2020-01-28 05:50:36+08:00,CNYTN,2020-02-11 09:44:29+08:00,USLSA,18.98,14.16241898
235603000,6332,2020-03-03 06:18:43+08:00,TWKAO,2020-03-16 20:37:52+08:00,USLSA,19.91,13.59663194
235603000,6332,2020-04-12 11:12:36+08:00,CNYTN,2020-04-27 08:09:34+08:00,USLSA,18.21,14.87289352
235603000,6332,2020-05-28 14:13:58+08:00,TWTAP,2020-06-11 08:06:13+08:00,USLSA,18.08,13.74461806
235603000,6332,2020-07-13 05:00:01+08:00,CNNBO,2020-07-25 07:34:10+08:00,USLSA,20.1,12.10704861
235603000,6332,2020-08-24 06:52:37+08:00,TWKAO,2020-09-05 21:42:39+08:00,USLSA,20.5,12.6180787
235603000,6332,2023-02-17 06:42:02+08:00,TWTAP,2023-03-04 06:11:59+08:00,USLSA,16.67,14.97913194
241311000,10114,2020-07-31 06:03:10+08:00,CNYTN,2020-08-15 06:00:21+08:00,USLSA,17.84,14.99804398
241311000,10114,2021-06-09 04:17:54+08:00,CNQIN,2021-06-26 20:29:48+08:00,USLSA,13.69,17.67493056
241311000,10114,2021-08-19 04:13:04+08:00,CNNBO,2021-09-08 22:21:39+08:00,USLSA,12.06,20.75596065
241311000,10114,2022-01-29 07:52:23+08:00,CNNBO,2022-02-20 22:47:41+08:00,USLSA,11.08,22.62173611
241311000,10114,2022-03-31 20:37:18+08:00,CNNBO,2022-05-03 22:04:38+08:00,USLSA,8.16,33.06064815
241311000,10114,2022-09-27 20:25:54+08:00,CNNBO,2022-10-13 19:31:35+08:00,USLGB,15.76,15.96228009
241311000,10114,2022-12-07 07:37:44+08:00,CNNBO,2022-12-22 20:24:52+08:00,USLGB,18.14,15.53273148
241311000,10114,2023-04-12 22:21:36+08:00,CNNBO,2023-04-28 19:20:09+08:00,USLSA,15.39,15.87399306
241311000,10114,2023-06-12 08:15:26+08:00,CNNBO,2023-06-28 20:58:05+08:00,USLSA,14.82,16.52961806
241311000,10114,2025-06-26 16:13:32+08:00,CNQIN,2025-07-15 06:04:09+08:00,USLGB,13.09,18.57681713
241313000,13100,2024-03-17 21:21:08+08:00,HKHKG,2024-04-03 20:58:19+08:00,USLSA,15.81,16.98415509
241459000,9469,2020-06-23 18:29:29+08:00,CNNBO,2020-07-06 20:46:37+08:00,USLGB,18.48,13.09523148
241459000,9469,2020-09-17 02:02:11+08:00,CNNBO,2020-09-29 20:30:01+08:00,USLGB,20.8,12.7693287
247012900,5652,2020-01-19 11:25:11+08:00,CNYTN,2020-02-03 03:16:27+08:00,USLSA,18.38,14.66060185
248013000,11356,2021-01-14 08:49:13+08:00,CNNBO,2021-02-07 22:00:02+08:00,USLSA,11.04,24.54917824
248013000,11356,2021-03-07 15:56:05+08:00,CNXIA,2021-04-03 05:45:14+08:00,USLSA,10.37,26.57579861
248013000,11356,2022-11-06 16:17:41+08:00,CNYTN,2022-11-20 22:19:56+08:00,USLSA,19.16,14.2515625
248052000,11356,2021-01-03 12:01:11+08:00,CNXIA,2021-02-02 08:00:39+08:00,USLSA,9.83,29.83296296
248089000,11010,2021-06-12 19:05:22+08:00,CNYTN,2021-07-02 22:12:14+08:00,USLGB,14.64,20.12976852
248089000,11010,2022-11-16 05:26:03+08:00,CNXIA,2022-11-29 22:39:19+08:00,USLSA,18.85,13.7175463
248089000,11010,2025-04-08 20:25:36+08:00,CNXIA,2025-04-22 22:29:13+08:00,USLGB,18.66,14.08584491
248302000,3398,2021-09-22 17:10:01+08:00,CNYSN,2021-10-16 10:37:28+08:00,USLSA,10.85,23.72739583
248411000,6589,2024-11-11 12:09:20+08:00,CNQIN,2024-12-20 05:28:07+08:00,USLSA,9.89,38.72137731
248431000,6554,2025-06-29 00:07:04+08:00,CNNBO,2025-07-16 21:38:28+08:00,USLGB,13.69,17.89680556
248649000,10926,2021-03-30 06:12:12+08:00,CNXIA,2021-04-19 06:58:45+08:00,USLSA,13.74,20.03232639
248699000,6350,2020-10-28 03:24:04+08:00,CNYTN,2020-11-14 03:55:13+08:00,USLGB,17.01,17.02163194
248699000,6350,2020-12-08 11:25:28+08:00,CNYTN,2020-12-24 10:46:22+08:00,USLSA,18.34,15.97284722
248699000,6350,2021-03-17 14:50:32+08:00,CNYTN,2021-04-17 19:52:32+08:00,USLGB,9.5,31.20972222
248699000,6350,2023-12-03 14:12:55+08:00,CNYSN,2023-12-17 23:57:32+08:00,USLSA,18.43,14.4059838
248711000,6350,2020-07-23 16:31:36+08:00,CNYSN,2020-08-06 20:11:43+08:00,USLSA,17.08,14.1528588
248711000,6350,2022-12-29 16:54:23+08:00,CNWGQ,2023-01-10 07:53:10+08:00,USLSA,20.59,11.62415509
248711000,6350,2023-03-30 19:13:44+08:00,CNWGQ,2023-04-12 18:02:57+08:00,USLSA,19,12.95084491
248712000,6350,2024-10-29 01:10:16+08:00,CNQIN,2024-12-14 21:49:26+08:00,USLSA,8.42,46.86053241
248925000,5108,2020-01-23 23:26:09+08:00,CNWGQ,2020-02-04 21:17:20+08:00,USLSA,20.56,11.91054398
249070000,5598,2024-10-29 08:52:57+08:00,CNWGQ,2024-11-14 00:17:21+08:00,USLSA,16.56,15.64194444
249112000,9448,2024-10-18 08:06:08+08:00,CNYTN,2024-11-03 21:49:57+08:00,USLSA,16.27,16.57209491
249123000,9448,2024-11-16 22:17:13+08:00,CNYTN,2024-12-03 07:05:51+08:00,USLSA,16.98,16.36710648
249123000,9448,2025-01-05 03:29:51+08:00,CNYTN,2025-01-21 21:12:06+08:00,USLSA,16.69,16.73767361
249123000,9448,2025-03-05 07:00:09+08:00,CNYTN,2025-03-22 05:56:55+08:00,USLSA,16.68,16.95608796
249135000,5598,2024-12-23 16:13:28+08:00,CNWGQ,2025-01-08 04:43:04+08:00,USLSA,17.82,15.52055556
249167000,10034,2024-10-07 19:06:50+08:00,CNYTN,2024-10-25 05:26:42+08:00,USLSA,16.01,17.43046296
249171000,5598,2024-11-26 09:15:24+08:00,CNWGQ,2024-12-12 21:39:28+08:00,USLSA,16.88,16.51671296
249221000,6014,2025-02-05 18:30:10+08:00,TWKAO,2025-02-23 23:19:37+08:00,USLSA,14.37,18.20100694
249253000,4253,2020-06-13 18:00:51+08:00,CNWGQ,2020-06-27 20:56:19+08:00,USLGB,18.07,14.12185185
249414000,4253,2020-07-22 02:07:28+08:00,CNYTN,2020-08-03 20:36:52+08:00,USLSA,20.93,12.77041667
249414000,4253,2020-11-03 19:37:04+08:00,CNYTN,2020-11-16 21:21:55+08:00,USLSA,23.18,13.0728125
249414000,4253,2020-12-08 18:23:30+08:00,CNYTN,2020-12-21 22:28:37+08:00,USLSA,23.16,13.17021991
249414000,4253,2021-01-12 20:06:12+08:00,CNYTN,2021-01-28 05:03:51+08:00,USLSA,21.64,15.37336806
249414000,4253,2021-03-05 23:13:01+08:00,CNYTN,2021-03-18 20:14:35+08:00,USLSA,25.89,12.87608796
249414000,4253,2021-04-26 00:19:49+08:00,CNWGQ,2021-05-07 11:30:05+08:00,USLSA,20.9,11.46546296
249414000,4253,2021-06-08 13:37:33+08:00,CNYTN,2021-06-29 20:48:19+08:00,USLSA,12.79,21.29914352
249414000,4253,2021-07-31 00:31:52+08:00,CNYTN,2021-08-19 12:02:44+08:00,USLSA,14.07,19.47976852
249414000,4253,2021-09-13 20:49:32+08:00,TWKAO,2021-10-14 00:55:40+08:00,USLSA,9.23,30.17092593
249414000,4253,2021-11-10 06:16:45+08:00,CNNBO,2021-12-29 02:41:27+08:00,USLSA,6.83,48.85048611
249474000,4253,2021-05-11 21:26:18+08:00,CNYTN,2021-05-24 17:16:34+08:00,USLSA,21.56,12.82657407
249474000,4253,2021-06-20 13:53:26+08:00,CNDCB,2021-07-12 23:08:56+08:00,USLSA,11.98,22.38576389
249474000,4253,2021-08-03 16:47:07+08:00,CNNBO,2021-08-27 11:25:22+08:00,USLSA,10.27,23.7765625
249510000,2190,2021-05-27 14:29:16+08:00,CNNBO,2021-06-20 12:45:12+08:00,USLSA,10.2,23.92773148
249510000,2190,2021-07-11 02:31:14+08:00,CNNBO,2021-08-14 04:02:31+08:00,USLSA,7.2,34.0633912
249522000,9415,2025-06-11 03:32:27+08:00,CNYTN,2025-06-28 22:03:54+08:00,USLSA,15.31,17.77184028
249783000,11010,2025-04-19 18:45:23+08:00,CNYSN,2025-05-16 21:22:02+08:00,USLGB,9.33,27.10878472
249819000,11356,2020-08-22 02:42:10+08:00,CNYTN,2020-09-06 06:25:05+08:00,USLSA,18,15.15480324
249819000,11356,2021-01-29 13:44:18+08:00,CNXIA,2021-02-24 09:17:40+08:00,USLSA,10.1,25.81483796
249888000,11356,2020-12-09 05:15:45+08:00,CNYSN,2020-12-27 03:06:41+08:00,USLSA,13.96,17.91037037
249888000,11356,2021-05-10 20:52:34+08:00,CNYTN,2021-06-03 12:32:36+08:00,USLSA,11.34,23.65280093
249888000,11356,2022-04-03 10:09:01+08:00,CNYTN,2022-05-04 02:34:20+08:00,USLSA,10.19,30.68424769
249888000,11356,2023-05-01 09:32:49+08:00,CNXIA,2023-05-16 06:00:59+08:00,USLSA,17.41,14.85289352
249888000,11356,2023-06-12 19:46:30+08:00,CNYTN,2023-06-26 18:01:11+08:00,USLSA,19.22,13.92686343
249888000,11356,2023-07-31 16:49:46+08:00,CNYTN,2023-08-15 19:51:14+08:00,USLSA,18.27,15.12601852
249888000,11356,2023-09-17 12:43:02+08:00,CNYTN,2023-10-02 19:55:35+08:00,USLSA,17.5,15.30038194
249888000,11356,2023-10-31 12:37:53+08:00,CNYTN,2023-11-15 08:07:36+08:00,USLSA,18.1,14.81230324
249888000,11356,2024-09-08 19:21:18+08:00,CNYTN,2024-09-23 18:03:41+08:00,USLSA,17.97,14.94609954
255790000,5041,2021-12-12 23:19:15+08:00,CNMWN,2022-01-29 21:04:01+08:00,USLSA,7.41,47.90608796
255790000,5041,2022-02-24 14:49:48+08:00,CNYSN,2022-03-30 07:22:02+08:00,USLSA,8.68,33.68905093
255790000,5041,2022-04-22 01:23:20+08:00,CNMWN,2022-05-11 21:28:52+08:00,USLSA,15.25,19.83717593
255803260,8266,2025-04-01 02:16:57+08:00,CNYSN,2025-04-17 21:41:12+08:00,USLGB,14.49,16.80850694
255803260,8266,2025-06-01 10:15:36+08:00,CNXIA,2025-06-16 22:03:55+08:00,USLGB,17.39,15.49188657
255803680,8063,2025-06-29 19:41:15+08:00,CNXIA,2025-07-15 06:57:06+08:00,USLSA,16.98,15.46934028
255805270,15934,2025-06-01 14:22:33+08:00,CNYSN,2025-06-20 07:21:25+08:00,USLGB,14,18.7075463
255805584,2742,2020-10-06 01:49:55+08:00,CNWGQ,2020-10-21 21:43:22+08:00,USLGB,17.4,15.82878472
255805584,2742,2020-11-12 18:03:31+08:00,TWKAO,2020-11-29 21:19:12+08:00,USLGB,17.07,17.1358912
255805584,2742,2020-12-23 04:50:13+08:00,CNWGQ,2021-01-16 12:15:03+08:00,USLGB,10.21,24.30891204
255805584,2742,2021-02-09 17:22:16+08:00,CNYTN,2021-03-07 22:27:34+08:00,USLGB,12.88,26.21201389
255805584,2742,2021-11-04 10:58:48+08:00,CNNBO,2021-11-27 03:54:15+08:00,USLGB,11.23,22.70517361
255805584,2742,2022-12-31 14:25:51+08:00,CNYTN,2023-01-17 21:14:14+08:00,USLSA,17.93,17.28359954
255805666,4616,2021-07-10 18:51:12+08:00,CNQIN,2021-08-06 20:40:06+08:00,USLSA,9.1,27.075625
255805675,6078,2022-08-26 10:45:56+08:00,TWKAO,2022-09-11 20:28:01+08:00,USLGB,15.99,16.40422454
255805675,6078,2022-10-15 14:10:36+08:00,TWKAO,2022-10-30 19:51:39+08:00,USLGB,17.03,15.23684028
255805675,6078,2022-12-13 04:00:22+08:00,TWTAP,2022-12-28 21:26:52+08:00,USLGB,18.75,15.72673611
255805780,5527,2020-12-11 20:23:00+08:00,CNWGQ,2021-01-05 11:00:56+08:00,USLGB,11.7,24.60967593
255805780,5527,2021-02-04 12:14:23+08:00,TWKAO,2021-02-27 22:40:54+08:00,USLGB,14.24,23.43508102
255805780,5527,2021-04-04 04:48:28+08:00,CNXIA,2021-04-21 18:19:37+08:00,USLGB,17.3,17.56329861
255805780,5527,2021-05-22 10:23:08+08:00,CNXIA,2021-06-23 12:27:07+08:00,USLGB,8.05,32.08609954
255805780,5527,2021-07-26 11:35:44+08:00,CNXIA,2021-08-18 21:59:26+08:00,USLGB,10.99,23.433125
255805796,5301,2021-07-17 15:10:26+08:00,CNYSN,2021-08-16 21:50:36+08:00,USLSA,7.98,30.27789352
255805803,3091,2021-10-28 05:07:03+08:00,CNWGQ,2021-11-22 08:50:52+08:00,USLSA,10.46,25.15542824
255805803,3091,2021-12-14 17:05:15+08:00,CNNBO,2022-01-29 20:21:27+08:00,USLSA,7.14,46.13625
255805867,9408,2020-10-02 08:13:25+08:00,CNQIN,2020-11-22 22:34:47+08:00,USLGB,12.23,51.5981713
255805869,9408,2022-02-26 15:16:11+08:00,CNNBO,2022-04-05 07:01:23+08:00,USLGB,9.84,37.65638889
255805869,9408,2022-10-22 00:34:37+08:00,CNYTN,2022-11-09 07:22:18+08:00,USLSA,15.1,18.28311343
255805889,8084,2020-07-11 10:43:46+08:00,CNNBO,2020-07-26 22:10:48+08:00,USLSA,15.92,15.47710648
255805891,9411,2025-02-18 10:28:37+08:00,CNYTN,2025-03-07 19:48:07+08:00,USLGB,17.13,17.38854167
255805913,8084,2020-07-16 19:40:17+08:00,CNNBO,2020-07-30 07:19:43+08:00,USLSA,18.02,13.48571759
255805913,8084,2020-08-27 17:31:20+08:00,CNNBO,2020-09-09 00:37:22+08:00,USLSA,19.64,12.29585648
255805913,8084,2021-01-29 15:57:34+08:00,CNYSN,2021-03-03 20:43:11+08:00,USLGB,8.69,33.19834491
255805913,8084,2022-01-26 15:17:40+08:00,CNYSN,2022-03-18 20:51:46+08:00,USLSA,7.06,51.23201389
255805930,9411,2021-12-17 12:06:49+08:00,CNYSN,2022-01-28 22:05:04+08:00,USLGB,7.65,42.41545139
255805930,9411,2025-06-19 09:55:58+08:00,CNNBO,2025-07-05 04:12:26+08:00,USLGB,15.78,15.76143519
255805942,8463,2021-06-13 11:31:02+08:00,TWKEE,2021-06-28 13:11:19+08:00,USLSA,16.64,15.0696412
255805942,8463,2021-08-21 07:22:52+08:00,TWKEE,2021-09-13 20:11:20+08:00,USLSA,10.56,23.53365741
255805942,8463,2021-10-21 13:19:56+08:00,TWKEE,2021-12-12 22:36:11+08:00,USLSA,5.32,52.38628472
255805942,8463,2022-01-16 19:26:34+08:00,TWKEE,2022-02-23 22:28:33+08:00,USLSA,8.15,38.12637731
255805942,8463,2022-04-02 11:20:45+08:00,TWKEE,2022-04-21 21:27:08+08:00,USLSA,12.91,19.42109954
255805944,8084,2020-01-22 05:54:38+08:00,CNNBO,2020-02-05 08:20:55+08:00,USLGB,17.16,14.10158565
255805944,8084,2020-03-06 15:26:45+08:00,CNNBO,2020-03-20 22:07:47+08:00,USLGB,17.49,14.27849537
255805944,8084,2020-07-25 11:12:21+08:00,CNYTN,2020-08-09 20:07:45+08:00,USLSA,17.44,15.37180556
255805944,8084,2020-09-08 14:48:05+08:00,CNWGQ,2020-09-24 21:26:15+08:00,USLSA,18.93,16.27650463
255805944,8084,2021-04-28 22:19:43+08:00,CNYTN,2021-05-13 20:25:16+08:00,USLSA,17.92,14.92052083
255805944,8084,2021-08-12 03:36:40+08:00,CNYTN,2021-09-01 06:18:27+08:00,USLSA,13.36,20.11234954
255806027,11010,2022-10-31 16:40:56+08:00,CNNBO,2022-11-14 23:38:39+08:00,USLSA,18.24,14.29008102
255806037,8814,2021-05-18 00:51:01+08:00,CNYSN,2021-06-03 21:23:36+08:00,USLSA,14.17,16.85596065
255806037,8814,2025-06-18 17:16:21+08:00,CNYTN,2025-07-05 05:53:18+08:00,USLSA,16.3,16.52565972
255806053,2450,2022-01-21 06:17:10+08:00,CNNBO,2022-02-21 22:40:31+08:00,USLGB,10.48,31.68288194
255806072,2742,2021-07-20 21:59:12+08:00,CNWGQ,2021-08-12 20:12:36+08:00,USLGB,10.55,22.92597222
255806072,2742,2021-08-31 06:43:11+08:00,CNWGQ,2021-10-04 22:48:23+08:00,USLSA,7.41,34.67027778
255806075,2741,2021-08-03 10:33:57+08:00,CNNBO,2021-08-28 21:26:05+08:00,USLGB,9.77,25.45287037
255806105,8814,2020-06-12 22:08:50+08:00,TWTAP,2020-06-25 08:02:25+08:00,USLSA,20.89,12.41221065
255806116,2824,2022-12-01 23:29:51+08:00,CNNBO,2022-12-17 21:26:31+08:00,USLGB,16.12,15.91435185
255806126,1713,2021-08-26 14:17:54+08:00,CNWGQ,2021-09-20 18:39:28+08:00,USLSA,9.78,25.18164352
255806126,1713,2021-10-10 23:07:40+08:00,CNWGQ,2021-11-17 23:51:26+08:00,USLSA,7.07,38.03039352
255806304,6732,2025-06-09 12:50:39+08:00,CNQIN,2025-06-25 18:32:22+08:00,USLGB,15.09,16.23730324
255806335,15000,2020-12-15 18:22:37+08:00,CNNBO,2021-01-06 01:16:00+08:00,USLGB,13.7,21.28707176
255806335,15000,2021-02-10 16:47:36+08:00,CNYSN,2021-03-04 22:43:11+08:00,USLGB,14.19,22.24693287
255806335,15000,2021-04-03 20:37:47+08:00,CNYSN,2021-04-28 20:49:44+08:00,USLGB,11.07,25.00829861
255806335,15000,2021-05-31 16:12:50+08:00,CNYSN,2021-06-17 22:15:12+08:00,USLSA,14.09,17.25164352
255806335,15000,2021-07-19 21:02:06+08:00,CNYSN,2021-08-09 21:01:38+08:00,USLSA,11.57,20.99967593
255806335,15000,2021-09-12 03:39:49+08:00,CNYSN,2021-10-11 22:17:00+08:00,USLSA,8.85,29.77582176
255806335,15000,2021-11-16 15:10:21+08:00,CNYSN,2021-12-23 23:44:22+08:00,USLSA,8.15,37.35695602
255806335,15000,2022-01-28 06:26:02+08:00,CNYSN,2022-03-04 23:51:36+08:00,USLSA,8.94,35.72608796
255806335,15000,2022-04-08 01:47:18+08:00,CNYSN,2022-05-10 06:42:29+08:00,USLSA,8.96,32.20498843
255806335,15000,2022-06-07 14:57:03+08:00,CNYSN,2022-07-07 21:19:33+08:00,USLSA,9.12,30.265625
255806335,15000,2022-08-09 10:20:38+08:00,CNYSN,2022-08-27 18:44:57+08:00,USLGB,14.14,18.35021991
255806335,15000,2023-03-14 11:15:06+08:00,CNYSN,2023-03-28 06:12:33+08:00,USLGB,18.25,13.78989583
255806338,15000,2020-07-25 11:23:48+08:00,CNNBO,2020-08-08 20:11:00+08:00,USLSA,16.89,14.36611111
255806338,15000,2020-09-05 07:05:01+08:00,CNNBO,2020-09-17 06:07:28+08:00,USLGB,21.65,11.96003472
255806338,15000,2020-10-13 07:03:38+08:00,CNNBO,2020-11-02 13:18:51+08:00,USLGB,15,20.26056713
255806338,15000,2020-11-30 22:28:01+08:00,CNYSN,2020-12-18 06:20:02+08:00,USLSA,15.98,17.32778935
255806338,15000,2021-01-25 14:54:05+08:00,CNYSN,2021-02-26 05:02:20+08:00,USLSA,9.39,31.5890625
255806338,15000,2021-04-05 08:25:53+08:00,CNYSN,2021-04-29 23:27:22+08:00,USLSA,12.61,24.62603009
255806338,15000,2021-06-20 11:40:32+08:00,CNNBO,2021-07-04 13:20:24+08:00,USLGB,4.61,14.06935185
255806338,15000,2021-09-06 00:10:17+08:00,CNYSN,2021-10-12 18:24:23+08:00,USLGB,7.77,36.75979167
255806338,15000,2021-12-04 01:10:52+08:00,CNYTN,2022-01-30 01:14:16+08:00,USLGB,6.64,57.00236111
255806338,15000,2022-08-27 23:40:30+08:00,CNYTN,2022-09-29 22:50:39+08:00,USLGB,9.76,32.96538194
255806338,15000,2022-12-24 12:02:39+08:00,CNYTN,2023-01-30 01:02:33+08:00,USLGB,9.29,36.54159722
255806339,15000,2021-06-06 09:50:49+08:00,CNNBO,2021-06-19 20:32:15+08:00,USLGB,18.33,13.44543981
255806339,15000,2021-09-28 10:38:57+08:00,CNYSN,2021-11-23 22:27:37+08:00,USLGB,6.28,56.49212963
255806339,15000,2021-12-27 18:43:11+08:00,CNMWN,2022-02-20 19:37:47+08:00,USLGB,7.01,55.03791667
255806339,15000,2022-03-26 03:28:18+08:00,CNYSN,2022-04-13 22:37:30+08:00,USLSA,14.46,18.79805556
255806339,15000,2022-05-19 00:47:53+08:00,CNYSN,2022-06-17 22:17:06+08:00,USLSA,9.23,29.89528935
255806339,15000,2022-07-18 06:36:40+08:00,CNYSN,2022-08-12 20:33:18+08:00,USLSA,10.57,25.58099537
255806339,15000,2023-07-14 07:08:19+08:00,CNYSN,2023-07-28 20:05:16+08:00,USLGB,16.64,14.53954861
255806339,15000,2025-04-16 14:38:13+08:00,CNYSN,2025-05-04 07:04:45+08:00,USLGB,14.17,17.68509259
255806340,15000,2020-09-13 12:25:27+08:00,CNNBO,2020-09-27 05:54:54+08:00,USLGB,20.2,13.72878472
255806340,15000,2020-10-26 12:46:19+08:00,CNNBO,2020-11-10 20:05:20+08:00,USLGB,15.86,15.30487269
255806340,15000,2020-12-07 04:59:50+08:00,CNYSN,2021-01-14 08:08:12+08:00,USLSA,7.96,38.13081019
255806340,15000,2022-05-09 16:57:38+08:00,CNNBO,2022-06-04 22:15:05+08:00,USLGB,10.36,26.22045139
255806340,15000,2022-08-02 01:39:47+08:00,CNYTN,2022-08-28 21:00:05+08:00,USLSA,11.08,26.80576389
255806340,15000,2023-04-29 20:50:28+08:00,CNYSN,2023-05-16 21:46:56+08:00,USLGB,15.34,17.03921296
255806430,9162,2022-02-12 17:47:23+08:00,CNYSN,2022-03-23 22:04:29+08:00,USLGB,9.24,39.17854167
255806437,1740,2021-10-21 04:46:22+08:00,CNQIN,2021-12-08 23:31:04+08:00,USLSA,5.47,48.78104167
255806448,4300,2022-06-28 20:23:16+08:00,CNNBO,2022-07-18 08:13:00+08:00,USLSA,12.69,19.49287037
255806448,4300,2022-08-19 11:35:07+08:00,CNNBO,2022-09-04 20:17:42+08:00,USLGB,14.74,16.36290509
255806448,4300,2022-10-03 07:18:17+08:00,CNNBO,2022-10-17 18:51:02+08:00,USLSA,17.28,14.48107639
255806458,3586,2022-09-11 10:39:36+08:00,CNNBO,2022-10-11 20:39:19+08:00,USLGB,10.12,30.41646991
255806458,3586,2022-11-12 13:22:41+08:00,CNTAI,2022-12-08 08:55:31+08:00,USLGB,11,25.81446759
255806458,3586,2023-01-06 10:24:48+08:00,CNTAI,2023-01-25 22:49:20+08:00,USLGB,14.12,19.51703704
255806493,8819,2022-08-29 14:17:22+08:00,CNYTN,2022-10-08 21:21:43+08:00,USLSA,8.5,40.2946875
255806496,8827,2021-10-23 23:37:47+08:00,CNNBO,2021-12-12 21:46:20+08:00,USLGB,6.51,49.92260417
255806502,11923,2024-06-11 08:24:23+08:00,CNYSN,2024-06-28 21:01:46+08:00,USLGB,14.05,17.52596065
255806502,11923,2024-08-08 19:22:19+08:00,CNYSN,2024-08-23 19:17:43+08:00,USLGB,16.2,14.99680556
255903590,5500,2025-07-02 01:18:14+08:00,CNYTN,2025-07-15 20:49:23+08:00,USLGB,19.45,13.81329861
255915616,9403,2025-03-16 20:24:47+08:00,CNYSN,2025-04-04 05:57:38+08:00,USLGB,14.16,18.3978125
255915623,1706,2025-02-09 10:14:48+08:00,CNTAI,2025-03-03 15:38:04+08:00,USLGB,12.53,22.22449074
255915661,5500,2024-12-23 00:17:21+08:00,CNNBO,2025-01-06 08:52:55+08:00,USLGB,17.94,14.35803241
255915661,5500,2025-01-26 19:11:13+08:00,CNNBO,2025-02-09 23:06:49+08:00,USLGB,17.09,14.16361111
255915661,5500,2025-03-17 00:28:15+08:00,CNNBO,2025-03-30 19:51:21+08:00,USLGB,18.32,13.80770833
255915661,5500,2025-04-29 21:41:13+08:00,CNYTN,2025-05-13 20:00:55+08:00,USLGB,19.17,13.93034722
255915687,5500,2024-06-11 11:27:59+08:00,CNYTN,2024-06-25 20:06:10+08:00,USLGB,18.59,14.35984954
255915687,5500,2024-07-16 08:16:01+08:00,CNYTN,2024-07-29 17:45:44+08:00,USLGB,19.93,13.39563657
255915687,5500,2024-08-27 20:30:57+08:00,CNYTN,2024-09-10 22:26:34+08:00,USLGB,19.27,14.08028935
255915687,5500,2024-10-09 02:09:08+08:00,CNYTN,2024-10-22 20:50:35+08:00,USLGB,19.37,13.77878472
255915687,5500,2024-11-19 23:45:14+08:00,CNYTN,2024-12-05 00:07:25+08:00,USLGB,18.12,15.01540509
255915687,5500,2024-12-31 23:24:50+08:00,CNYTN,2025-01-16 10:21:54+08:00,USLGB,17.5,15.4562963
255915687,5500,2025-02-11 21:15:22+08:00,CNYTN,2025-02-25 22:17:54+08:00,USLGB,19.01,14.04342593
255915687,5500,2025-03-23 18:50:24+08:00,CNNBO,2025-04-06 05:50:07+08:00,USLGB,18.12,13.45813657
255915687,5500,2025-05-20 23:16:56+08:00,CNYTN,2025-06-03 21:01:34+08:00,USLGB,19.3,13.90599537
255915687,5500,2025-07-08 22:50:04+08:00,CNYTN,2025-07-22 19:49:57+08:00,USLGB,19.44,13.87491898
255915688,5500,2024-07-30 18:21:07+08:00,CNYTN,2024-08-17 22:01:26+08:00,USLSA,14.74,18.15299769
255915688,5500,2024-09-17 22:32:27+08:00,CNYTN,2024-10-02 12:50:37+08:00,USLGB,19.07,14.59594907
255915688,5500,2025-01-05 23:51:26+08:00,CNNBO,2025-01-19 10:21:50+08:00,USLGB,18.13,13.43777778
255915688,5500,2025-04-03 08:18:25+08:00,CNNBO,2025-04-16 21:12:22+08:00,USLSA,17.94,13.53746528
255915688,5500,2025-05-29 10:32:07+08:00,CNNBO,2025-06-11 21:30:36+08:00,USLSA,18.31,13.45728009
255915688,5500,2025-07-03 11:21:54+08:00,CNNBO,2025-07-16 18:57:34+08:00,USLSA,18.29,13.31643519
255915792,1740,2024-09-26 07:31:30+08:00,CNNBO,2024-10-09 18:58:01+08:00,USLSA,17.98,13.47674769
255915792,1740,2024-10-25 23:12:52+08:00,CNNBO,2024-11-08 20:57:09+08:00,USLSA,18.1,13.90575231
255915792,1740,2024-12-09 22:02:48+08:00,CNWGQ,2024-12-23 19:23:10+08:00,USLSA,18.65,13.88914352
255915792,1740,2025-01-12 20:29:00+08:00,CNWGQ,2025-01-27 06:53:07+08:00,USLSA,17.76,14.43341435
255915792,1740,2025-03-09 17:59:55+08:00,CNWGQ,2025-03-23 16:50:12+08:00,USLSA,18.38,13.95158565
255915792,1740,2025-04-13 23:53:35+08:00,CNWGQ,2025-04-26 20:06:03+08:00,USLSA,18.66,12.84199074
255915792,1740,2025-05-19 16:13:36+08:00,CNWGQ,2025-06-01 21:06:24+08:00,USLSA,18.16,13.20333333
255915792,1740,2025-06-23 23:36:32+08:00,CNWGQ,2025-07-07 07:05:36+08:00,USLSA,18.01,13.31185185
255995000,5500,2024-05-28 10:04:09+08:00,CNYTN,2024-06-11 10:06:11+08:00,USLGB,19.29,14.00141204
255995000,5500,2024-07-02 09:21:38+08:00,CNYTN,2024-07-15 23:13:22+08:00,USLGB,19.66,13.57759259
255995000,5500,2024-08-13 21:12:14+08:00,CNYTN,2024-08-27 22:50:55+08:00,USLGB,18.98,14.06853009
255995000,5500,2024-09-24 20:27:23+08:00,CNYTN,2024-10-08 22:15:42+08:00,USLGB,19.11,14.07521991
255995000,5500,2025-02-23 19:57:43+08:00,CNNBO,2025-03-09 06:56:50+08:00,USLGB,18.09,13.45771991
255995000,5500,2025-04-12 01:56:43+08:00,CNNBO,2025-04-24 21:16:08+08:00,USLSA,18.92,12.80515046
255995000,5500,2025-06-05 13:16:47+08:00,CNNBO,2025-06-18 19:54:03+08:00,USLSA,18.23,13.27587963
256011000,8084,2022-09-20 12:26:36+08:00,CNYTN,2022-10-15 18:30:51+08:00,USLSA,11.12,25.25295139
256011000,8084,2023-01-18 16:28:29+08:00,CNYTN,2023-02-10 19:32:22+08:00,USLSA,12.19,23.12769676
256011000,8084,2023-05-05 00:38:01+08:00,CNYTN,2023-05-19 06:57:27+08:00,USLSA,18.7,14.26349537
256011000,8084,2023-07-20 13:47:28+08:00,CNYTN,2023-08-04 19:55:42+08:00,USLSA,17.51,15.25571759
256011000,8084,2023-10-11 16:58:47+08:00,CNYTN,2023-10-26 21:00:07+08:00,USLSA,17.66,15.16759259
256011000,8084,2024-01-05 21:38:06+08:00,CNYTN,2024-01-21 22:15:20+08:00,USLSA,17.15,16.02585648
256011000,8084,2024-04-07 02:29:06+08:00,CNYTN,2024-04-22 06:54:41+08:00,USLSA,17.65,15.18443287
256033000,10622,2020-09-09 03:25:17+08:00,CNXIA,2020-09-22 07:29:36+08:00,USLSA,21.38,13.16966435
256075000,6402,2020-07-03 20:47:29+08:00,CNYSN,2020-07-18 06:26:01+08:00,USLSA,17.22,14.40175926
256075000,6402,2020-12-01 12:22:45+08:00,CNWGQ,2020-12-20 00:11:23+08:00,USLSA,14.43,18.49210648
256430000,1686,2022-11-06 05:18:01+08:00,CNNBO,2022-11-23 20:34:14+08:00,USLSA,14.41,17.63626157
256430000,1686,2023-02-07 18:45:53+08:00,CNDCB,2023-02-23 05:56:57+08:00,USLSA,18.18,15.46601852
256449000,9443,2023-11-04 14:05:44+08:00,CNYTN,2023-11-19 21:57:16+08:00,USLSA,17.53,15.3274537
256449000,9443,2023-12-24 15:10:49+08:00,CNYTN,2024-01-09 20:50:56+08:00,USLSA,17.69,16.23619213
256449000,9443,2024-02-14 18:36:14+08:00,CNYTN,2024-03-01 09:35:25+08:00,USLSA,18.2,15.62443287
256449000,9443,2024-04-01 12:20:57+08:00,CNYTN,2024-04-16 19:58:00+08:00,USLSA,17.83,15.31739583
256449000,9443,2024-05-25 19:32:26+08:00,CNYTN,2024-06-12 05:50:44+08:00,USLSA,15.66,17.429375
256449000,9443,2024-07-13 22:35:06+08:00,CNYTN,2024-07-30 22:33:20+08:00,USLSA,15.73,16.99877315
256449000,9443,2024-09-02 03:03:23+08:00,CNYTN,2024-09-17 04:48:35+08:00,USLSA,17.75,15.07305556
256558000,2190,2024-07-06 23:40:57+08:00,CNWGQ,2024-07-21 19:57:53+08:00,USLSA,16.28,14.84509259
256615000,15254,2024-08-30 12:47:57+08:00,CNYTN,2024-09-16 20:02:20+08:00,USLSA,15.53,17.30165509
256636000,7100,2024-08-10 13:21:14+08:00,CNYTN,2024-08-26 20:13:10+08:00,USLSA,16.45,16.28606481
256636000,7100,2024-09-21 05:39:50+08:00,CNYTN,2024-10-08 05:52:24+08:00,USLSA,15.79,17.00872685
256651000,5598,2024-05-06 12:22:53+08:00,CNYSN,2024-05-21 19:57:44+08:00,USLSA,15.74,15.31586806
256676000,7327,2024-04-02 03:19:30+08:00,CNWGQ,2024-04-17 06:01:28+08:00,USLSA,16.27,15.11247685
256676000,7327,2024-08-17 15:17:43+08:00,CNYTN,2024-09-02 16:01:30+08:00,USLSA,17.29,16.03040509
256676000,7327,2024-10-11 08:28:03+08:00,CNYTN,2024-10-28 05:53:40+08:00,USLSA,16.8,16.89278935
256771000,9040,2021-05-12 19:53:03+08:00,CNQIN,2021-05-31 21:11:38+08:00,USLSA,12.72,19.05457176
256780000,5598,2024-05-18 22:25:28+08:00,CNWGQ,2024-06-04 21:22:23+08:00,USLSA,14.34,16.95619213
256788000,7327,2024-04-21 12:24:10+08:00,CNYTN,2024-05-05 21:39:52+08:00,USLSA,18.82,14.38590278
256843000,8010,2025-02-24 16:58:11+08:00,CNXIA,2025-03-11 19:22:48+08:00,USLGB,17.84,15.10042824
256843000,8010,2025-04-14 10:08:36+08:00,CNXIA,2025-04-29 20:03:11+08:00,USLGB,16.77,15.41290509
256847000,8010,2024-05-12 20:20:10+08:00,CNTJN,2024-06-20 20:04:07+08:00,USLGB,11.76,38.98885417
256847000,8010,2024-07-12 15:31:55+08:00,CNFUN,2024-08-11 05:55:12+08:00,USLGB,13.94,29.59950231
256884000,5598,2024-06-23 02:38:20+08:00,CNWGQ,2024-07-09 19:52:14+08:00,USLSA,14.57,16.71798611
256916000,4992,2020-06-28 10:21:56+08:00,CNNBO,2020-07-13 09:48:14+08:00,USLGB,16.18,14.97659722
256916000,4992,2020-08-09 07:20:00+08:00,CNNBO,2020-08-24 21:12:55+08:00,USLGB,15.58,15.57841435
256916000,4992,2020-09-29 11:23:09+08:00,CNWGQ,2020-10-13 04:56:48+08:00,USLGB,17.7,13.73170139
256916000,4992,2020-11-08 13:18:55+08:00,CNNBO,2020-11-26 01:13:37+08:00,USLGB,14.1,17.49631944
256930000,9469,2021-04-11 19:39:41+08:00,CNNBO,2021-04-30 03:56:24+08:00,USLGB,14.06,18.34494213
256930000,9469,2021-10-04 10:56:51+08:00,CNYTN,2021-10-23 23:36:57+08:00,USLSA,14.12,19.52784722
256930000,9469,2023-04-28 21:26:34+08:00,CNNBO,2023-05-14 20:59:05+08:00,USLGB,15.08,15.98091435
256930000,9469,2023-09-21 23:07:31+08:00,CNYSN,2023-10-05 05:55:05+08:00,USLGB,18.12,13.28303241
256930000,9469,2023-11-09 07:24:43+08:00,CNYSN,2023-11-23 11:15:47+08:00,USLGB,17.11,14.16046296
256932000,9469,2020-12-13 20:04:09+08:00,CNNBO,2020-12-29 05:55:30+08:00,USLGB,18,15.41065972
256932000,9469,2021-03-20 02:44:51+08:00,CNNBO,2021-04-11 21:05:37+08:00,USLGB,10.86,22.7644213
256932000,9469,2022-04-16 09:42:49+08:00,CNNBO,2022-05-10 07:10:45+08:00,USLGB,10.4,23.89439815
256937000,9469,2020-08-22 12:03:12+08:00,CNYTN,2020-09-05 08:23:28+08:00,USLGB,19.55,13.84740741
256937000,9469,2020-10-07 03:17:39+08:00,CNYTN,2020-10-20 09:35:57+08:00,USLSA,22.27,13.26270833
256937000,9469,2020-11-20 16:52:43+08:00,CNYTN,2020-12-09 23:20:27+08:00,USLGB,14.1,19.26925926
256937000,9469,2021-01-09 05:55:45+08:00,CNYTN,2021-01-28 13:34:12+08:00,USLGB,15.66,19.31836806
256937000,9469,2021-02-27 20:10:54+08:00,CNXIA,2021-03-18 21:05:35+08:00,USLGB,13.52,19.03797454
256937000,9469,2021-09-05 05:47:52+08:00,CNYTN,2021-09-20 19:54:31+08:00,USLGB,17.25,15.58795139
256937000,9469,2021-10-20 23:30:12+08:00,CNYTN,2021-11-24 22:06:53+08:00,USLGB,8.07,34.9421412
256937000,9469,2022-06-13 23:06:15+08:00,CNNBO,2022-06-30 21:35:03+08:00,USLGB,14.4,16.93666667
256937000,9469,2022-07-26 21:28:09+08:00,CNNBO,2022-08-08 20:36:57+08:00,USLGB,18.53,12.96444444
256937000,9469,2022-09-01 15:57:29+08:00,CNNBO,2022-09-14 22:42:04+08:00,USLGB,18.21,13.28096065
256937000,9469,2022-10-25 12:34:46+08:00,CNYTN,2022-11-09 07:27:55+08:00,USLGB,18.04,14.78690972
256937000,9469,2023-06-01 00:20:55+08:00,CNNBO,2023-06-14 22:02:18+08:00,USLGB,17.38,13.90373843
256937000,9469,2023-08-01 21:00:07+08:00,CNXIA,2023-08-16 21:10:03+08:00,USLGB,18.02,15.00689815
256937000,9469,2023-09-21 16:09:38+08:00,CNNBO,2023-10-04 21:30:21+08:00,USLGB,18.33,13.22271991
256948000,7928,2024-10-26 17:52:37+08:00,CNYTN,2024-11-12 06:06:35+08:00,USLSA,16.93,16.50969907
256948000,7928,2024-12-16 05:25:39+08:00,CNYTN,2025-01-02 18:54:55+08:00,USLSA,17.03,17.56199074
256948000,7928,2025-02-06 11:55:48+08:00,CNYTN,2025-02-23 06:53:42+08:00,USLSA,17.21,16.79020833
256950000,7928,2024-09-16 17:28:57+08:00,CNYTN,2024-10-03 20:14:40+08:00,USLSA,15.89,17.11508102
256979000,5598,2024-08-04 11:56:39+08:00,CNWGQ,2024-08-20 20:17:13+08:00,USLSA,14.93,16.34761574
303340000,6552,2020-01-19 19:48:19+08:00,CNWGQ,2020-02-04 07:27:20+08:00,USLSA,15.73,15.48542824
303340000,6552,2020-03-01 02:25:08+08:00,CNWGQ,2020-03-16 06:23:38+08:00,USLSA,16.5,15.165625
303340000,6552,2020-04-12 13:56:41+08:00,CNWGQ,2020-04-27 06:18:43+08:00,USLSA,16.81,14.68196759
303340000,6552,2020-05-26 01:05:16+08:00,CNWGQ,2020-06-08 20:55:39+08:00,USLSA,17.42,13.82665509
303340000,6552,2020-07-07 12:28:52+08:00,CNWGQ,2020-07-20 19:54:49+08:00,USLSA,18.22,13.3096875
303340000,6552,2020-08-17 22:55:02+08:00,CNWGQ,2020-08-31 05:42:51+08:00,USLSA,18.6,13.28320602
303340000,6552,2020-10-03 01:21:56+08:00,CNWGQ,2020-10-19 06:07:36+08:00,USLSA,15.88,16.19837963
303340000,6552,2020-12-31 12:11:01+08:00,CNWGQ,2021-01-16 00:30:47+08:00,USLSA,16.98,15.51372685
303340000,6552,2021-02-18 15:15:31+08:00,CNWGQ,2021-03-04 00:55:50+08:00,USLSA,17.95,13.40299769
303340000,6552,2021-04-16 14:11:23+08:00,CNWGQ,2021-04-30 21:07:46+08:00,USLSA,17.15,14.28915509
303340000,6552,2021-05-30 00:39:59+08:00,CNQIN,2021-06-11 21:44:30+08:00,USLSA,18.76,12.87813657
303340000,6552,2021-07-10 12:19:28+08:00,CNWGQ,2021-07-23 06:08:06+08:00,USLSA,18.93,12.74210648
303340000,6552,2021-08-25 02:09:25+08:00,CNWGQ,2021-09-08 21:55:23+08:00,USLSA,16.25,14.82358796
303340000,6552,2021-10-11 13:32:58+08:00,CNWGQ,2021-10-26 21:05:33+08:00,USLSA,16.8,15.31429398
303340000,6552,2021-11-25 14:52:44+08:00,CNWGQ,2021-12-18 23:09:32+08:00,USLSA,11.59,23.345
303340000,6552,2022-01-19 01:19:58+08:00,CNWGQ,2022-02-02 21:55:32+08:00,USLSA,16.36,14.85803241
303340000,6552,2022-03-15 09:03:32+08:00,CNWGQ,2022-04-01 23:41:28+08:00,USLSA,14.21,17.60967593
303340000,6552,2022-05-16 11:12:49+08:00,CNWGQ,2022-05-30 05:56:24+08:00,USLSA,17.51,13.7802662
303340000,6552,2022-07-14 00:05:23+08:00,CNWGQ,2022-07-27 20:19:59+08:00,USLSA,17.48,13.84347222
303340000,6552,2022-08-26 11:53:53+08:00,CNWGQ,2022-09-08 22:31:40+08:00,USLSA,17.91,13.44290509
303340000,6552,2022-10-16 01:15:01+08:00,CNWGQ,2022-10-31 07:00:59+08:00,USLSA,16,15.24025463
303340000,6552,2023-02-05 01:02:27+08:00,CNWGQ,2023-02-20 21:01:11+08:00,USLSA,15.82,15.8324537
303340000,6552,2023-04-03 09:40:50+08:00,CNWGQ,2023-04-17 20:15:46+08:00,USLSA,16.7,14.44092593
303340000,6552,2023-05-21 23:07:34+08:00,CNWGQ,2023-06-05 14:20:49+08:00,USLSA,16.5,14.63420139
303340000,6552,2023-07-09 02:32:05+08:00,CNWGQ,2023-07-24 04:56:04+08:00,USLSA,16.03,15.09998843
303340000,6552,2023-08-24 15:56:59+08:00,CNWGQ,2023-09-07 19:55:24+08:00,USLSA,17.36,14.16556713
303340000,6552,2023-10-05 14:01:36+08:00,CNWGQ,2023-10-24 03:01:13+08:00,USLSA,13.09,18.54140046
303340000,6552,2023-11-26 10:48:45+08:00,CNWGQ,2023-12-13 07:00:06+08:00,USLSA,14.41,16.84121528
303340000,6552,2024-01-10 09:58:09+08:00,CNWGQ,2024-01-24 05:10:24+08:00,USLSA,17.48,13.80017361
303340000,6552,2024-02-26 13:46:34+08:00,CNWGQ,2024-03-13 03:58:27+08:00,USLSA,16.24,15.59158565
303340000,6552,2024-04-16 04:42:07+08:00,CNWGQ,2024-05-01 05:55:01+08:00,USLSA,16.09,15.050625
303340000,6552,2024-06-03 21:06:04+08:00,CNWGQ,2024-06-23 05:55:27+08:00,USLSA,12.57,19.36762731
303340000,6552,2024-07-31 07:38:10+08:00,CNWGQ,2024-08-15 20:52:45+08:00,USLSA,15.66,15.55179398
303340000,6552,2024-09-18 22:21:49+08:00,CNWGQ,2024-10-04 20:08:41+08:00,USLSA,15.14,15.9075463
303340000,6552,2024-11-05 01:08:12+08:00,CNWGQ,2024-11-22 19:23:37+08:00,USLSA,13.78,17.76070602
303352000,7471,2020-01-06 08:49:17+08:00,CNWGQ,2020-01-20 06:51:57+08:00,USLSA,17.72,13.91851852
303352000,7471,2020-02-20 22:44:23+08:00,CNWGQ,2020-03-06 20:59:52+08:00,USLSA,16.22,14.92741898
303352000,7471,2020-03-30 15:55:31+08:00,CNWGQ,2020-04-13 19:59:20+08:00,USLSA,17.35,14.16931713
303352000,7471,2020-05-12 02:33:01+08:00,CNWGQ,2020-05-25 05:47:55+08:00,USLSA,19.58,13.13534722
303352000,7471,2020-06-23 00:24:37+08:00,CNWGQ,2020-07-07 19:49:52+08:00,USLSA,16.48,14.80920139
303352000,7471,2020-08-05 13:33:46+08:00,CNWGQ,2020-08-22 06:17:43+08:00,USLSA,14.76,16.6971875
303352000,7471,2020-09-22 15:01:16+08:00,CNWGQ,2020-10-05 05:52:57+08:00,USLSA,19.35,12.61922454
303352000,7471,2020-11-02 16:00:13+08:00,CNWGQ,2020-11-17 23:52:57+08:00,USLSA,18.04,15.32828704
303352000,7471,2020-12-18 13:52:28+08:00,CNWGQ,2021-01-05 23:59:11+08:00,USLSA,13.11,18.42133102
303352000,7471,2021-02-07 20:05:04+08:00,CNWGQ,2021-02-24 02:30:11+08:00,USLSA,15.85,16.26744213
303352000,7471,2021-04-10 11:26:01+08:00,CNWGQ,2021-04-24 11:56:45+08:00,USLSA,18.67,14.02134259
303352000,7471,2021-11-08 13:24:42+08:00,CNWGQ,2021-11-22 12:54:29+08:00,USLSA,17.32,13.9790162
303352000,7471,2021-12-26 19:04:34+08:00,CNWGQ,2022-01-10 09:11:35+08:00,USLSA,16.92,14.58820602
303352000,7471,2022-02-26 20:09:30+08:00,CNWGQ,2022-03-16 21:25:08+08:00,USLSA,14.53,18.05252315
303352000,7471,2022-04-24 19:19:00+08:00,CNWGQ,2022-05-08 20:59:18+08:00,USLSA,17.89,14.06965278
303352000,7471,2022-06-19 15:34:40+08:00,CNWGQ,2022-07-04 06:20:32+08:00,USLSA,16.7,14.61518519
303352000,7471,2022-08-06 04:51:31+08:00,CNWGQ,2022-08-20 15:27:36+08:00,USLSA,16.92,14.44172454
303352000,7471,2022-09-26 02:12:37+08:00,CNWGQ,2022-10-10 20:29:47+08:00,USLSA,16.63,14.7619213
303352000,7471,2022-11-18 19:13:05+08:00,CNWGQ,2022-12-02 07:20:36+08:00,USLSA,18.25,13.50521991
303352000,7471,2023-01-06 23:55:21+08:00,CNWGQ,2023-01-21 06:40:01+08:00,USLSA,17.16,14.28101852
303352000,7471,2023-02-26 14:35:04+08:00,CNWGQ,2023-03-13 20:09:23+08:00,USLSA,15.95,15.23216435
303352000,7471,2023-04-16 07:43:36+08:00,CNWGQ,2023-05-02 01:12:07+08:00,USLSA,16.4,15.72813657
303352000,7471,2023-06-07 12:34:08+08:00,CNQIN,2023-06-21 23:56:03+08:00,USLSA,17.14,14.47355324
303352000,7471,2023-07-23 13:54:18+08:00,CNWGQ,2023-08-07 21:05:57+08:00,USLSA,15.8,15.29975694
303352000,7471,2023-09-18 00:36:52+08:00,CNWGQ,2023-10-04 19:00:10+08:00,USLSA,14.56,16.76618056
303352000,7471,2024-01-14 12:47:47+08:00,CNWGQ,2024-01-31 21:28:06+08:00,USLSA,14.29,17.36133102
303352000,7471,2024-03-13 13:06:33+08:00,CNWGQ,2024-03-27 05:46:51+08:00,USLSA,17.53,13.69465278
303352000,7471,2024-04-29 14:39:27+08:00,CNWGQ,2024-05-16 06:03:27+08:00,USLSA,14.55,16.64166667
303352000,7471,2024-06-16 18:58:35+08:00,CNWGQ,2024-07-04 21:14:11+08:00,USLSA,13.38,18.09416667
303583000,5598,2024-06-30 18:03:27+08:00,CNWGQ,2024-07-18 20:13:07+08:00,USLSA,13.38,18.0900463
303583000,5598,2024-08-19 22:36:56+08:00,CNWGQ,2024-09-05 20:51:13+08:00,USLSA,15.09,16.92658565
303583000,5598,2024-10-10 14:35:04+08:00,CNWGQ,2024-10-26 03:18:44+08:00,USLSA,15.7,15.53032407
303583000,5598,2024-12-02 22:42:03+08:00,CNWGQ,2024-12-20 05:16:10+08:00,USLSA,16.24,17.27369213
303583000,5598,2025-01-27 09:00:35+08:00,CNWGQ,2025-02-12 21:07:35+08:00,USLSA,15.31,16.50486111
303583000,5598,2025-03-17 00:58:40+08:00,CNWGQ,2025-04-01 20:04:27+08:00,USLSA,16.25,15.79568287
303583000,5598,2025-04-28 10:50:57+08:00,CNWGQ,2025-05-15 20:04:26+08:00,USLSA,14.27,17.38436343
303583000,5598,2025-06-16 02:08:27+08:00,CNWGQ,2025-07-03 18:17:07+08:00,USLSA,13.72,17.67268519
303584000,2526,2020-01-29 15:28:00+08:00,CNWGQ,2020-02-10 16:51:02+08:00,USLGB,21.49,12.05766204
303584000,2526,2020-03-04 19:11:02+08:00,CNWGQ,2020-03-16 07:36:19+08:00,USLGB,21.15,11.51755787
303584000,2526,2020-04-08 22:10:05+08:00,CNWGQ,2020-04-20 16:55:04+08:00,USLGB,20.77,11.78123843
303584000,2526,2020-05-13 15:04:45+08:00,CNWGQ,2020-05-24 21:28:12+08:00,USLGB,21.4,11.26628472
303584000,2526,2020-12-02 15:15:15+08:00,CNWGQ,2020-12-14 00:47:12+08:00,USLGB,21.76,11.3971875
303584000,2526,2021-01-06 18:32:19+08:00,CNWGQ,2021-01-19 04:48:06+08:00,USLGB,22.62,12.42762731
303584000,2526,2021-02-10 23:55:30+08:00,CNWGQ,2021-02-22 08:40:25+08:00,USLGB,21.79,11.36452546
303584000,2526,2021-04-08 11:52:44+08:00,CNNBO,2021-04-21 21:12:37+08:00,USLGB,21.25,13.38880787
303584000,2526,2021-05-12 23:42:32+08:00,CNWGQ,2021-05-24 07:06:46+08:00,USLGB,21.29,11.30849537
303584000,2526,2021-06-12 00:23:32+08:00,CNWGQ,2021-06-23 08:28:11+08:00,USLGB,21.22,11.3365625
303584000,2526,2022-03-20 23:18:13+08:00,CNWGQ,2022-04-29 20:38:53+08:00,USLGB,11.47,39.88935185
303584000,2526,2023-01-19 09:25:24+08:00,CNWGQ,2023-01-30 23:11:01+08:00,USLGB,20.75,11.57334491
303584000,2526,2023-02-22 14:19:37+08:00,CNWGQ,2023-03-06 04:22:52+08:00,USLGB,21.14,11.58559028
303584000,2526,2023-03-30 05:13:03+08:00,CNWGQ,2023-04-11 00:23:13+08:00,USLGB,20.51,11.79872685
303584000,2526,2023-09-25 21:03:09+08:00,CNWGQ,2023-10-08 06:50:09+08:00,USLGB,20.26,12.40763889
303584000,2526,2023-10-30 12:37:27+08:00,CNWGQ,2023-11-12 08:10:04+08:00,USLGB,19.27,12.81431713
303584000,2526,2024-05-23 16:17:35+08:00,CNWGQ,2024-06-04 02:53:42+08:00,USLGB,21.19,11.44174769
303584000,2526,2024-06-27 03:55:52+08:00,CNWGQ,2024-07-09 03:22:08+08:00,USLGB,19.99,11.97657407
303584000,2526,2024-08-01 10:37:59+08:00,CNWGQ,2024-08-12 21:57:28+08:00,USLGB,21.13,11.47186343
303584000,2526,2024-09-05 03:54:03+08:00,CNWGQ,2024-09-16 20:36:24+08:00,USLGB,20.81,11.69607639
303584000,2526,2024-10-09 12:59:43+08:00,CNWGQ,2024-10-21 08:04:05+08:00,USLGB,21.24,11.79469907
303584000,2526,2024-11-14 08:55:55+08:00,CNWGQ,2024-11-26 09:57:22+08:00,USLGB,20.75,12.04267361
303584000,2526,2024-12-16 11:20:55+08:00,CNWGQ,2025-01-30 17:13:05+08:00,USLGB,7.88,45.24456019
303584000,2526,2025-03-20 02:41:49+08:00,CNWGQ,2025-04-01 07:04:47+08:00,USLGB,20.13,12.18261574
303584000,2526,2025-05-29 14:06:55+08:00,CNWGQ,2025-06-10 18:49:40+08:00,USLGB,19.8,12.19635417
304939000,3534,2022-11-13 09:58:11+08:00,CNYTN,2022-11-30 23:02:51+08:00,USLGB,15.59,17.54490741
305684000,3426,2024-07-04 22:33:47+08:00,CNWGQ,2024-07-17 22:10:54+08:00,USLSA,18.62,12.9841088
305684000,3426,2024-08-09 02:37:29+08:00,CNWGQ,2024-08-21 20:09:41+08:00,USLSA,18.91,12.73069444
305684000,3426,2024-09-12 20:06:35+08:00,CNWGQ,2024-09-25 21:31:20+08:00,USLSA,18.42,13.05885417
305684000,3426,2024-10-17 22:08:23+08:00,CNWGQ,2024-10-31 19:41:56+08:00,USLSA,17.62,13.89829861
305684000,3426,2024-11-21 16:33:37+08:00,CNWGQ,2024-12-07 08:56:52+08:00,USLSA,16.53,15.6828125
305684000,3426,2024-12-26 19:14:42+08:00,CNWGQ,2025-01-09 20:53:12+08:00,USLSA,18.39,14.06840278
305684000,3426,2025-01-30 10:59:24+08:00,CNWGQ,2025-02-13 21:14:52+08:00,USLSA,17.84,14.42740741
305684000,3426,2025-03-13 23:14:17+08:00,CNWGQ,2025-03-27 18:33:55+08:00,USLSA,18.58,13.80530093
308015000,8560,2020-10-16 15:59:30+08:00,TWKAO,2020-11-05 22:34:20+08:00,USLSA,12.69,20.27418981
309046000,8560,2020-01-28 06:48:34+08:00,CNNBO,2020-02-10 22:37:47+08:00,USLGB,18.42,13.65917824
309046000,8560,2020-03-21 14:22:53+08:00,CNNBO,2020-04-03 22:15:19+08:00,USLGB,18.16,13.3280787
309046000,8560,2021-01-11 05:52:51+08:00,CNNBO,2021-02-03 19:30:07+08:00,USLSA,12.2,23.5675463
309046000,8560,2021-06-20 15:29:16+08:00,CNYSN,2021-07-10 18:16:13+08:00,USLSA,11.89,20.1159375
309046000,8560,2021-09-21 06:19:22+08:00,CNYTN,2021-10-20 21:51:27+08:00,USLSA,9.26,29.64728009
309046000,8560,2022-01-14 07:02:51+08:00,CNYTN,2022-02-16 23:34:04+08:00,USLSA,9.18,33.68834491
309046000,8560,2022-05-14 16:07:09+08:00,CNYTN,2022-06-01 06:50:24+08:00,USLSA,15.25,17.61336806
309046000,8560,2022-09-14 05:27:11+08:00,CNYTN,2022-10-07 18:22:30+08:00,USLSA,11.77,23.53841435
309046000,8560,2023-01-01 11:14:49+08:00,CNYTN,2023-01-23 20:09:46+08:00,USLSA,12.56,22.37149306
309046000,8560,2023-04-17 19:57:29+08:00,CNYTN,2023-05-02 21:03:45+08:00,USLSA,17.85,15.04601852
309046000,8560,2023-07-14 05:11:01+08:00,CNYTN,2023-07-28 22:05:13+08:00,USLSA,18.29,14.70430556
309046000,8560,2023-10-01 13:14:00+08:00,CNYTN,2023-10-16 22:35:02+08:00,USLSA,17.51,15.38960648
309046000,8560,2023-12-29 19:23:59+08:00,CNYTN,2024-01-13 23:00:06+08:00,USLSA,18.39,15.15008102
309046000,8560,2024-03-24 09:28:29+08:00,CNYTN,2024-04-11 06:52:42+08:00,USLSA,15.09,17.89181713
309046000,8560,2024-07-06 11:57:59+08:00,CNYTN,2024-07-21 21:15:12+08:00,USLSA,17.4,15.38695602
309046000,8560,2024-09-23 16:56:25+08:00,CNYTN,2024-10-10 21:12:23+08:00,USLSA,15.65,17.17775463
309046000,8560,2024-12-24 10:58:27+08:00,CNYTN,2025-01-10 20:09:06+08:00,USLSA,15.67,17.38239583
309901000,8560,2020-11-20 16:54:03+08:00,CNNBO,2020-12-16 22:06:50+08:00,USLSA,9.33,26.21721065
309901000,8560,2021-01-17 16:55:09+08:00,CNNBO,2021-02-05 22:16:45+08:00,USLSA,12.92,19.22333333
309901000,8560,2021-03-11 02:48:16+08:00,CNNBO,2021-03-27 20:18:33+08:00,USLSA,16.58,16.72936343
309901000,8560,2021-05-02 06:33:42+08:00,CNQIN,2021-05-16 20:20:39+08:00,USLSA,16.88,14.57427083
309901000,8560,2021-08-18 06:51:49+08:00,HKHKG,2021-09-07 18:14:37+08:00,USLSA,13.12,20.47416667
309901000,8560,2021-12-08 11:00:10+08:00,CNYTN,2022-01-23 20:55:24+08:00,USLSA,7.53,46.41335648
309901000,8560,2022-05-08 18:47:29+08:00,CNYTN,2022-05-23 06:38:09+08:00,USLSA,18.44,14.49351852
309901000,8560,2022-08-14 10:34:24+08:00,CNYTN,2022-09-12 21:50:11+08:00,USLSA,9.46,29.46929398
309901000,8560,2022-11-27 11:25:32+08:00,CNYTN,2022-12-18 21:44:12+08:00,USLSA,12.93,21.42962963
309901000,8560,2023-04-15 13:28:10+08:00,CNNBO,2023-05-01 22:44:48+08:00,USLSA,14.82,16.38655093
309901000,8560,2023-06-03 01:12:45+08:00,CNNBO,2023-06-20 07:55:32+08:00,USLSA,13.99,17.27971065
309901000,8560,2025-04-16 08:35:27+08:00,CNYTN,2025-05-01 21:12:24+08:00,USLSA,17.55,15.52565972
311000785,2553,2020-08-30 19:43:17+08:00,CNYTN,2020-09-16 20:56:02+08:00,USLGB,17.49,17.05052083
311000785,2553,2020-11-26 13:26:35+08:00,CNXIA,2020-12-15 18:57:55+08:00,USLGB,13.81,19.23009259
311000785,2553,2021-01-05 16:40:43+08:00,CNYTN,2021-02-03 13:39:48+08:00,USLGB,11.88,28.87436343
311000785,2553,2021-02-25 02:26:56+08:00,CNYTN,2021-03-20 12:59:37+08:00,USLGB,11.75,23.43936343
311000785,2553,2021-11-18 09:44:23+08:00,CNSHE,2021-12-18 23:29:42+08:00,USLGB,10.26,30.57313657
311000923,16022,2020-11-03 22:29:55+08:00,CNXIA,2020-11-21 06:36:22+08:00,USLSA,16.65,17.3378125
311000923,16022,2020-12-22 22:37:23+08:00,CNXIA,2021-01-12 20:12:57+08:00,USLSA,12.55,20.89969907
311000923,16022,2021-02-13 20:10:05+08:00,CNXIA,2021-03-11 07:11:46+08:00,USLSA,10.82,25.45950231
311000923,16022,2021-07-09 12:46:37+08:00,CNYTN,2021-08-02 21:49:35+08:00,USLSA,10.99,24.37706019
311000923,16022,2022-06-04 15:22:35+08:00,CNYTN,2022-06-28 22:27:10+08:00,USLSA,11.69,24.29484954
311000923,16022,2023-07-11 22:07:11+08:00,CNYTN,2023-07-26 18:06:58+08:00,USLSA,18.12,14.83318287
311000923,16022,2023-12-02 03:09:21+08:00,CNXIA,2023-12-16 20:51:49+08:00,USLSA,18.08,14.73782407
311001345,4253,2023-11-21 04:46:50+08:00,CNYTN,2023-12-05 06:45:08+08:00,USLSA,19.32,14.08215278
311001345,4253,2023-12-26 05:49:25+08:00,CNYTN,2024-01-09 19:42:11+08:00,USLSA,19.45,14.57831019
311001345,4253,2024-01-30 13:02:02+08:00,CNYTN,2024-02-14 06:58:18+08:00,USLGB,18.95,14.74740741
311001345,4253,2024-04-30 07:40:08+08:00,CNYTN,2024-05-14 06:09:05+08:00,USLGB,19.16,13.93677083
311001345,4253,2024-06-13 06:23:29+08:00,CNYTN,2024-06-27 21:14:53+08:00,USLGB,18.28,14.61902778
311001345,4253,2024-07-18 01:13:40+08:00,CNNBO,2024-08-03 17:47:25+08:00,USLGB,14.83,16.69010417
311001345,4253,2024-08-25 14:43:50+08:00,CNNBO,2024-09-08 18:38:42+08:00,USLGB,18.04,14.16310185
311044100,3650,2020-12-13 10:04:38+08:00,CNYTN,2021-01-09 11:01:38+08:00,USLSA,11.23,27.03958333
319200700,4882,2025-02-28 10:21:26+08:00,CNYSN,2025-03-22 07:08:17+08:00,USLSA,12.42,21.86586806
319211600,9592,2022-08-06 18:06:52+08:00,CNYTN,2022-08-30 22:49:22+08:00,USLSA,11.34,24.19618056
319211600,9592,2022-10-29 02:38:18+08:00,CNYTN,2022-11-17 21:20:49+08:00,USLSA,13.67,19.77952546
319211600,9592,2023-02-24 15:28:02+08:00,CNYTN,2023-03-13 18:26:10+08:00,USLSA,15.84,17.1237037
319211600,9592,2023-05-30 02:28:30+08:00,CNYTN,2023-06-15 06:58:12+08:00,USLSA,16.59,16.18729167
319211600,9592,2023-08-19 16:44:22+08:00,CNYTN,2023-09-03 06:06:17+08:00,USLSA,18.43,14.55688657
319211600,9592,2023-11-12 11:32:26+08:00,CNYTN,2023-11-30 08:10:39+08:00,USLSA,15.7,17.85987269
319211600,9592,2024-02-10 19:03:31+08:00,CNYTN,2024-02-26 21:56:13+08:00,USLSA,17.23,16.11993056
319211600,9592,2024-05-11 11:22:34+08:00,CNYTN,2024-05-27 21:00:50+08:00,USLSA,16.35,16.40157407
319211600,9592,2024-08-09 22:13:20+08:00,CNYTN,2024-08-28 07:07:38+08:00,USLSA,14.61,18.37104167
319211600,9592,2024-11-13 11:19:26+08:00,CNYTN,2024-11-29 22:52:54+08:00,USLSA,16.31,16.48157407
319211600,9592,2025-02-15 09:41:43+08:00,CNYTN,2025-03-03 08:19:40+08:00,USLSA,16.84,15.94302083
319211600,9592,2025-05-21 16:15:54+08:00,CNYTN,2025-06-05 21:28:33+08:00,USLSA,17.74,15.21711806
319219200,6661,2021-09-17 06:38:31+08:00,CNYTN,2021-10-02 20:55:19+08:00,USLSA,17.24,15.595
319219200,6661,2021-11-12 16:22:26+08:00,CNNBO,2021-12-16 09:25:19+08:00,USLSA,7.96,33.71033565
319219200,6661,2022-01-19 13:12:41+08:00,CNNBO,2022-02-24 23:23:27+08:00,USLSA,8.2,36.42414352
319219200,6661,2022-04-03 07:07:22+08:00,CNNBO,2022-04-23 19:15:34+08:00,USLSA,12.84,20.50569444
319219200,6661,2022-05-19 18:15:21+08:00,CNNBO,2022-06-08 21:22:55+08:00,USLSA,12.09,20.13025463
319219200,6661,2022-07-07 04:17:18+08:00,CNNBO,2022-07-28 06:41:03+08:00,USLSA,11.86,21.09982639
319219200,6661,2022-08-27 07:56:26+08:00,CNNBO,2022-09-15 21:24:36+08:00,USLSA,12.41,19.56122685
319219200,6661,2022-10-26 08:01:19+08:00,CNNBO,2022-11-15 07:16:43+08:00,USLSA,12.15,19.96902778
319219200,6661,2023-01-06 15:44:10+08:00,CNNBO,2023-01-27 23:36:39+08:00,USLSA,12.08,21.32811343
319219200,6661,2023-03-13 13:07:11+08:00,CNNBO,2023-03-30 07:20:46+08:00,USLSA,14.42,16.75943287
338121000,3500,2021-08-26 15:35:49+08:00,CNWGQ,2021-09-10 20:23:31+08:00,USLGB,16.01,15.19979167
338121000,3500,2021-09-30 17:34:21+08:00,CNWGQ,2021-10-15 16:54:00+08:00,USLGB,16.35,14.97197917
338121000,3500,2021-11-04 23:10:40+08:00,CNWGQ,2021-11-19 18:18:17+08:00,USLGB,16.54,14.79695602
338121000,3500,2021-12-09 16:14:19+08:00,CNWGQ,2021-12-24 08:57:20+08:00,USLGB,17.81,14.69653935
338121000,3500,2022-01-13 20:36:28+08:00,CNWGQ,2022-01-29 02:18:53+08:00,USLGB,17.83,15.23778935
338121000,3500,2022-02-17 23:46:17+08:00,CNWGQ,2022-03-04 21:28:00+08:00,USLGB,17.69,14.90396991
338121000,3500,2022-03-24 16:25:53+08:00,CNWGQ,2022-04-08 23:53:31+08:00,USLGB,17.16,15.31085648
338121000,3500,2022-04-28 22:39:24+08:00,CNWGQ,2022-05-13 17:36:41+08:00,USLGB,16.45,14.78978009
338121000,3500,2022-06-03 04:19:48+08:00,CNWGQ,2022-06-17 21:35:56+08:00,USLGB,16.56,14.71953704
338121000,3500,2022-07-07 17:11:00+08:00,CNWGQ,2022-07-23 00:38:52+08:00,USLGB,15.82,15.31101852
338121000,3500,2022-08-11 22:18:14+08:00,CNWGQ,2022-08-26 21:23:25+08:00,USLGB,16.21,14.96193287
338121000,3500,2023-07-06 01:26:39+08:00,CNWGQ,2023-07-16 20:45:32+08:00,USLGB,22.46,10.80478009
338121000,3500,2023-08-10 19:54:11+08:00,CNWGQ,2023-08-21 21:50:43+08:00,USLGB,21.9,11.08092593
338121000,3500,2023-09-13 22:32:04+08:00,CNWGQ,2023-09-24 21:05:07+08:00,USLGB,22.2,10.93961806
338121000,3500,2023-10-19 00:58:02+08:00,CNWGQ,2023-10-30 00:06:46+08:00,USLGB,22.47,10.96439815
338121000,3500,2023-11-22 18:16:16+08:00,CNWGQ,2023-12-03 23:45:03+08:00,USLGB,22.55,11.22832176
338121000,3500,2023-12-27 23:42:52+08:00,CNWGQ,2024-01-12 01:00:55+08:00,USLGB,17.53,15.05420139
338121000,3500,2024-02-02 19:26:33+08:00,CNWGQ,2024-02-15 05:43:51+08:00,USLGB,20.37,12.42868056
338121000,3500,2024-04-10 12:11:12+08:00,CNWGQ,2024-04-21 20:56:15+08:00,USLGB,21.22,11.36461806
338121000,3500,2024-05-15 16:10:19+08:00,CNWGQ,2024-05-26 20:46:36+08:00,USLGB,21.77,11.19186343
338121000,3500,2024-06-20 10:10:20+08:00,CNWGQ,2024-07-01 20:17:36+08:00,USLGB,21.11,11.42171296
338121000,3500,2024-07-24 15:46:25+08:00,CNWGQ,2024-08-04 19:41:07+08:00,USLGB,21.78,11.16298611
338121000,3500,2024-08-28 17:10:49+08:00,CNWGQ,2024-09-08 20:40:04+08:00,USLGB,21.94,11.1453125
338121000,3500,2024-10-02 10:44:44+08:00,CNWGQ,2024-10-13 22:54:41+08:00,USLGB,21.56,11.50690972
338121000,3500,2024-12-18 14:37:15+08:00,CNWGQ,2024-12-30 03:59:20+08:00,USLGB,22.69,11.55700231
338121000,3500,2025-01-22 16:39:16+08:00,CNWGQ,2025-02-05 07:42:37+08:00,USLGB,21.4,13.62732639
338121000,3500,2025-02-26 07:15:17+08:00,CNWGQ,2025-03-09 20:46:09+08:00,USLGB,21.91,11.56310185
338121000,3500,2025-04-02 12:30:55+08:00,CNWGQ,2025-04-13 21:35:53+08:00,USLGB,21.83,11.37844907
338121000,3500,2025-05-07 20:35:49+08:00,CNWGQ,2025-05-18 20:46:52+08:00,USLGB,22.03,11.00767361
338121000,3500,2025-06-11 23:52:00+08:00,CNWGQ,2025-06-22 20:54:02+08:00,USLGB,22.3,10.87641204
338172000,5598,2024-12-16 11:29:50+08:00,CNWGQ,2025-01-04 22:39:27+08:00,USLSA,14.79,19.46501157
338172000,5598,2025-02-06 19:23:20+08:00,CNWGQ,2025-02-24 22:45:51+08:00,USLSA,16.39,18.14063657
338172000,5598,2025-03-27 13:06:08+08:00,CNWGQ,2025-04-12 12:04:49+08:00,USLSA,15.31,15.95741898
338172000,5598,2025-05-11 11:19:57+08:00,CNWGQ,2025-05-29 20:07:42+08:00,USLSA,13.17,18.36649306
338172000,5598,2025-06-30 02:24:41+08:00,CNWGQ,2025-07-17 20:08:57+08:00,USLSA,13.77,17.73907407
338241000,6696,2025-03-31 11:29:24+08:00,CNNBO,2025-04-16 05:59:55+08:00,USLSA,15.4,15.77119213
338241000,6696,2025-05-13 14:54:40+08:00,CNNBO,2025-05-28 05:44:35+08:00,USLSA,16.66,14.61799769
338241000,6696,2025-06-23 19:11:03+08:00,CNNBO,2025-07-09 20:57:03+08:00,USLSA,15.15,16.07361111
338566000,707,2020-12-20 09:18:19+08:00,MHKWA,2021-01-05 04:49:03+08:00,USLGB,12.98,15.81300926
338679000,6588,2020-02-06 23:32:46+08:00,CNWGQ,2020-02-24 06:01:24+08:00,USLSA,14.97,17.26988426
338679000,6588,2020-03-25 12:07:47+08:00,CNWGQ,2020-04-07 21:52:16+08:00,USLSA,17.95,13.4058912
338679000,6588,2020-05-04 09:08:13+08:00,CNWGQ,2020-05-18 19:00:33+08:00,USLSA,16.83,14.41134259
338679000,6588,2020-06-14 19:44:49+08:00,CNWGQ,2020-06-29 20:00:47+08:00,USLSA,16.36,15.01108796
338679000,6588,2020-07-26 03:55:05+08:00,CNWGQ,2020-08-10 05:48:47+08:00,USLSA,15.93,15.07895833
338679000,6588,2020-09-08 03:01:31+08:00,CNWGQ,2020-09-22 06:06:32+08:00,USLSA,17.55,14.1284838
338679000,6588,2020-10-21 02:14:11+08:00,CNWGQ,2020-11-02 07:05:59+08:00,USLSA,19.66,12.20263889
338679000,6588,2020-12-03 01:36:53+08:00,CNWGQ,2020-12-15 22:38:55+08:00,USLSA,19.8,12.87641204
338679000,6588,2021-01-20 16:22:09+08:00,CNWGQ,2021-02-15 22:41:13+08:00,USLSA,9.16,26.26324074
338679000,6588,2021-03-24 21:16:11+08:00,CNWGQ,2021-04-07 12:18:23+08:00,USLSA,17.69,13.62652778
338679000,6588,2021-05-12 11:57:00+08:00,CNWGQ,2021-05-27 21:08:35+08:00,USLSA,15.67,15.38304398
338679000,6588,2021-06-29 14:08:33+08:00,CNQIN,2021-07-15 20:29:26+08:00,USLSA,15.18,16.26450231
338679000,6588,2021-09-02 06:25:30+08:00,CNQIN,2021-09-13 20:17:39+08:00,USLSA,20.98,11.57788194
338679000,6588,2021-10-17 09:56:38+08:00,CNWGQ,2021-11-01 11:34:59+08:00,USLSA,16.22,15.06829861
338679000,6588,2021-11-30 08:27:14+08:00,CNWGQ,2021-12-24 21:36:27+08:00,USLSA,10.09,24.54806713
338679000,6588,2022-01-31 23:34:52+08:00,CNWGQ,2022-02-13 22:24:23+08:00,USLSA,18.86,12.95105324
338679000,6588,2022-03-23 14:25:57+08:00,CNWGQ,2022-04-10 11:23:22+08:00,USLSA,14.21,17.87320602
338679000,6588,2022-05-13 23:06:49+08:00,CNWGQ,2022-05-26 07:16:47+08:00,USLSA,19.45,12.34025463
338679000,6588,2022-06-28 10:53:20+08:00,CNWGQ,2022-07-12 05:23:18+08:00,USLSA,17.54,13.77081019
338679000,6588,2022-08-15 01:38:20+08:00,CNQIN,2022-08-27 20:41:00+08:00,USLSA,18.96,12.79351852
338679000,6588,2022-10-03 15:36:41+08:00,CNWGQ,2022-10-19 11:57:04+08:00,USLSA,15.28,15.84748843
338679000,6588,2022-11-25 23:40:36+08:00,CNWGQ,2022-12-10 21:11:16+08:00,USLSA,16.45,14.8962963
338679000,6588,2023-01-17 06:12:17+08:00,CNWGQ,2023-02-06 11:28:50+08:00,USLSA,12.82,20.21982639
338679000,6588,2023-03-27 01:41:59+08:00,CNWGQ,2023-04-10 08:14:43+08:00,USLSA,17.07,14.27273148
338679000,6588,2023-05-15 07:26:38+08:00,CNWGQ,2023-05-29 17:43:14+08:00,USLSA,16.68,14.42819444
338679000,6588,2023-09-11 11:47:05+08:00,CNWGQ,2023-09-27 20:05:09+08:00,USLSA,14.86,16.34587963
338679000,6588,2023-10-30 11:16:51+08:00,CNWGQ,2023-11-15 06:50:05+08:00,USLSA,15.22,15.81474537
338679000,6588,2023-12-21 18:28:10+08:00,CNWGQ,2024-01-04 05:50:10+08:00,USLSA,18.08,13.47361111
338679000,6588,2024-02-05 08:34:58+08:00,CNWGQ,2024-02-18 07:59:40+08:00,USLSA,18.58,12.97548611
338679000,6588,2024-03-18 02:09:47+08:00,CNWGQ,2024-04-03 22:53:04+08:00,USLSA,14.23,16.8633912
338796000,3500,2021-08-21 22:35:03+08:00,CNWGQ,2021-09-03 17:13:50+08:00,USLGB,19.04,12.77693287
338796000,3500,2021-09-24 01:18:33+08:00,CNWGQ,2021-10-08 19:21:28+08:00,USLGB,16.78,14.75202546
338796000,3500,2021-10-28 15:25:40+08:00,CNWGQ,2021-11-12 17:18:26+08:00,USLGB,16.75,15.07831019
338796000,3500,2021-12-03 09:51:27+08:00,CNWGQ,2021-12-17 18:12:22+08:00,USLGB,17.94,14.3478588
338796000,3500,2022-01-06 13:35:36+08:00,CNWGQ,2022-01-22 07:12:20+08:00,USLGB,15.58,15.73384259
338796000,3500,2022-02-09 16:33:15+08:00,CNWGQ,2022-02-26 02:16:22+08:00,USLGB,16.05,16.40494213
338796000,3500,2022-03-18 15:49:52+08:00,CNWGQ,2022-04-01 21:08:31+08:00,USLGB,17.39,14.22128472
338796000,3500,2022-04-22 02:14:30+08:00,CNWGQ,2022-05-06 21:13:04+08:00,USLGB,16.48,14.7906713
338796000,3500,2022-05-26 20:28:25+08:00,CNWGQ,2022-06-10 16:46:10+08:00,USLGB,16.57,14.84565972
338796000,3500,2022-08-04 15:18:53+08:00,CNWGQ,2022-08-19 21:20:00+08:00,USLGB,16.02,15.25077546
338796000,3500,2023-05-18 09:21:36+08:00,CNWGQ,2023-05-29 06:44:40+08:00,USLGB,22.27,10.89101852
338796000,3500,2023-06-23 03:06:33+08:00,CNWGQ,2023-07-03 20:45:48+08:00,USLGB,22.58,10.73559028
338796000,3500,2023-07-26 16:11:38+08:00,CNWGQ,2023-08-06 20:25:56+08:00,USLGB,21.68,11.17659722
338796000,3500,2023-08-30 23:31:48+08:00,CNWGQ,2023-09-10 20:50:34+08:00,USLGB,22.31,10.88803241
338796000,3500,2023-10-04 13:19:15+08:00,CNWGQ,2023-10-16 00:05:07+08:00,USLGB,21.88,11.44851852
338796000,3500,2023-11-08 19:08:13+08:00,CNWGQ,2023-11-20 08:25:43+08:00,USLGB,21.68,11.55381944
338796000,3500,2023-12-13 00:37:47+08:00,CNWGQ,2023-12-24 03:05:49+08:00,USLGB,21.87,11.10280093
338796000,3500,2024-01-17 15:35:32+08:00,CNWGQ,2024-01-29 22:15:08+08:00,USLGB,19.95,12.2775
338796000,3500,2024-02-21 09:55:26+08:00,CNWGQ,2024-03-05 01:12:09+08:00,USLGB,19.53,12.6366088
338796000,3500,2024-03-28 00:19:34+08:00,CNWGQ,2024-04-08 04:12:47+08:00,USLGB,21.94,11.16195602
338796000,3500,2024-05-02 04:54:52+08:00,CNWGQ,2024-05-13 03:41:11+08:00,USLGB,22.18,10.94883102
338796000,3500,2024-06-05 21:43:51+08:00,CNWGQ,2024-06-16 21:22:11+08:00,USLGB,22.11,10.9849537
338796000,3500,2024-07-10 13:54:34+08:00,CNWGQ,2024-07-21 20:53:56+08:00,USLGB,21.52,11.29122685
338796000,3500,2024-08-14 18:29:57+08:00,CNWGQ,2024-08-26 00:46:23+08:00,USLGB,21.57,11.26141204
338796000,3500,2024-09-18 22:53:38+08:00,CNWGQ,2024-09-30 04:01:51+08:00,USLGB,22.1,11.21403935
338796000,3500,2024-10-23 15:30:12+08:00,CNWGQ,2024-11-07 21:55:28+08:00,USLGB,16.1,15.2675463
338796000,3500,2024-11-28 09:24:51+08:00,CNWGQ,2024-12-09 13:41:51+08:00,USLGB,21.73,11.17847222
338796000,3500,2025-01-01 11:53:59+08:00,CNWGQ,2025-01-13 04:12:25+08:00,USLGB,21.18,11.67946759
338796000,3500,2025-03-13 12:42:41+08:00,CNWGQ,2025-03-24 20:55:12+08:00,USLGB,21.66,11.34202546
338796000,3500,2025-04-16 12:32:37+08:00,CNWGQ,2025-04-27 20:52:55+08:00,USLGB,21.31,11.34743056
338796000,3500,2025-05-21 17:14:32+08:00,CNWGQ,2025-06-01 20:50:08+08:00,USLGB,21.79,11.14972222
338796000,3500,2025-06-25 22:26:24+08:00,CNWGQ,2025-07-06 20:44:36+08:00,USLGB,22.24,10.92930556
338881000,5598,2025-02-13 00:18:56+08:00,CNWGQ,2025-02-28 08:13:11+08:00,USLSA,16.04,15.32934028
338881000,5598,2025-04-01 00:09:27+08:00,CNWGQ,2025-04-17 20:58:59+08:00,USLSA,14.34,16.86773148
338881000,5598,2025-05-21 18:09:52+08:00,CNWGQ,2025-06-06 06:20:58+08:00,USLSA,16.49,15.50770833
351361000,13798,2021-07-02 19:16:19+08:00,CNYSN,2021-07-19 02:50:18+08:00,USLSA,16.09,16.3152662
351361000,13798,2021-08-23 23:18:12+08:00,CNYSN,2021-09-14 22:21:16+08:00,USLSA,11.12,21.96046296
351361000,13798,2021-10-20 12:17:23+08:00,CNYSN,2021-12-01 00:56:42+08:00,USLSA,7.31,41.52730324
351361000,13798,2022-01-04 13:55:21+08:00,CNYSN,2022-02-17 13:41:05+08:00,USLSA,7.59,43.99009259
351361000,13798,2025-04-21 09:04:57+08:00,CNXIA,2025-05-08 19:13:23+08:00,USLGB,15.43,17.42252315
351571000,12118,2021-11-16 06:29:15+08:00,CNYTN,2021-12-15 06:12:55+08:00,USLSA,10.51,28.98865741
351571000,12118,2022-02-03 22:45:44+08:00,CNXIA,2022-02-21 00:48:22+08:00,USLSA,15.21,17.08516204
351571000,12118,2022-03-27 12:33:44+08:00,CNYTN,2022-04-20 12:35:57+08:00,USLSA,11.32,24.00153935
351571000,12118,2022-05-27 18:04:00+08:00,CNYTN,2022-06-10 20:47:36+08:00,USLSA,19.23,14.11361111
351571000,12118,2022-07-17 16:57:34+08:00,CNYTN,2022-07-31 20:31:50+08:00,USLSA,18.89,14.1487963
351571000,12118,2022-09-08 11:27:24+08:00,TWTAP,2022-09-21 07:09:56+08:00,USLSA,19.47,12.8212037
351571000,12118,2022-10-20 07:13:59+08:00,TWKAO,2022-11-02 19:42:19+08:00,USLSA,19.14,13.51967593
351571000,12118,2023-03-28 00:13:10+08:00,CNYTN,2023-04-11 06:18:28+08:00,USLSA,18.79,14.25368056
351571000,12118,2023-05-16 15:51:04+08:00,TWKAO,2023-06-03 21:06:45+08:00,USLSA,14.17,18.21922454
351571000,12118,2023-07-05 10:43:48+08:00,CNYTN,2023-07-19 19:45:06+08:00,USLSA,18.62,14.37590278
351571000,12118,2023-09-08 16:02:27+08:00,CNYTN,2023-09-22 08:15:29+08:00,USLSA,19.63,13.67571759
351571000,12118,2023-11-06 16:23:53+08:00,CNYTN,2023-11-20 20:45:19+08:00,USLSA,18.9,14.18155093
351571000,12118,2024-01-09 00:42:09+08:00,CNYTN,2024-01-23 20:30:28+08:00,USLSA,18.37,14.82521991
351571000,12118,2024-03-11 18:55:53+08:00,CNYTN,2024-03-26 06:13:06+08:00,USLSA,18.57,14.47028935
351819000,8827,2021-12-16 02:59:01+08:00,CNYSN,2022-02-06 18:23:54+08:00,USLSA,7.55,52.64228009
351819000,8827,2024-05-07 08:51:19+08:00,CNQIN,2024-07-04 07:58:46+08:00,USLGB,10.13,57.96350694
351819000,8827,2025-03-17 01:56:40+08:00,CNXIA,2025-04-02 20:55:49+08:00,USLGB,15.7,16.79107639
351848000,12400,2020-04-28 16:07:25+08:00,CNYSN,2020-05-11 06:10:14+08:00,USLGB,19.63,12.58528935
351848000,12400,2020-08-28 00:20:13+08:00,CNYSN,2020-09-10 06:26:29+08:00,USLGB,18.37,13.25435185
351848000,12400,2020-12-21 08:53:33+08:00,CNYSN,2021-01-17 00:00:07+08:00,USLGB,9.33,26.62956019
351848000,12400,2021-05-11 01:10:53+08:00,CNYTN,2021-05-30 18:21:54+08:00,USLGB,14.35,19.7159838
351848000,12400,2021-07-11 14:20:46+08:00,CNYTN,2021-08-05 22:32:26+08:00,USLGB,10.86,25.34143519
351848000,12400,2021-09-10 00:18:23+08:00,CNYTN,2021-10-17 20:11:42+08:00,USLGB,7.93,37.82869213
351848000,12400,2021-11-25 21:41:17+08:00,CNNBO,2022-01-23 20:11:21+08:00,USLGB,5.73,58.9375463
351848000,12400,2022-03-02 09:51:27+08:00,CNNBO,2022-04-10 18:32:37+08:00,USLGB,7.87,39.3619213
351848000,12400,2022-06-01 07:51:11+08:00,CNNBO,2022-06-22 06:01:19+08:00,USLGB,12.95,20.9237037
351848000,12400,2022-08-05 01:56:48+08:00,CNNBO,2022-08-18 20:31:45+08:00,USLGB,18.6,13.77427083
351848000,12400,2023-08-12 13:05:30+08:00,CNYSN,2023-08-26 06:10:19+08:00,USLGB,17.54,13.71167824
351848000,12400,2024-10-12 06:56:17+08:00,CNYSN,2024-10-27 20:07:44+08:00,USLGB,17.27,15.54961806
351848000,12400,2024-12-04 20:45:06+08:00,CNYSN,2024-12-20 03:54:18+08:00,USLGB,17.85,15.29805556
352002625,3500,2023-06-06 16:09:34+08:00,CNYSN,2023-08-04 20:00:04+08:00,USLSA,9.73,59.16006944
352002997,3500,2023-09-22 04:21:14+08:00,CNYSN,2023-11-03 18:50:09+08:00,USLSA,11.85,42.60341435
352004744,12846,2025-02-06 22:16:28+08:00,CNXIA,2025-02-23 04:06:35+08:00,USLSA,17.38,16.24313657
352111000,11888,2021-07-12 05:07:51+08:00,TWTAP,2021-07-31 21:55:18+08:00,USLSA,12.88,19.69961806
352111000,11888,2021-09-07 05:31:58+08:00,CNYTN,2021-09-28 20:33:26+08:00,USLSA,13.21,21.62601852
352111000,11888,2021-11-01 12:43:25+08:00,CNYTN,2021-11-24 22:14:29+08:00,USLSA,12.24,23.39657407
352111000,11888,2021-12-28 22:32:06+08:00,CNYTN,2022-02-03 22:15:57+08:00,USLSA,8.58,36.98878472
352111000,11888,2022-03-07 20:32:55+08:00,CNYTN,2022-03-27 22:48:22+08:00,USLSA,13.68,20.0940625
352111000,11888,2022-04-28 15:46:43+08:00,CNYTN,2022-05-18 21:42:07+08:00,USLSA,13.39,20.24680556
352111000,11888,2022-06-29 23:12:30+08:00,CNYTN,2022-07-16 20:49:43+08:00,USLSA,15.8,16.90084491
352111000,11888,2022-08-26 08:05:17+08:00,CNNBO,2022-09-07 20:52:20+08:00,USLSA,19.19,12.53267361
352111000,11888,2023-01-31 00:13:30+08:00,TWKAO,2023-02-14 07:30:34+08:00,USLSA,18.75,14.30351852
352111000,11888,2023-03-21 03:31:52+08:00,CNYTN,2023-04-04 06:15:38+08:00,USLSA,18.91,14.11372685
352135000,8452,2022-06-24 03:15:01+08:00,CNNBO,2022-07-11 12:15:58+08:00,USLSA,13.99,17.37565972
352135000,8452,2022-08-14 17:10:03+08:00,CNNBO,2022-08-27 21:23:47+08:00,USLSA,18.36,13.1762037
352135000,8452,2022-10-10 08:30:21+08:00,CNNBO,2022-10-24 21:26:30+08:00,USLSA,16.68,14.53899306
352135000,8452,2023-03-05 13:07:49+08:00,TWTAP,2023-03-19 19:35:57+08:00,USLSA,17.4,14.26953704
352135000,8452,2023-05-23 02:26:23+08:00,CNYTN,2023-06-10 06:14:30+08:00,USLSA,14.7,18.15841435
352135000,8452,2023-07-17 00:18:42+08:00,CNNBO,2023-08-01 20:30:04+08:00,USLSA,15.17,15.84122685
352135000,8452,2023-09-07 11:48:35+08:00,CNNBO,2023-09-21 21:00:29+08:00,USLSA,16.73,14.38326389
352149000,13656,2022-12-03 11:48:22+08:00,CNYTN,2022-12-18 22:08:36+08:00,USLSA,18.3,15.43071759
352157000,2181,2021-08-05 02:27:46+08:00,TWKAO,2021-08-25 21:19:50+08:00,USLSA,12.53,20.78615741
352157000,2181,2021-10-06 06:31:37+08:00,CNYTN,2021-11-01 22:35:04+08:00,USLSA,10.71,26.6690625
352157000,2181,2021-12-20 20:14:31+08:00,TWTAP,2022-01-10 10:55:09+08:00,USLSA,14.78,20.61155093
352361000,13798,2023-01-10 21:14:34+08:00,CNYSN,2023-02-04 02:26:52+08:00,USLGB,12.18,24.216875
352361000,13798,2023-06-19 23:21:29+08:00,HKHKG,2023-07-12 11:44:10+08:00,USLSA,12.52,22.51575231
352361000,13798,2024-07-23 18:51:12+08:00,CNNBO,2024-08-10 23:10:21+08:00,USLGB,14.65,18.17996528
352366000,13656,2020-05-14 14:12:42+08:00,TWTAP,2020-05-26 20:59:22+08:00,USLSA,20.9,12.28240741
352366000,13656,2020-06-23 23:03:29+08:00,CNYTN,2020-07-07 07:31:42+08:00,USLSA,20.05,13.35292824
352631000,10062,2020-01-30 13:12:28+08:00,CNNBO,2020-02-13 07:31:40+08:00,USLGB,17.65,13.76333333
352631000,10062,2020-07-08 00:13:37+08:00,CNNBO,2020-07-20 22:24:40+08:00,USLGB,19.02,12.92434028
352631000,10062,2020-09-30 08:37:29+08:00,CNNBO,2020-10-13 06:20:06+08:00,USLGB,18.82,12.90459491
352631000,10062,2020-12-24 01:07:57+08:00,CNNBO,2021-01-10 11:04:25+08:00,USLGB,14.49,17.41421296
352631000,10062,2021-02-13 04:34:11+08:00,CNNBO,2021-03-04 14:06:05+08:00,USLGB,12.78,19.39715278
352631000,10062,2021-04-24 12:35:37+08:00,CNNBO,2021-05-17 20:56:07+08:00,USLGB,10.31,23.34756944
352631000,10062,2021-06-14 14:37:21+08:00,CNNBO,2021-06-27 20:27:48+08:00,USLGB,18.12,13.24336806
352631000,10062,2021-11-10 09:41:16+08:00,CNNBO,2021-12-12 22:00:11+08:00,USLGB,8.13,32.51313657
352631000,10062,2022-01-09 07:14:07+08:00,CNNBO,2022-02-08 11:06:46+08:00,USLGB,8.85,30.1615625
352631000,10062,2022-03-08 07:21:06+08:00,CNNBO,2022-03-23 19:57:06+08:00,USLGB,15.51,15.525
352631000,10062,2022-08-02 06:11:48+08:00,CNNBO,2022-08-18 22:09:35+08:00,USLGB,14.78,16.66512731
352631000,10062,2024-07-14 20:39:52+08:00,CNYTN,2024-07-30 04:52:50+08:00,USLGB,17.52,15.34233796
352631000,10062,2024-08-29 00:02:15+08:00,CNNBO,2024-09-12 03:50:58+08:00,USLGB,17.21,14.15883102
352853000,16652,2022-12-29 04:47:09+08:00,CNYSN,2023-01-19 15:49:25+08:00,USLGB,15.47,21.45990741
352853000,16652,2024-08-27 19:08:37+08:00,CNYSN,2024-09-10 21:23:39+08:00,USLGB,17.09,14.09377315
352853000,16652,2024-12-10 11:19:56+08:00,CNYSN,2024-12-28 21:05:52+08:00,USLGB,17.26,18.40689815
352948000,5059,2021-11-10 22:52:03+08:00,CNYSN,2021-12-20 21:10:22+08:00,USLSA,7.56,39.92938657
352948000,5059,2022-01-14 00:06:38+08:00,CNYSN,2022-03-01 22:24:18+08:00,USLSA,7.83,46.92893519
352952000,16652,2023-09-24 09:22:08+08:00,CNYSN,2023-10-12 21:35:02+08:00,USLGB,14.34,18.50895833
352952000,16652,2023-11-27 12:16:39+08:00,CNYSN,2023-12-13 21:20:22+08:00,USLGB,16.36,16.37758102
352952000,16652,2024-01-30 05:43:33+08:00,CNYSN,2024-02-16 07:14:22+08:00,USLGB,15.28,17.06306713
352952000,16652,2024-03-30 14:48:55+08:00,CNYSN,2024-04-16 22:11:10+08:00,USLGB,14.82,17.30711806
352978194,11714,2021-10-01 23:44:37+08:00,CNNBO,2021-11-29 02:01:50+08:00,USLSA,5.67,58.09528935
352978194,11714,2022-01-09 20:46:31+08:00,CNNBO,2022-02-23 07:12:26+08:00,USLGB,7.09,44.43466435
352978194,11714,2022-03-25 14:19:26+08:00,CNNBO,2022-04-20 23:05:48+08:00,USLSA,9.74,26.36553241
352978194,11714,2022-05-27 04:24:59+08:00,CNNBO,2022-06-22 17:20:34+08:00,USLSA,9.53,26.53859954
352978194,11714,2022-08-05 23:24:41+08:00,CNNBO,2022-09-28 22:12:20+08:00,USLSA,5.8,53.94975694
352978194,11714,2022-11-02 20:30:27+08:00,CNNBO,2022-11-18 21:45:58+08:00,USLSA,15.23,16.05244213
352978194,11714,2023-01-23 05:50:21+08:00,CNNBO,2023-02-15 21:21:25+08:00,USLSA,10.7,23.64657407
352978194,11714,2023-04-20 11:27:09+08:00,CNNBO,2023-05-06 05:52:26+08:00,USLGB,15.68,15.76755787
352978194,11714,2023-06-10 06:38:14+08:00,CNNBO,2023-06-25 19:50:14+08:00,USLGB,15.68,15.55
352978194,11714,2023-08-02 23:53:46+08:00,CNNBO,2023-08-18 06:05:03+08:00,USLGB,15.97,15.25783565
352978194,11714,2023-09-19 12:46:51+08:00,CNYSN,2023-10-03 06:00:37+08:00,USLGB,17.44,13.71789352
352978194,11714,2023-11-05 18:27:47+08:00,CNYSN,2023-11-22 00:10:32+08:00,USLSA,15.03,16.23802083
352978194,11714,2024-01-04 03:14:50+08:00,CNYSN,2024-01-24 22:05:02+08:00,USLSA,11.8,20.78486111
352978194,11714,2024-03-01 23:27:09+08:00,CNYSN,2024-03-16 12:36:22+08:00,USLSA,16.64,14.54806713
352978194,11714,2024-04-25 19:54:28+08:00,CNYSN,2024-05-10 20:05:10+08:00,USLGB,16.21,15.00743056
352978194,11714,2024-06-15 23:45:54+08:00,CNYSN,2024-06-29 20:27:57+08:00,USLSA,17.23,13.86253472
352978194,11714,2024-08-06 08:13:38+08:00,CNYSN,2024-08-20 22:22:54+08:00,USLSA,16.49,14.58976852
352978194,11714,2024-10-01 22:52:23+08:00,CNYSN,2024-10-16 20:19:41+08:00,USLSA,16.05,14.89395833
352986159,11714,2021-08-13 07:56:37+08:00,CNNBO,2021-09-18 21:57:19+08:00,USLSA,10.41,36.58381944
352986159,11714,2022-02-06 15:00:00+08:00,CNNBO,2022-03-07 17:50:07+08:00,USLSA,9.92,29.11813657
352986159,11714,2022-04-15 07:27:37+08:00,CNNBO,2022-05-10 21:53:46+08:00,USLSA,10.05,25.60149306
352986159,11714,2022-06-14 10:11:07+08:00,CNNBO,2022-07-03 22:07:15+08:00,USLSA,12.62,19.49731481
352986159,11714,2022-08-16 00:31:39+08:00,CNNBO,2022-10-10 21:08:12+08:00,USLSA,5.26,55.85871528
352986159,11714,2022-12-11 12:20:57+08:00,CNNBO,2023-01-03 19:51:23+08:00,USLSA,11.47,23.31280093
352986159,11714,2023-03-02 11:52:55+08:00,CNNBO,2023-03-20 20:30:11+08:00,USLSA,13.31,18.35921296
352986159,11714,2023-05-17 14:14:05+08:00,CNNBO,2023-06-01 19:56:42+08:00,USLGB,15.97,15.23792824
352986159,11714,2024-03-26 06:28:37+08:00,CNYSN,2024-04-09 20:07:32+08:00,USLGB,16.54,14.56869213
352986159,11714,2024-05-19 03:56:13+08:00,CNYSN,2024-06-02 21:27:43+08:00,USLGB,16.25,14.73020833
353025000,4882,2020-09-12 06:21:50+08:00,CNWGQ,2020-09-26 07:11:50+08:00,USLSA,20.1,14.03472222
353025000,4882,2021-12-19 00:22:01+08:00,CNYSN,2022-01-28 08:41:18+08:00,USLSA,7.5,40.34672454
353051000,13798,2023-12-02 06:33:03+08:00,CNYSN,2023-12-21 22:50:10+08:00,USLGB,14.76,19.67855324
353051000,13798,2024-02-07 01:00:40+08:00,CNYSN,2024-02-24 22:53:07+08:00,USLGB,13.72,17.91142361
353051000,13798,2024-04-08 01:02:56+08:00,CNYSN,2024-04-22 06:21:40+08:00,USLGB,17.48,14.22134259
353051000,13798,2024-05-27 18:34:46+08:00,CNYSN,2024-06-10 05:07:23+08:00,USLGB,17.93,13.43931713
353051000,13798,2024-07-15 03:52:03+08:00,CNYSN,2024-07-28 21:52:24+08:00,USLGB,17.52,13.75024306
353051000,13798,2024-09-04 13:37:50+08:00,CNYSN,2024-09-22 21:37:38+08:00,USLGB,13.51,18.33319444
353051000,13798,2024-10-28 13:38:06+08:00,CNYSN,2024-11-13 23:00:06+08:00,USLGB,17.05,16.39027778
353155000,13798,2020-07-25 09:42:09+08:00,CNXIA,2020-08-07 06:13:56+08:00,USLSA,19.94,12.85540509
353155000,13798,2020-11-15 05:14:26+08:00,CNXIA,2020-12-07 08:40:15+08:00,USLSA,11.78,22.14292824
353155000,13798,2021-03-28 06:50:34+08:00,CNXIA,2021-04-15 19:54:58+08:00,USLSA,14.02,18.54472222
353155000,13798,2023-01-06 06:32:43+08:00,CNYSN,2023-01-25 22:49:13+08:00,USLGB,15.41,19.678125
353160000,14036,2021-08-10 10:27:43+08:00,CNNBO,2021-09-02 22:53:51+08:00,USLGB,10.32,23.51814815
353160000,14036,2021-10-05 12:02:45+08:00,CNNBO,2021-11-10 22:18:56+08:00,USLGB,8.59,36.42790509
353160000,14036,2022-06-06 02:41:32+08:00,CNDCB,2022-07-01 18:34:18+08:00,USLGB,13.51,25.66164352
353160000,14036,2023-01-19 18:41:38+08:00,CNNBO,2023-02-11 22:34:29+08:00,USLGB,12.62,23.16170139
353160000,14036,2024-03-17 13:32:32+08:00,CNYSN,2024-04-10 20:30:02+08:00,USLGB,12.05,24.28993056
353162000,13798,2020-08-14 07:43:25+08:00,CNYSN,2020-08-26 20:22:34+08:00,USLGB,19.31,12.5271875
353162000,13798,2020-12-20 20:24:06+08:00,CNYSN,2021-01-24 07:11:08+08:00,USLGB,7.26,34.4493287
353162000,13798,2021-03-08 18:22:51+08:00,CNYSN,2021-04-10 18:52:53+08:00,USLGB,11.58,33.02085648
353162000,13798,2021-08-16 10:30:47+08:00,CNYTN,2021-09-12 20:56:26+08:00,USLGB,10.27,27.43447917
353162000,13798,2022-12-18 12:01:03+08:00,CNYSN,2023-01-12 22:44:01+08:00,USLGB,11.8,25.44650463
353162000,13798,2023-02-24 09:25:34+08:00,CNYSN,2023-03-13 06:27:38+08:00,USLGB,16.38,16.87643519
353162000,13798,2023-04-27 22:57:29+08:00,CNYSN,2023-05-11 20:40:48+08:00,USLGB,18.16,13.90508102
353162000,13798,2023-06-20 01:45:35+08:00,CNYSN,2023-07-07 20:07:34+08:00,USLGB,14.03,17.7652662
353162000,13798,2023-08-19 08:46:51+08:00,CNYSN,2023-09-02 11:35:29+08:00,USLGB,17.07,14.11710648
353162000,13798,2023-10-12 23:23:34+08:00,CNYSN,2023-10-28 19:15:15+08:00,USLGB,16.6,15.82755787
353428000,12400,2020-05-22 12:29:04+08:00,CNXIA,2020-06-06 06:37:02+08:00,USLSA,17.79,14.75553241
353428000,12400,2022-03-23 09:02:36+08:00,CNMWN,2022-04-20 21:46:05+08:00,USLSA,10.58,28.53019676
353428000,12400,2024-05-12 01:17:04+08:00,CNYSN,2024-05-25 21:25:09+08:00,USLGB,17.34,13.83894676
353428000,12400,2024-07-01 18:51:29+08:00,CNYSN,2024-07-14 20:18:29+08:00,USLGB,18.42,13.06041667
353524000,9592,2020-02-03 04:42:43+08:00,TWKAO,2020-02-17 21:52:29+08:00,USLSA,17.83,14.71511574
353524000,9592,2020-03-19 16:32:22+08:00,CNYTN,2020-04-06 07:01:33+08:00,USLSA,15.56,17.60359954
353524000,9592,2020-05-08 11:59:28+08:00,CNNBO,2020-05-22 20:53:10+08:00,USLSA,17.18,14.370625
353524000,9592,2020-06-19 16:28:07+08:00,CNNBO,2020-07-03 20:09:36+08:00,USLSA,17.13,14.15380787
353524000,9592,2020-07-31 17:23:05+08:00,CNNBO,2020-08-15 07:18:58+08:00,USLSA,17.26,14.58047454
353524000,9592,2020-09-11 06:13:37+08:00,CNNBO,2020-09-29 20:15:32+08:00,USLSA,15.83,18.58466435
353524000,9592,2020-10-30 00:16:31+08:00,CNNBO,2020-11-16 10:16:41+08:00,USLSA,15.59,17.41678241
353524000,9592,2020-12-20 04:51:22+08:00,CNQIN,2021-01-14 22:31:24+08:00,USLSA,9.58,25.73613426
353524000,9592,2021-02-14 20:46:32+08:00,CNNBO,2021-03-04 22:56:58+08:00,USLSA,13.78,18.0905787
353590000,23656,2020-05-29 20:21:54+08:00,CNXIA,2020-06-12 20:17:00+08:00,USLSA,18.86,13.99659722
353590000,23656,2020-09-29 11:11:41+08:00,CNXIA,2020-10-12 17:51:56+08:00,USLSA,20.37,13.27795139
353590000,23656,2021-01-30 11:54:39+08:00,CNXIA,2021-02-19 19:56:07+08:00,USLSA,13.5,20.33435185
353592000,8930,2023-03-17 12:14:17+08:00,CNZOS,2023-04-07 21:02:54+08:00,USLSA,12.13,21.36709491
353873000,5059,2021-04-22 17:51:37+08:00,CNNBO,2021-06-12 21:00:55+08:00,USLGB,9.72,51.13145833
353873000,5059,2021-10-31 02:49:05+08:00,CNMWN,2021-11-29 03:11:29+08:00,USLGB,10.66,29.01555556
353873000,5059,2021-12-23 00:27:18+08:00,CNYSN,2022-02-14 21:16:32+08:00,USLGB,6.69,53.86752315
353873000,5059,2022-03-19 14:24:43+08:00,CNMWN,2022-04-20 11:06:06+08:00,USLGB,10.31,31.86207176
353873000,5059,2023-01-06 06:28:23+08:00,CNDCB,2023-01-26 22:02:49+08:00,USLSA,15.71,20.64891204
353903000,6350,2020-03-27 00:11:57+08:00,CNWGQ,2020-04-11 20:47:22+08:00,USLSA,15.33,15.85792824
353903000,6350,2022-08-22 13:31:10+08:00,CNNBO,2022-09-08 07:40:51+08:00,USLSA,14.63,16.75672454
353903000,6350,2022-10-23 09:07:14+08:00,CNNBO,2022-11-12 21:40:04+08:00,USLSA,12.24,20.52280093
353903000,6350,2022-12-23 15:52:15+08:00,CNNBO,2023-01-13 22:04:28+08:00,USLSA,11.7,21.2584838
353903000,6350,2025-04-17 20:55:12+08:00,CNYTN,2025-05-06 20:18:32+08:00,USLSA,14.13,18.97453704
353903000,6350,2025-06-16 08:14:35+08:00,CNNBO,2025-07-03 21:05:12+08:00,USLSA,13.83,17.53515046
353934000,5059,2021-10-25 11:35:56+08:00,CNYSN,2021-11-24 07:06:00+08:00,USLSA,9.81,29.8125463
353934000,5059,2023-05-25 06:20:11+08:00,CNMWN,2023-06-21 21:21:26+08:00,USLSA,15.83,27.62586806
353968000,5059,2021-12-01 04:00:26+08:00,CNYSN,2022-01-19 22:21:49+08:00,USLSA,6.84,49.76484954
353968000,5059,2022-02-11 23:28:15+08:00,CNMWN,2022-03-22 21:52:47+08:00,USLSA,9.37,38.9337037
353968000,5059,2022-04-22 02:20:29+08:00,CNYSN,2022-05-24 06:28:56+08:00,USLSA,11.04,32.17253472
353968000,5059,2023-05-22 06:24:39+08:00,CNYTN,2023-06-06 21:13:35+08:00,USLSA,17.85,15.61731481
354022000,11888,2024-04-17 23:00:59+08:00,CNNBO,2024-05-01 06:08:35+08:00,USLSA,18.24,13.29694444
354022000,11888,2024-06-04 11:04:06+08:00,CNNBO,2024-06-16 19:56:37+08:00,USLSA,19.56,12.36980324
354022000,11888,2025-07-01 21:06:37+08:00,CNNBO,2025-07-15 20:52:49+08:00,USLSA,17.23,13.99041667
354053000,1740,2021-12-12 18:45:32+08:00,CNNBO,2022-01-27 08:42:25+08:00,USLSA,7.17,45.58116898
354060000,4662,2022-05-02 16:52:29+08:00,CNNBO,2022-05-20 21:53:22+08:00,USLSA,13.45,18.20894676
354120000,4432,2025-06-13 22:48:13+08:00,CNYSN,2025-06-29 17:53:36+08:00,USLSA,15.27,15.79540509
354135000,9592,2021-11-06 02:29:04+08:00,HKHKG,2021-12-16 19:26:19+08:00,USLSA,7.44,40.70642361
354194000,1618,2022-01-12 07:16:14+08:00,CNYTN,2022-02-17 08:16:16+08:00,USLGB,9.02,36.04168981
354202000,5059,2021-12-10 08:45:34+08:00,CNYSN,2022-01-25 21:23:46+08:00,USLSA,7.11,46.52652778
354415000,4900,2021-10-04 22:28:19+08:00,CNMWN,2021-11-04 21:31:53+08:00,USLSA,9.42,30.96081019
354415000,4900,2021-11-30 04:30:08+08:00,CNMWN,2022-01-13 08:34:07+08:00,USLSA,7.14,44.16943287
354462000,14036,2024-01-09 17:41:22+08:00,CNYSN,2024-01-25 20:00:52+08:00,USLGB,15.19,16.096875
354462000,14036,2024-03-10 19:33:20+08:00,CNYSN,2024-03-25 19:08:49+08:00,USLGB,16.31,14.98297454
354462000,14036,2024-05-03 09:18:09+08:00,CNYSN,2024-05-18 06:19:53+08:00,USLGB,16.29,14.8762037
354462000,14036,2024-06-17 09:25:10+08:00,CNYSN,2024-06-30 21:34:12+08:00,USLGB,17.76,13.50627315
354462000,14036,2024-11-24 19:24:47+08:00,CNYSN,2024-12-14 19:01:53+08:00,USLGB,13.38,19.98409722
354462000,14036,2025-01-24 08:26:57+08:00,CNYSN,2025-02-09 20:04:23+08:00,USLGB,17.51,16.4843287
354462000,14036,2025-06-28 12:55:07+08:00,CNYTN,2025-07-15 17:16:05+08:00,USLGB,16.37,17.18122685
354625000,14036,2020-06-25 00:04:58+08:00,CNYSN,2020-07-07 22:31:58+08:00,USLGB,18.58,12.93541667
354625000,14036,2020-10-23 02:01:22+08:00,CNYSN,2020-11-10 23:21:48+08:00,USLGB,12.82,18.88918981
354625000,14036,2021-03-07 01:01:06+08:00,CNYTN,2021-03-29 20:29:31+08:00,USLGB,13.19,22.81140046
354625000,14036,2022-05-08 10:52:17+08:00,CNMWN,2022-06-09 18:23:24+08:00,USLGB,10.34,32.31327546
354625000,14036,2024-11-20 05:54:06+08:00,CNYSN,2024-12-06 00:08:51+08:00,USLGB,16.94,15.76024306
354625000,14036,2025-06-07 22:58:57+08:00,CNYSN,2025-06-25 06:02:24+08:00,USLGB,15.15,17.2940625
354839000,8212,2020-03-05 23:48:52+08:00,CNYSN,2020-03-25 21:12:43+08:00,USLSA,13.47,19.8915625
354839000,8212,2022-03-29 11:35:14+08:00,CNSLH,2022-04-29 07:11:32+08:00,USLSA,8.87,30.816875
354839000,8212,2024-01-13 07:22:39+08:00,CNYTN,2024-02-03 22:13:33+08:00,USLSA,13.78,21.61868056
354848000,9592,2020-01-11 14:21:26+08:00,CNYTN,2020-01-26 08:09:11+08:00,USLSA,19.08,14.74149306
354848000,9592,2020-02-29 00:33:26+08:00,TWKAO,2020-03-13 22:46:51+08:00,USLSA,19.38,13.9259838
354886000,10062,2020-01-23 04:25:37+08:00,CNNBO,2020-02-05 22:01:18+08:00,USLGB,17.73,13.73311343
354886000,10062,2020-03-03 01:19:26+08:00,CNNBO,2020-03-16 19:54:56+08:00,USLGB,18.52,13.77465278
354886000,10062,2020-07-15 08:30:25+08:00,CNNBO,2020-07-28 04:52:30+08:00,USLGB,19.07,12.84866898
354886000,10062,2020-08-26 19:33:01+08:00,CNNBO,2020-09-08 21:24:00+08:00,USLGB,18.65,13.07707176
354886000,10062,2020-11-19 08:39:38+08:00,CNNBO,2020-12-02 01:30:47+08:00,USLGB,19.58,12.7021875
354886000,10062,2021-02-16 22:29:19+08:00,CNNBO,2021-03-10 04:30:32+08:00,USLGB,11.75,21.25084491
354886000,10062,2021-06-22 02:48:58+08:00,CNNBO,2021-07-08 20:20:37+08:00,USLGB,14.67,16.7303125
354886000,10062,2021-12-31 08:23:47+08:00,CNNBO,2022-01-29 21:57:20+08:00,USLGB,9.16,29.56496528
354886000,10062,2022-02-27 08:18:39+08:00,CNNBO,2022-03-16 06:56:25+08:00,USLGB,14.54,16.94289352
354886000,10062,2022-04-11 13:41:27+08:00,CNNBO,2022-04-30 20:32:09+08:00,USLGB,13.07,19.28520833
354886000,10062,2022-05-30 14:30:07+08:00,CNNBO,2022-06-17 05:57:39+08:00,USLGB,13.69,17.64412037
354886000,10062,2022-11-23 06:03:18+08:00,CNYSN,2022-12-07 06:42:12+08:00,USLGB,17.65,14.02701389
354886000,10062,2023-01-09 01:50:45+08:00,CNYSN,2023-02-03 07:11:27+08:00,USLSA,10.57,25.22270833
354886000,10062,2023-03-09 01:50:13+08:00,CNYSN,2023-03-22 21:24:12+08:00,USLGB,17.43,13.8152662
354886000,10062,2023-04-26 22:23:15+08:00,CNYSN,2023-05-10 21:46:47+08:00,USLGB,17.19,13.97467593
354886000,10062,2023-06-14 07:00:32+08:00,CNYSN,2023-06-28 22:03:35+08:00,USLGB,16.42,14.62711806
354886000,10062,2023-08-09 19:05:37+08:00,CNYSN,2023-08-24 06:30:22+08:00,USLGB,16.94,14.47552083
354886000,10062,2023-09-27 20:42:39+08:00,CNYSN,2023-10-12 06:03:28+08:00,USLGB,17.14,14.38945602
354886000,10062,2023-11-17 10:21:58+08:00,CNYSN,2023-12-01 21:07:11+08:00,USLGB,16.92,14.44806713
354886000,10062,2024-01-06 14:50:40+08:00,CNYSN,2024-01-20 22:00:51+08:00,USLGB,17.07,14.29873843
354886000,10062,2024-04-04 00:13:22+08:00,CNYSN,2024-04-18 08:26:09+08:00,USLGB,16.89,14.34221065
354886000,10062,2024-06-01 14:43:10+08:00,CNYSN,2024-06-15 06:11:36+08:00,USLGB,17.69,13.64474537
354886000,10062,2024-07-18 19:54:06+08:00,CNYSN,2024-08-01 23:15:22+08:00,USLGB,17.02,14.13976852
354886000,10062,2024-09-05 15:01:37+08:00,CNYSN,2024-09-19 20:01:39+08:00,USLGB,17.02,14.20835648
354886000,10062,2024-11-01 14:49:49+08:00,CNYSN,2024-11-18 05:49:10+08:00,USLGB,15.54,16.62454861
354886000,10062,2024-12-20 09:20:11+08:00,CNYSN,2025-01-04 06:53:58+08:00,USLGB,16.45,14.89846065
354886000,10062,2025-02-07 04:25:21+08:00,CNYSN,2025-02-23 05:56:26+08:00,USLGB,15.26,16.06325231
354886000,10062,2025-04-04 07:23:13+08:00,CNYSN,2025-04-18 05:48:53+08:00,USLGB,17.53,13.93449074
354886000,10062,2025-05-22 07:40:40+08:00,CNYSN,2025-06-05 20:51:44+08:00,USLGB,17.26,14.54935185
354886000,10062,2025-07-06 03:47:25+08:00,CNYSN,2025-07-20 05:01:04+08:00,USLGB,17.14,14.05114583
354928000,14026,2020-05-27 10:08:25+08:00,CNYTN,2020-06-11 08:03:33+08:00,USLGB,17.9,14.91328704
354928000,14026,2020-12-17 04:35:29+08:00,CNYTN,2021-01-18 23:09:08+08:00,USLGB,8.37,32.77336806
354928000,14026,2021-06-19 07:55:15+08:00,CNXIA,2021-07-06 20:52:42+08:00,USLGB,14.63,17.53989583
354928000,14026,2021-11-28 08:35:30+08:00,CNYTN,2022-01-16 00:05:11+08:00,USLGB,6.11,48.64561343
354928000,14026,2022-09-17 21:57:24+08:00,CNYTN,2022-10-04 19:22:18+08:00,USLGB,15.81,16.89229167
354928000,14026,2022-12-26 12:03:53+08:00,CNYTN,2023-01-17 19:53:35+08:00,USLGB,13.7,22.32618056
354928000,14026,2023-03-28 18:40:00+08:00,CNYTN,2023-04-14 21:10:07+08:00,USLGB,15.93,17.10424769
355006000,4252,2021-12-30 21:16:36+08:00,CNNBO,2022-02-03 07:45:00+08:00,USLGB,8.29,34.43638889
355006000,4252,2022-02-25 17:55:41+08:00,CNWGQ,2022-03-13 10:25:50+08:00,USLGB,16.69,15.68760417
355006000,4252,2022-04-16 11:27:56+08:00,CNWGQ,2022-05-03 22:17:26+08:00,USLGB,15.1,17.45104167
355006000,4252,2022-07-21 18:36:40+08:00,CNWGQ,2022-08-02 08:20:48+08:00,USLGB,20.83,11.57231481
355006000,4252,2022-09-01 15:02:04+08:00,CNWGQ,2022-09-13 04:20:33+08:00,USLGB,20.86,11.55450231
355006000,4252,2022-10-13 12:33:39+08:00,CNWGQ,2022-10-25 07:49:47+08:00,USLGB,21.17,11.80287037
355006000,4252,2022-11-17 04:48:12+08:00,CNWGQ,2022-11-29 07:14:38+08:00,USLGB,19.92,12.10168981
355006000,4252,2022-12-16 17:37:39+08:00,CNWGQ,2022-12-29 22:24:16+08:00,USLGB,20.29,13.19903935
355006000,4252,2023-03-02 09:11:39+08:00,CNWGQ,2023-03-14 06:38:33+08:00,USLGB,20.87,11.89368056
355006000,4252,2023-05-18 09:56:59+08:00,CNWGQ,2023-05-30 20:18:18+08:00,USLGB,19.59,12.43146991
355006000,4252,2023-06-24 03:03:31+08:00,CNWGQ,2023-07-06 21:34:07+08:00,USLGB,19.05,12.77125
355006000,4252,2023-07-28 05:09:22+08:00,CNWGQ,2023-08-08 20:50:09+08:00,USLGB,20.91,11.65332176
355006000,4252,2023-08-31 11:17:35+08:00,CNWGQ,2023-09-12 05:57:17+08:00,USLGB,20.68,11.77756944
355006000,4252,2023-10-05 14:36:36+08:00,CNWGQ,2023-10-17 11:50:11+08:00,USLGB,20.51,11.88443287
355006000,4252,2023-11-09 21:08:14+08:00,CNWGQ,2023-11-22 00:50:14+08:00,USLGB,20.3,12.15416667
355006000,4252,2023-12-28 21:56:09+08:00,CNWGQ,2024-01-10 09:15:06+08:00,USLGB,20.71,12.47149306
355006000,4252,2024-02-08 22:47:30+08:00,CNWGQ,2024-02-21 11:23:15+08:00,USLGB,19.64,12.52482639
355006000,4252,2024-04-04 11:02:10+08:00,CNWGQ,2024-04-16 07:02:34+08:00,USLGB,20.3,11.83361111
355006000,4252,2024-05-16 05:02:51+08:00,CNWGQ,2024-05-28 11:32:43+08:00,USLGB,19.83,12.27074074
355006000,4252,2024-06-20 12:01:08+08:00,CNWGQ,2024-07-02 08:44:03+08:00,USLGB,20.52,11.86313657
355006000,4252,2024-08-15 06:31:23+08:00,CNWGQ,2024-08-27 02:45:10+08:00,USLGB,20.57,11.84290509
355006000,4252,2024-09-25 03:36:37+08:00,CNWGQ,2024-10-06 20:56:37+08:00,USLGB,20.77,11.72222222
355006000,4252,2024-10-30 10:47:11+08:00,CNWGQ,2024-11-11 08:10:12+08:00,USLGB,20.85,11.8909838
355006000,4252,2024-12-12 08:13:49+08:00,CNWGQ,2024-12-24 15:42:54+08:00,USLGB,21.43,12.31186343
355006000,4252,2025-01-29 22:35:27+08:00,CNWGQ,2025-02-10 08:58:25+08:00,USLGB,21.09,11.43261574
355006000,4252,2025-03-19 15:06:02+08:00,CNWGQ,2025-03-31 03:16:41+08:00,USLGB,20.97,11.50739583
355006000,4252,2025-05-01 00:56:28+08:00,CNWGQ,2025-05-12 21:44:50+08:00,USLGB,20.41,11.8669213
355006000,4252,2025-06-12 12:16:04+08:00,CNWGQ,2025-06-24 00:08:50+08:00,USLGB,21.11,11.49497685
355232000,2553,2021-05-23 02:52:35+08:00,CNNBO,2021-06-08 20:14:45+08:00,USLSA,14.51,16.72372685
355233000,13798,2020-09-22 08:56:45+08:00,CNNBO,2020-10-07 04:12:03+08:00,USLGB,16.79,14.80229167
355271000,8212,2022-08-25 10:57:19+08:00,CNZOS,2022-09-29 20:17:14+08:00,USLSA,8.12,35.38883102
355283000,11668,2021-04-19 17:21:46+08:00,CNYSN,2021-05-18 21:04:08+08:00,USLGB,9.84,29.1544213
355283000,11668,2024-05-30 18:13:06+08:00,CNYSN,2024-06-13 06:08:43+08:00,USLGB,17.86,13.49695602
355283000,11668,2024-07-21 00:45:56+08:00,CNYSN,2024-08-03 16:56:42+08:00,USLGB,17.63,13.67414352
355283000,11668,2024-09-08 18:30:14+08:00,CNYSN,2024-09-24 20:14:39+08:00,USLGB,15.08,16.07251157
355288000,13092,2020-07-02 07:21:47+08:00,CNYSN,2020-07-14 23:03:43+08:00,USLGB,19.02,12.65412037
355288000,13092,2020-08-20 15:11:26+08:00,CNYSN,2020-09-01 22:40:45+08:00,USLGB,19.98,12.31202546
355288000,13092,2020-12-24 06:10:41+08:00,CNYSN,2021-01-19 13:34:52+08:00,USLGB,9.24,26.30846065
355288000,13092,2021-03-09 06:01:01+08:00,CNXIA,2021-04-04 04:21:03+08:00,USLSA,10.54,25.9305787
355288000,13092,2021-05-15 17:31:58+08:00,CNXIA,2021-05-31 06:06:01+08:00,USLSA,16.63,15.52364583
355288000,13092,2021-07-31 16:03:46+08:00,CNXIA,2021-08-30 03:20:44+08:00,USLSA,8.8,29.47011574
355288000,13092,2021-10-16 09:29:22+08:00,CNXIA,2021-11-19 22:33:40+08:00,USLSA,7.95,34.54465278
355288000,13092,2022-01-01 23:21:25+08:00,CNXIA,2022-02-11 14:54:34+08:00,USLSA,7.47,40.64802083
355288000,13092,2022-04-06 19:54:56+08:00,CNXIA,2022-05-08 22:33:25+08:00,USLSA,9.18,32.11005787
355288000,13092,2022-06-28 06:56:05+08:00,CNXIA,2022-07-25 21:56:11+08:00,USLSA,9.83,27.62506944
355288000,13092,2022-11-24 10:11:48+08:00,CNNBO,2022-12-08 20:36:11+08:00,USLGB,16.93,14.43359954
355288000,13092,2023-03-28 11:27:17+08:00,CNNBO,2023-04-13 22:47:51+08:00,USLSA,15,16.47261574
355288000,13092,2025-03-13 07:49:53+08:00,CNYTN,2025-03-30 21:14:47+08:00,USLSA,16.14,17.55895833
355400000,6350,2020-03-15 19:13:41+08:00,CNSHE,2020-05-07 06:55:31+08:00,USLSA,12.41,52.48738426
355400000,6350,2021-05-28 01:47:23+08:00,CNNBO,2021-06-12 18:55:39+08:00,USLSA,15.31,15.71407407
355400000,6350,2021-07-22 19:55:20+08:00,CNNBO,2021-08-14 19:27:36+08:00,USLSA,10.51,22.98074074
355400000,6350,2021-09-10 23:03:06+08:00,CNNBO,2021-10-06 19:59:57+08:00,USLSA,9.61,25.8728125
355400000,6350,2021-11-09 11:49:14+08:00,CNNBO,2021-12-07 08:56:24+08:00,USLSA,9.15,27.87997685
355400000,6350,2022-01-10 19:26:17+08:00,CNNBO,2022-02-15 21:49:12+08:00,USLSA,8.48,36.09924769
355400000,6350,2022-03-25 19:15:39+08:00,CNNBO,2022-04-19 06:40:48+08:00,USLSA,10.26,24.47579861
355433000,4888,2025-06-20 18:02:43+08:00,CNNBO,2025-07-06 17:42:51+08:00,USLGB,15.1,15.9862037
355443000,8540,2020-10-04 01:22:17+08:00,CNYSN,2020-10-16 15:58:41+08:00,USLSA,20.81,12.60861111
355443000,8540,2021-11-02 22:22:09+08:00,CNNBO,2021-11-18 08:20:28+08:00,USLGB,16.57,15.41549769
355623000,12118,2020-05-22 09:51:24+08:00,CNNBO,2020-06-03 20:49:33+08:00,USLSA,19.57,12.45704861
355623000,12118,2020-07-03 08:26:42+08:00,CNNBO,2020-07-14 23:11:57+08:00,USLSA,20.74,11.61475694
355623000,12118,2020-08-11 19:32:23+08:00,CNYTN,2020-08-24 21:58:07+08:00,USLSA,20.52,13.1012037
355623000,12118,2020-09-23 04:18:00+08:00,CNYTN,2020-10-05 22:37:34+08:00,USLSA,20.94,12.76358796
355623000,12118,2020-11-03 01:11:09+08:00,CNYTN,2020-11-18 21:37:04+08:00,USLSA,18.52,15.85133102
355623000,12118,2024-05-13 12:16:06+08:00,CNYTN,2024-05-28 06:04:26+08:00,USLSA,18.08,14.74189815
355623000,12118,2024-06-27 18:44:24+08:00,CNNBO,2024-07-12 20:00:31+08:00,USLSA,16.13,15.0528588
355623000,12118,2025-05-22 12:18:50+08:00,CNNBO,2025-06-05 20:24:18+08:00,USLSA,17,14.33712963
355703000,14220,2020-08-18 11:10:00+08:00,CNYTN,2020-09-02 22:49:06+08:00,USLGB,17.22,15.48548611
355703000,14220,2021-01-01 12:41:05+08:00,CNYTN,2021-01-27 21:08:24+08:00,USLGB,12.49,26.35230324
355703000,14220,2021-06-27 03:50:22+08:00,CNYTN,2021-07-15 20:02:23+08:00,USLGB,14.7,18.67501157
355703000,14220,2022-03-13 18:31:26+08:00,CNYTN,2022-04-01 11:28:38+08:00,USLGB,14.84,18.70638889
355703000,14220,2023-06-20 16:38:07+08:00,CNYTN,2023-07-06 17:15:13+08:00,USLSA,16.74,16.02576389
355703000,14220,2023-08-03 11:54:19+08:00,HKHKG,2023-09-12 10:39:48+08:00,USLSA,1.53,39.94825231
355798000,23756,2020-03-19 20:47:09+08:00,CNXIA,2020-04-02 06:17:41+08:00,USLSA,20.27,13.3962037
355896000,14052,2020-04-22 10:13:07+08:00,TWKAO,2020-05-06 21:55:16+08:00,USLGB,17.73,14.48760417
355896000,14052,2020-08-27 11:44:03+08:00,CNYTN,2020-09-11 07:17:48+08:00,USLGB,19.68,14.81510417
355896000,14052,2021-01-12 18:35:44+08:00,CNYTN,2021-02-07 03:13:31+08:00,USLGB,14.74,25.35957176
355896000,14052,2021-07-05 19:39:07+08:00,CNYTN,2021-07-28 20:00:40+08:00,USLGB,11.71,23.01496528
355906000,19224,2020-02-19 23:20:50+08:00,CNXIA,2020-03-09 06:17:04+08:00,USLSA,14.77,18.28905093
356234000,23656,2020-04-01 16:11:36+08:00,CNXIA,2020-04-14 19:58:47+08:00,USLSA,19.91,13.1577662
356289000,19224,2020-09-12 23:54:05+08:00,CNXIA,2020-09-26 18:11:19+08:00,USLSA,21.66,13.76196759
356289000,19224,2021-01-06 09:45:16+08:00,CNXIA,2021-01-29 05:21:58+08:00,USLSA,14.82,22.81715278
356289000,19224,2025-05-14 14:03:04+08:00,CNXIA,2025-06-08 23:09:52+08:00,USLGB,11.7,25.37972222
356407000,9466,2021-04-16 21:57:30+08:00,TWTAP,2021-05-06 20:15:34+08:00,USLSA,12.95,19.92921296
356407000,9466,2021-06-08 05:25:38+08:00,TWTAP,2021-06-20 07:41:11+08:00,USLSA,20.55,12.09413194
356407000,9466,2021-07-26 04:44:26+08:00,TWTAP,2021-08-14 03:14:34+08:00,USLSA,13.19,18.93759259
356407000,9466,2021-09-21 21:46:22+08:00,TWTAP,2021-10-07 07:40:43+08:00,USLSA,16.54,15.41274306
356407000,9466,2021-11-13 19:39:13+08:00,TWKAO,2021-12-11 13:12:13+08:00,USLSA,0.32,27.73125
356407000,9466,2022-01-14 13:17:52+08:00,HKHKG,2022-02-17 21:22:46+08:00,USLSA,8.53,34.33673611
356407000,9466,2022-03-27 11:03:11+08:00,TWKAO,2022-04-12 12:27:11+08:00,USLSA,16.28,16.05833333
356407000,9466,2023-04-09 00:50:34+08:00,TWTAP,2023-04-23 20:40:16+08:00,USLSA,16.78,14.82618056
356407000,9466,2023-06-15 19:52:12+08:00,TWTAP,2023-06-30 19:47:36+08:00,USLSA,16.55,14.99680556
356407000,9466,2023-09-30 08:38:02+08:00,CNNBO,2023-10-13 20:30:06+08:00,USLSA,17.95,13.49449074
356407000,9466,2023-11-15 16:22:39+08:00,CNNBO,2023-11-29 07:02:55+08:00,USLSA,18.4,13.6112963
356407000,9466,2024-01-06 23:56:24+08:00,CNNBO,2024-01-20 21:55:08+08:00,USLSA,17.35,13.91578704
356565000,6350,2020-02-11 22:02:56+08:00,CNNBO,2020-03-26 08:42:33+08:00,USLGB,11.08,43.44417824
356565000,6350,2023-12-07 17:24:13+08:00,TWKEE,2023-12-24 21:56:07+08:00,USLSA,15.07,17.18881944
356581000,10062,2020-01-15 15:23:15+08:00,CNNBO,2020-01-28 21:32:28+08:00,USLGB,18.65,13.25640046
356581000,10062,2020-02-25 22:10:52+08:00,CNNBO,2020-03-10 20:50:22+08:00,USLGB,17.91,13.94409722
356581000,10062,2020-05-26 20:12:15+08:00,CNNBO,2020-06-08 20:47:52+08:00,USLGB,18.43,13.0247338
356581000,10062,2020-08-22 00:56:22+08:00,CNNBO,2020-09-03 20:21:02+08:00,USLGB,19.11,12.8087963
356581000,10062,2020-11-14 17:43:02+08:00,CNYSN,2020-12-17 23:01:09+08:00,USLGB,8.49,33.22091435
356581000,10062,2021-01-21 17:26:57+08:00,CNNBO,2021-02-08 22:03:47+08:00,USLSA,13.78,18.19224537
356581000,10062,2021-03-08 03:16:17+08:00,CNNBO,2021-03-26 04:46:18+08:00,USLGB,13.49,18.06251157
356581000,10062,2021-04-27 20:10:29+08:00,CNNBO,2021-05-19 20:59:55+08:00,USLGB,11.04,22.0343287
356581000,10062,2021-06-23 11:36:56+08:00,CNNSA,2021-07-10 03:58:01+08:00,USLSA,16.15,16.68130787
356581000,10062,2021-08-08 19:58:49+08:00,CNYTN,2021-09-02 21:14:02+08:00,USLSA,10.7,25.0522338
356581000,10062,2021-10-17 22:44:56+08:00,CNYTN,2021-11-07 05:55:36+08:00,USLGB,13.35,20.29907407
356581000,10062,2021-11-30 02:17:43+08:00,CNNBO,2022-01-03 04:26:07+08:00,USLGB,7.99,34.08916667
356581000,10062,2022-02-03 22:12:20+08:00,CNNBO,2022-02-23 07:42:15+08:00,USLGB,12.8,19.39577546
356581000,10062,2025-06-18 14:30:18+08:00,CNNBO,2025-07-02 11:43:43+08:00,USLGB,17.49,13.88431713
356941000,14220,2023-07-05 10:41:49+08:00,CNYTN,2023-07-21 06:40:05+08:00,USLSA,16.86,15.83212963
356941000,14220,2023-09-06 22:29:10+08:00,CNYTN,2023-09-23 19:25:27+08:00,USLSA,16.01,16.87241898
357051000,14036,2020-04-14 08:30:12+08:00,CNYSN,2020-04-27 00:35:22+08:00,USLGB,19.27,12.67025463
357051000,14036,2020-08-17 23:20:06+08:00,CNNBO,2020-08-30 19:55:15+08:00,USLSA,18.85,12.85774306
357051000,14036,2020-09-30 17:50:06+08:00,CNNBO,2020-10-18 23:53:33+08:00,USLGB,15.48,18.25239583
357051000,14036,2020-11-16 04:29:33+08:00,CNNBO,2020-12-05 11:59:10+08:00,USLGB,14.08,19.3122338
357051000,14036,2021-01-04 21:26:47+08:00,CNNBO,2021-01-27 20:17:30+08:00,USLGB,12.93,22.95188657
357051000,14036,2021-02-25 02:32:13+08:00,CNYSN,2021-03-19 22:35:03+08:00,USLGB,11.84,22.83530093
357051000,14036,2021-04-24 04:17:52+08:00,CNYSN,2021-05-13 20:36:11+08:00,USLGB,12.75,19.67938657
357051000,14036,2021-06-13 15:06:59+08:00,CNYSN,2021-06-27 22:05:08+08:00,USLSA,17.18,14.29038194
357051000,14036,2021-08-03 11:27:32+08:00,CNYSN,2021-08-23 06:57:41+08:00,USLSA,12.25,19.81260417
357051000,14036,2021-10-02 03:54:44+08:00,CNYSN,2021-11-09 01:50:41+08:00,USLSA,6.97,37.91385417
357067000,5059,2021-09-21 22:05:44+08:00,CNMWN,2021-10-23 21:19:40+08:00,USLSA,8.97,31.96800926
357067000,5059,2021-11-16 06:28:09+08:00,CNMWN,2021-12-23 07:22:42+08:00,USLSA,8.62,37.03788194
357067000,5059,2022-01-22 00:40:51+08:00,CNMWN,2022-02-27 22:08:51+08:00,USLSA,9.06,36.89444444
357067000,5059,2022-03-22 19:49:27+08:00,CNYSN,2022-04-14 21:22:55+08:00,USLSA,12.93,23.06490741
357067000,5059,2022-05-11 21:55:12+08:00,CNDCB,2022-06-05 22:07:32+08:00,USLSA,12.16,25.00856481
357067000,5059,2022-07-03 05:23:06+08:00,CNXIA,2022-07-20 06:25:28+08:00,USLSA,16.68,17.04331019
357067000,5059,2024-07-15 07:31:14+08:00,CNYTN,2024-08-01 06:04:28+08:00,USLGB,16.04,16.93974537
357077000,5652,2022-04-22 14:45:48+08:00,TWTAP,2022-05-12 21:47:21+08:00,USLSA,12.68,20.29274306
357104000,13092,2020-04-24 11:07:43+08:00,CNXIA,2020-05-07 04:52:21+08:00,USLSA,20.2,12.7393287
357104000,13092,2020-08-14 08:13:28+08:00,CNXIA,2020-08-27 18:45:13+08:00,USLSA,19.28,13.43871528
357104000,13092,2020-12-04 21:20:24+08:00,CNXIA,2021-01-04 23:26:09+08:00,USLSA,10.11,31.08732639
357104000,13092,2021-04-25 23:51:27+08:00,CNXIA,2021-05-12 23:34:08+08:00,USLSA,15.12,16.98797454
357104000,13092,2021-07-08 11:57:49+08:00,CNXIA,2021-08-03 03:33:21+08:00,USLSA,10.05,25.64967593
357104000,13092,2021-09-16 06:00:52+08:00,CNXIA,2021-10-18 12:59:18+08:00,USLSA,8.43,32.2905787
357104000,13092,2021-12-01 22:23:56+08:00,CNXIA,2022-01-17 21:32:57+08:00,USLSA,6.42,46.96459491
357104000,13092,2022-03-04 09:46:11+08:00,CNXIA,2022-04-14 21:31:27+08:00,USLSA,7.27,41.48976852
357104000,13092,2022-05-30 23:18:11+08:00,CNXIA,2022-07-07 21:21:43+08:00,USLSA,7.35,37.91912037
357104000,13092,2022-08-20 07:16:59+08:00,CNXIA,2022-09-03 22:11:11+08:00,USLSA,17.94,14.62097222
357240000,14036,2020-11-09 23:16:56+08:00,CNYSN,2020-11-24 23:41:56+08:00,USLGB,16.98,15.01736111
357240000,14036,2021-03-26 14:54:48+08:00,CNYTN,2021-04-14 21:46:44+08:00,USLGB,14.08,19.28606481
357405000,4900,2021-11-02 19:53:15+08:00,CNYSN,2021-12-02 21:48:11+08:00,USLSA,9.49,30.07981481
357405000,4900,2021-12-28 22:14:31+08:00,CNMWN,2022-02-20 22:31:02+08:00,USLGB,6.26,54.01146991
357493000,5652,2021-08-22 12:09:28+08:00,TWKAO,2021-09-11 19:13:48+08:00,USLSA,12.77,20.29467593
357547000,6350,2020-01-12 09:45:31+08:00,CNSHE,2020-02-28 23:01:42+08:00,USLGB,13.75,47.55290509
357547000,6350,2020-05-06 09:09:36+08:00,TWKAO,2020-05-22 07:12:41+08:00,USLSA,16.31,15.91880787
357547000,6350,2024-03-06 13:15:46+08:00,CNYTN,2024-03-21 20:10:32+08:00,USLSA,17.6,15.28803241
357547000,6350,2024-08-28 17:28:19+08:00,CNYTN,2024-09-14 06:47:50+08:00,USLSA,16.25,16.55521991
357770000,23820,2020-01-13 14:17:40+08:00,CNWGQ,2020-01-29 21:13:53+08:00,USLSA,15.64,16.28903935
357891000,14036,2021-03-02 08:32:50+08:00,CNYTN,2021-03-24 22:16:15+08:00,USLGB,15.05,22.57181713
357891000,14036,2023-05-18 06:59:25+08:00,CNDCB,2023-06-04 08:06:29+08:00,USLGB,16.35,17.04657407
357926000,12400,2020-01-21 11:39:32+08:00,CNYSN,2020-02-03 07:03:55+08:00,USLGB,18.8,12.80859954
357926000,12400,2020-11-04 14:16:56+08:00,CNYSN,2020-11-21 23:23:41+08:00,USLSA,14.44,17.3796875
357926000,12400,2021-05-07 09:36:56+08:00,CNYSN,2021-05-29 20:23:21+08:00,USLGB,12.5,22.44890046
357926000,12400,2024-04-21 12:31:38+08:00,CNYSN,2024-05-07 19:09:13+08:00,USLGB,14.89,16.27609954
357926000,12400,2024-10-01 12:24:48+08:00,CNNBO,2024-10-21 20:07:06+08:00,USLGB,15.4,20.32104167
366418000,6921,2025-05-05 02:16:59+08:00,CNNBO,2025-05-21 06:02:26+08:00,USLSA,15.14,16.1565625
366418000,6921,2025-06-16 23:34:11+08:00,CNNBO,2025-07-02 06:08:19+08:00,USLSA,16.01,15.2737037
366562000,3027,2020-01-24 10:23:07+08:00,CNWGQ,2020-02-05 19:43:44+08:00,USLGB,19.39,12.38931713
366562000,3027,2020-02-26 14:02:14+08:00,CNWGQ,2020-03-08 20:50:36+08:00,USLGB,21.93,11.28358796
366562000,3027,2020-04-01 14:31:30+08:00,CNWGQ,2020-04-13 05:20:28+08:00,USLGB,21.08,11.61733796
366562000,3027,2020-05-07 23:21:47+08:00,CNWGQ,2020-05-19 16:44:36+08:00,USLGB,21.3,11.72417824
366562000,3027,2020-06-11 01:46:50+08:00,CNWGQ,2020-06-22 16:28:24+08:00,USLGB,21.78,11.61219907
366562000,3027,2020-07-16 09:22:33+08:00,CNWGQ,2020-07-28 05:51:50+08:00,USLGB,21.23,11.85366898
366562000,3027,2020-08-21 00:17:29+08:00,CNWGQ,2020-09-01 11:40:59+08:00,USLGB,21.73,11.47465278
366562000,3027,2020-09-24 04:59:23+08:00,CNWGQ,2020-10-06 15:34:23+08:00,USLGB,19.67,12.44097222
366562000,3027,2023-05-04 02:52:37+08:00,CNWGQ,2023-05-15 20:34:14+08:00,USLGB,20.76,11.7372338
366562000,3027,2023-06-11 17:37:59+08:00,CNNBO,2023-06-23 04:48:24+08:00,USLGB,21.13,11.46556713
366562000,3027,2023-07-12 19:03:10+08:00,CNWGQ,2023-07-24 07:05:07+08:00,USLGB,21.26,11.50135417
366562000,3027,2023-08-17 00:30:04+08:00,CNWGQ,2023-08-28 07:25:23+08:00,USLGB,21.42,11.28841435
366562000,3027,2023-09-20 12:58:58+08:00,CNWGQ,2023-10-02 02:00:10+08:00,USLGB,20.88,11.5425
366562000,3027,2023-10-25 20:10:10+08:00,CNWGQ,2023-11-06 09:41:46+08:00,USLGB,20.94,11.56361111
366562000,3027,2023-11-29 23:06:01+08:00,CNWGQ,2023-12-11 23:50:01+08:00,USLGB,20.13,12.03055556
366562000,3027,2024-01-03 16:15:14+08:00,CNWGQ,2024-01-16 06:20:33+08:00,USLGB,20.58,12.58702546
366562000,3027,2024-02-08 11:00:04+08:00,CNWGQ,2024-02-21 00:30:57+08:00,USLGB,19.67,12.56311343
366562000,3027,2024-03-13 14:14:07+08:00,CNWGQ,2024-03-25 09:33:41+08:00,USLGB,20.73,11.80525463
366562000,3027,2024-04-19 21:27:25+08:00,CNWGQ,2024-05-01 13:05:07+08:00,USLGB,21.09,11.65118056
366563000,3027,2021-05-30 02:44:09+08:00,CNWGQ,2021-06-13 08:12:03+08:00,USLGB,19.15,14.22770833
366563000,3027,2021-07-01 03:34:05+08:00,CNWGQ,2021-07-13 03:04:31+08:00,USLGB,20.11,11.97946759
366563000,3027,2021-08-05 12:44:29+08:00,CNWGQ,2021-08-20 21:14:22+08:00,USLGB,16.1,15.35408565
366563000,3027,2021-10-14 17:44:00+08:00,CNWGQ,2021-10-30 02:42:30+08:00,USLGB,17.81,15.37395833
366563000,3027,2021-11-18 23:11:43+08:00,CNWGQ,2021-12-03 21:51:45+08:00,USLGB,17.45,14.94446759
366563000,3027,2021-12-25 01:53:20+08:00,CNWGQ,2022-01-08 19:36:15+08:00,USLGB,18.58,14.73813657
366563000,3027,2022-01-30 18:08:09+08:00,CNWGQ,2022-02-11 08:00:19+08:00,USLGB,20.84,11.57789352
366563000,3027,2022-03-04 00:21:25+08:00,CNWGQ,2022-03-18 18:09:20+08:00,USLGB,17.53,14.7416088
366563000,3027,2022-04-08 03:12:49+08:00,CNWGQ,2022-04-22 21:00:42+08:00,USLGB,17.45,14.74158565
366563000,3027,2022-05-13 00:20:21+08:00,CNWGQ,2022-05-27 20:56:45+08:00,USLGB,16.77,14.85861111
366563000,3027,2022-06-18 13:54:31+08:00,CNWGQ,2022-07-01 18:16:31+08:00,USLGB,18.49,13.18194444
366563000,3027,2022-07-22 23:32:19+08:00,CNWGQ,2022-08-05 20:52:58+08:00,USLGB,17.62,13.88934028
366563000,3027,2022-08-25 10:15:53+08:00,CNWGQ,2022-09-06 21:23:24+08:00,USLGB,19.78,12.46355324
366576000,2019,2020-01-02 14:08:06+08:00,CNNBO,2020-01-14 04:33:40+08:00,USLGB,22.3,11.60108796
366629000,2437,2021-01-03 04:46:12+08:00,CNWGQ,2021-01-22 08:51:19+08:00,USLGB,15.21,19.17021991
366629000,2437,2021-03-23 13:51:41+08:00,CNNBO,2021-04-07 21:57:54+08:00,USLGB,17.48,15.33765046
366758000,2325,2021-06-09 07:04:29+08:00,CNNBO,2021-06-22 20:55:57+08:00,USLGB,18.21,13.57740741
366791000,2437,2024-01-04 16:35:00+08:00,CNZOS,2024-01-18 06:06:39+08:00,USLSA,19.03,13.56364583
367080000,5598,2024-09-26 18:28:40+08:00,CNWGQ,2024-10-11 05:58:27+08:00,USLSA,17.16,14.4790162
367080000,5598,2024-11-11 19:18:09+08:00,CNWGQ,2024-11-29 20:58:13+08:00,USLSA,13.47,18.06949074
367080000,5598,2024-12-29 23:50:42+08:00,CNWGQ,2025-01-16 23:10:28+08:00,USLSA,15.17,17.97206019
367080000,5598,2025-02-19 01:52:24+08:00,CNWGQ,2025-03-06 21:47:58+08:00,USLSA,15.47,15.83025463
367080000,5598,2025-04-08 09:18:19+08:00,CNWGQ,2025-04-24 21:12:02+08:00,USLSA,14.75,16.49563657
367080000,5598,2025-05-26 10:00:39+08:00,CNWGQ,2025-06-12 17:53:36+08:00,USLSA,13.91,17.3284375
367196000,1994,2021-07-31 06:09:26+08:00,CNWGQ,2021-08-13 17:51:12+08:00,USLGB,17.98,13.48733796
367422000,6921,2025-04-14 12:33:11+08:00,CNNBO,2025-04-30 05:48:49+08:00,USLSA,16.11,15.71918981
367422000,6921,2025-05-26 19:18:19+08:00,CNNBO,2025-06-11 06:09:11+08:00,USLSA,17.4,15.45199074
367422000,6921,2025-07-08 01:16:37+08:00,CNNBO,2025-07-23 07:02:22+08:00,USLSA,17.57,15.24010417
367438000,2821,2021-03-18 02:04:36+08:00,CNWGQ,2021-03-29 02:31:55+08:00,USLGB,21.95,11.01896991
367438000,2821,2021-04-21 18:32:11+08:00,CNWGQ,2021-05-02 20:47:09+08:00,USLGB,21.61,11.09372685
367438000,2821,2021-05-26 23:16:06+08:00,CNWGQ,2021-06-06 20:36:13+08:00,USLGB,22.01,10.88896991
367438000,2821,2021-06-30 13:10:58+08:00,CNNBO,2021-07-11 20:35:02+08:00,USLGB,21.34,11.30837963
367438000,2821,2021-08-04 21:09:13+08:00,CNWGQ,2021-08-15 20:40:12+08:00,USLGB,22.57,10.97984954
367438000,2821,2021-09-09 01:04:34+08:00,CNWGQ,2021-09-19 20:45:58+08:00,USLGB,22.2,10.82041667
367438000,2821,2021-10-13 16:08:07+08:00,CNWGQ,2021-10-24 21:47:41+08:00,USLGB,22,11.23581019
367438000,2821,2021-11-17 19:35:47+08:00,CNWGQ,2021-11-29 10:26:57+08:00,USLGB,21.94,11.61886574
367438000,2821,2021-12-23 01:07:23+08:00,CNWGQ,2022-01-03 11:25:14+08:00,USLGB,21.76,11.4290625
367438000,2821,2022-01-26 16:43:05+08:00,CNWGQ,2022-02-07 08:15:00+08:00,USLGB,22.25,11.64716435
367438000,2821,2022-03-02 23:05:30+08:00,CNWGQ,2022-03-14 07:02:42+08:00,USLGB,21.82,11.33138889
367438000,2821,2022-04-07 13:47:20+08:00,CNWGQ,2022-04-18 21:01:44+08:00,USLGB,21.65,11.30166667
367438000,2821,2022-05-11 21:59:47+08:00,CNWGQ,2022-05-22 21:46:38+08:00,USLGB,21.85,10.99086806
367438000,2821,2022-06-17 12:30:59+08:00,CNWGQ,2022-06-28 06:07:26+08:00,USLGB,22.35,10.73364583
367438000,2821,2022-07-20 16:07:11+08:00,CNWGQ,2022-07-31 21:11:52+08:00,USLGB,21.39,11.21158565
367438000,2821,2022-09-29 01:21:06+08:00,CNWGQ,2022-10-10 04:13:07+08:00,USLGB,22.11,11.11945602
367438000,2821,2022-11-02 16:19:02+08:00,CNWGQ,2022-11-13 21:58:45+08:00,USLGB,21.78,11.23591435
367438000,2821,2022-12-07 22:52:05+08:00,CNWGQ,2022-12-19 11:08:35+08:00,USLGB,22.07,11.51145833
367438000,2821,2023-01-11 14:28:47+08:00,CNWGQ,2023-01-22 21:43:12+08:00,USLGB,22.44,11.30167824
367438000,2821,2023-02-16 06:21:36+08:00,CNWGQ,2023-02-27 11:59:16+08:00,USLGB,21.95,11.23449074
367438000,2821,2023-03-23 20:23:59+08:00,CNWGQ,2023-04-03 21:25:44+08:00,USLGB,22.1,11.04288194
367438000,2821,2023-04-26 14:21:37+08:00,CNWGQ,2023-05-07 20:46:58+08:00,USLGB,21.52,11.26760417
367438000,2821,2023-06-03 22:08:41+08:00,CNWGQ,2023-06-14 21:06:30+08:00,USLGB,22.12,10.95681713
367438000,2821,2024-05-08 12:43:50+08:00,CNWGQ,2024-05-27 14:15:07+08:00,USLGB,14.82,19.0633912
367438000,2821,2024-06-13 17:51:51+08:00,CNWGQ,2024-06-25 08:42:09+08:00,USLGB,20.59,11.61826389
367438000,2821,2024-07-17 08:36:58+08:00,CNWGQ,2024-07-28 22:41:06+08:00,USLGB,20.88,11.5862037
367438000,2821,2024-08-21 12:10:51+08:00,CNWGQ,2024-09-02 01:08:57+08:00,USLGB,21,11.54034722
367438000,2821,2024-09-26 03:57:55+08:00,CNWGQ,2024-10-07 22:40:39+08:00,USLGB,20.65,11.77967593
367438000,2821,2024-10-30 22:04:24+08:00,CNWGQ,2024-11-12 00:03:05+08:00,USLGB,20.9,12.08241898
367438000,2821,2024-12-04 11:54:12+08:00,CNWGQ,2024-12-16 21:45:11+08:00,USLGB,20.57,12.41040509
367578740,5510,2020-01-13 14:12:44+08:00,CNWGQ,2020-01-27 07:21:36+08:00,USLSA,19,13.71449074
367578740,5510,2020-02-23 12:17:53+08:00,CNWGQ,2020-03-09 06:25:22+08:00,USLSA,16.32,14.75519676
367578740,5510,2020-04-08 12:29:32+08:00,CNWGQ,2020-04-21 04:53:36+08:00,USLSA,19.21,12.68337963
367578740,5510,2020-05-19 23:03:17+08:00,CNWGQ,2020-06-01 21:00:55+08:00,USLSA,18.67,12.91502315
367578740,5510,2020-06-29 18:15:44+08:00,CNWGQ,2020-07-14 05:20:38+08:00,USLSA,16.81,14.46173611
367578740,5510,2020-08-11 04:25:15+08:00,CNWGQ,2020-08-25 06:05:02+08:00,USLSA,17.24,14.06929398
367578740,5510,2020-11-01 13:25:41+08:00,CNWGQ,2020-11-15 11:05:12+08:00,USLSA,20.83,13.90244213
367578740,5510,2020-12-12 11:18:31+08:00,CNWGQ,2021-01-11 23:36:26+08:00,USLSA,8.52,30.51244213
367578740,5510,2021-03-06 17:07:51+08:00,CNWGQ,2021-03-20 20:58:32+08:00,USLSA,17.49,14.16019676
367578740,5510,2021-04-30 02:15:44+08:00,CNWGQ,2021-05-16 20:38:53+08:00,USLSA,15.87,16.76607639
367578740,5510,2021-06-16 09:25:20+08:00,CNQIN,2021-06-28 20:27:42+08:00,USLSA,19.49,12.45997685
367578740,5510,2021-08-05 10:57:56+08:00,CNWGQ,2021-08-20 19:46:13+08:00,USLSA,16.23,15.36686343
367578740,5510,2021-09-21 23:44:57+08:00,CNWGQ,2021-10-06 06:21:26+08:00,USLSA,17.03,14.27533565
367578740,5510,2021-11-04 10:22:12+08:00,CNWGQ,2021-11-16 21:53:00+08:00,USLSA,19.42,12.47972222
367578740,5510,2021-12-15 09:31:09+08:00,CNWGQ,2022-01-05 22:25:00+08:00,USLSA,12.59,21.53739583
367578740,5510,2022-06-13 20:44:13+08:00,CNQIN,2022-06-27 07:31:23+08:00,USLSA,18.23,13.4494213
367578740,5510,2022-07-28 12:15:01+08:00,CNWGQ,2022-08-12 23:52:52+08:00,USLSA,15.78,15.48461806
367578740,5510,2022-09-23 05:54:16+08:00,CNYSN,2022-10-06 20:22:05+08:00,USLSA,18.15,13.60265046
367578740,5510,2022-11-12 09:08:35+08:00,CNWGQ,2022-11-26 20:15:53+08:00,USLSA,16.92,14.46340278
367578740,5510,2022-12-30 17:12:10+08:00,CNWGQ,2023-01-25 18:45:20+08:00,USLSA,9.36,26.06469907
367578740,5510,2023-03-05 23:04:18+08:00,CNWGQ,2023-03-20 19:51:08+08:00,USLSA,16.3,14.86585648
367578740,5510,2023-04-30 07:11:09+08:00,CNWGQ,2023-05-15 13:45:25+08:00,USLSA,15.95,15.2737963
367578740,5510,2023-06-18 23:53:09+08:00,CNWGQ,2023-07-03 17:34:26+08:00,USLSA,16.41,14.73700231
367578740,5510,2023-08-06 01:43:18+08:00,CNWGQ,2023-08-21 19:50:10+08:00,USLSA,15.31,15.75476852
367578740,5510,2023-09-25 19:44:40+08:00,CNWGQ,2023-10-10 07:25:10+08:00,USLSA,16.65,14.48645833
367578740,5510,2023-11-13 10:09:19+08:00,CNWGQ,2023-11-29 06:45:08+08:00,USLSA,16.04,15.85820602
367578740,5510,2024-01-01 14:42:58+08:00,CNWGQ,2024-01-18 12:12:29+08:00,USLSA,14.57,16.89549769
367578740,5510,2024-02-21 11:28:32+08:00,CNWGQ,2024-03-09 21:08:08+08:00,USLSA,14.21,17.4025
367578740,5510,2024-04-09 13:10:22+08:00,CNWGQ,2024-04-24 19:06:27+08:00,USLSA,15.89,15.24728009
367578740,5510,2024-05-28 14:32:42+08:00,CNWGQ,2024-06-13 20:52:07+08:00,USLSA,14.86,16.2634838
367578740,5510,2024-07-14 16:55:20+08:00,CNWGQ,2024-08-01 19:59:41+08:00,USLSA,13.33,18.12802083
367578740,5510,2024-08-31 23:12:58+08:00,CNWGQ,2024-09-19 20:59:50+08:00,USLSA,12.79,18.9075463
367781000,6921,2025-04-21 19:29:58+08:00,CNNBO,2025-05-07 06:10:39+08:00,USLSA,16.02,15.44491898
367781000,6921,2025-06-02 17:09:55+08:00,CNNBO,2025-06-18 05:51:55+08:00,USLSA,15.72,15.52916667
368146000,5598,2024-07-09 02:27:26+08:00,CNWGQ,2024-07-25 21:14:22+08:00,USLSA,14.48,16.78259259
368146000,5598,2024-08-26 04:09:10+08:00,CNWGQ,2024-09-12 21:05:36+08:00,USLSA,14.21,17.70585648
368146000,5598,2024-10-20 12:26:55+08:00,CNWGQ,2024-11-07 23:02:39+08:00,USLSA,13.19,18.44148148
368146000,5598,2024-12-08 15:27:57+08:00,CNWGQ,2024-12-28 20:37:08+08:00,USLSA,14.32,20.21471065
368146000,5598,2025-02-02 15:01:38+08:00,CNWGQ,2025-02-20 22:28:07+08:00,USLSA,16.42,18.31005787
368146000,5598,2025-03-21 04:01:12+08:00,CNWGQ,2025-04-04 20:51:54+08:00,USLSA,16.5,14.701875
368146000,5598,2025-05-04 04:43:58+08:00,CNWGQ,2025-05-23 21:52:07+08:00,USLSA,13.69,19.71399306
368146000,5598,2025-06-24 23:10:08+08:00,CNWGQ,2025-07-10 19:54:12+08:00,USLSA,15.3,15.86393519
368305000,2821,2020-01-08 22:32:04+08:00,CNWGQ,2020-01-20 01:05:31+08:00,USLGB,22.79,11.1065625
368305000,2821,2020-02-12 14:04:59+08:00,CNWGQ,2020-02-24 07:34:39+08:00,USLGB,21.93,11.72893519
368305000,2821,2020-03-18 18:44:07+08:00,CNWGQ,2020-03-30 01:38:54+08:00,USLGB,21.89,11.28804398
368305000,2821,2020-04-22 23:56:09+08:00,CNWGQ,2020-05-03 20:57:51+08:00,USLGB,22.15,10.87618056
368305000,2821,2020-05-27 14:44:19+08:00,CNWGQ,2020-06-07 20:59:44+08:00,USLGB,21.25,11.26070602
368305000,2821,2020-07-01 19:23:31+08:00,CNWGQ,2020-07-12 20:36:41+08:00,USLGB,21.71,11.05081019
368305000,2821,2020-08-07 16:43:03+08:00,CNWGQ,2020-08-18 09:20:00+08:00,USLGB,22.43,10.69232639
368305000,2821,2020-09-10 04:28:32+08:00,CNWGQ,2020-09-21 01:35:45+08:00,USLGB,22.78,10.88001157
368305000,2821,2020-10-14 20:25:13+08:00,CNWGQ,2020-10-25 20:37:03+08:00,USLGB,22.65,11.00821759
368305000,2821,2020-11-19 00:36:43+08:00,CNWGQ,2020-11-29 23:19:59+08:00,USLGB,23.41,10.94671296
368305000,2821,2020-12-23 17:47:42+08:00,CNWGQ,2021-01-05 21:33:58+08:00,USLGB,18.51,13.15712963
368305000,2821,2021-01-28 13:17:22+08:00,CNWGQ,2021-02-09 00:48:45+08:00,USLGB,21.14,11.48012731
368305000,2821,2021-03-04 03:38:00+08:00,CNWGQ,2021-03-15 06:26:51+08:00,USLGB,23.09,11.11725694
368305000,2821,2021-04-07 22:30:51+08:00,CNWGQ,2021-04-18 20:37:41+08:00,USLGB,24.01,10.92141204
368305000,2821,2021-06-18 05:49:04+08:00,CNWGQ,2021-06-29 00:54:38+08:00,USLGB,22.4,10.79553241
368305000,2821,2021-07-21 22:35:52+08:00,CNWGQ,2021-08-01 20:41:09+08:00,USLGB,22.44,10.92033565
368305000,2821,2021-08-25 13:45:52+08:00,CNWGQ,2021-09-05 20:24:16+08:00,USLGB,21.18,11.27666667
368305000,2821,2021-09-29 15:47:34+08:00,CNWGQ,2021-10-11 05:16:08+08:00,USLGB,20.99,11.56150463
368305000,2821,2021-11-03 19:15:22+08:00,CNWGQ,2021-11-14 22:07:13+08:00,USLGB,21.6,11.11934028
368305000,2821,2021-12-09 01:11:33+08:00,CNWGQ,2021-12-23 01:28:40+08:00,USLGB,19.02,14.01188657
368305000,2821,2022-01-14 00:10:19+08:00,CNNBO,2022-01-27 03:54:34+08:00,USLGB,19.15,13.15572917
368305000,2821,2022-02-16 23:15:12+08:00,CNWGQ,2022-02-28 08:01:23+08:00,USLGB,21.1,11.36540509
368305000,2821,2022-03-24 01:11:13+08:00,CNWGQ,2022-04-04 07:17:27+08:00,USLGB,21.95,11.2543287
368305000,2821,2022-04-27 22:42:25+08:00,CNWGQ,2022-05-09 09:33:22+08:00,USLGB,21.71,11.45204861
368305000,2821,2022-06-01 23:45:07+08:00,CNWGQ,2022-06-12 22:18:18+08:00,USLGB,21.93,10.93971065
368305000,2821,2022-07-07 03:00:10+08:00,CNWGQ,2022-07-17 21:58:27+08:00,USLGB,22.36,10.79047454
368305000,2821,2022-08-10 22:15:26+08:00,CNWGQ,2022-08-21 21:33:30+08:00,USLGB,21.93,10.97087963
368305000,2821,2022-09-17 05:51:36+08:00,CNWGQ,2022-09-28 01:47:24+08:00,USLGB,22.26,10.83041667
368305000,2821,2022-10-19 19:32:04+08:00,CNWGQ,2022-10-30 20:50:53+08:00,USLGB,21.88,11.0547338
368305000,2821,2022-11-23 21:13:01+08:00,CNWGQ,2022-12-04 21:55:36+08:00,USLGB,21.78,11.02957176
368305000,2821,2022-12-29 16:07:19+08:00,CNWGQ,2023-01-09 21:40:54+08:00,USLGB,21.85,11.23165509
368305000,2821,2023-02-01 07:44:00+08:00,CNWGQ,2023-02-12 21:35:19+08:00,USLGB,22.16,11.57730324
368305000,2821,2023-03-08 23:11:30+08:00,CNWGQ,2023-03-20 09:57:49+08:00,USLGB,21.04,11.44883102
368305000,2821,2023-04-12 15:03:11+08:00,CNWGQ,2023-04-23 22:36:46+08:00,USLGB,21.54,11.31498843
368359000,6921,2025-04-29 09:32:48+08:00,CNNBO,2025-05-14 18:55:23+08:00,USLSA,15.84,15.39068287
368359000,6921,2025-06-09 20:34:41+08:00,CNNBO,2025-06-25 06:08:24+08:00,USLSA,15.73,15.39841435
368680000,5598,2024-08-13 03:09:42+08:00,CNWGQ,2024-08-30 20:24:22+08:00,USLSA,13.74,17.71851852
368680000,5598,2024-10-05 11:16:08+08:00,CNWGQ,2024-10-22 07:53:42+08:00,USLSA,15.67,16.8594213
368680000,5598,2024-11-20 00:58:29+08:00,CNWGQ,2024-12-07 09:44:54+08:00,USLSA,14.1,17.36556713
368680000,5598,2025-01-16 02:24:52+08:00,CNWGQ,2025-01-31 01:22:11+08:00,USLSA,17.79,14.95646991
368680000,5598,2025-02-28 14:35:40+08:00,CNWGQ,2025-03-16 14:51:34+08:00,USLSA,16.77,16.01104167
368680000,5598,2025-04-21 19:47:23+08:00,CNWGQ,2025-05-11 06:05:58+08:00,USLSA,13.61,19.42957176
368680000,5598,2025-06-03 17:44:49+08:00,CNWGQ,2025-06-20 07:03:11+08:00,USLSA,14.7,16.5544213
369006000,5598,2025-01-21 17:02:02+08:00,CNWGQ,2025-02-07 19:58:07+08:00,USLSA,14.3,17.12228009
369006000,5598,2025-03-10 09:10:53+08:00,CNWGQ,2025-03-26 03:50:33+08:00,USLSA,17.31,15.7775463
369006000,5598,2025-04-26 09:25:50+08:00,CNWGQ,2025-05-12 20:00:38+08:00,USLSA,14.9,16.44083333
369006000,5598,2025-06-11 10:59:23+08:00,CNWGQ,2025-06-26 19:55:51+08:00,USLSA,15.82,15.3725463
369207000,3620,2020-07-23 10:33:44+08:00,CNWGQ,2020-08-03 00:48:31+08:00,USLGB,22.76,10.59359954
369207000,3620,2020-08-28 16:55:39+08:00,CNWGQ,2020-09-08 02:04:27+08:00,USLGB,23.21,10.38111111
369207000,3620,2020-09-30 23:12:23+08:00,CNWGQ,2020-10-11 20:57:49+08:00,USLGB,22.98,10.90655093
369207000,3620,2020-11-05 00:46:48+08:00,CNWGQ,2020-11-15 21:48:50+08:00,USLGB,23.67,10.87641204
369207000,3620,2020-12-09 18:33:00+08:00,CNWGQ,2020-12-21 01:06:00+08:00,USLGB,23.12,11.27291667
369207000,3620,2021-01-14 00:08:27+08:00,CNWGQ,2021-01-25 02:55:39+08:00,USLGB,23.85,11.11611111
369207000,3620,2021-02-18 14:18:26+08:00,CNWGQ,2021-03-01 16:48:11+08:00,USLGB,21.88,11.10399306
369207000,3620,2021-03-24 21:29:25+08:00,CNWGQ,2021-04-04 21:04:09+08:00,USLGB,22.38,10.9824537
369207000,3620,2021-04-29 00:02:02+08:00,CNWGQ,2021-05-09 20:50:43+08:00,USLGB,22.31,10.8671412
369207000,3620,2021-06-03 09:49:28+08:00,CNWGQ,2021-06-14 02:34:13+08:00,USLGB,22.98,10.69774306
369207000,3620,2021-07-07 22:21:05+08:00,CNWGQ,2021-07-18 20:52:28+08:00,USLGB,22.07,10.93846065
369207000,3620,2021-08-13 13:22:24+08:00,CNWGQ,2021-08-23 23:47:34+08:00,USLGB,23.13,10.43414352
369207000,3620,2021-09-17 22:24:30+08:00,CNWGQ,2021-09-28 21:10:10+08:00,USLGB,22.55,10.94837963
369207000,3620,2021-10-20 23:15:17+08:00,CNWGQ,2021-10-31 21:30:45+08:00,USLGB,22.01,10.92740741
369207000,3620,2021-11-25 14:29:51+08:00,CNWGQ,2021-12-06 13:33:01+08:00,USLGB,22.15,10.96053241
369207000,3620,2021-12-29 19:20:14+08:00,CNWGQ,2022-01-10 21:54:54+08:00,USLGB,21.48,12.10740741
369207000,3620,2022-02-03 01:18:18+08:00,CNWGQ,2022-02-13 22:05:49+08:00,USLGB,22.63,10.86633102
369207000,3620,2022-03-10 20:06:20+08:00,CNNBO,2022-03-21 21:06:15+08:00,USLGB,22.64,11.0416088
369207000,3620,2022-04-16 16:08:17+08:00,CNNBO,2022-04-27 16:12:24+08:00,USLGB,22.39,11.0028588
369207000,3620,2022-05-19 00:15:11+08:00,CNWGQ,2022-05-29 21:43:02+08:00,USLGB,22.15,10.89434028
369207000,3620,2022-06-23 05:58:20+08:00,CNWGQ,2022-07-03 21:12:38+08:00,USLGB,22.69,10.63493056
369207000,3620,2022-09-01 01:05:14+08:00,CNWGQ,2022-09-11 21:07:20+08:00,USLGB,22.18,10.83479167
369207000,3620,2022-10-05 19:10:54+08:00,CNWGQ,2022-10-16 20:57:24+08:00,USLGB,22.03,11.07395833
369207000,3620,2022-11-10 00:49:29+08:00,CNWGQ,2022-11-20 22:04:13+08:00,USLGB,22.61,10.88523148
369207000,3620,2022-12-16 03:22:50+08:00,CNWGQ,2022-12-27 06:49:00+08:00,USLGB,23.72,11.1431713
369207000,3620,2023-08-23 16:17:36+08:00,CNWGQ,2023-09-03 06:40:01+08:00,USLGB,22.99,10.59890046
369207000,3620,2023-09-27 22:15:58+08:00,CNWGQ,2023-10-08 23:10:27+08:00,USLGB,23.26,11.03783565
369207000,3620,2023-11-02 00:46:56+08:00,CNWGQ,2023-11-12 21:35:59+08:00,USLGB,22.63,10.86739583
369207000,3620,2023-12-06 18:34:47+08:00,CNWGQ,2023-12-17 21:40:35+08:00,USLGB,22.61,11.12902778
369207000,3620,2024-01-11 12:15:29+08:00,CNWGQ,2024-01-22 21:46:06+08:00,USLGB,23.19,11.39626157
369207000,3620,2024-02-14 13:48:02+08:00,CNWGQ,2024-02-25 22:20:29+08:00,USLGB,22.08,11.35586806
369207000,3620,2024-03-20 21:59:13+08:00,CNWGQ,2024-03-31 07:21:03+08:00,USLGB,23.04,10.39016204
369207000,3620,2024-04-24 23:06:38+08:00,CNWGQ,2024-05-05 20:46:25+08:00,USLGB,22.2,10.90262731
369207000,3620,2024-05-29 15:01:41+08:00,CNWGQ,2024-06-09 06:27:40+08:00,USLGB,22.72,10.64304398
369207000,3620,2024-07-03 21:43:29+08:00,CNWGQ,2024-07-14 20:32:59+08:00,USLGB,22.13,10.95104167
369207000,3620,2024-08-07 14:01:08+08:00,CNWGQ,2024-08-18 08:11:25+08:00,USLGB,22.82,10.7571412
369207000,3620,2024-09-11 14:55:56+08:00,CNWGQ,2024-09-22 20:56:54+08:00,USLGB,21.64,11.2506713
369207000,3620,2024-10-16 21:22:58+08:00,CNWGQ,2024-10-27 11:36:41+08:00,USLGB,23.3,10.5928588
369207000,3620,2024-11-21 01:18:44+08:00,CNWGQ,2024-12-02 01:11:43+08:00,USLGB,22.79,10.99512731
369207000,3620,2024-12-26 07:20:39+08:00,CNWGQ,2025-01-06 12:56:06+08:00,USLGB,22.58,11.23295139
369207000,3620,2025-01-29 10:34:04+08:00,CNWGQ,2025-02-09 21:36:56+08:00,USLGB,21.23,11.46032407
369207000,3620,2025-03-05 14:53:39+08:00,CNWGQ,2025-03-16 20:40:56+08:00,USLGB,22,11.24116898
369207000,3620,2025-04-09 08:38:50+08:00,CNWGQ,2025-04-20 21:04:13+08:00,USLGB,21.35,11.51762731
369207000,3620,2025-05-14 23:50:49+08:00,CNWGQ,2025-05-25 20:27:40+08:00,USLGB,22.47,10.85892361
369207000,3620,2025-06-18 14:38:10+08:00,CNWGQ,2025-06-29 20:47:40+08:00,USLGB,21.52,11.25659722
369209000,3620,2020-01-17 03:28:30+08:00,CNWGQ,2020-01-27 21:30:46+08:00,USLGB,22.91,10.75157407
369209000,3620,2020-02-19 20:11:45+08:00,CNWGQ,2020-03-01 21:26:33+08:00,USLGB,23.12,11.05194444
369209000,3620,2020-03-26 00:08:55+08:00,CNWGQ,2020-04-05 20:34:49+08:00,USLGB,22.83,10.85131944
369209000,3620,2020-04-29 17:42:16+08:00,CNWGQ,2020-05-10 22:11:09+08:00,USLGB,23.07,11.18672454
369209000,3620,2020-06-04 10:21:37+08:00,CNWGQ,2020-06-14 21:19:48+08:00,USLGB,23.4,10.45707176
369209000,3620,2020-07-09 01:32:00+08:00,CNWGQ,2020-07-19 20:36:37+08:00,USLGB,22.53,10.79487269
369209000,3620,2020-08-13 06:00:18+08:00,CNWGQ,2020-08-23 20:40:55+08:00,USLGB,23.26,10.61153935
369209000,3620,2020-09-17 00:05:12+08:00,CNWGQ,2020-09-27 21:34:31+08:00,USLGB,31.17,10.8953588
369209000,3620,2020-10-22 02:34:01+08:00,CNWGQ,2020-11-02 01:41:54+08:00,USLGB,23,10.96380787
369209000,3620,2020-11-25 20:09:54+08:00,CNWGQ,2020-12-07 04:41:55+08:00,USLGB,21.56,11.35556713
369209000,3620,2021-01-01 13:11:20+08:00,CNWGQ,2021-01-14 00:05:18+08:00,USLGB,22.95,12.45414352
369209000,3620,2021-02-04 15:18:33+08:00,CNWGQ,2021-02-15 19:58:20+08:00,USLGB,24.22,11.19429398
369209000,3620,2021-03-10 22:55:02+08:00,CNWGQ,2021-03-22 01:27:03+08:00,USLGB,23.29,11.10556713
369209000,3620,2021-04-15 12:23:24+08:00,CNWGQ,2021-04-26 08:53:25+08:00,USLGB,23.87,10.85417824
369209000,3620,2021-05-19 16:58:01+08:00,CNWGQ,2021-05-30 20:53:33+08:00,USLGB,22.03,11.16356481
369209000,3620,2021-06-23 13:15:38+08:00,CNNBO,2021-07-04 05:30:40+08:00,USLGB,22.94,10.67710648
369209000,3620,2021-07-30 03:22:43+08:00,CNWGQ,2021-08-09 21:37:27+08:00,USLGB,22.79,10.76023148
369209000,3620,2021-09-01 20:14:56+08:00,CNWGQ,2021-09-12 20:54:14+08:00,USLGB,22.51,11.02729167
369209000,3620,2021-10-06 23:57:38+08:00,CNWGQ,2021-10-17 20:47:56+08:00,USLGB,22.55,10.86826389
369209000,3620,2021-11-11 15:10:52+08:00,CNWGQ,2021-11-22 16:23:37+08:00,USLGB,22.69,11.05052083
369209000,3620,2021-12-15 20:09:14+08:00,CNWGQ,2021-12-27 15:34:34+08:00,USLGB,21.79,11.80925926
369209000,3620,2022-02-23 15:36:08+08:00,CNWGQ,2022-03-07 08:15:19+08:00,USLGB,21.67,11.69387731
369209000,3620,2022-03-31 11:51:36+08:00,CNWGQ,2022-04-11 15:39:56+08:00,USLGB,22.02,11.15856481
369209000,3620,2022-05-05 00:39:49+08:00,CNWGQ,2022-05-15 21:17:09+08:00,USLGB,22.49,10.85925926
369209000,3620,2022-06-09 05:44:31+08:00,CNWGQ,2022-06-20 00:38:28+08:00,USLGB,22.62,10.78746528
369209000,3620,2022-07-13 23:21:27+08:00,CNWGQ,2022-07-24 22:01:13+08:00,USLGB,22.35,10.94428241
369209000,3620,2022-08-18 01:42:52+08:00,CNWGQ,2022-08-28 20:56:47+08:00,USLGB,22.6,10.80133102
369209000,3620,2022-09-23 22:22:48+08:00,CNWGQ,2022-10-04 20:56:41+08:00,USLGB,22.39,10.94019676
369209000,3620,2022-10-26 23:11:43+08:00,CNWGQ,2022-11-07 04:13:56+08:00,USLGB,23.1,11.20987269
369209000,3620,2022-11-30 14:35:05+08:00,CNWGQ,2022-12-12 03:24:23+08:00,USLGB,22.11,11.53423611
369209000,3620,2023-01-04 22:36:55+08:00,CNWGQ,2023-01-16 21:48:34+08:00,USLGB,21.62,11.96642361
369209000,3620,2023-02-09 13:17:14+08:00,CNWGQ,2023-02-21 01:06:21+08:00,USLGB,22.17,11.49244213
369209000,3620,2023-03-15 16:44:16+08:00,CNWGQ,2023-03-26 16:19:46+08:00,USLGB,22.65,10.98298611
369209000,3620,2023-04-21 00:44:12+08:00,CNWGQ,2023-05-02 00:07:41+08:00,USLGB,22.24,10.9746412
369209000,3620,2023-05-25 01:51:45+08:00,CNWGQ,2023-06-04 20:35:51+08:00,USLGB,22.59,10.780625
369209000,3620,2023-06-28 18:12:17+08:00,CNWGQ,2023-07-09 20:32:16+08:00,USLGB,21.98,11.09721065
369209000,3620,2023-08-02 22:19:54+08:00,CNWGQ,2023-08-13 20:40:06+08:00,USLGB,22.31,10.93069444
369209000,3620,2023-09-07 02:45:54+08:00,CNWGQ,2023-09-17 20:35:22+08:00,USLGB,22.7,10.74268519
369209000,3620,2023-10-11 22:01:34+08:00,CNWGQ,2023-10-23 07:25:05+08:00,USLGB,21.77,11.39133102
369209000,3620,2023-11-15 23:53:09+08:00,CNWGQ,2023-11-27 12:00:15+08:00,USLGB,22.39,11.50493056
369209000,3620,2023-12-20 18:23:29+08:00,CNWGQ,2024-01-02 21:40:24+08:00,USLGB,19.05,13.13674769
369209000,3620,2024-01-25 01:45:51+08:00,CNWGQ,2024-02-05 08:09:17+08:00,USLGB,21.75,11.26627315
369209000,3620,2024-02-28 12:55:21+08:00,CNWGQ,2024-03-10 20:36:19+08:00,USLGB,21.64,11.32011574
369209000,3620,2024-04-04 20:08:00+08:00,CNWGQ,2024-04-15 10:37:03+08:00,USLGB,22.68,10.60350694
369209000,3620,2024-11-06 14:36:12+08:00,CNWGQ,2024-11-17 21:41:27+08:00,USLGB,22.4,11.2953125
369209000,3620,2024-12-11 20:03:52+08:00,CNWGQ,2024-12-24 08:53:41+08:00,USLGB,21.67,12.53459491
369209000,3620,2025-01-15 13:36:37+08:00,CNWGQ,2025-01-27 11:18:10+08:00,USLGB,22.48,11.90385417
369209000,3620,2025-02-19 14:19:19+08:00,CNWGQ,2025-03-02 21:52:48+08:00,USLGB,21.92,11.31491898
369209000,3620,2025-03-26 21:36:25+08:00,CNWGQ,2025-04-06 21:03:24+08:00,USLGB,22.05,10.97707176
369209000,3620,2025-04-30 12:30:37+08:00,CNWGQ,2025-05-11 20:45:55+08:00,USLGB,21.72,11.34395833
369209000,3620,2025-06-04 17:53:13+08:00,CNWGQ,2025-06-15 21:00:19+08:00,USLGB,21.87,11.12993056
369209000,3620,2025-07-09 22:20:35+08:00,CNWGQ,2025-07-20 21:53:22+08:00,USLGB,22.12,10.98109954
369215000,6921,2025-04-07 20:32:07+08:00,CNNBO,2025-04-23 05:50:15+08:00,USLSA,17.03,15.38759259
369215000,6921,2025-05-20 04:05:51+08:00,CNNBO,2025-06-04 06:01:24+08:00,USLSA,16.35,15.08024306
369215000,6921,2025-06-30 18:33:43+08:00,CNNBO,2025-07-16 05:54:52+08:00,USLSA,15.88,15.47302083
369296000,2821,2020-02-05 07:08:08+08:00,CNWGQ,2020-02-17 02:01:12+08:00,USLGB,22.32,11.78685185
369296000,2821,2020-03-12 00:04:26+08:00,CNWGQ,2020-03-23 06:13:17+08:00,USLGB,22.44,11.25614583
369296000,2821,2020-04-15 17:12:45+08:00,CNWGQ,2020-04-27 03:18:52+08:00,USLGB,21.17,11.42091435
369296000,2821,2020-05-21 02:19:12+08:00,CNWGQ,2020-05-31 22:39:01+08:00,USLGB,23.52,10.84709491
369296000,2821,2020-06-24 14:54:29+08:00,CNWGQ,2020-07-05 16:47:45+08:00,USLGB,21.68,11.07865741
369296000,2821,2020-07-30 02:31:36+08:00,CNWGQ,2020-08-09 21:32:18+08:00,USLGB,22.46,10.79215278
369296000,2821,2020-09-02 23:10:44+08:00,CNWGQ,2020-09-13 20:50:04+08:00,USLGB,23.47,10.90231481
369296000,2821,2020-10-07 13:40:33+08:00,CNWGQ,2020-10-18 22:46:40+08:00,USLGB,21.56,11.37924769
369296000,2821,2020-11-11 19:55:27+08:00,CNWGQ,2020-11-23 01:41:52+08:00,USLGB,22.23,11.24056713
369296000,2821,2020-12-17 00:15:55+08:00,CNWGQ,2020-12-28 21:47:48+08:00,USLGB,22.91,11.8971412
369296000,2821,2021-01-20 17:16:26+08:00,CNWGQ,2021-01-31 22:57:58+08:00,USLGB,22.45,11.23717593
369296000,2821,2021-02-24 21:11:12+08:00,CNWGQ,2021-03-08 10:23:49+08:00,USLGB,20.81,11.55042824
369296000,2821,2021-04-02 12:16:48+08:00,CNWGQ,2021-04-13 15:19:46+08:00,USLGB,22.35,11.12706019
369296000,2821,2021-05-05 18:48:28+08:00,CNWGQ,2021-05-16 20:45:44+08:00,USLGB,21.71,11.08143519
369296000,2821,2021-06-09 23:56:18+08:00,CNWGQ,2021-06-20 21:38:35+08:00,USLGB,22.07,10.90436343
369296000,2821,2021-07-15 03:44:10+08:00,CNWGQ,2021-07-25 22:29:06+08:00,USLGB,22.35,10.7812037
369296000,2821,2021-08-20 22:23:13+08:00,CNWGQ,2021-08-31 20:46:37+08:00,USLGB,22.42,10.93291667
369296000,2821,2021-09-23 00:10:41+08:00,CNWGQ,2021-10-03 23:29:47+08:00,USLGB,21.91,10.97159722
369296000,2821,2021-10-27 14:40:43+08:00,CNWGQ,2021-11-07 23:39:38+08:00,USLGB,21.52,11.37424769
369296000,2821,2021-12-01 21:37:14+08:00,CNWGQ,2021-12-12 23:10:39+08:00,USLGB,21.71,11.06487269
369296000,2821,2022-01-05 23:48:06+08:00,CNWGQ,2022-01-17 14:26:58+08:00,USLGB,21.27,11.61032407
369296000,2821,2022-02-09 12:20:21+08:00,CNWGQ,2022-02-21 21:56:47+08:00,USLGB,21.07,12.40030093
369296000,2821,2022-03-17 08:32:26+08:00,CNWGQ,2022-03-28 21:25:03+08:00,USLGB,21.5,11.53653935
369296000,2821,2022-04-21 03:44:50+08:00,CNWGQ,2022-05-02 07:24:04+08:00,USLGB,21.59,11.15224537
369296000,2821,2022-05-25 20:02:50+08:00,CNWGQ,2022-06-06 03:35:22+08:00,USLGB,21.59,11.31425926
369296000,2821,2022-06-29 23:03:29+08:00,CNWGQ,2022-07-11 03:00:22+08:00,USLGB,21.55,11.16450231
369296000,2821,2022-08-04 01:42:58+08:00,CNWGQ,2022-08-15 01:15:49+08:00,USLGB,21.91,10.98114583
369296000,2821,2022-09-09 11:44:10+08:00,CNWGQ,2022-09-20 12:01:21+08:00,USLGB,22.02,11.01193287
369296000,2821,2022-10-12 13:19:36+08:00,CNWGQ,2022-10-23 21:02:30+08:00,USLGB,21.25,11.32145833
369296000,2821,2022-11-16 15:23:58+08:00,CNWGQ,2022-11-28 08:33:44+08:00,USLGB,21.01,11.71511574
369296000,2821,2022-12-21 20:47:14+08:00,CNWGQ,2023-01-02 23:53:19+08:00,USLGB,21.45,12.12922454
369296000,2821,2023-01-25 13:55:06+08:00,CNWGQ,2023-02-05 23:08:39+08:00,USLGB,21.98,11.38440972
369296000,2821,2023-03-02 05:06:03+08:00,CNWGQ,2023-03-13 08:21:38+08:00,USLGB,21.58,11.13582176
369296000,2821,2023-04-05 22:37:03+08:00,CNWGQ,2023-04-17 06:41:23+08:00,USLGB,21.75,11.33634259
369296000,2821,2023-05-10 13:26:39+08:00,CNWGQ,2023-05-21 20:26:46+08:00,USLGB,21.54,11.29174769
369296000,2821,2023-06-15 20:59:06+08:00,CNWGQ,2023-06-27 00:36:53+08:00,USLGB,21.79,11.15123843
369296000,2821,2023-07-21 01:16:27+08:00,CNWGQ,2023-08-01 05:40:38+08:00,USLGB,21.73,11.18346065
369296000,2821,2024-08-22 00:15:26+08:00,CNWGQ,2024-09-04 21:45:58+08:00,USLGB,18.24,13.8962037
369296000,2821,2024-09-26 04:28:57+08:00,CNWGQ,2024-10-08 06:51:42+08:00,USLGB,20.53,12.09913194
369296000,2821,2024-10-31 10:14:45+08:00,CNWGQ,2024-11-12 21:07:24+08:00,USLGB,20.28,12.45322917
369296000,2821,2025-01-09 09:22:06+08:00,CNWGQ,2025-01-26 08:37:05+08:00,USLGB,14.67,16.96873843
369296000,2821,2025-04-24 06:59:10+08:00,CNWGQ,2025-05-05 19:34:07+08:00,USLGB,21.05,11.52427083
369296000,2821,2025-05-29 17:36:46+08:00,CNWGQ,2025-06-10 07:38:56+08:00,USLGB,21.31,11.58483796
369296000,2821,2025-07-03 05:45:07+08:00,CNWGQ,2025-07-14 07:33:39+08:00,USLGB,22.25,11.07537037
369339000,7471,2020-01-27 13:11:52+08:00,CNWGQ,2020-02-11 07:14:32+08:00,USLSA,16.73,14.75185185
369339000,7471,2020-03-10 02:17:13+08:00,CNWGQ,2020-03-23 20:49:19+08:00,USLSA,18.82,13.77229167
369339000,7471,2020-04-19 21:34:45+08:00,CNWGQ,2020-05-04 06:12:32+08:00,USLSA,16.52,14.35957176
369339000,7471,2020-05-31 19:34:11+08:00,CNWGQ,2020-06-15 05:51:46+08:00,USLSA,16.81,14.42887731
369339000,7471,2020-07-14 19:38:50+08:00,CNWGQ,2020-07-27 06:07:55+08:00,USLSA,19.41,12.43686343
369339000,7471,2020-08-24 14:32:38+08:00,CNWGQ,2020-09-07 05:48:59+08:00,USLSA,18.82,13.63635417
369339000,7471,2020-10-10 04:43:52+08:00,CNWGQ,2020-10-26 06:01:04+08:00,USLSA,16.11,16.05361111
369339000,7471,2020-11-26 22:41:26+08:00,CNWGQ,2020-12-11 13:07:36+08:00,USLSA,17.09,14.60150463
369339000,7471,2021-01-18 14:44:01+08:00,CNWGQ,2021-02-03 11:53:55+08:00,USLSA,16.17,15.881875
369339000,7471,2021-03-11 11:34:44+08:00,CNWGQ,2021-03-25 20:58:20+08:00,USLSA,17.88,14.39138889
369339000,7471,2021-05-04 17:47:06+08:00,CNWGQ,2021-05-22 11:56:04+08:00,USLSA,13.72,17.75622685
369339000,7471,2021-06-21 09:09:36+08:00,CNWGQ,2021-07-04 06:08:49+08:00,USLSA,18.66,12.87445602
369339000,7471,2021-08-09 04:30:19+08:00,CNQIN,2021-08-25 11:47:43+08:00,USLSA,15,16.30375
369339000,7471,2021-10-06 23:24:04+08:00,CNWGQ,2021-10-19 10:24:24+08:00,USLSA,19.73,12.45856481
369339000,7471,2021-11-18 12:36:11+08:00,CNWGQ,2021-12-01 23:23:46+08:00,USLSA,17.95,13.44971065
369339000,7471,2022-01-07 03:03:52+08:00,CNWGQ,2022-01-21 07:46:34+08:00,USLSA,18.71,14.19631944
369339000,7471,2022-03-02 12:39:20+08:00,CNWGQ,2022-03-23 12:29:41+08:00,USLSA,11.92,20.99329861
369339000,7471,2022-05-04 01:03:37+08:00,CNWGQ,2022-05-17 13:14:10+08:00,USLSA,18.07,13.50732639
369339000,7471,2022-09-08 10:17:14+08:00,CNWGQ,2022-09-20 20:03:33+08:00,USLSA,19.44,12.40716435
369339000,7471,2022-10-27 23:31:00+08:00,CNWGQ,2022-11-12 22:35:54+08:00,USLSA,15.64,15.96173611
369339000,7471,2022-12-13 14:51:44+08:00,CNWGQ,2022-12-26 20:36:47+08:00,USLSA,18.4,13.23961806
369339000,7471,2023-01-28 16:14:37+08:00,CNWGQ,2023-02-13 21:10:24+08:00,USLSA,16.07,16.20540509
369339000,7471,2023-03-18 21:21:19+08:00,CNWGQ,2023-04-03 20:03:59+08:00,USLSA,15.22,15.9462963
369339000,7471,2023-05-10 19:23:00+08:00,CNQIN,2023-05-26 08:45:54+08:00,USLSA,15.96,15.55756944
369339000,7471,2023-06-27 08:04:27+08:00,CNQIN,2023-07-10 16:13:40+08:00,USLSA,18.21,13.3397338
369339000,7471,2023-08-27 08:34:41+08:00,CNWGQ,2023-09-12 20:25:18+08:00,USLSA,15.08,16.4934838
369339000,7471,2023-10-15 12:13:32+08:00,CNWGQ,2023-11-01 05:55:52+08:00,USLSA,14.56,16.73773148
369339000,7471,2023-12-03 02:57:18+08:00,CNWGQ,2023-12-20 13:55:49+08:00,USLSA,14.12,17.45730324
369339000,7471,2024-01-21 20:20:41+08:00,CNWGQ,2024-02-07 23:12:38+08:00,USLSA,14.38,17.11940972
369339000,7471,2024-03-08 09:19:36+08:00,CNWGQ,2024-03-23 18:58:21+08:00,USLSA,16.44,15.40190972
369339000,7471,2024-04-21 11:48:23+08:00,CNWGQ,2024-05-08 20:54:26+08:00,USLSA,13.98,17.37920139
369339000,7471,2024-06-09 13:41:31+08:00,CNWGQ,2024-06-26 05:51:23+08:00,USLSA,14.48,16.67351852
369339000,7471,2024-07-26 16:09:40+08:00,CNWGQ,2024-08-09 20:06:55+08:00,USLSA,17.01,14.16475694
369339000,7471,2024-09-10 14:04:35+08:00,CNWGQ,2024-09-27 04:24:10+08:00,USLSA,14.62,16.59693287
369751000,6589,2020-03-15 16:14:59+08:00,CNWGQ,2020-03-30 04:58:17+08:00,USLSA,17.14,14.53006944
369751000,6589,2020-04-26 13:11:04+08:00,CNWGQ,2020-05-11 06:26:09+08:00,USLSA,16.44,14.71880787
369751000,6589,2020-06-08 01:42:13+08:00,CNWGQ,2020-06-22 06:11:55+08:00,USLSA,17.71,14.18729167
369751000,6589,2020-07-20 12:09:31+08:00,CNWGQ,2020-08-03 06:00:45+08:00,USLSA,17.52,13.74391204
369751000,6589,2020-09-01 12:53:40+08:00,CNWGQ,2020-09-16 02:01:24+08:00,USLSA,17.39,14.54703704
369751000,6589,2020-11-15 12:11:19+08:00,CNWGQ,2020-12-06 23:58:52+08:00,USLSA,11.94,21.49135417
369751000,6589,2021-01-09 20:45:29+08:00,CNWGQ,2021-01-27 23:58:13+08:00,USLSA,15.03,18.13384259
369751000,6589,2021-03-04 03:18:15+08:00,CNWGQ,2021-03-17 20:37:46+08:00,USLSA,18.37,13.72188657
369751000,6589,2021-04-24 22:03:09+08:00,CNWGQ,2021-05-10 22:17:18+08:00,USLSA,15.1,16.00982639
369751000,6589,2021-06-07 22:54:42+08:00,CNWGQ,2021-06-22 15:50:29+08:00,USLSA,16.71,14.70540509
369751000,6589,2021-07-21 02:17:53+08:00,CNQIN,2021-08-02 07:28:50+08:00,USLSA,19.72,12.2159375
369751000,6589,2021-09-03 10:38:54+08:00,CNWGQ,2021-09-24 21:52:14+08:00,USLSA,11.49,21.46759259
369751000,6589,2021-10-26 13:50:37+08:00,CNWGQ,2021-11-08 13:10:05+08:00,USLSA,18.75,12.97185185
369751000,6589,2021-12-10 16:24:53+08:00,CNWGQ,2021-12-31 21:12:01+08:00,USLSA,12.6,21.19939815
369751000,6589,2022-02-17 12:25:46+08:00,CNWGQ,2022-03-04 07:20:53+08:00,USLSA,16.5,14.78827546
369751000,6589,2022-04-10 18:07:02+08:00,CNWGQ,2022-04-25 20:23:10+08:00,USLSA,16.27,15.09453704
369751000,6589,2022-06-03 13:32:25+08:00,CNWGQ,2022-06-18 12:27:20+08:00,USLSA,16.23,14.95480324
369751000,6589,2022-07-22 18:45:16+08:00,CNWGQ,2022-08-07 07:16:28+08:00,USLSA,15.65,15.52166667
369751000,6589,2022-09-13 12:18:30+08:00,CNWGQ,2022-09-26 21:40:16+08:00,USLSA,18.08,13.39011574
369751000,6589,2022-11-01 15:51:16+08:00,CNWGQ,2022-11-15 22:28:05+08:00,USLSA,17.01,14.27556713
369751000,6589,2022-12-19 19:22:48+08:00,CNWGQ,2023-01-02 22:12:28+08:00,USLSA,17.72,14.11782407
369751000,6589,2023-02-12 16:38:46+08:00,CNWGQ,2023-02-27 21:09:18+08:00,USLSA,15.96,15.18787037
369751000,6589,2023-04-10 13:10:27+08:00,CNWGQ,2023-04-24 06:56:47+08:00,USLSA,17.8,13.74050926
369751000,6589,2023-05-28 04:12:19+08:00,CNWGQ,2023-06-12 06:57:39+08:00,USLSA,16.11,15.11481481
369751000,6589,2023-07-16 10:18:04+08:00,CNWGQ,2023-07-31 20:23:26+08:00,USLSA,15.64,15.42039352
369751000,6589,2023-09-04 03:12:48+08:00,CNWGQ,2023-09-21 21:00:07+08:00,USLSA,14.04,17.74119213
369751000,6589,2023-11-05 15:08:41+08:00,CNWGQ,2023-11-23 22:00:10+08:00,USLSA,13.42,18.28575231
369751000,6589,2023-12-25 21:17:27+08:00,CNWGQ,2024-01-10 21:05:23+08:00,USLSA,15.68,15.99162037
369751000,6589,2024-02-08 11:49:54+08:00,CNWGQ,2024-02-24 10:06:10+08:00,USLSA,16.05,15.92796296
369751000,6589,2024-03-29 15:24:31+08:00,CNWGQ,2024-04-12 18:08:33+08:00,USLSA,17.41,14.11391204
369751000,6589,2024-05-12 00:53:43+08:00,CNWGQ,2024-05-29 05:59:24+08:00,USLSA,14.14,17.21228009
370188000,10062,2020-03-11 06:46:56+08:00,CNNBO,2020-03-24 20:24:53+08:00,USLGB,18.8,13.56802083
370188000,10062,2020-06-11 03:02:55+08:00,CNNBO,2020-06-23 19:20:43+08:00,USLGB,19.11,12.67902778
370188000,10062,2020-09-03 06:41:30+08:00,CNNBO,2020-09-15 19:49:52+08:00,USLGB,19.27,12.54747685
370188000,10062,2020-12-14 22:41:23+08:00,CNYTN,2020-12-30 11:33:58+08:00,USLSA,18.29,15.5365162
370188000,10062,2021-02-06 10:59:03+08:00,CNNBO,2021-03-02 04:25:03+08:00,USLGB,10.21,23.72638889
370188000,10062,2021-04-19 08:35:07+08:00,CNNBO,2021-05-11 21:01:27+08:00,USLGB,10.98,22.51828704
370188000,10062,2021-07-04 03:16:33+08:00,CNNBO,2021-07-17 20:55:46+08:00,USLGB,17.61,13.73556713
370188000,10062,2021-08-24 18:35:07+08:00,CNNBO,2021-09-08 21:25:26+08:00,USLGB,16.07,15.11827546
370188000,10062,2022-01-24 18:41:19+08:00,CNNBO,2022-02-12 22:33:05+08:00,USLGB,12.81,19.16094907
370188000,10062,2022-03-10 08:12:29+08:00,CNNBO,2022-03-28 06:25:05+08:00,USLGB,13.63,17.92541667
370188000,10062,2022-06-06 04:26:31+08:00,CNYSN,2022-06-23 21:19:55+08:00,USLGB,13.67,17.70375
370188000,10062,2023-03-01 20:04:33+08:00,CNYSN,2023-03-15 19:17:30+08:00,USLGB,17.24,13.96732639
370188000,10062,2023-04-19 22:18:32+08:00,CNYSN,2023-05-04 06:06:45+08:00,USLGB,16.96,14.32515046
370188000,10062,2023-07-19 11:18:39+08:00,CNYSN,2023-08-03 05:36:01+08:00,USLGB,16.31,14.76206019
370188000,10062,2023-09-06 21:05:43+08:00,CNYSN,2023-09-21 04:45:57+08:00,USLGB,16.79,14.31960648
370188000,10062,2023-11-02 05:55:23+08:00,CNYSN,2023-11-16 13:48:03+08:00,USLGB,17.37,14.32824074
370188000,10062,2023-12-22 09:26:08+08:00,CNYSN,2024-01-08 05:38:20+08:00,USLGB,14.87,16.84180556
370188000,10062,2024-02-11 01:56:48+08:00,CNYSN,2024-02-25 05:52:43+08:00,USLGB,17.41,14.16383102
370188000,10062,2024-03-29 06:18:41+08:00,CNYSN,2024-04-13 03:18:18+08:00,USLGB,16.4,14.8747338
370188000,10062,2024-05-22 21:18:17+08:00,CNYSN,2024-06-06 06:02:51+08:00,USLGB,16.81,14.36428241
370188000,10062,2024-07-12 22:53:37+08:00,CNYSN,2024-07-26 05:52:53+08:00,USLGB,18.15,13.29115741
370188000,10062,2024-08-29 21:42:13+08:00,CNYSN,2024-09-12 19:51:40+08:00,USLGB,17.36,13.92322917
370188000,10062,2024-10-23 23:18:53+08:00,CNYSN,2024-11-07 05:51:08+08:00,USLGB,17.43,14.27239583
370188000,10062,2024-12-07 23:16:42+08:00,CNYSN,2024-12-21 20:49:26+08:00,USLGB,17.43,13.89773148
370188000,10062,2025-01-23 06:33:49+08:00,CNYSN,2025-02-07 07:04:37+08:00,USLGB,16.84,15.02138889
370188000,10062,2025-03-17 20:52:42+08:00,CNYSN,2025-04-01 06:04:03+08:00,USLGB,16.88,14.38288194
370188000,10062,2025-05-09 11:38:33+08:00,CNYSN,2025-05-23 06:00:06+08:00,USLGB,17.51,13.76496528
370188000,10062,2025-06-21 18:19:54+08:00,CNYSN,2025-07-06 05:47:24+08:00,USLGB,16.65,14.47743056
370320000,4506,2021-09-11 02:54:12+08:00,CNNBO,2021-10-20 06:15:05+08:00,USLGB,6.43,39.13950231
370320000,4506,2022-04-22 18:00:55+08:00,CNQIN,2022-05-18 23:22:34+08:00,USLGB,10.06,26.22336806
370320000,4506,2022-06-24 13:53:21+08:00,CNQIN,2022-07-23 21:13:43+08:00,USLGB,9.03,29.30581019
370341000,14036,2020-06-11 18:06:53+08:00,CNYSN,2020-06-24 06:45:51+08:00,USLGB,19.56,12.52706019
370341000,14036,2020-10-14 08:25:14+08:00,CNYSN,2020-11-04 23:55:15+08:00,USLGB,13.1,21.64584491
370341000,14036,2021-02-21 07:14:15+08:00,CNYTN,2021-03-18 05:41:13+08:00,USLGB,11.27,24.93539352
370341000,14036,2021-08-07 07:08:30+08:00,CNNBO,2021-08-20 19:49:11+08:00,USLSA,18.24,13.52825231
370341000,14036,2022-08-28 10:19:56+08:00,CNXIA,2022-09-11 20:13:07+08:00,USLSA,18.95,14.41193287
370341000,14036,2022-11-15 07:35:39+08:00,CNYSN,2022-11-30 19:24:33+08:00,USLGB,19.2,15.49229167
370341000,14036,2023-01-17 17:24:00+08:00,CNYSN,2023-02-06 21:12:41+08:00,USLGB,14.27,20.15880787
370341000,14036,2024-11-08 23:58:12+08:00,CNTJN,2024-11-27 21:52:19+08:00,USLGB,15.79,18.91258102
370407000,8102,2020-04-02 07:11:49+08:00,CNYTN,2020-04-17 07:13:10+08:00,USLSA,17.95,15.0009375
370407000,8102,2020-06-07 22:19:29+08:00,CNNBO,2020-06-22 20:03:43+08:00,USLSA,16.45,14.90571759
370407000,8102,2020-07-24 11:11:12+08:00,CNNBO,2020-08-06 19:28:33+08:00,USLSA,18.19,13.34538194
370407000,8102,2020-10-16 03:34:52+08:00,CNYTN,2020-11-02 17:25:45+08:00,USLSA,16.01,17.57700231
370407000,8102,2021-01-10 19:10:24+08:00,CNYTN,2021-02-04 10:13:41+08:00,USLSA,12.73,24.62728009
370407000,8102,2021-04-17 09:36:42+08:00,TWKAO,2021-05-06 06:25:53+08:00,USLSA,13.67,18.86748843
370407000,8102,2021-08-01 06:45:25+08:00,HKHKG,2021-08-22 20:44:24+08:00,USLSA,12.64,21.58262731
370407000,8102,2021-11-16 14:30:22+08:00,CNYTN,2021-12-28 20:34:57+08:00,USLSA,7.46,42.25318287
370407000,8102,2022-04-08 18:41:54+08:00,CNYTN,2022-04-26 21:01:06+08:00,USLSA,15.03,18.09666667
370407000,8102,2022-07-15 10:54:16+08:00,CNYTN,2022-08-09 00:03:37+08:00,USLSA,11.11,24.54815972
370407000,8102,2022-11-08 12:39:11+08:00,CNYTN,2022-11-30 07:40:34+08:00,USLSA,12.9,21.79262731
370407000,8102,2023-03-02 13:32:30+08:00,CNYTN,2023-03-19 20:37:00+08:00,USLSA,15.48,17.29479167
370407000,8102,2023-06-02 14:27:16+08:00,CNYTN,2023-06-21 20:55:12+08:00,USLSA,13.93,19.26939815
370556000,4506,2020-08-21 13:59:39+08:00,CNWGQ,2020-09-01 07:01:01+08:00,USLGB,22.58,10.70928241
370556000,4506,2020-09-25 18:28:03+08:00,CNWGQ,2020-10-06 21:01:03+08:00,USLGB,21.58,11.10625
370556000,4506,2020-10-28 22:28:27+08:00,CNWGQ,2020-11-08 23:16:06+08:00,USLGB,21.84,11.03309028
370556000,4506,2020-12-04 01:53:23+08:00,CNWGQ,2020-12-17 10:40:40+08:00,USLGB,22.87,13.36616898
370556000,4506,2021-01-08 09:40:06+08:00,CNWGQ,2021-01-23 11:13:21+08:00,USLGB,17.56,15.06475694
370556000,4506,2021-02-12 11:45:37+08:00,CNWGQ,2021-03-03 08:09:56+08:00,USLGB,14.37,18.85021991
370556000,4506,2021-04-03 16:43:28+08:00,CNWGQ,2021-04-15 03:56:53+08:00,USLGB,22.99,11.46765046
370556000,4506,2021-05-14 13:53:11+08:00,CNWGQ,2021-05-25 20:44:06+08:00,USLGB,21.64,11.2853588
370587000,8212,2023-10-30 10:47:02+08:00,CNQIN,2023-11-18 21:55:07+08:00,USLSA,13.68,19.46394676
370651000,14026,2020-07-06 21:58:32+08:00,CNYTN,2020-07-22 21:29:03+08:00,USLGB,16.76,15.97952546
370651000,14026,2020-11-12 16:31:15+08:00,CNYTN,2020-12-09 23:02:37+08:00,USLGB,9.86,27.27178241
370651000,14026,2021-04-26 10:49:24+08:00,CNYTN,2021-05-11 18:01:42+08:00,USLGB,17.52,15.30020833
370651000,14026,2021-11-03 20:19:47+08:00,CNYTN,2021-12-20 22:35:39+08:00,USLGB,6.76,47.09435185
370651000,14026,2022-05-13 22:18:10+08:00,CNYTN,2022-06-04 23:17:16+08:00,USLGB,12.23,22.04104167
370711000,23656,2024-09-25 14:20:02+08:00,CNYTN,2024-10-20 20:15:22+08:00,USLGB,12.7,25.24675926
370892000,13798,2020-09-04 00:07:24+08:00,CNYSN,2020-09-27 21:41:14+08:00,USLGB,12.01,23.89849537
370892000,13798,2021-04-13 19:55:27+08:00,CNYSN,2021-05-12 21:09:33+08:00,USLGB,10.2,29.05145833
370892000,13798,2021-09-01 07:11:28+08:00,CNNBO,2021-10-10 22:14:38+08:00,USLGB,7.19,39.62719907
370892000,13798,2021-11-23 21:32:20+08:00,CNQIN,2022-01-14 22:31:38+08:00,USLGB,6.8,52.04118056
370892000,13798,2022-04-07 18:59:52+08:00,CNYSN,2022-05-18 22:55:17+08:00,USLGB,8.55,41.1634838
370892000,13798,2023-04-22 11:31:45+08:00,CNYTN,2023-05-10 20:21:35+08:00,USLGB,15.3,18.36793981
370894000,11668,2020-07-19 01:33:08+08:00,CNNBO,2020-08-01 20:08:07+08:00,USLSA,17.57,13.77429398
370894000,11668,2022-05-26 17:31:33+08:00,CNDCB,2022-06-18 21:18:37+08:00,USLSA,12.43,23.15768519
370894000,11668,2024-09-14 22:42:42+08:00,CNYSN,2024-10-02 21:21:14+08:00,USLGB,14.01,17.94342593
370930000,11668,2020-11-09 00:56:22+08:00,CNYSN,2020-11-26 00:17:06+08:00,USLGB,15.48,16.97273148
370930000,11668,2021-09-04 07:51:03+08:00,CNNBO,2021-10-19 21:57:13+08:00,USLGB,6.58,45.58761574
370930000,11668,2025-03-27 08:54:23+08:00,CNXIA,2025-04-11 20:56:14+08:00,USLGB,18.27,15.50128472
370959000,6661,2020-02-14 12:23:01+08:00,CNSHE,2020-04-03 08:55:48+08:00,USLGB,13.45,48.85609954
370993000,11668,2020-12-20 10:51:44+08:00,CNXIA,2021-01-16 19:20:05+08:00,USLSA,9.9,27.35302083
370993000,11668,2021-04-30 07:54:45+08:00,CNNBO,2021-05-20 22:13:28+08:00,USLGB,12.69,20.59633102
370993000,11668,2023-03-04 20:30:25+08:00,CNYTN,2023-03-27 20:04:08+08:00,USLGB,13.49,22.98174769
370993000,11668,2023-10-01 19:21:58+08:00,CNQIN,2023-10-21 05:11:10+08:00,USLSA,13.74,19.40916667
370993000,11668,2024-06-25 15:31:06+08:00,CNYSN,2024-07-08 05:59:37+08:00,USLGB,19.05,12.60313657
370993000,11668,2024-08-13 18:13:08+08:00,CNYSN,2024-08-26 20:33:55+08:00,USLGB,18.34,13.0977662
370993000,11668,2024-09-30 23:54:22+08:00,CNYSN,2024-10-14 21:22:09+08:00,USLGB,17.74,13.89429398
370993000,11668,2025-03-31 16:51:42+08:00,CNXIA,2025-04-16 18:00:39+08:00,USLGB,16.3,16.04788194
371218000,13798,2020-01-01 21:11:06+08:00,CNXIA,2020-01-16 20:43:20+08:00,USLSA,19.26,14.98071759
371218000,13798,2020-02-28 21:46:08+08:00,CNYSN,2020-03-14 20:26:05+08:00,USLGB,17.08,14.94440972
371218000,13798,2021-01-04 01:05:39+08:00,CNYSN,2021-02-02 23:50:41+08:00,USLSA,10.88,29.94793981
371218000,13798,2021-06-25 16:22:30+08:00,CNYTN,2021-07-30 20:15:36+08:00,USLGB,9.24,35.161875
371218000,13798,2024-10-10 11:50:25+08:00,CNQIN,2024-10-29 20:18:13+08:00,USLGB,14.61,19.35263889
371233000,14036,2023-09-06 19:35:20+08:00,CNXIA,2023-09-22 20:50:02+08:00,USLSA,16.63,16.051875
371233000,14036,2023-11-06 08:57:01+08:00,CNXIA,2023-11-21 19:56:31+08:00,USLSA,18.07,15.45798611
371233000,14036,2024-01-09 12:24:49+08:00,CNXIA,2024-01-23 21:10:04+08:00,USLSA,18.26,14.36475694
371233000,14036,2024-03-02 01:42:43+08:00,CNYSN,2024-03-19 07:39:23+08:00,USLGB,14.61,17.24768519
371233000,14036,2024-04-26 20:17:13+08:00,CNYSN,2024-05-10 05:54:29+08:00,USLGB,18.44,13.40087963
371233000,14036,2024-06-06 09:15:23+08:00,CNYSN,2024-06-19 20:03:25+08:00,USLGB,17.86,13.45002315
371274000,13092,2020-03-14 00:18:37+08:00,CNYSN,2020-03-27 19:18:49+08:00,USLGB,17.66,13.79180556
371274000,13092,2020-05-04 22:32:11+08:00,CNYSN,2020-05-18 07:53:32+08:00,USLGB,18.93,13.38982639
371274000,13092,2020-09-04 03:07:07+08:00,CNYSN,2020-09-16 20:16:19+08:00,USLGB,20.78,12.71472222
371274000,13092,2021-01-01 11:40:40+08:00,CNYSN,2021-01-30 00:34:49+08:00,USLGB,10.83,28.53760417
371274000,13092,2021-04-16 10:42:11+08:00,CNXIA,2021-05-07 21:06:25+08:00,USLSA,12.35,21.43349537
371274000,13092,2021-07-04 13:37:36+08:00,CNXIA,2021-07-24 21:50:45+08:00,USLSA,12.65,20.34246528
371274000,13092,2021-09-07 20:44:03+08:00,CNXIA,2021-10-07 19:22:52+08:00,USLSA,8.94,29.94362269
371274000,13092,2021-11-25 18:11:54+08:00,CNXIA,2022-01-07 09:04:09+08:00,USLSA,7.44,42.61961806
371274000,13092,2022-02-19 06:21:53+08:00,CNXIA,2022-03-29 21:52:20+08:00,USLSA,7.09,38.64614583
371274000,13092,2022-05-23 09:27:54+08:00,CNXIA,2022-06-28 04:25:58+08:00,USLSA,7.89,35.79032407
371274000,13092,2022-08-15 23:55:16+08:00,CNXIA,2022-08-31 21:48:20+08:00,USLSA,16.15,15.91185185
371274000,13092,2022-11-09 14:45:12+08:00,CNXIA,2022-11-23 21:11:56+08:00,USLSA,18.21,14.26856481
371274000,13092,2023-03-30 18:59:24+08:00,CNXIA,2023-04-15 08:13:03+08:00,USLSA,16.67,15.55114583
371274000,13092,2023-06-02 06:17:14+08:00,CNXIA,2023-06-16 21:09:18+08:00,USLSA,17.63,14.61949074
371274000,13092,2023-08-02 01:24:30+08:00,CNXIA,2023-08-16 23:02:12+08:00,USLSA,18.76,14.90118056
371274000,13092,2023-09-25 07:08:29+08:00,CNXIA,2023-10-10 20:10:37+08:00,USLSA,16.58,15.54314815
371274000,13092,2023-11-27 03:44:39+08:00,CNXIA,2023-12-12 21:05:19+08:00,USLSA,16.35,15.72268519
371443000,3398,2020-07-31 23:39:41+08:00,CNYSN,2020-08-16 22:31:17+08:00,USLGB,15.39,15.9525
371582000,12400,2020-01-27 18:02:09+08:00,CNYSN,2020-02-09 20:24:25+08:00,USLGB,19.79,13.0987963
371582000,12400,2020-06-04 00:00:46+08:00,CNYSN,2020-06-17 05:52:55+08:00,USLGB,18.48,13.24454861
371582000,12400,2020-09-30 09:25:02+08:00,CNYSN,2020-10-18 23:33:32+08:00,USLGB,14.63,18.58923611
371582000,12400,2021-02-05 23:49:48+08:00,CNYTN,2021-03-01 23:29:50+08:00,USLGB,13.21,23.98613426
371582000,12400,2023-05-21 11:23:27+08:00,CNYSN,2023-06-04 20:16:08+08:00,USLGB,17.84,14.36991898
371582000,12400,2023-12-07 11:22:49+08:00,CNYTN,2024-01-04 08:11:14+08:00,USLSA,12.64,27.86695602
371633000,6350,2020-04-08 19:45:00+08:00,TWKEE,2020-04-21 23:20:01+08:00,USLSA,19.11,13.14931713
371633000,6350,2020-10-03 11:19:46+08:00,CNYTN,2020-10-23 08:35:49+08:00,USLSA,27.52,19.88614583
371713000,2190,2021-08-10 03:06:54+08:00,CNNBO,2021-09-29 06:58:35+08:00,USLGB,4.92,50.1608912
371713000,2190,2021-10-26 08:12:50+08:00,CNNBO,2021-12-17 00:53:49+08:00,USLSA,5.11,51.69512731
371753000,14036,2025-05-23 06:11:44+08:00,CNYSN,2025-06-09 05:56:36+08:00,USLGB,15.11,16.98949074
371908000,8401,2022-04-01 22:52:09+08:00,CNMWN,2022-04-29 07:35:45+08:00,USLGB,12.05,27.36361111
371929000,8566,2020-03-25 11:15:03+08:00,CNWGQ,2020-04-10 19:48:19+08:00,USLSA,15.11,16.35643519
371929000,8566,2020-05-07 10:50:41+08:00,CNWGQ,2020-05-22 18:57:54+08:00,USLGB,16.19,15.33834491
371929000,8566,2020-06-24 15:06:51+08:00,CNNBO,2020-07-07 19:56:58+08:00,USLSA,18.23,13.20146991
371929000,8566,2020-08-09 14:18:07+08:00,CNNBO,2020-08-22 20:07:20+08:00,USLSA,18.21,13.24251157
371929000,8566,2020-09-23 18:15:04+08:00,CNNBO,2020-10-07 22:08:51+08:00,USLSA,17.33,14.16234954
371929000,8566,2020-11-06 12:24:18+08:00,CNNBO,2020-12-01 20:05:41+08:00,USLSA,10.89,25.32040509
371929000,8566,2021-01-03 00:15:30+08:00,CNNBO,2021-01-23 22:18:10+08:00,USLSA,12.75,20.91851852
371929000,8566,2021-02-19 05:38:23+08:00,CNNBO,2021-03-18 20:25:47+08:00,USLSA,9.03,27.61625
371929000,8566,2021-04-20 22:15:48+08:00,CNNBO,2021-05-04 20:03:52+08:00,USLSA,17.29,13.90837963
372052000,6661,2020-02-22 08:23:01+08:00,CNSHE,2020-04-10 08:16:10+08:00,USLGB,13.72,47.99524306
372052000,6661,2020-06-23 18:30:49+08:00,TWKAO,2020-07-09 08:04:40+08:00,USLSA,16.51,15.56517361
372104000,8212,2025-03-19 03:15:02+08:00,CNYSN,2025-04-10 16:49:51+08:00,USLSA,12,22.56584491
372319000,4888,2021-08-09 04:18:15+08:00,CNYSN,2021-09-01 17:21:04+08:00,USLSA,10.23,23.54362269
372367000,8212,2020-04-16 03:45:08+08:00,CNNBO,2020-05-02 21:55:01+08:00,USLSA,14.47,16.75686343
372367000,8212,2020-05-28 23:53:07+08:00,CNNBO,2020-06-13 06:43:59+08:00,USLSA,16.55,15.28532407
372367000,8212,2020-07-10 18:41:32+08:00,CNQIN,2020-07-25 19:56:32+08:00,USLSA,16.17,15.05208333
372367000,8212,2020-08-25 00:14:15+08:00,CNNBO,2020-09-08 19:42:43+08:00,USLSA,16.75,14.81143519
372367000,8212,2020-10-05 12:18:32+08:00,CNQIN,2020-10-21 06:50:19+08:00,USLSA,16.72,15.77207176
372367000,8212,2020-11-15 02:13:32+08:00,CNQIN,2020-12-08 21:38:39+08:00,USLSA,11.05,23.8091088
372400000,12400,2023-04-10 02:53:57+08:00,CNYSN,2023-04-24 20:49:14+08:00,USLGB,17.49,14.74672454
372531000,9012,2022-06-10 15:49:26+08:00,CNZOS,2022-07-15 21:24:50+08:00,USLSA,7.83,35.23291667
372531000,9012,2025-03-30 17:32:43+08:00,CNYTN,2025-04-15 23:11:11+08:00,USLSA,16.63,16.2350463
372531000,9012,2025-06-03 09:55:01+08:00,CNYTN,2025-06-17 22:37:09+08:00,USLSA,18.35,14.52925926
372724000,8212,2022-11-07 10:21:31+08:00,CNZOS,2022-12-04 09:24:34+08:00,USLSA,10.07,26.96045139
372724000,8212,2024-09-13 12:41:12+08:00,CNZOS,2024-10-03 21:05:58+08:00,USLSA,13.12,20.35053241
372733000,11888,2021-09-28 11:03:24+08:00,TWTAP,2021-10-13 05:55:41+08:00,USLSA,17.11,14.78630787
372733000,11888,2022-12-02 13:36:11+08:00,CNNBO,2022-12-15 22:24:22+08:00,USLSA,18.43,13.36679398
372733000,11888,2023-01-26 07:21:12+08:00,CNNBO,2023-02-09 06:58:10+08:00,USLSA,18.31,13.98400463
372733000,11888,2023-03-17 05:13:02+08:00,CNNBO,2023-03-30 20:53:04+08:00,USLSA,17.89,13.65280093
372736000,9178,2022-08-08 08:41:51+08:00,CNYTN,2022-08-24 19:33:30+08:00,USLGB,17.35,16.45253472
372736000,9178,2023-08-05 14:08:24+08:00,CNNSA,2023-09-08 21:20:02+08:00,USLSA,12.69,34.29974537
372736000,9178,2024-08-12 01:42:41+08:00,CNYSN,2024-08-28 22:04:10+08:00,USLSA,14.58,16.84825231
372736000,9178,2025-03-28 03:23:25+08:00,CNYSN,2025-04-14 00:01:26+08:00,USLGB,15.76,16.8597338
372829000,7024,2020-05-07 16:38:05+08:00,TWTAP,2020-05-22 22:10:31+08:00,USLSA,16.67,15.23085648
372829000,7024,2020-07-31 07:52:40+08:00,TWTAP,2020-08-12 21:19:13+08:00,USLSA,20.3,12.56010417
372829000,7024,2020-10-23 12:46:15+08:00,TWTAP,2020-11-11 23:16:47+08:00,USLSA,13.38,19.43787037
372829000,7024,2020-12-08 14:27:30+08:00,TWTAP,2020-12-28 11:16:26+08:00,USLSA,13.42,19.86731481
372934000,5089,2021-11-10 14:51:11+08:00,CNQIN,2021-12-02 07:47:36+08:00,USLGB,12.83,21.70584491
373004000,12400,2020-08-09 10:04:59+08:00,CNNBO,2020-08-22 21:18:01+08:00,USLSA,18.28,13.46738426
373004000,12400,2020-09-19 16:24:26+08:00,CNYSN,2020-10-06 20:13:05+08:00,USLSA,14.48,17.15878472
373004000,12400,2021-02-12 07:32:13+08:00,CNYSN,2021-03-28 20:13:15+08:00,USLSA,8.2,44.52849537
373004000,12400,2021-05-03 11:40:14+08:00,CNYSN,2021-05-24 21:33:05+08:00,USLSA,12.42,21.41170139
373004000,12400,2021-07-05 23:41:31+08:00,CNMWN,2021-07-19 20:00:15+08:00,USLSA,19.51,13.84634259
373004000,12400,2022-04-19 08:07:25+08:00,CNNBO,2022-05-16 06:20:48+08:00,USLSA,13.06,26.92596065
373005000,13050,2020-07-17 16:43:04+08:00,CNXIA,2020-07-31 20:52:20+08:00,USLSA,18.22,14.17310185
373005000,13050,2020-11-08 03:36:29+08:00,CNXIA,2020-11-29 22:22:47+08:00,USLSA,13.56,21.78215278
373005000,13050,2021-03-15 15:11:45+08:00,CNXIA,2021-04-07 03:11:28+08:00,USLSA,13.2,22.49980324
373005000,13050,2021-05-22 08:43:05+08:00,CNXIA,2021-06-10 02:57:52+08:00,USLSA,13.8,18.7602662
373005000,13050,2021-08-03 11:05:18+08:00,CNXIA,2021-09-03 01:57:51+08:00,USLSA,8.5,30.61982639
373005000,13050,2021-10-22 05:20:09+08:00,CNXIA,2021-11-24 20:28:28+08:00,USLSA,8.44,33.63077546
373005000,13050,2022-01-08 23:18:29+08:00,CNXIA,2022-02-27 20:14:33+08:00,USLSA,6.53,49.87226852
373005000,13050,2022-04-17 21:48:28+08:00,CNXIA,2022-05-20 21:21:11+08:00,USLSA,9.77,32.98105324
373005000,13050,2022-07-11 10:53:07+08:00,CNXIA,2022-08-07 21:49:59+08:00,USLSA,10.12,27.45615741
373005000,13050,2022-10-04 06:27:36+08:00,CNNBO,2022-10-23 20:29:00+08:00,USLGB,12.7,19.58430556
373021000,8566,2020-01-16 16:15:34+08:00,CNWGQ,2020-01-30 21:10:00+08:00,USLSA,18.53,14.20446759
373021000,8566,2020-04-16 04:51:15+08:00,CNWGQ,2020-05-01 05:56:40+08:00,USLGB,16.26,15.04542824
373021000,8566,2020-07-09 12:42:31+08:00,CNNBO,2020-07-22 05:56:42+08:00,USLSA,18.94,12.71818287
373021000,8566,2020-08-21 00:19:17+08:00,CNNBO,2020-09-05 22:33:43+08:00,USLSA,15.14,15.92668981
373021000,8566,2020-10-07 22:21:00+08:00,CNNBO,2020-10-29 20:03:40+08:00,USLSA,12.23,21.90462963
373021000,8566,2020-11-27 10:35:26+08:00,CNNBO,2020-12-17 23:03:02+08:00,USLSA,12.87,20.51916667
373021000,8566,2021-01-19 05:20:00+08:00,CNNBO,2021-02-13 23:01:01+08:00,USLSA,9.43,25.73681713
373021000,8566,2021-03-15 06:13:43+08:00,CNNBO,2021-04-06 19:58:19+08:00,USLSA,11.34,22.57263889
373021000,8566,2021-05-06 20:31:09+08:00,CNNBO,2021-05-19 20:07:55+08:00,USLSA,18.58,12.98386574
373021000,8566,2022-05-30 23:29:39+08:00,HKHKG,2022-07-17 06:26:32+08:00,USLSA,10.5,47.28950231
373069000,13050,2020-02-08 05:43:23+08:00,CNYSN,2020-02-23 21:06:42+08:00,USLGB,17.34,15.64119213
373069000,13050,2020-06-20 04:08:14+08:00,CNYSN,2020-07-02 22:26:20+08:00,USLGB,18.82,12.76256944
373069000,13050,2020-08-04 10:32:48+08:00,CNYSN,2020-08-16 20:27:26+08:00,USLGB,19.33,12.41293981
373069000,13050,2020-09-20 18:25:38+08:00,CNXIA,2020-10-04 20:19:06+08:00,USLSA,18.75,14.0787963
373069000,13050,2021-01-12 11:03:04+08:00,CNXIA,2021-02-04 13:45:55+08:00,USLSA,14.17,23.11309028
373069000,13050,2021-06-26 18:32:41+08:00,CNXIA,2021-07-13 21:18:27+08:00,USLSA,15.06,17.11511574
373069000,13050,2021-09-02 18:06:29+08:00,CNXIA,2021-09-29 21:29:21+08:00,USLSA,11.83,27.14087963
373069000,13050,2021-11-16 20:34:29+08:00,CNXIA,2021-12-29 20:35:09+08:00,USLSA,7.59,43.00046296
373069000,13050,2022-02-12 23:25:39+08:00,CNXIA,2022-03-22 19:28:00+08:00,USLSA,8.88,37.83496528
373069000,13050,2022-05-17 17:35:02+08:00,CNXIA,2022-06-14 19:36:35+08:00,USLSA,10.13,28.08440972
373069000,13050,2023-05-11 19:15:02+08:00,CNYSN,2023-05-25 19:53:50+08:00,USLGB,17.72,14.02694444
373069000,13050,2023-07-04 09:59:38+08:00,CNYSN,2023-07-17 20:18:38+08:00,USLGB,17.87,13.42986111
373069000,13050,2023-09-03 15:48:32+08:00,CNYSN,2023-09-19 20:10:01+08:00,USLGB,15.8,16.18158565
373119000,8930,2023-11-26 01:11:07+08:00,CNYTN,2023-12-14 08:01:05+08:00,USLGB,14.61,18.28469907
373119000,8930,2024-01-22 05:32:11+08:00,CNMWN,2024-03-16 21:29:15+08:00,USLSA,11.67,54.66462963
373134000,8827,2020-09-09 06:49:47+08:00,CNYTN,2020-09-23 05:53:34+08:00,USLSA,22.14,13.96096065
373183000,14036,2020-10-08 02:10:32+08:00,CNYSN,2020-10-25 23:54:29+08:00,USLGB,16.53,17.90552083
373183000,14036,2021-02-15 14:06:03+08:00,CNYTN,2021-03-09 22:13:41+08:00,USLGB,12.58,22.33863426
373183000,14036,2022-05-01 07:21:29+08:00,CNNBO,2022-05-27 20:17:51+08:00,USLGB,10.71,26.53914352
373233000,14036,2020-11-20 19:25:02+08:00,CNYSN,2020-12-14 23:38:27+08:00,USLGB,10.07,24.1759838
373233000,14036,2021-04-02 11:58:38+08:00,CNYTN,2021-04-24 21:36:43+08:00,USLGB,13.31,22.40144676
373233000,14036,2021-06-30 02:21:19+08:00,CNYTN,2021-07-15 21:20:24+08:00,USLGB,17.52,15.79103009
373233000,14036,2021-08-22 12:32:40+08:00,CNYTN,2021-09-15 20:28:53+08:00,USLGB,11.18,24.33070602
373233000,14036,2021-10-31 15:42:01+08:00,CNNBO,2021-12-18 00:51:26+08:00,USLGB,6.17,47.38153935
373233000,14036,2022-01-27 13:20:38+08:00,CNYTN,2022-03-17 21:43:14+08:00,USLGB,7.45,49.34902778
373233000,14036,2022-04-30 12:34:50+08:00,CNNBO,2022-05-30 21:01:11+08:00,USLGB,9.12,30.35163194
373233000,14036,2022-11-19 10:35:53+08:00,CNDCB,2022-12-13 23:06:59+08:00,USLSA,12.21,24.52159722
373233000,14036,2023-01-29 12:04:44+08:00,CNDCB,2023-02-26 21:05:25+08:00,USLGB,12.45,28.37547454
373285000,12118,2021-01-06 17:42:17+08:00,CNYTN,2021-02-02 21:58:58+08:00,USLSA,12.05,27.17825231
373285000,12118,2021-03-03 02:28:47+08:00,CNYTN,2021-04-02 22:42:11+08:00,USLSA,10.41,30.84263889
373285000,12118,2021-05-04 19:15:17+08:00,CNYTN,2021-05-25 21:39:26+08:00,USLSA,12.84,21.10010417
373285000,12118,2021-07-09 02:56:52+08:00,HKHKG,2021-07-28 21:28:14+08:00,USLSA,13.77,19.77178241
373285000,12118,2021-09-01 21:24:04+08:00,CNYTN,2021-09-21 21:21:44+08:00,USLSA,13.77,19.99837963
373285000,12118,2021-10-27 17:38:23+08:00,CNYTN,2021-11-13 06:08:32+08:00,USLSA,16.51,16.5209375
373285000,12118,2021-12-25 08:36:46+08:00,CNYTN,2022-01-28 21:00:56+08:00,USLSA,9.1,34.51678241
373285000,12118,2022-03-02 14:28:49+08:00,CNYTN,2022-03-20 20:52:13+08:00,USLSA,15.39,18.26625
373285000,12118,2022-04-22 10:58:12+08:00,CNYTN,2022-05-11 12:29:54+08:00,USLSA,14.47,19.06368056
373285000,12118,2022-06-25 07:24:22+08:00,CNYTN,2022-07-10 22:29:15+08:00,USLSA,17.09,15.6283912
373285000,12118,2022-08-12 04:23:18+08:00,CNYTN,2022-08-26 06:31:55+08:00,USLSA,19.07,14.08931713
373285000,12118,2022-09-29 09:27:01+08:00,CNYTN,2022-10-12 20:31:53+08:00,USLSA,19.93,13.46171296
373285000,12118,2022-11-18 00:06:54+08:00,CNYTN,2022-12-06 23:10:56+08:00,USLSA,14.4,18.96113426
373285000,12118,2023-01-05 01:14:46+08:00,CNYTN,2023-01-19 20:36:09+08:00,USLSA,19.04,14.8065162
373285000,12118,2023-05-29 18:36:29+08:00,CNYTN,2023-06-13 19:41:44+08:00,USLSA,17.85,15.0453125
373285000,12118,2023-08-05 13:50:37+08:00,TWTAP,2023-08-18 19:50:04+08:00,USLSA,18.82,13.24961806
373285000,12118,2023-10-03 11:41:25+08:00,CNYTN,2023-10-18 06:15:06+08:00,USLSA,18.22,14.7733912
373285000,12118,2023-12-05 01:15:21+08:00,CNYTN,2023-12-19 08:31:20+08:00,USLSA,18.82,14.3027662
373285000,12118,2024-01-31 08:39:49+08:00,CNYTN,2024-02-15 07:27:38+08:00,USLSA,18.04,14.94987269
373285000,12118,2024-04-04 00:46:45+08:00,CNYTN,2024-04-18 06:38:19+08:00,USLSA,18.85,14.24414352
373285000,12118,2024-05-21 22:31:55+08:00,TWTAP,2024-06-04 06:02:12+08:00,USLSA,18.73,13.31269676
373285000,12118,2024-07-18 04:20:56+08:00,CNYTN,2024-08-01 06:12:52+08:00,USLSA,19.04,14.07773148
373285000,12118,2024-08-31 02:40:26+08:00,TWKAO,2024-09-15 19:49:53+08:00,USLSA,16.32,15.71489583
373285000,12118,2024-11-04 18:46:33+08:00,TWKAO,2024-11-18 07:07:23+08:00,USLSA,19.08,13.51446759
373285000,12118,2024-12-27 10:38:43+08:00,CNYTN,2025-01-12 07:21:56+08:00,USLSA,17.24,15.86334491
373285000,12118,2025-02-18 03:35:37+08:00,CNYTN,2025-03-05 20:32:55+08:00,USLSA,17.02,15.70645833
373285000,12118,2025-04-21 05:30:05+08:00,TWKAO,2025-05-05 19:45:58+08:00,USLSA,17.64,14.59436343
373285000,12118,2025-06-18 13:55:18+08:00,CNNBO,2025-07-01 06:16:36+08:00,USLSA,18.95,12.68145833
373355000,13050,2020-06-10 15:25:03+08:00,CNYSN,2020-06-24 20:11:11+08:00,USLGB,17.16,14.1987037
373355000,13050,2020-07-31 19:12:52+08:00,CNXIA,2020-08-14 06:30:06+08:00,USLSA,19.3,13.47030093
373355000,13050,2020-11-22 17:41:58+08:00,CNXIA,2020-12-16 00:26:11+08:00,USLSA,11.33,23.28070602
373355000,13050,2021-03-31 04:07:49+08:00,CNXIA,2021-05-08 21:04:43+08:00,USLSA,7.48,38.70618056
373355000,13050,2021-06-25 00:40:28+08:00,CNXIA,2021-07-08 22:59:37+08:00,USLSA,18.53,13.92996528
373355000,13050,2021-08-26 20:38:55+08:00,CNXIA,2021-09-19 18:41:06+08:00,USLSA,10.9,23.91818287
373355000,13050,2021-11-11 08:34:38+08:00,CNXIA,2021-12-17 01:17:47+08:00,USLSA,8.53,35.69663194
373355000,13050,2022-02-02 23:50:09+08:00,CNXIA,2022-03-14 22:58:36+08:00,USLSA,8.53,39.96420139
373355000,13050,2022-05-01 07:31:30+08:00,CNXIA,2022-06-07 21:31:47+08:00,USLSA,8.43,37.58353009
373355000,13050,2022-07-18 05:21:30+08:00,CNXIA,2022-08-17 21:12:13+08:00,USLSA,9.53,30.66021991
373355000,13050,2022-10-09 05:26:21+08:00,CNXIA,2022-10-27 21:34:42+08:00,USLSA,14.76,18.67246528
373355000,13050,2023-09-16 13:50:01+08:00,CNYTN,2023-10-06 20:05:02+08:00,USLGB,13.83,20.26042824
373404000,12400,2020-03-06 15:39:22+08:00,CNYSN,2020-03-20 20:14:19+08:00,USLGB,18.58,14.1909375
373404000,12400,2021-05-22 21:23:02+08:00,CNNBO,2021-06-14 07:01:46+08:00,USLGB,12.53,22.40189815
373485000,8930,2024-01-10 06:05:13+08:00,CNYTN,2024-01-26 21:55:42+08:00,USLSA,17.37,16.66005787
373598000,16652,2022-03-25 23:31:37+08:00,CNNBO,2022-05-02 18:25:36+08:00,USLGB,8.39,37.78748843
373598000,16652,2023-01-01 10:24:48+08:00,CNYTN,2023-01-24 21:07:45+08:00,USLGB,14.44,23.44649306
373598000,16652,2023-09-12 14:49:59+08:00,CNYSN,2023-09-26 21:05:02+08:00,USLGB,17.42,14.26045139
373598000,16652,2023-11-13 06:14:34+08:00,CNYSN,2023-12-03 01:10:04+08:00,USLGB,15.87,19.78854167
373598000,16652,2024-01-15 15:46:12+08:00,CNYSN,2024-01-31 19:08:48+08:00,USLGB,16.16,16.14069444
373649000,8930,2022-03-03 10:59:03+08:00,CNGUA,2022-03-23 21:39:35+08:00,USLSA,15,20.44481481
373712000,11888,2021-03-26 22:59:40+08:00,CNYTN,2021-04-25 08:12:59+08:00,USLSA,9.17,29.38424769
373712000,11888,2021-06-17 21:11:05+08:00,CNYTN,2021-07-01 06:41:16+08:00,USLSA,20.31,13.39596065
373712000,11888,2021-08-09 04:00:43+08:00,CNYTN,2021-08-31 19:47:06+08:00,USLSA,12.09,22.65721065
373712000,11888,2021-10-07 05:46:14+08:00,CNYTN,2021-10-24 20:58:30+08:00,USLSA,15.48,17.63351852
373712000,11888,2021-12-02 06:17:17+08:00,CNYTN,2022-01-11 23:48:40+08:00,USLSA,7.7,40.73012731
373712000,11888,2022-02-16 07:09:32+08:00,CNYTN,2022-03-03 07:51:18+08:00,USLSA,19.02,15.02900463
373712000,11888,2022-04-06 20:43:45+08:00,CNYTN,2022-04-26 22:34:35+08:00,USLSA,14.26,20.07696759
373712000,11888,2022-05-29 18:51:21+08:00,CNYTN,2022-06-16 23:07:08+08:00,USLSA,14.77,18.17762731
373712000,11888,2024-09-02 23:40:44+08:00,CNYTN,2024-09-19 19:34:09+08:00,USLSA,15.89,16.82876157
373712000,11888,2025-01-16 22:49:48+08:00,CNNBO,2025-01-31 06:52:07+08:00,USLSA,16.97,14.33494213
373712000,11888,2025-03-06 20:25:51+08:00,CNNBO,2025-03-21 05:45:09+08:00,USLSA,16.8,14.38840278
373721000,9466,2022-03-12 08:52:41+08:00,TWTAP,2022-03-25 20:47:06+08:00,USLSA,19.33,13.49612269
373721000,9466,2022-05-05 06:23:30+08:00,TWTAP,2022-05-21 23:46:02+08:00,USLSA,14.87,16.72398148
373721000,9466,2025-06-18 07:53:31+08:00,CNNBO,2025-07-01 19:48:17+08:00,USLSA,17.83,13.49636574
373932000,8974,2021-01-29 23:31:41+08:00,CNQIN,2021-02-19 21:17:27+08:00,USLSA,13.35,20.90678241
373932000,8974,2021-03-24 18:27:31+08:00,CNNBO,2021-04-15 10:03:14+08:00,USLSA,13.35,21.64980324
373932000,8974,2023-05-18 04:25:39+08:00,CNNBO,2023-06-02 20:54:20+08:00,USLSA,15.39,15.68658565
373932000,8974,2023-07-06 16:20:10+08:00,CNNBO,2023-07-21 07:05:00+08:00,USLSA,16.47,14.61446759
373932000,8974,2023-09-24 11:49:21+08:00,CNYTN,2023-10-09 21:35:07+08:00,USLSA,17.51,15.40678241
373932000,8974,2023-12-22 08:54:12+08:00,CNYTN,2024-01-06 23:00:10+08:00,USLSA,17.9,15.58747685
373932000,8974,2024-02-12 17:41:57+08:00,CNMWN,2024-04-03 19:58:29+08:00,USLSA,12.36,51.09481481
373932000,8974,2024-06-29 04:28:19+08:00,CNYTN,2024-07-15 07:20:24+08:00,USLSA,16.54,16.11950231
373932000,8974,2024-09-20 04:27:26+08:00,CNYTN,2024-10-05 19:22:51+08:00,USLSA,17.07,15.62181713
373932000,8974,2024-12-16 15:24:28+08:00,CNYTN,2025-01-03 07:22:26+08:00,USLSA,16.21,17.66525463
373932000,8974,2025-02-06 23:09:37+08:00,CNYSN,2025-03-02 23:06:27+08:00,USLSA,10.99,23.99780093
374008000,8827,2020-03-29 07:53:18+08:00,UYMON,2020-05-27 05:57:12+08:00,USLGB,11.34,58.919375
374158000,12118,2021-09-15 22:38:12+08:00,TWKAO,2021-09-24 01:12:11+08:00,USLGB,0,8.10693287
374158000,12118,2021-12-23 15:30:45+08:00,CNYTN,2022-02-11 06:02:00+08:00,USLGB,16.92,49.60503472
374158000,12118,2022-06-12 19:44:27+08:00,CNYTN,2022-07-05 04:24:57+08:00,USLGB,11.77,22.36145833
374607000,23656,2025-01-17 02:34:33+08:00,CNYSN,2025-02-04 04:42:57+08:00,USLGB,14.89,18.08916667
374645000,19224,2020-05-21 11:30:36+08:00,CNYSN,2020-06-03 06:13:19+08:00,USLGB,19.02,12.77966435
374645000,19224,2020-09-16 04:14:18+08:00,CNYSN,2020-09-28 22:18:50+08:00,USLGB,21.42,12.75314815
374645000,19224,2021-01-20 05:33:43+08:00,CNYSN,2021-02-13 23:59:23+08:00,USLGB,10.26,24.76782407
374645000,19224,2023-09-30 19:19:48+08:00,CNYSN,2023-10-19 06:50:13+08:00,USLGB,13.94,18.47945602
374645000,19224,2024-11-01 20:18:55+08:00,CNYTN,2024-11-25 22:54:43+08:00,USLGB,13.75,24.10819444
374645000,19224,2025-01-02 19:32:34+08:00,CNNBO,2025-01-19 07:24:41+08:00,USLGB,17.71,16.49452546
374776000,4730,2020-04-02 18:05:00+08:00,CNWGQ,2020-04-14 21:55:32+08:00,USLSA,20.49,12.16009259
374776000,4730,2020-05-07 04:00:07+08:00,CNNBO,2020-06-23 20:47:08+08:00,USLGB,3.9,47.69931713
374815000,14026,2020-06-24 20:05:44+08:00,CNYTN,2020-07-09 07:00:58+08:00,USLGB,18.44,14.45502315
374815000,14026,2020-10-27 20:53:26+08:00,CNYTN,2020-11-14 23:59:19+08:00,USLGB,15.66,18.12908565
374815000,14026,2021-04-01 09:05:21+08:00,CNYTN,2021-04-25 21:31:50+08:00,USLGB,12.21,24.5183912
374815000,14026,2021-09-25 14:01:23+08:00,CNYTN,2021-11-11 20:27:13+08:00,USLGB,5.81,47.26793981
374815000,14026,2022-04-06 15:04:21+08:00,CNYTN,2022-04-24 07:22:12+08:00,USLGB,15.4,17.6790625
374815000,14026,2022-06-11 06:23:22+08:00,CNYTN,2022-07-03 21:12:33+08:00,USLGB,11.85,22.61748843
374815000,14026,2023-11-07 16:45:09+08:00,CNYTN,2023-11-29 08:00:04+08:00,USLGB,12.59,21.6353588
374858000,14052,2020-04-18 00:26:25+08:00,CNNBO,2020-05-01 08:58:08+08:00,USLGB,18.06,13.3553588
374858000,14052,2020-06-16 08:21:08+08:00,CNYTN,2020-07-01 06:59:31+08:00,USLGB,18.18,14.94332176
374858000,14052,2020-10-21 08:57:35+08:00,CNYTN,2020-11-22 01:01:13+08:00,USLGB,9.72,31.66918981
374858000,14052,2021-04-05 21:34:05+08:00,CNYTN,2021-05-02 22:03:38+08:00,USLGB,10.42,27.02052083
374858000,14052,2022-05-29 18:58:27+08:00,CNYTN,2022-06-21 21:05:40+08:00,USLGB,12.78,23.08834491
374858000,14052,2022-08-09 15:25:30+08:00,CNYTN,2022-09-13 22:25:59+08:00,USLGB,8.23,35.29200231
374858000,14052,2022-11-14 17:23:56+08:00,CNYTN,2022-12-14 00:52:01+08:00,USLGB,10.31,29.31116898
374858000,14052,2023-02-28 16:17:25+08:00,CNYTN,2023-03-22 21:12:12+08:00,USLGB,12.52,22.20471065
374858000,14052,2023-05-22 18:47:47+08:00,CNYTN,2023-06-06 20:24:22+08:00,USLSA,17.7,15.06707176
374858000,14052,2023-07-27 18:40:33+08:00,CNYTN,2023-08-11 20:35:51+08:00,USLSA,17.84,15.08006944
374858000,14052,2023-09-27 00:41:01+08:00,CNYTN,2023-10-14 21:10:09+08:00,USLSA,15.32,17.85356481
374858000,14052,2023-12-04 09:22:51+08:00,CNYTN,2023-12-24 10:55:32+08:00,USLSA,14.4,20.06436343
374858000,14052,2024-02-19 07:43:59+08:00,CNYTN,2024-03-10 08:33:55+08:00,USLSA,15.06,20.03467593
374886000,18500,2023-11-24 07:29:25+08:00,CNYSN,2023-12-11 07:20:11+08:00,USLGB,16.17,16.99358796
374886000,18500,2024-08-31 15:13:38+08:00,CNYSN,2024-09-14 07:07:42+08:00,USLGB,17.57,13.6625463
374886000,18500,2024-11-04 01:47:58+08:00,CNYSN,2024-11-19 07:26:49+08:00,USLGB,17.94,15.2353125
413165000,8533,2020-03-29 07:41:52+08:00,CNYTN,2020-04-13 05:09:57+08:00,USLGB,18.08,14.89450231
413165000,8533,2024-06-05 00:08:02+08:00,CNNBO,2024-06-20 06:04:55+08:00,USLGB,15.84,15.24783565
413165000,8533,2025-05-11 02:23:41+08:00,CNYTN,2025-05-26 05:00:27+08:00,USLGB,17.83,15.10886574
413171000,8533,2020-08-31 02:48:16+08:00,CNYTN,2020-09-13 19:58:20+08:00,USLGB,19.88,13.71532407
413171000,8533,2020-10-10 06:07:10+08:00,CNYTN,2020-10-23 05:48:31+08:00,USLGB,20.66,12.98704861
413171000,8533,2024-01-04 10:23:54+08:00,CNNBO,2024-01-18 07:10:56+08:00,USLGB,17.35,13.86599537
413171000,8533,2024-02-20 00:02:21+08:00,CNNBO,2024-03-05 07:16:25+08:00,USLGB,17.39,14.30143519
413171000,8533,2024-06-25 05:36:38+08:00,CNYTN,2024-07-10 06:04:10+08:00,USLGB,17.93,15.01912037
413171000,8533,2024-08-04 21:49:30+08:00,CNYTN,2024-08-20 05:35:25+08:00,USLGB,17.57,15.32355324
413171000,8533,2024-09-17 01:04:48+08:00,CNYTN,2024-10-01 22:16:21+08:00,USLGB,18.12,14.88302083
413171000,8533,2024-10-27 16:03:35+08:00,CNYTN,2024-11-12 06:51:23+08:00,USLGB,18.03,15.61652778
413171000,8533,2024-12-08 21:48:56+08:00,CNYTN,2024-12-24 06:55:21+08:00,USLGB,19.15,15.37945602
413171000,8533,2025-04-12 12:31:14+08:00,CNYTN,2025-04-27 21:02:58+08:00,USLGB,17.54,15.35537037
413171000,8533,2025-06-26 12:57:20+08:00,CNYSN,2025-07-10 20:43:07+08:00,USLGB,16.81,14.32346065
413173000,8533,2020-06-20 16:38:32+08:00,CNYTN,2020-07-04 06:03:01+08:00,USLSA,23.93,13.55866898
413173000,8533,2020-09-03 09:36:30+08:00,CNYTN,2020-09-16 05:50:17+08:00,USLSA,20.77,12.84290509
413173000,8533,2020-10-12 16:53:14+08:00,CNYTN,2020-10-27 23:24:59+08:00,USLSA,17.44,15.27204861
413173000,8533,2020-12-23 20:02:53+08:00,CNYTN,2021-01-17 10:18:08+08:00,USLSA,10.85,24.59392361
413173000,8533,2021-02-14 20:01:00+08:00,CNYTN,2021-03-07 22:06:13+08:00,USLSA,12.73,21.08695602
413173000,8533,2021-04-17 06:23:58+08:00,CNYTN,2021-05-07 23:47:13+08:00,USLSA,12.83,20.72447917
413173000,8533,2021-06-14 03:25:27+08:00,CNNSA,2021-07-03 01:00:39+08:00,USLSA,14.24,18.89944444
413173000,8533,2021-08-01 12:12:34+08:00,CNYSN,2021-08-14 04:31:45+08:00,USLGB,18.91,12.67998843
413173000,8533,2021-11-05 06:12:33+08:00,CNNBO,2021-11-29 04:25:43+08:00,USLGB,10.92,23.92581019
413173000,8533,2022-09-09 03:10:18+08:00,CNYSN,2022-09-22 20:51:44+08:00,USLSA,17.42,13.73710648
413173000,8533,2022-11-30 14:00:39+08:00,USMOB,2022-12-17 05:55:07+08:00,USLSA,13.03,16.66282407
413173000,8533,2024-01-04 19:17:10+08:00,USMOB,2024-01-18 21:23:12+08:00,USLGB,13.89,14.08752315
413310040,1840,2022-05-20 05:02:18+08:00,CNQIN,2022-06-07 06:47:00+08:00,USLSA,13.45,18.07270833
413310040,1840,2022-08-29 00:19:50+08:00,CNQIN,2022-09-16 06:16:34+08:00,USLSA,13.29,18.24773148
413310040,1840,2022-10-13 23:28:39+08:00,CNYTN,2022-10-30 22:40:39+08:00,USLSA,15.78,16.96666667
413310040,1840,2022-12-01 23:26:50+08:00,CNYTN,2022-12-19 21:38:24+08:00,USLSA,15.33,17.92469907
413310040,1840,2023-01-13 06:15:09+08:00,CNYTN,2023-02-02 07:02:18+08:00,USLSA,15.9,20.03274306
413310040,1840,2023-02-23 21:09:48+08:00,CNYTN,2023-03-13 20:08:25+08:00,USLSA,15.54,17.95737269
413310040,1840,2023-04-08 09:45:10+08:00,CNYTN,2023-04-25 20:32:00+08:00,USLSA,16.28,17.44918981
413310040,1840,2023-05-20 10:33:16+08:00,CNYTN,2023-06-05 19:51:23+08:00,USLSA,16.51,16.38758102
413336090,1840,2022-05-31 19:23:54+08:00,CNQIN,2022-06-23 07:44:12+08:00,USLSA,10.93,22.51409722
413336090,1840,2022-07-17 09:38:13+08:00,CNNBO,2022-08-06 06:24:30+08:00,USLSA,12.16,19.86547454
413336090,1840,2022-09-02 06:13:32+08:00,CNYTN,2022-09-21 20:22:17+08:00,USLSA,13.78,19.58940972
413336090,1840,2022-10-20 23:27:09+08:00,CNYTN,2022-11-06 21:37:04+08:00,USLSA,16.11,16.92355324
413336090,1840,2022-12-08 19:17:19+08:00,CNYTN,2022-12-28 21:28:12+08:00,USLSA,15.88,20.0908912
413336090,1840,2023-01-21 11:19:15+08:00,CNYTN,2023-02-07 21:07:03+08:00,USLSA,16.42,17.40819444
413336090,1840,2023-03-02 18:27:44+08:00,CNYTN,2023-03-19 20:23:56+08:00,USLSA,15.98,17.08069444
413336090,1840,2023-04-15 05:30:15+08:00,CNYTN,2023-05-01 21:10:01+08:00,USLSA,16.31,16.65261574
413336090,1840,2023-05-28 09:23:37+08:00,CNYTN,2023-06-13 21:17:08+08:00,USLSA,16.49,16.49549769
413996000,4298,2021-10-11 17:07:57+08:00,CNQIN,2021-11-06 00:24:57+08:00,USLGB,10.37,25.30347222
413996000,4298,2021-12-03 18:47:16+08:00,CNNBO,2022-01-16 13:21:40+08:00,USLSA,6.9,43.77388889
413996000,4298,2022-03-03 00:27:26+08:00,CNYTN,2022-03-31 21:29:18+08:00,USLSA,10.35,28.8762963
413996000,4298,2022-05-27 18:39:21+08:00,CNYTN,2022-06-14 07:31:15+08:00,USLSA,15.37,17.53604167
413996000,4298,2022-07-15 18:21:45+08:00,CNYTN,2022-07-31 22:32:30+08:00,USLSA,16.61,16.17413194
413996000,4298,2022-08-27 19:11:25+08:00,CNYTN,2022-09-12 06:59:50+08:00,USLSA,17.36,15.49195602
413996000,4298,2022-10-27 21:52:52+08:00,CNYTN,2022-11-13 22:38:27+08:00,USLSA,15.92,17.03165509
413996000,4298,2024-03-28 02:51:04+08:00,CNWGQ,2024-04-10 05:47:52+08:00,USLSA,19.02,13.12277778
413996000,4298,2024-05-02 21:00:03+08:00,CNWGQ,2024-05-16 04:53:14+08:00,USLSA,18.65,13.32859954
413996000,4298,2024-06-06 10:37:02+08:00,CNWGQ,2024-06-20 05:46:42+08:00,USLSA,17.94,13.79837963
413996000,4298,2024-07-12 03:03:04+08:00,CNWGQ,2024-07-25 04:50:56+08:00,USLSA,18.48,13.07490741
413996000,4298,2024-08-16 07:08:55+08:00,CNWGQ,2024-08-29 04:59:15+08:00,USLSA,18.71,12.9099537
413996000,4298,2024-09-20 23:31:06+08:00,CNWGQ,2024-10-04 20:01:11+08:00,USLSA,17.44,13.85422454
413996000,4298,2024-10-24 14:38:25+08:00,CNWGQ,2024-11-07 07:00:21+08:00,USLSA,18.37,13.68189815
413996000,4298,2024-11-28 09:24:17+08:00,CNWGQ,2024-12-12 06:50:48+08:00,USLSA,18.34,13.89341435
413996000,4298,2025-01-02 10:38:40+08:00,CNWGQ,2025-01-16 21:36:13+08:00,USLSA,17.98,14.45663194
413996000,4298,2025-02-13 23:24:45+08:00,CNWGQ,2025-02-28 06:53:58+08:00,USLSA,18.75,14.31195602
413996000,4298,2025-03-21 00:40:41+08:00,CNWGQ,2025-04-03 16:53:35+08:00,USLSA,18.49,13.675625
414189000,4515,2021-11-23 13:09:28+08:00,CNNBO,2022-01-09 08:10:38+08:00,USLGB,6.74,46.79247685
414189000,4515,2022-02-13 18:07:57+08:00,CNNBO,2022-03-20 21:57:31+08:00,USLSA,9.03,35.1594213
414189000,4515,2022-05-06 12:38:02+08:00,CNYTN,2022-05-25 18:23:28+08:00,USLSA,13.91,19.23988426
414189000,4515,2022-06-26 04:13:29+08:00,CNYTN,2022-07-13 08:18:18+08:00,USLSA,15.59,17.17001157
414189000,4515,2022-08-06 04:55:41+08:00,CNYTN,2022-08-24 05:58:11+08:00,USLSA,14.8,18.04340278
414189000,4515,2022-09-22 23:07:57+08:00,CNYTN,2022-10-13 06:22:54+08:00,USLSA,13.82,20.30204861
414195000,4298,2021-10-25 00:26:01+08:00,CNQIN,2021-11-10 20:11:56+08:00,USLGB,15.09,16.82355324
414195000,4298,2021-12-13 07:35:50+08:00,CNNSA,2022-01-29 12:28:33+08:00,USLGB,6.84,47.20327546
414195000,4298,2022-03-25 00:04:51+08:00,CNNBO,2022-04-14 21:21:42+08:00,USLSA,12.98,20.88670139
414195000,4298,2022-05-15 04:09:06+08:00,CNYTN,2022-05-31 15:22:12+08:00,USLSA,16.32,16.46743056
414195000,4298,2022-07-01 21:37:51+08:00,CNYTN,2022-07-19 20:32:24+08:00,USLSA,15.49,17.95454861
414195000,4298,2022-08-13 15:31:30+08:00,CNYTN,2022-08-28 20:51:53+08:00,USLSA,17.6,15.22248843
414195000,4298,2022-10-02 08:30:18+08:00,CNNSA,2022-10-17 20:57:43+08:00,USLSA,17.7,15.51903935
414195000,4298,2022-11-18 06:43:16+08:00,CNYTN,2022-12-05 19:23:41+08:00,USLSA,15.84,17.52806713
414224000,3429,2022-06-20 12:32:12+08:00,CNQIN,2022-07-09 23:24:38+08:00,USLGB,13.81,19.4530787
414239000,4389,2021-08-22 20:42:49+08:00,CNYTN,2021-10-12 20:30:06+08:00,USLGB,5.43,50.99116898
414239000,4389,2021-11-10 19:05:37+08:00,CNYTN,2021-12-19 22:22:20+08:00,USLGB,8.29,39.1366088
414239000,4389,2022-04-05 08:44:04+08:00,CNNBO,2022-04-23 07:20:37+08:00,USLSA,13.88,17.94204861
414239000,4389,2022-05-27 20:47:00+08:00,CNNBO,2022-06-15 19:23:59+08:00,USLSA,13.05,18.94234954
414239000,4389,2022-07-15 03:58:20+08:00,CNYTN,2022-08-03 07:28:10+08:00,USLGB,14.2,19.14571759
414239000,4389,2022-09-12 01:26:30+08:00,CNYTN,2022-09-27 21:56:12+08:00,USLGB,17.33,15.85395833
414239000,4389,2022-11-13 07:19:15+08:00,CNNBO,2022-12-11 07:06:37+08:00,USLGB,13.01,27.99122685
414239000,4389,2023-01-25 02:18:17+08:00,CNQIN,2023-02-11 00:17:31+08:00,USLGB,15.15,16.91613426
414246000,3398,2021-08-16 20:37:16+08:00,CNWGQ,2021-09-14 21:21:35+08:00,USLGB,8.39,29.03077546
414246000,3398,2022-01-21 07:24:28+08:00,CNNBO,2022-02-19 20:29:19+08:00,USLSA,9.2,29.54503472
414246000,3398,2022-11-05 16:11:44+08:00,CNYTN,2022-11-21 19:17:11+08:00,USLGB,17.57,16.12878472
414333000,4132,2021-12-11 02:39:27+08:00,CNWGQ,2022-01-22 21:51:12+08:00,USLGB,6.88,42.79982639
414333000,4132,2022-06-12 06:12:17+08:00,CNNSA,2022-06-30 22:33:34+08:00,USLSA,14.83,18.68144676
414333000,4132,2022-12-16 08:53:58+08:00,CNYTN,2023-01-02 22:37:12+08:00,USLSA,15.83,17.57168981
414334000,4380,2021-09-17 02:11:26+08:00,CNNBO,2021-10-03 20:35:38+08:00,USLGB,15.06,16.76680556
414334000,4380,2021-11-13 16:45:58+08:00,CNQIN,2022-01-11 08:10:15+08:00,USLSA,5.8,58.64186343
414334000,4380,2022-02-02 16:02:47+08:00,CNQIN,2022-02-19 22:13:59+08:00,USLGB,14.35,17.25777778
414334000,4380,2022-04-04 09:49:51+08:00,CNYTN,2022-05-03 21:15:45+08:00,USLSA,12.38,29.47631944
414334000,4380,2022-06-04 10:31:53+08:00,CNYTN,2022-06-22 17:44:08+08:00,USLSA,14.85,18.30017361
414334000,4380,2022-07-22 02:10:43+08:00,CNYTN,2022-08-08 06:34:16+08:00,USLSA,15.8,17.18302083
414334000,4380,2022-09-09 10:32:09+08:00,CNYTN,2022-09-25 20:38:26+08:00,USLSA,16.39,16.42103009
414334000,4380,2022-11-05 10:43:35+08:00,CNYTN,2022-11-21 21:40:10+08:00,USLSA,16.78,16.45596065
414348000,4963,2022-04-22 11:30:11+08:00,CNYTN,2022-05-17 18:47:06+08:00,USLGB,12.58,25.30341435
414349000,4963,2021-08-31 16:07:46+08:00,CNYTN,2021-10-15 23:25:36+08:00,USLSA,6.07,45.30405093
414349000,4963,2021-11-09 21:21:16+08:00,CNYTN,2022-01-08 14:19:37+08:00,USLSA,12.97,59.7071875
414349000,4963,2022-02-02 15:19:53+08:00,CNYTN,2022-02-28 11:09:40+08:00,USLSA,11.88,25.82623843
414365000,4380,2021-09-04 15:01:12+08:00,CNYTN,2021-09-24 21:03:23+08:00,USLGB,14.14,20.2515162
414365000,4380,2021-10-30 13:34:03+08:00,CNNBO,2021-12-29 01:09:56+08:00,USLGB,5.06,59.48325231
414365000,4380,2022-02-04 13:13:51+08:00,CNNBO,2022-02-21 22:09:43+08:00,USLGB,15.27,17.37212963
414365000,4380,2022-04-05 15:18:40+08:00,CNQIN,2022-04-29 07:43:24+08:00,USLSA,11.61,23.68384259
414365000,4380,2022-05-21 15:46:05+08:00,CNYTN,2022-06-06 21:51:23+08:00,USLSA,16.59,16.25368056
414365000,4380,2022-07-09 22:02:53+08:00,CNNSA,2022-07-24 20:28:31+08:00,USLSA,18.18,14.93446759
414365000,4380,2022-08-19 02:30:21+08:00,CNYTN,2022-09-04 18:25:57+08:00,USLSA,16.2,16.66361111
414365000,4380,2022-10-06 20:13:16+08:00,CNYTN,2022-10-23 17:27:30+08:00,USLSA,16.22,16.88488426
414365000,4380,2022-11-24 21:18:19+08:00,CNYTN,2022-12-11 20:50:26+08:00,USLSA,16.09,16.98063657
414366000,4380,2021-08-28 21:38:44+08:00,CNYTN,2021-09-30 21:10:32+08:00,USLGB,8.78,32.98041667
414366000,4380,2022-03-06 09:53:11+08:00,CNWGQ,2022-03-31 22:13:05+08:00,USLSA,10.72,25.51381944
414366000,4380,2022-05-05 14:59:18+08:00,CNNSA,2022-05-21 07:08:34+08:00,USLGB,17.26,15.67310185
414366000,4380,2022-06-17 09:10:30+08:00,CNYTN,2022-07-04 07:00:23+08:00,USLSA,15.83,16.9096412
414366000,4380,2022-07-29 18:21:12+08:00,CNYTN,2022-08-14 19:13:02+08:00,USLSA,16.75,16.03599537
414366000,4380,2022-09-16 03:37:48+08:00,CNYTN,2022-10-02 20:20:26+08:00,USLSA,16.54,16.69627315
414366000,4380,2022-11-10 23:15:54+08:00,CNYTN,2022-11-27 23:03:33+08:00,USLSA,16.47,16.99142361
416464000,8626,2020-01-02 20:10:06+08:00,CNYTN,2020-01-17 06:43:55+08:00,USLSA,22.03,14.44015046
416464000,8626,2020-02-15 07:31:23+08:00,TWKAO,2020-02-28 21:25:03+08:00,USLSA,19.74,13.57893519
416464000,8626,2020-03-27 00:23:16+08:00,CNYTN,2020-04-10 21:58:47+08:00,USLSA,18.18,14.89966435
416464000,8626,2020-06-11 03:46:23+08:00,TWKEE,2020-06-24 20:13:18+08:00,USLSA,18.97,13.6853588
416464000,8626,2020-07-23 04:33:21+08:00,TWKEE,2020-08-05 20:25:33+08:00,USLSA,18.22,13.66125
416464000,8626,2020-09-04 00:45:37+08:00,TWKEE,2020-09-17 21:05:20+08:00,USLSA,20.91,13.84702546
416464000,8626,2020-12-10 21:05:35+08:00,TWKEE,2020-12-31 04:41:36+08:00,USLSA,13.57,20.31667824
416464000,8626,2021-02-07 22:56:16+08:00,TWKEE,2021-03-02 21:01:53+08:00,USLSA,12.57,22.92056713
416464000,8626,2021-04-12 21:43:34+08:00,TWKEE,2021-05-02 20:00:08+08:00,USLSA,13.91,19.9281713
416464000,8626,2021-08-02 06:12:51+08:00,TWKEE,2021-08-22 01:00:09+08:00,USLSA,12.88,19.78284722
416464000,8626,2021-09-29 23:40:55+08:00,TWKEE,2021-11-16 00:27:13+08:00,USLSA,5.66,47.03215278
416464000,8626,2021-12-29 22:16:57+08:00,TWKEE,2022-02-12 23:26:29+08:00,USLSA,6.67,45.04828704
416464000,8626,2022-03-20 06:56:40+08:00,TWKEE,2022-04-29 19:11:47+08:00,USLSA,7.5,40.51049769
416464000,8626,2022-06-02 11:06:02+08:00,TWKEE,2022-06-24 21:31:11+08:00,USLSA,11.17,22.43413194
416464000,8626,2022-07-26 13:13:14+08:00,TWKEE,2022-08-10 07:19:36+08:00,USLSA,16.92,14.7544213
416464000,8626,2022-09-17 10:56:00+08:00,TWKEE,2022-10-01 21:24:28+08:00,USLSA,17.68,14.43643519
416464000,8626,2022-11-24 13:49:08+08:00,TWKEE,2022-12-19 00:57:51+08:00,USLSA,10.87,24.46438657
416464000,8626,2023-02-13 11:05:35+08:00,TWKEE,2023-03-01 07:48:28+08:00,USLSA,16.03,15.86311343
416464000,8626,2023-05-17 17:14:02+08:00,TWKEE,2023-05-31 21:04:30+08:00,USLSA,17.46,14.1600463
416464000,8626,2023-07-08 07:55:02+08:00,TWKEE,2023-07-25 21:30:09+08:00,USLSA,14.08,17.56605324
416464000,8626,2023-08-24 00:55:36+08:00,TWKEE,2023-09-07 06:55:08+08:00,USLSA,17.34,14.24967593
416464000,8626,2023-10-09 10:59:40+08:00,TWKEE,2023-10-24 20:55:19+08:00,USLSA,16.14,15.41364583
416464000,8626,2023-11-26 06:43:15+08:00,TWKEE,2023-12-13 22:06:08+08:00,USLSA,14.48,17.6408912
416464000,8626,2024-01-25 14:29:51+08:00,TWKEE,2024-02-09 22:23:57+08:00,USLSA,16.28,15.32923611
416464000,8626,2024-03-28 08:09:40+08:00,TWKEE,2024-04-11 21:32:14+08:00,USLSA,16.98,14.55733796
416464000,8626,2024-05-16 16:03:54+08:00,TWKEE,2024-05-31 18:27:51+08:00,USLSA,16.36,15.09996528
416464000,8626,2024-07-04 13:56:32+08:00,TWKEE,2024-07-19 18:02:11+08:00,USLSA,16.29,15.17059028
416464000,8626,2024-08-30 07:26:17+08:00,TWKEE,2024-09-14 21:07:59+08:00,USLSA,15.89,15.570625
416464000,8626,2024-10-26 13:38:43+08:00,TWKEE,2024-11-10 21:57:27+08:00,USLSA,16.16,15.34634259
416464000,8626,2025-06-21 06:17:22+08:00,CNYTN,2025-07-07 18:19:13+08:00,USLSA,16.27,16.50128472
416465000,8626,2020-11-03 12:40:06+08:00,CNYTN,2020-11-22 11:28:06+08:00,USLSA,18.07,18.95
416465000,8626,2021-02-05 06:14:42+08:00,CNYTN,2021-03-01 21:29:58+08:00,USLSA,13.28,24.63560185
416465000,8626,2021-06-05 08:52:08+08:00,CNYTN,2021-06-20 19:18:53+08:00,USLSA,17.39,15.43524306
416465000,8626,2021-11-02 02:12:39+08:00,TWKEE,2021-12-28 22:11:56+08:00,USLSA,5.84,56.83283565
416465000,8626,2022-02-20 01:14:01+08:00,TWKEE,2022-03-18 21:16:22+08:00,USLSA,9.8,26.83496528
416465000,8626,2022-04-21 08:16:30+08:00,TWKEE,2022-05-19 21:23:25+08:00,USLSA,9.35,28.54646991
416465000,8626,2022-06-20 17:22:27+08:00,TWKEE,2022-07-09 21:25:07+08:00,USLSA,13,19.16851852
416465000,8626,2022-08-15 06:46:31+08:00,TWKEE,2022-08-28 22:06:45+08:00,USLSA,18.3,13.63905093
416465000,8626,2022-10-21 02:30:57+08:00,TWKEE,2022-11-04 05:42:32+08:00,USLSA,17.78,14.13304398
416465000,8626,2022-12-08 15:40:25+08:00,TWKEE,2023-01-06 22:14:06+08:00,USLSA,9.51,29.2733912
416465000,8626,2023-02-22 23:29:01+08:00,TWKEE,2023-03-10 23:34:27+08:00,USLSA,15.72,16.00377315
416465000,8626,2023-04-19 18:58:42+08:00,TWKEE,2023-05-04 21:19:42+08:00,USLSA,16.42,15.09791667
416465000,8626,2023-06-07 23:10:27+08:00,TWKEE,2023-06-21 20:03:51+08:00,USLSA,17.86,13.87041667
416465000,8626,2023-07-26 14:20:20+08:00,TWKEE,2023-08-09 21:16:36+08:00,USLSA,17.31,14.28907407
416465000,8626,2023-09-15 11:07:45+08:00,TWKEE,2023-09-29 07:05:48+08:00,USLSA,18.47,13.83197917
416465000,8626,2023-11-02 06:17:39+08:00,TWKEE,2023-11-17 20:55:10+08:00,USLSA,16.06,15.60938657
416465000,8626,2023-12-21 02:36:39+08:00,TWKEE,2024-01-04 22:22:47+08:00,USLSA,17.02,14.8237037
416465000,8626,2024-02-08 07:54:41+08:00,TWKEE,2024-02-22 22:07:32+08:00,USLSA,17,14.59225694
416465000,8626,2024-04-04 06:18:59+08:00,TWKEE,2024-04-18 20:56:53+08:00,USLSA,16.91,14.60965278
416465000,8626,2024-05-23 17:21:38+08:00,TWKEE,2024-06-07 22:14:18+08:00,USLSA,16.26,15.20324074
416465000,8626,2024-07-12 06:39:35+08:00,TWKEE,2024-07-27 05:58:36+08:00,USLSA,16.51,14.97153935
416465000,8626,2024-09-19 19:17:41+08:00,TWKEE,2024-10-05 20:14:50+08:00,USLSA,15.42,16.0396875
416465000,8626,2024-11-11 01:39:05+08:00,TWKEE,2024-11-25 20:04:28+08:00,USLSA,17.11,14.76762731
416465000,8626,2024-12-25 04:07:41+08:00,TWKAO,2025-01-12 18:58:26+08:00,USLSA,14.82,18.61857639
416465000,8626,2025-02-21 21:22:24+08:00,CNNBO,2025-03-09 20:43:22+08:00,USLSA,15.11,15.97289352
416465000,8626,2025-04-17 00:51:36+08:00,CNNBO,2025-05-01 19:57:19+08:00,USLSA,16.33,14.79563657
416465000,8626,2025-06-09 10:48:03+08:00,CNNBO,2025-06-23 20:04:54+08:00,USLSA,16.76,14.38670139
416466000,8626,2020-03-12 05:56:54+08:00,CNYTN,2020-03-28 20:20:10+08:00,USLSA,16.55,16.59949074
416466000,8626,2020-05-27 19:53:15+08:00,TWKEE,2020-06-10 19:53:06+08:00,USLSA,17.79,13.99989583
416466000,8626,2020-07-09 00:34:53+08:00,TWKEE,2020-07-22 21:46:17+08:00,USLSA,17.91,13.88291667
416466000,8626,2020-08-20 05:05:47+08:00,TWKEE,2020-09-03 08:51:53+08:00,USLSA,17.48,14.15701389
416466000,8626,2020-10-03 04:41:59+08:00,TWKEE,2020-10-16 20:14:30+08:00,USLSA,19.5,13.64758102
416466000,8626,2020-11-15 14:58:55+08:00,TWKEE,2020-11-29 23:35:42+08:00,USLSA,18.27,14.35887731
416466000,8626,2021-01-02 13:41:18+08:00,TWKEE,2021-01-28 22:07:56+08:00,USLSA,10.94,26.3518287
416466000,8626,2021-03-06 21:00:14+08:00,TWKEE,2021-03-27 00:01:25+08:00,USLSA,13.51,20.12582176
416466000,8626,2021-04-30 15:40:31+08:00,TWKEE,2021-05-17 22:02:47+08:00,USLSA,14.4,17.26546296
416466000,8626,2021-08-26 07:08:03+08:00,TWKEE,2021-09-21 20:50:45+08:00,USLSA,9.44,26.57131944
416466000,8626,2021-11-18 17:40:48+08:00,TWKEE,2022-01-08 00:24:41+08:00,USLSA,7.49,50.28047454
416466000,8626,2022-02-12 12:56:08+08:00,TWKEE,2022-03-04 18:07:36+08:00,USLSA,12.98,20.2162963
416466000,8626,2022-04-08 16:20:42+08:00,TWKEE,2022-05-12 21:56:06+08:00,USLSA,7.91,34.23291667
416466000,8626,2022-06-14 00:31:13+08:00,TWKEE,2022-07-02 08:01:47+08:00,USLSA,13.75,18.31289352
416466000,8626,2022-08-05 06:29:56+08:00,TWKEE,2022-08-18 21:30:51+08:00,USLSA,18.39,13.62563657
416466000,8626,2022-10-04 07:21:41+08:00,TWKEE,2022-10-17 21:27:23+08:00,USLSA,18.65,13.58729167
416466000,8626,2022-12-02 01:58:32+08:00,TWKEE,2022-12-29 22:29:19+08:00,USLSA,10,27.85471065
416466000,8626,2023-04-27 22:52:10+08:00,CNNBO,2023-05-13 05:59:15+08:00,USLSA,15.82,15.29658565
416466000,8626,2023-06-14 13:32:50+08:00,TWKEE,2023-06-30 22:02:38+08:00,USLSA,15.67,16.35402778
416466000,8626,2023-08-05 23:35:16+08:00,TWKEE,2023-08-20 07:00:25+08:00,USLSA,17.47,14.30913194
416466000,8626,2023-09-19 07:15:24+08:00,TWKEE,2023-10-03 21:10:10+08:00,USLSA,17.03,14.57969907
416466000,8626,2023-11-04 06:23:52+08:00,TWKEE,2023-11-22 22:00:02+08:00,USLSA,13.29,18.65011574
416466000,8626,2023-12-28 06:47:19+08:00,TWKEE,2024-01-15 22:05:27+08:00,USLSA,13.92,18.63759259
416466000,8626,2024-02-15 12:25:39+08:00,TWKEE,2024-03-02 21:37:22+08:00,USLSA,15.42,16.38313657
416466000,8626,2024-04-11 10:09:24+08:00,TWKEE,2024-04-26 22:54:41+08:00,USLSA,16.02,15.53144676
416466000,8626,2024-05-30 12:28:57+08:00,TWKEE,2024-06-14 21:22:42+08:00,USLSA,16.21,15.37065972
416466000,8626,2024-08-08 14:59:11+08:00,TWKEE,2024-08-24 21:02:01+08:00,USLSA,15.37,16.25196759
416466000,8626,2024-09-27 08:33:08+08:00,TWKEE,2024-10-12 20:59:23+08:00,USLSA,16.36,15.51822917
416466000,8626,2024-11-15 19:59:37+08:00,TWKEE,2024-12-05 01:31:08+08:00,USLSA,13.06,19.23021991
416466000,8626,2025-01-07 07:19:57+08:00,TWKEE,2025-01-22 21:06:34+08:00,USLSA,16.09,15.57403935
416466000,8626,2025-03-03 06:15:22+08:00,CNNBO,2025-03-17 19:56:52+08:00,USLSA,16.85,14.57048611
416466000,8626,2025-04-21 19:08:37+08:00,CNNBO,2025-05-06 18:07:42+08:00,USLSA,16.39,14.95769676
416466000,8626,2025-06-13 07:25:39+08:00,TWKEE,2025-06-28 19:57:57+08:00,USLSA,15.98,15.52243056
416467000,8626,2020-09-04 18:18:09+08:00,CNYTN,2020-09-21 20:28:20+08:00,USLSA,17.99,17.09040509
416467000,8626,2020-11-30 16:12:22+08:00,CNYTN,2020-12-22 18:20:57+08:00,USLSA,13.32,22.08929398
416467000,8626,2021-03-12 10:44:44+08:00,CNYTN,2021-03-30 21:39:48+08:00,USLSA,16.2,18.45490741
416467000,8626,2021-06-22 17:12:13+08:00,CNYSN,2021-07-12 20:25:53+08:00,USLSA,12.26,20.13449074
416467000,8626,2021-12-03 14:24:27+08:00,CNYTN,2022-01-10 22:15:51+08:00,USLSA,8.11,38.32736111
416467000,8626,2022-04-25 10:36:38+08:00,CNYTN,2022-05-10 19:47:37+08:00,USLSA,17.63,15.38262731
416467000,8626,2022-07-30 09:43:21+08:00,CNYTN,2022-08-18 11:44:27+08:00,USLSA,14.08,19.08409722
416467000,8626,2022-11-14 12:47:38+08:00,CNYTN,2022-12-05 07:39:20+08:00,USLSA,13.65,20.78590278
416467000,8626,2023-03-17 12:50:38+08:00,CNYTN,2023-04-02 23:46:50+08:00,USLSA,16.44,16.45569444
416467000,8626,2023-06-23 14:39:31+08:00,CNYTN,2023-07-09 20:14:50+08:00,USLSA,16.43,16.2328588
416467000,8626,2023-08-18 07:17:21+08:00,TWKEE,2023-09-01 06:50:15+08:00,USLSA,17.75,13.98118056
416467000,8626,2023-10-03 06:44:22+08:00,TWKEE,2023-10-17 19:15:19+08:00,USLSA,17.55,14.52149306
416467000,8626,2023-11-15 23:24:46+08:00,TWKEE,2023-12-06 22:40:54+08:00,USLSA,12.2,20.96953704
416467000,8626,2024-01-11 01:06:53+08:00,TWKEE,2024-01-28 22:10:46+08:00,USLSA,14.05,17.87769676
416467000,8626,2024-03-13 20:51:18+08:00,TWKEE,2024-03-28 21:00:25+08:00,USLSA,17.15,15.00633102
416467000,8626,2024-04-29 02:11:21+08:00,TWKEE,2024-05-13 21:03:59+08:00,USLSA,16.76,14.78655093
416467000,8626,2024-06-14 12:43:08+08:00,TWKEE,2024-06-29 07:26:10+08:00,USLSA,16.75,14.77988426
416467000,8626,2024-07-30 00:42:52+08:00,TWKEE,2024-08-13 21:28:53+08:00,USLSA,16.71,14.86528935
416467000,8626,2024-09-15 06:13:53+08:00,TWKEE,2024-09-30 22:52:07+08:00,USLSA,16.24,15.69321759
416467000,8626,2024-11-28 20:31:52+08:00,TWKEE,2024-12-15 20:01:06+08:00,USLSA,15.37,16.97863426
416467000,8626,2025-01-20 01:22:09+08:00,TWKEE,2025-02-05 07:06:08+08:00,USLSA,15.29,16.23887731
416467000,8626,2025-03-07 06:59:42+08:00,TWKAO,2025-03-29 18:55:57+08:00,USLSA,13.78,22.49739583
416467000,8626,2025-05-05 05:16:57+08:00,CNNBO,2025-05-20 19:01:32+08:00,USLSA,13.85,15.57262731
416468000,8626,2020-07-06 20:24:28+08:00,CNYTN,2020-07-21 20:28:06+08:00,USLSA,17.92,15.00252315
416468000,8626,2020-08-27 04:07:05+08:00,CNNBO,2020-09-13 21:09:43+08:00,USLSA,13.94,17.71016204
416468000,8626,2020-10-10 20:28:18+08:00,CNNBO,2020-11-06 01:17:19+08:00,USLSA,10.62,26.20070602
416468000,8626,2020-12-04 02:52:11+08:00,CNNBO,2020-12-24 19:16:22+08:00,USLSA,14.62,20.68346065
416468000,8626,2021-01-27 05:19:30+08:00,CNNBO,2021-02-16 22:38:26+08:00,USLSA,11.88,20.72148148
416468000,8626,2021-05-19 08:13:14+08:00,CNQIN,2021-06-05 06:19:56+08:00,USLSA,14.37,16.92131944
416468000,8626,2021-07-19 11:38:03+08:00,CNQIN,2021-08-06 04:28:07+08:00,USLSA,13.76,17.70143519
416468000,8626,2021-09-08 06:26:34+08:00,CNNBO,2021-10-16 04:17:16+08:00,USLSA,7.19,37.91020833
416468000,8626,2021-11-27 22:11:13+08:00,TWKEE,2022-01-23 23:01:49+08:00,USLSA,5.92,57.03513889
416468000,8626,2022-03-01 07:24:13+08:00,TWKEE,2022-04-01 08:35:59+08:00,USLSA,9,31.04983796
416468000,8626,2022-05-06 07:06:41+08:00,TWKEE,2022-05-27 05:22:47+08:00,USLSA,11.97,20.92784722
416468000,8626,2022-06-29 13:06:40+08:00,TWKEE,2022-07-13 21:20:18+08:00,USLSA,17.34,14.34280093
416468000,8626,2022-08-26 07:06:32+08:00,TWKEE,2022-09-10 05:11:09+08:00,USLSA,17.94,14.91987269
416468000,8626,2022-10-27 15:39:27+08:00,TWKEE,2022-11-14 00:31:01+08:00,USLSA,14.92,17.36914352
416468000,8626,2022-12-23 06:19:52+08:00,TWKEE,2023-01-10 23:08:17+08:00,USLSA,14.24,18.70028935
416468000,8626,2023-03-09 03:05:39+08:00,TWKEE,2023-03-24 05:48:11+08:00,USLSA,16.6,15.11287037
416468000,8626,2023-05-05 01:44:41+08:00,TWKEE,2023-05-18 20:36:50+08:00,USLSA,18.05,13.78621528
416468000,8626,2023-06-22 02:55:07+08:00,TWKEE,2023-07-06 18:43:06+08:00,USLSA,16.86,14.65832176
416468000,8626,2023-08-11 09:10:52+08:00,TWKEE,2023-08-25 21:15:10+08:00,USLSA,17.14,14.50298611
416468000,8626,2023-09-25 07:25:08+08:00,TWKEE,2023-10-09 21:45:08+08:00,USLSA,17.36,14.59722222
416468000,8626,2024-04-13 09:55:24+08:00,CNYTN,2024-05-01 21:30:59+08:00,USLSA,14.43,18.48304398
416468000,8626,2024-06-27 07:01:56+08:00,TWKEE,2024-07-12 21:26:59+08:00,USLSA,15.85,15.60072917
416468000,8626,2024-08-23 12:27:12+08:00,TWKEE,2024-09-07 21:10:25+08:00,USLSA,16.09,15.36334491
416468000,8626,2024-10-18 20:53:37+08:00,TWKEE,2024-11-02 20:52:48+08:00,USLSA,16.49,14.99943287
416468000,8626,2024-12-06 14:43:44+08:00,TWKEE,2024-12-21 14:00:59+08:00,USLSA,17.11,14.9703125
416468000,8626,2025-01-26 14:04:05+08:00,TWKEE,2025-02-11 22:51:26+08:00,USLSA,16.05,16.36621528
416468000,8626,2025-05-03 20:23:07+08:00,CNYTN,2025-05-19 20:49:44+08:00,USLSA,16.67,16.0184838
416475000,8452,2021-01-24 01:36:35+08:00,TWTAP,2021-02-15 22:49:59+08:00,USLSA,11.2,22.88430556
416475000,8452,2021-03-16 01:21:45+08:00,CNYTN,2021-04-17 21:42:17+08:00,USLSA,8.23,32.84759259
416475000,8452,2021-05-16 13:21:45+08:00,CNYTN,2021-06-07 21:09:08+08:00,USLSA,12.85,22.32457176
416475000,8452,2022-06-04 05:50:10+08:00,TWTAP,2022-06-17 22:10:29+08:00,USLSA,18.24,13.68077546
416475000,8452,2022-11-07 11:40:14+08:00,CNYTN,2022-11-21 20:51:42+08:00,USLSA,18.78,14.38296296
416475000,8452,2023-01-04 08:57:36+08:00,CNYTN,2023-01-18 21:01:47+08:00,USLSA,18.96,14.50290509
416475000,8452,2023-02-21 13:09:05+08:00,HKHKG,2023-03-08 07:02:56+08:00,USLSA,18.39,14.74572917
416475000,8452,2023-05-01 22:16:21+08:00,CNYTN,2023-05-16 19:37:40+08:00,USLSA,17.96,14.88980324
416475000,8452,2023-06-20 13:25:31+08:00,CNYTN,2023-07-04 19:48:08+08:00,USLSA,18.75,14.26570602
416481000,8452,2020-03-27 04:05:27+08:00,TWTAP,2020-04-09 22:01:31+08:00,USLSA,18.8,13.74726852
416481000,8452,2020-05-04 14:28:45+08:00,CNYTN,2020-05-19 21:31:43+08:00,USLSA,17.65,15.29372685
416481000,8452,2020-06-16 12:38:04+08:00,CNYTN,2020-06-29 08:06:09+08:00,USLSA,21.13,12.81116898
416481000,8452,2020-07-27 18:13:57+08:00,CNYTN,2020-08-10 08:37:09+08:00,USLSA,19.64,13.59944444
416481000,8452,2020-09-07 20:16:51+08:00,CNYTN,2020-09-21 21:51:21+08:00,USLSA,21.24,14.065625
416481000,8452,2020-10-19 17:46:40+08:00,CNYTN,2020-11-06 18:12:11+08:00,USLSA,14.88,18.01771991
416481000,8452,2020-12-01 16:25:16+08:00,CNYTN,2020-12-20 22:43:12+08:00,USLSA,15.38,19.2624537
416481000,8452,2021-01-15 22:25:06+08:00,CNYTN,2021-02-10 11:27:18+08:00,USLSA,11.51,25.54319444
416481000,8452,2021-03-07 23:36:50+08:00,TWTAP,2021-04-06 21:19:04+08:00,USLSA,8.94,29.9043287
416481000,8452,2022-04-25 16:33:55+08:00,TWTAP,2022-05-15 21:24:20+08:00,USLSA,12.89,20.20167824
416481000,8452,2022-11-23 17:16:00+08:00,TWTAP,2022-12-07 23:10:32+08:00,USLSA,17.7,14.2462037
416481000,8452,2023-02-25 17:51:33+08:00,TWTAP,2023-03-11 19:07:21+08:00,USLSA,17.93,14.05263889
416481000,8452,2023-06-25 22:42:41+08:00,TWTAP,2023-07-09 19:46:53+08:00,USLSA,17.91,13.87791667
416481100,8452,2022-06-18 03:57:10+08:00,TWTAP,2022-07-02 20:35:35+08:00,USLSA,16.89,14.69334491
416482000,8452,2020-02-11 04:25:19+08:00,TWKAO,2020-02-25 07:42:13+08:00,USLSA,19.15,14.13673611
416482000,8452,2020-03-25 12:49:11+08:00,CNNBO,2020-04-07 07:58:45+08:00,USLSA,18.87,12.79831019
416482000,8452,2020-05-06 02:20:43+08:00,CNNBO,2020-05-19 07:46:34+08:00,USLSA,18.57,13.22628472
416482000,8452,2020-06-18 03:13:28+08:00,CNNBO,2020-06-30 07:43:06+08:00,USLSA,19.94,12.18724537
416482000,8452,2020-07-31 13:21:21+08:00,TWTAP,2020-08-12 19:49:02+08:00,USLSA,20.53,12.26922454
416482000,8452,2020-09-09 14:58:53+08:00,CNNBO,2020-09-23 07:03:31+08:00,USLSA,19.36,13.66988426
416482000,8452,2020-10-23 15:15:47+08:00,CNNBO,2020-11-06 11:09:13+08:00,USLSA,17.63,13.82877315
416482000,8452,2020-12-06 16:06:31+08:00,CNNBO,2020-12-22 12:52:54+08:00,USLSA,16.23,15.86554398
416482000,8452,2021-01-25 07:22:24+08:00,CNNBO,2021-02-15 23:32:10+08:00,USLSA,12.78,21.67344907
416482000,8452,2021-03-15 15:24:49+08:00,CNNBO,2021-04-01 12:32:39+08:00,USLSA,14.73,16.88043981
416482000,8452,2021-04-29 14:55:23+08:00,CNNBO,2021-05-17 21:54:16+08:00,USLSA,13.26,18.2908912
416482000,8452,2021-08-27 04:59:09+08:00,CNYTN,2021-09-14 19:57:31+08:00,USLSA,14.41,18.62386574
416482000,8452,2021-10-13 13:17:23+08:00,TWTAP,2021-11-08 21:41:01+08:00,USLSA,10.52,26.34974537
416482000,8452,2023-06-08 10:41:17+08:00,CNNBO,2023-06-23 21:19:20+08:00,USLSA,15.58,15.44309028
416482000,8452,2023-07-26 22:34:11+08:00,CNNBO,2023-08-10 20:15:14+08:00,USLSA,16.15,14.90350694
416482000,8452,2023-09-16 17:41:10+08:00,CNNBO,2023-09-30 04:52:58+08:00,USLSA,18.65,13.46652778
416482000,8452,2023-10-31 05:55:23+08:00,CNNBO,2023-11-14 22:12:03+08:00,USLSA,16.81,14.67824074
416482000,8452,2023-12-24 20:21:58+08:00,CNNBO,2024-01-06 22:35:08+08:00,USLSA,18.59,13.09247685
416482000,8452,2024-02-11 00:30:58+08:00,CNNBO,2024-02-24 21:50:07+08:00,USLSA,17.33,13.88829861
416482000,8452,2024-03-29 11:28:19+08:00,CNNBO,2024-04-12 19:58:43+08:00,USLSA,16.78,14.35444444
416482000,8452,2024-05-15 16:38:51+08:00,CNNBO,2024-06-02 05:42:27+08:00,USLSA,13.9,17.54416667
416482000,8452,2024-07-03 11:55:44+08:00,CNNBO,2024-07-18 21:07:21+08:00,USLSA,15.67,15.38306713
416482000,8452,2024-08-23 23:11:05+08:00,CNNBO,2024-09-08 20:49:57+08:00,USLSA,15.59,15.90199074
416482000,8452,2024-10-15 10:16:16+08:00,CNNBO,2024-10-28 20:29:34+08:00,USLSA,18.03,13.42590278
416482000,8452,2025-02-26 20:20:50+08:00,CNNBO,2025-03-14 19:47:13+08:00,USLSA,15.21,15.97665509
416482000,8452,2025-04-20 03:49:05+08:00,CNNBO,2025-05-03 20:46:40+08:00,USLSA,17.63,13.70665509
416482000,8452,2025-06-04 13:30:54+08:00,CNNBO,2025-06-18 19:59:58+08:00,USLSA,16.87,14.27018519
416495000,9466,2020-05-19 01:53:21+08:00,CNYTN,2020-06-01 08:14:22+08:00,USLSA,20.36,13.26459491
416495000,9466,2020-06-29 18:17:47+08:00,CNYTN,2020-07-14 20:46:47+08:00,USLSA,17.74,15.10347222
416495000,9466,2020-08-14 03:52:56+08:00,CNNBO,2020-08-26 20:42:24+08:00,USLSA,19.59,12.70101852
416495000,9466,2020-09-24 16:40:03+08:00,CNNBO,2020-10-07 07:49:34+08:00,USLSA,19.29,12.6316088
416495000,9466,2020-11-03 16:08:47+08:00,CNNBO,2020-11-17 12:50:08+08:00,USLSA,19.08,13.86204861
416495000,9466,2020-12-19 16:11:33+08:00,CNNBO,2021-01-08 04:40:02+08:00,USLSA,13.31,19.51978009
416495000,9466,2021-02-07 21:13:07+08:00,CNNBO,2021-02-27 11:57:19+08:00,USLSA,12.67,19.61402778
416495000,9466,2021-03-30 01:23:11+08:00,CNNBO,2021-04-15 22:08:37+08:00,USLSA,15.52,16.86488426
416495000,9466,2021-05-21 11:51:38+08:00,CNNBO,2021-06-02 22:50:26+08:00,USLSA,19.3,12.4575
416495000,9466,2021-07-10 02:06:21+08:00,CNNBO,2021-07-24 11:54:24+08:00,USLSA,19.27,14.40836806
416495000,9466,2021-09-01 00:39:21+08:00,CNNBO,2021-09-15 02:22:01+08:00,USLSA,17.35,14.0712963
416495000,9466,2021-10-18 20:59:30+08:00,CNNBO,2021-11-04 14:12:27+08:00,USLSA,14.55,16.71732639
416495000,9466,2021-12-06 15:11:56+08:00,CNNBO,2022-01-03 22:33:17+08:00,USLSA,10.09,28.30649306
416495000,9466,2022-02-01 10:18:35+08:00,TWTAP,2022-02-16 20:17:56+08:00,USLSA,16.59,15.41621528
416495000,9466,2022-03-22 07:34:13+08:00,CNNBO,2022-04-08 19:37:29+08:00,USLSA,14.58,17.50226852
416495000,9466,2025-01-29 21:10:43+08:00,CNNBO,2025-02-12 21:19:36+08:00,USLSA,17.32,14.00616898
416495000,9466,2025-03-26 19:07:50+08:00,CNNBO,2025-04-09 08:29:39+08:00,USLSA,17.95,13.55681713
416497000,8508,2020-06-09 14:54:27+08:00,CNYTN,2020-06-22 07:55:20+08:00,USLSA,21.14,12.70894676
416497000,8508,2020-07-20 18:41:33+08:00,CNYTN,2020-08-03 07:59:29+08:00,USLSA,19.8,13.55412037
416497000,8508,2020-09-01 06:46:11+08:00,CNYTN,2020-09-15 21:05:23+08:00,USLSA,20.26,14.59666667
416497000,8508,2020-10-12 14:45:47+08:00,CNYTN,2020-10-29 23:14:37+08:00,USLSA,17.22,17.35335648
416497000,8508,2020-11-23 10:33:01+08:00,CNYTN,2020-12-11 22:05:42+08:00,USLSA,14.72,18.48103009
416497000,8508,2021-01-09 02:12:45+08:00,TWTAP,2021-01-29 22:18:31+08:00,USLSA,13.48,20.83733796
416497000,8508,2021-02-27 16:17:48+08:00,TWTAP,2021-03-23 21:52:46+08:00,USLSA,11.29,24.23261574
416497000,8508,2021-04-22 01:22:22+08:00,TWTAP,2021-05-15 22:13:28+08:00,USLSA,10.44,23.86881944
416497000,8508,2021-06-13 10:59:09+08:00,CNSHE,2021-06-26 19:06:44+08:00,USLSA,20.29,13.33859954
416497000,8508,2021-07-28 05:38:26+08:00,TWTAP,2021-08-21 21:25:51+08:00,USLSA,10.12,24.65792824
416497000,8508,2021-09-30 11:32:34+08:00,CNSHE,2021-10-15 21:40:18+08:00,USLSA,18.02,15.42203704
416497000,8508,2021-11-24 05:49:51+08:00,TWKAO,2021-12-17 01:36:35+08:00,USLSA,12.45,22.82412037
416497000,8508,2022-01-29 08:52:28+08:00,TWTAP,2022-02-26 21:48:50+08:00,USLSA,10.28,28.53914352
416497000,8508,2022-05-27 12:44:04+08:00,TWTAP,2022-06-10 06:34:05+08:00,USLSA,18.37,13.74306713
416497000,8508,2022-07-17 06:10:51+08:00,TWTAP,2022-07-30 20:32:18+08:00,USLSA,18.32,13.59822917
416497000,8508,2022-12-06 06:37:53+08:00,CNYTN,2022-12-26 14:19:29+08:00,USLSA,13.75,20.32055556
416497000,8508,2023-07-25 04:36:09+08:00,CNYTN,2023-08-09 19:27:48+08:00,USLSA,17.06,15.61920139
416498000,8508,2021-12-13 00:31:45+08:00,TWTAP,2022-01-18 22:54:19+08:00,USLSA,7.58,36.93233796
416498000,8508,2022-02-26 14:29:52+08:00,TWTAP,2022-03-10 22:31:58+08:00,USLSA,20.38,12.33479167
416498000,8508,2022-04-14 05:47:05+08:00,TWKAO,2022-05-05 21:27:18+08:00,USLSA,12.1,21.65292824
416498000,8508,2022-06-14 12:49:56+08:00,TWTAP,2022-06-27 22:16:13+08:00,USLSA,18.55,13.39325231
416498000,8508,2022-08-02 19:17:40+08:00,TWTAP,2022-08-16 06:12:20+08:00,USLSA,18.46,13.45462963
416498000,8508,2022-09-19 06:06:34+08:00,CNYTN,2022-10-01 21:04:49+08:00,USLSA,21.14,12.62378472
416498000,8508,2022-12-17 02:07:50+08:00,TWTAP,2022-12-30 21:32:04+08:00,USLSA,18.68,13.80849537
416509000,8508,2020-01-23 23:57:18+08:00,TWTAP,2020-02-05 20:34:08+08:00,USLSA,19.62,12.85891204
416509000,8508,2020-03-06 03:00:50+08:00,TWTAP,2020-03-18 21:58:12+08:00,USLSA,20.47,12.78983796
416509000,8508,2020-04-16 15:41:29+08:00,TWTAP,2020-04-29 21:32:49+08:00,USLSA,19.37,13.24398148
416509000,8508,2020-06-01 16:29:04+08:00,CNYTN,2020-06-15 08:20:21+08:00,USLSA,19.78,13.66061343
416509000,8508,2020-07-13 04:16:49+08:00,CNYTN,2020-07-27 21:10:04+08:00,USLSA,18.23,14.70364583
416509000,8508,2020-08-26 10:23:50+08:00,CNYTN,2020-09-08 19:04:56+08:00,USLSA,20.09,13.361875
416509000,8508,2020-10-06 04:41:35+08:00,CNYTN,2020-10-21 22:09:17+08:00,USLSA,17.38,15.72756944
416509000,8508,2020-11-16 15:26:42+08:00,CNYTN,2020-12-08 00:40:04+08:00,USLSA,12.5,21.38428241
416509000,8508,2021-01-02 22:40:06+08:00,CNYTN,2021-01-25 23:57:12+08:00,USLSA,12.9,23.05354167
416509000,8508,2021-02-21 02:13:14+08:00,CNYTN,2021-03-20 20:38:35+08:00,USLSA,9.8,27.76760417
416509000,8508,2021-12-29 15:18:03+08:00,CNNBO,2022-01-30 23:01:38+08:00,USLSA,8.47,32.32193287
416509000,8508,2022-03-05 22:27:20+08:00,CNNBO,2022-04-02 22:30:13+08:00,USLSA,9.71,28.00200231
416509000,8508,2022-05-11 07:15:32+08:00,CNNBO,2022-05-31 21:19:07+08:00,USLSA,12.05,20.58582176
416509000,8508,2023-09-11 17:08:49+08:00,CNYTN,2023-09-26 21:00:04+08:00,USLSA,17.8,15.16059028
428002000,4992,2020-08-26 09:12:37+08:00,CNYTN,2020-09-08 20:13:45+08:00,USLSA,19.85,13.45912037
428002000,4992,2020-09-30 01:05:01+08:00,CNYTN,2020-10-12 19:54:40+08:00,USLSA,22.94,12.78447917
428002000,4992,2021-01-07 18:16:42+08:00,CNYTN,2021-01-24 04:59:08+08:00,USLSA,18.94,16.44613426
428002000,4992,2021-02-23 16:09:12+08:00,CNYTN,2021-03-10 11:08:29+08:00,USLSA,18.05,14.79116898
428002000,4992,2021-04-13 14:16:26+08:00,CNYSN,2021-04-25 13:11:45+08:00,USLSA,22.67,11.95508102
428002000,4992,2021-05-20 00:57:30+08:00,CNYTN,2021-06-05 23:14:42+08:00,USLSA,15.83,16.92861111
428002000,4992,2021-07-01 08:05:58+08:00,CNYTN,2021-07-25 22:57:13+08:00,USLSA,11.01,24.61892361
428002000,4992,2021-08-22 19:22:10+08:00,TWKAO,2021-09-19 21:44:09+08:00,USLSA,9.25,28.09859954
428002000,4992,2021-10-19 22:03:23+08:00,TWKAO,2021-12-01 23:25:30+08:00,USLSA,6.35,43.05702546
428002000,4992,2022-10-05 15:24:08+08:00,CNYTN,2022-10-21 01:03:11+08:00,USLSA,18.63,15.40211806
428002000,4992,2022-11-16 18:11:06+08:00,CNYTN,2022-11-30 12:15:10+08:00,USLSA,19.85,13.75282407
428002000,4992,2023-01-12 01:08:38+08:00,CNYTN,2023-01-26 08:01:12+08:00,USLSA,18.82,14.28650463
431003000,14052,2020-07-13 23:18:08+08:00,CNYTN,2020-07-29 06:59:58+08:00,USLGB,17.45,15.32071759
431027000,6661,2021-01-28 10:08:47+08:00,CNYTN,2021-02-23 10:55:06+08:00,USLSA,12.26,26.03216435
431027000,6661,2021-04-03 23:19:29+08:00,CNYTN,2021-04-18 20:51:55+08:00,USLSA,19.64,14.89752315
431027000,6661,2021-05-23 15:41:45+08:00,CNNBO,2021-06-06 22:28:38+08:00,USLSA,16.83,14.28255787
431027000,6661,2021-07-17 15:25:55+08:00,CNNBO,2021-08-05 06:42:49+08:00,USLSA,12.99,18.63673611
431027000,6661,2021-09-05 11:18:06+08:00,CNNBO,2021-10-01 06:56:33+08:00,USLSA,9.76,25.81836806
431027000,6661,2021-10-24 14:39:11+08:00,CNNBO,2021-11-21 21:40:56+08:00,USLSA,9,28.29288194
431027000,6661,2021-12-21 19:38:26+08:00,CNNBO,2022-01-26 08:52:53+08:00,USLSA,8.12,35.55170139
431027000,6661,2022-03-09 10:06:59+08:00,CNNBO,2022-03-24 21:00:32+08:00,USLSA,15.82,15.45385417
431027000,6661,2022-04-30 18:47:19+08:00,CNNBO,2022-05-24 07:17:02+08:00,USLSA,10.31,23.52063657
431027000,6661,2024-05-18 15:43:02+08:00,CNYTN,2024-06-02 21:07:52+08:00,USLSA,17.55,15.2255787
431027000,6661,2024-08-14 03:30:52+08:00,CNYTN,2024-09-04 22:26:28+08:00,USLSA,12.29,21.78861111
431027000,6661,2024-11-18 15:17:08+08:00,CNYTN,2024-12-08 22:25:58+08:00,USLSA,13.33,20.29780093
431073000,14052,2020-06-02 14:39:47+08:00,CNYTN,2020-06-17 21:00:34+08:00,USLGB,17.47,15.26443287
431073000,14052,2020-10-09 18:24:27+08:00,CNYTN,2020-10-26 20:42:17+08:00,USLGB,16.96,17.09571759
431073000,14052,2021-03-19 22:14:19+08:00,CNYTN,2021-04-18 20:58:34+08:00,USLGB,8.99,29.94739583
431073000,14052,2021-12-25 15:17:43+08:00,CNYTN,2022-02-02 08:08:41+08:00,USLGB,8.43,38.70206019
431073000,14052,2022-06-20 00:28:47+08:00,CNYTN,2022-07-21 07:15:42+08:00,USLGB,8.75,31.28258102
431080000,14026,2020-05-18 04:15:39+08:00,CNYTN,2020-06-02 20:54:09+08:00,USLGB,17.42,15.69340278
431080000,14026,2020-09-30 17:15:09+08:00,CNYTN,2020-10-17 07:11:06+08:00,USLGB,18.2,16.58052083
431080000,14026,2021-02-24 11:18:15+08:00,CNYTN,2021-03-21 21:32:16+08:00,USLGB,10.49,25.42640046
431080000,14026,2021-08-29 15:37:05+08:00,CNYTN,2021-09-22 21:46:24+08:00,USLGB,11.28,24.25646991
431080000,14026,2022-02-07 00:13:42+08:00,CNYTN,2022-03-07 00:10:57+08:00,USLGB,10.85,27.99809028
431080000,14026,2022-08-02 03:28:11+08:00,CNYTN,2022-08-30 01:20:45+08:00,USLGB,9.61,27.91150463
431080000,14026,2022-10-26 15:25:28+08:00,CNYTN,2022-11-17 08:29:08+08:00,USLGB,12.54,21.71087963
431080000,14026,2023-01-31 10:41:11+08:00,CNYTN,2023-02-24 19:57:12+08:00,USLGB,12.06,24.38612269
431080000,14026,2024-08-06 21:22:10+08:00,CNYTN,2024-09-01 18:00:51+08:00,USLGB,10.84,25.86019676
431080000,14026,2024-10-12 10:09:14+08:00,CNYTN,2024-10-30 21:36:57+08:00,USLGB,14.92,18.47758102
431080000,14026,2024-12-13 10:44:47+08:00,CNYTN,2025-01-02 18:44:38+08:00,USLGB,15.42,20.33322917
431080000,14026,2025-02-20 15:19:40+08:00,CNYTN,2025-03-10 20:56:35+08:00,USLGB,15.92,18.23396991
431225000,8560,2024-04-08 17:24:31+08:00,CNYTN,2024-04-26 20:44:10+08:00,USLSA,14.81,18.13864583
431225000,8560,2024-07-18 03:23:07+08:00,CNYTN,2024-08-03 06:27:22+08:00,USLSA,16.6,16.12795139
431225000,8560,2024-10-11 03:35:57+08:00,CNYTN,2024-10-27 07:12:14+08:00,USLSA,16.59,16.15019676
431225000,8560,2025-01-09 15:29:40+08:00,CNYTN,2025-01-25 22:26:55+08:00,USLSA,16.47,16.28975694
431260000,13870,2020-12-03 00:15:11+08:00,CNYTN,2020-12-30 21:35:39+08:00,USLGB,11.46,27.88921296
431260000,13870,2021-05-16 08:59:30+08:00,CNYTN,2021-05-31 22:07:07+08:00,USLGB,17.27,15.54695602
431260000,13870,2021-10-17 17:25:44+08:00,CNYTN,2021-12-10 08:22:59+08:00,USLGB,5.7,53.62309028
431260000,13870,2022-05-04 18:49:10+08:00,CNYTN,2022-05-26 07:31:28+08:00,USLGB,12.42,21.529375
431260000,13870,2024-06-17 21:35:39+08:00,CNYTN,2024-07-04 07:26:20+08:00,USLGB,16.5,16.41019676
431260000,13870,2024-08-20 00:40:44+08:00,CNYTN,2024-09-08 17:41:43+08:00,USLGB,13.69,19.7090162
431260000,13870,2024-10-25 12:54:59+08:00,CNYTN,2024-11-13 19:00:09+08:00,USLGB,14.21,19.25358796
431260000,13870,2024-12-26 09:29:57+08:00,CNYTN,2025-01-17 18:53:52+08:00,USLGB,13.05,22.3916088
431296000,8560,2022-10-16 06:15:22+08:00,CNYTN,2022-11-05 21:13:45+08:00,USLSA,14.02,20.62387731
431315000,8560,2020-08-08 15:41:45+08:00,CNYTN,2020-08-23 07:04:40+08:00,USLSA,18.26,14.64091435
431315000,8560,2020-10-11 00:42:39+08:00,CNYTN,2020-10-26 06:48:24+08:00,USLSA,19.04,15.25399306
431315000,8560,2021-01-09 20:00:53+08:00,CNYTN,2021-01-27 21:58:56+08:00,USLSA,17.38,18.08197917
431315000,8560,2021-06-19 07:19:29+08:00,CNYTN,2021-07-04 04:25:11+08:00,USLSA,18.11,14.87895833
431315000,8560,2021-10-20 06:53:40+08:00,HKHKG,2021-11-20 23:34:49+08:00,USLSA,8.88,31.69524306
431315000,8560,2022-02-20 10:45:25+08:00,CNYTN,2022-03-09 21:36:09+08:00,USLSA,15.94,17.45189815
431315000,8560,2022-06-04 09:22:22+08:00,CNYTN,2022-06-24 23:14:10+08:00,USLSA,13,20.57763889
431315000,8560,2022-09-29 04:39:17+08:00,CNYTN,2022-10-23 21:53:17+08:00,USLSA,11.1,24.71805556
431315000,8560,2023-02-10 08:25:54+08:00,CNYTN,2023-03-05 07:14:54+08:00,USLSA,12.05,22.95069444
431315000,8560,2023-06-10 08:33:23+08:00,CNYTN,2023-06-28 21:12:37+08:00,USLSA,14.45,18.52724537
431315000,8560,2023-09-05 05:39:21+08:00,CNYTN,2023-09-20 22:05:07+08:00,USLSA,17.18,15.68456019
431315000,8560,2024-06-16 01:40:12+08:00,CNYTN,2024-07-01 07:20:39+08:00,USLSA,17.53,15.23642361
431315000,8560,2024-09-09 23:54:26+08:00,CNYTN,2024-09-25 07:15:53+08:00,USLSA,17.52,15.3065625
431315000,8560,2024-12-05 20:43:59+08:00,CNYTN,2024-12-23 22:29:33+08:00,USLSA,16.05,18.07331019
431315000,8560,2025-03-20 13:51:37+08:00,CNYTN,2025-04-05 21:13:08+08:00,USLSA,16.58,16.3066088
431315000,8560,2025-07-01 03:32:38+08:00,CNYTN,2025-07-16 18:11:03+08:00,USLSA,17.35,15.61001157
431332000,8560,2020-06-05 13:56:12+08:00,CNYTN,2020-06-21 21:15:16+08:00,USLSA,16.45,16.30490741
431332000,8560,2020-09-02 02:40:44+08:00,CNYTN,2020-09-16 20:11:38+08:00,USLSA,20.18,14.72979167
431332000,8560,2020-11-17 11:57:56+08:00,CNYTN,2020-12-08 10:14:06+08:00,USLSA,13.43,20.92789352
431332000,8560,2021-02-19 11:47:27+08:00,CNYTN,2021-03-16 07:12:30+08:00,USLSA,11.44,24.8090625
431332000,8560,2021-06-18 05:55:53+08:00,CNYTN,2021-07-02 20:33:40+08:00,USLSA,18.27,14.60957176
431332000,8560,2021-10-07 10:45:13+08:00,CNYTN,2021-11-10 23:57:00+08:00,USLSA,8.33,34.54984954
431332000,8560,2022-01-22 14:10:09+08:00,CNYTN,2022-02-26 21:20:19+08:00,USLSA,8.55,35.29872685
431332000,8560,2022-06-01 13:52:11+08:00,CNYTN,2022-06-16 20:33:42+08:00,USLSA,17.57,15.27883102
431332000,8560,2022-08-30 09:36:44+08:00,CNYTN,2022-09-27 21:38:03+08:00,USLSA,9.7,28.50091435
431332000,8560,2022-12-21 19:10:42+08:00,CNYTN,2023-01-12 21:19:18+08:00,USLSA,12.59,22.08930556
431332000,8560,2023-06-26 07:41:37+08:00,CNYTN,2023-07-13 20:54:48+08:00,USLSA,15.29,17.55082176
431332000,8560,2023-09-18 16:31:28+08:00,CNYTN,2023-10-04 07:11:18+08:00,USLSA,17.14,15.61099537
431332000,8560,2024-07-11 21:25:03+08:00,CNYTN,2024-07-27 22:18:56+08:00,USLSA,16.71,16.03741898
431332000,8560,2024-10-03 11:18:06+08:00,CNYTN,2024-10-18 22:38:05+08:00,USLSA,17.95,15.47221065
431332000,8560,2025-01-01 01:38:26+08:00,CNYTN,2025-01-17 20:08:41+08:00,USLSA,16.63,16.77100694
431472000,8930,2025-02-19 13:40:23+08:00,CNZOS,2025-03-15 08:14:56+08:00,USLSA,11.79,23.77399306
431479000,6724,2025-06-10 22:17:56+08:00,CNYTN,2025-06-27 21:15:35+08:00,USLSA,15.78,16.95670139
431496000,8560,2020-01-14 00:45:02+08:00,CNNBO,2020-01-28 08:34:21+08:00,USLGB,17.67,14.32591435
431496000,8560,2020-02-28 12:13:51+08:00,CNNBO,2020-03-16 21:38:14+08:00,USLGB,14.49,17.39193287
431496000,8560,2020-05-23 03:25:31+08:00,TWKAO,2020-06-07 23:41:12+08:00,USLSA,16.26,15.84422454
431496000,8560,2020-08-15 11:56:40+08:00,CNYTN,2020-08-30 07:11:46+08:00,USLSA,18.32,14.80215278
431496000,8560,2020-11-11 16:36:43+08:00,CNYTN,2020-11-30 22:10:47+08:00,USLSA,15.56,19.23199074
431496000,8560,2021-02-14 06:27:53+08:00,CNYTN,2021-03-09 22:48:39+08:00,USLSA,12.76,23.68108796
431496000,8560,2021-05-10 21:06:00+08:00,CNYTN,2021-05-25 06:19:09+08:00,USLSA,18.61,14.38413194
431496000,8560,2022-01-28 22:22:26+08:00,CNYTN,2022-03-02 02:12:55+08:00,USLGB,8.66,32.16005787
431552000,14026,2020-05-11 16:38:17+08:00,CNYTN,2020-05-26 21:39:40+08:00,USLGB,17.81,15.20929398
431552000,14026,2020-09-24 15:27:38+08:00,CNYTN,2020-10-10 23:08:24+08:00,USLGB,16.33,16.31997685
431552000,14026,2021-02-17 08:22:03+08:00,CNYTN,2021-03-14 22:13:29+08:00,USLGB,10.45,25.57738426
431552000,14026,2021-08-14 16:07:38+08:00,CNYTN,2021-09-11 06:47:55+08:00,USLGB,9.82,27.61130787
431552000,14026,2022-07-31 03:42:16+08:00,CNYTN,2022-08-23 05:09:32+08:00,USLGB,11.69,23.06060185
431552000,14026,2022-10-10 11:32:17+08:00,CNYTN,2022-10-30 06:18:32+08:00,USLGB,13.76,19.78211806
431552000,14026,2023-01-18 14:39:51+08:00,CNYTN,2023-02-13 20:24:40+08:00,USLGB,11.59,26.23945602
431654000,14052,2020-05-05 05:28:00+08:00,CNYTN,2020-05-19 22:14:03+08:00,USLGB,18.92,14.69864583
431654000,14052,2020-09-16 07:19:23+08:00,CNYTN,2020-09-30 21:07:14+08:00,USLGB,21.83,14.57489583
431654000,14052,2021-02-09 05:54:03+08:00,CNYTN,2021-03-06 22:41:13+08:00,USLGB,11.12,25.6994213
431654000,14052,2022-03-03 20:36:24+08:00,CNYTN,2022-03-22 22:53:19+08:00,USLGB,15.57,19.09508102
431654000,14052,2022-08-14 01:20:43+08:00,CNYTN,2022-09-06 23:27:15+08:00,USLGB,11.29,23.9212037
431654000,14052,2022-11-11 10:07:25+08:00,CNYTN,2022-12-06 20:34:45+08:00,USLGB,11.91,25.43564815
431654000,14052,2023-02-14 16:08:18+08:00,CNYTN,2023-03-13 17:55:07+08:00,USLGB,10.91,27.07417824
431654000,14052,2023-04-24 06:40:57+08:00,CNYTN,2023-05-10 22:07:07+08:00,USLGB,16.05,16.6431713
431655000,14052,2022-07-17 06:42:02+08:00,CNYTN,2022-08-13 20:12:22+08:00,USLGB,10.06,27.56273148
431655000,14052,2022-09-27 16:41:09+08:00,CNYTN,2022-10-14 18:13:02+08:00,USLGB,15.7,17.06380787
431655000,14052,2023-01-05 01:45:16+08:00,CNYTN,2023-01-28 19:02:29+08:00,USLGB,11.85,23.72028935
431655000,14052,2023-04-10 14:36:09+08:00,CNYTN,2023-04-27 20:59:24+08:00,USLGB,16.02,17.26614583
431655000,14052,2023-06-11 22:03:16+08:00,CNYTN,2023-06-28 22:43:21+08:00,USLSA,15.73,17.02783565
431655000,14052,2023-08-17 07:50:22+08:00,CNYTN,2023-09-05 23:10:20+08:00,USLSA,13.9,19.63886574
431655000,14052,2023-10-24 23:32:41+08:00,CNYTN,2023-11-14 21:29:18+08:00,USLSA,13.27,20.91431713
431655000,14052,2024-01-09 18:36:30+08:00,CNYTN,2024-01-30 20:15:05+08:00,USLSA,12.93,21.06846065
431710000,9592,2022-03-28 19:02:01+08:00,CNYTN,2022-04-15 21:35:24+08:00,USLSA,14.91,18.1065162
431710000,9592,2022-07-13 03:35:23+08:00,CNYTN,2022-07-28 22:37:07+08:00,USLSA,17,15.79287037
431710000,9592,2023-05-19 17:42:52+08:00,CNYTN,2023-06-05 06:51:25+08:00,USLSA,16.37,16.54760417
431710000,9592,2023-08-12 13:08:32+08:00,CNYTN,2023-08-27 06:00:01+08:00,USLSA,18.19,14.70241898
431710000,9592,2023-11-07 21:29:22+08:00,CNYTN,2023-11-23 07:55:52+08:00,USLSA,17.72,15.43506944
431710000,9592,2024-02-04 21:40:12+08:00,CNYTN,2024-02-19 21:56:42+08:00,USLSA,17.78,15.01145833
431710000,9592,2024-05-08 06:23:13+08:00,CNYTN,2024-05-22 20:53:54+08:00,USLSA,18.3,14.6046412
431710000,9592,2024-08-03 05:37:06+08:00,CNYTN,2024-08-20 22:05:33+08:00,USLSA,15.09,17.68642361
431710000,9592,2024-11-07 09:05:26+08:00,CNYTN,2024-11-23 08:03:09+08:00,USLSA,17.43,15.95674769
431710000,9592,2025-02-07 08:44:26+08:00,CNYTN,2025-02-23 07:16:08+08:00,USLSA,17.18,15.93868056
431772000,14026,2020-08-03 20:03:19+08:00,CNYTN,2020-08-18 20:23:10+08:00,USLGB,17.93,15.01378472
431772000,14026,2021-03-11 07:01:42+08:00,CNYTN,2021-04-05 10:39:04+08:00,USLGB,11.66,25.15094907
431772000,14026,2021-09-14 17:50:41+08:00,CNYTN,2021-10-27 20:52:31+08:00,USLGB,6.72,43.12627315
431772000,14026,2022-03-23 15:09:34+08:00,CNYTN,2022-04-12 19:15:59+08:00,USLGB,14.77,20.17112269
431772000,14026,2022-08-31 03:33:54+08:00,CNYTN,2022-09-20 21:30:05+08:00,USLGB,12.88,20.74734954
431772000,14026,2022-12-03 22:45:35+08:00,CNYTN,2022-12-26 21:20:41+08:00,USLGB,12.19,22.94104167
431772000,14026,2023-03-15 12:37:55+08:00,CNYTN,2023-04-04 05:06:42+08:00,USLGB,13.65,19.68665509
431792000,14026,2020-09-07 11:33:17+08:00,CNYTN,2020-09-22 23:43:01+08:00,USLGB,18.08,15.50675926
431792000,14026,2021-01-25 08:49:03+08:00,CNYTN,2021-02-27 05:45:05+08:00,USLGB,8.35,32.87224537
431792000,14026,2021-08-04 19:13:07+08:00,CNYTN,2021-08-30 19:31:57+08:00,USLGB,10.32,26.0130787
431792000,14026,2022-01-08 06:38:31+08:00,CNYTN,2022-02-14 20:48:28+08:00,USLGB,8.5,37.59024306
431792000,14026,2022-06-30 13:50:34+08:00,CNYTN,2022-08-04 07:02:53+08:00,USLGB,8.03,34.71688657
431888000,14026,2020-08-14 06:12:20+08:00,CNYTN,2020-08-28 21:12:46+08:00,USLGB,18.85,14.62530093
431986000,14026,2020-07-02 21:36:23+08:00,CNYTN,2020-07-17 21:12:18+08:00,USLGB,17.94,14.98327546
431986000,14026,2020-11-04 22:02:39+08:00,CNYTN,2020-11-30 23:03:02+08:00,USLGB,11.99,26.04193287
440022000,4360,2022-07-10 06:42:27+08:00,CNWGQ,2022-07-30 22:01:43+08:00,USLGB,11.98,20.63837963
440022000,4360,2022-08-24 09:22:24+08:00,CNWGQ,2022-09-08 22:34:09+08:00,USLGB,15.52,15.54982639
440022000,4360,2022-10-06 08:50:40+08:00,CNWGQ,2022-10-26 22:13:42+08:00,USLGB,11.85,20.55766204
440022000,4360,2022-11-20 09:00:21+08:00,CNWGQ,2022-12-06 21:42:41+08:00,USLGB,14.92,16.52939815
440022000,4360,2023-01-03 21:56:55+08:00,CNWGQ,2023-01-19 00:06:06+08:00,USLGB,15.94,15.08971065
440022000,4360,2023-02-11 14:38:40+08:00,CNWGQ,2023-03-01 22:53:54+08:00,USLGB,13.29,18.34391204
440086000,6655,2023-03-17 20:48:11+08:00,CNNBO,2023-04-04 21:35:58+08:00,USLGB,13.46,18.03318287
440086000,6655,2023-05-06 22:01:12+08:00,CNNBO,2023-05-25 21:49:13+08:00,USLGB,12.95,18.99167824
440086000,6655,2023-06-29 11:02:28+08:00,CNNBO,2023-07-15 21:36:28+08:00,USLGB,14.89,16.44027778
440086000,6655,2023-08-19 11:23:59+08:00,CNNBO,2023-09-03 21:35:04+08:00,USLGB,15.79,15.42436343
440086000,6655,2023-10-03 12:38:43+08:00,CNNBO,2023-10-20 21:40:06+08:00,USLGB,14.94,17.37596065
440086000,6655,2023-11-26 12:20:53+08:00,CNNBO,2023-12-11 23:45:47+08:00,USLGB,15.71,15.475625
440086000,6655,2024-01-12 21:06:49+08:00,CNNBO,2024-01-29 22:00:44+08:00,USLGB,14.37,17.03744213
440086000,6655,2024-02-29 07:42:23+08:00,CNNBO,2024-03-19 07:28:56+08:00,USLGB,13.21,18.99065972
440086000,6655,2024-04-19 11:43:43+08:00,CNNBO,2024-05-03 23:20:13+08:00,USLGB,16.75,14.48368056
440086000,6655,2024-06-01 18:42:39+08:00,CNNBO,2024-06-18 06:28:29+08:00,USLGB,14.87,16.49016204
440086000,6655,2024-07-16 19:45:16+08:00,CNNBO,2024-07-31 21:30:37+08:00,USLGB,16.06,15.07315972
440086000,6655,2024-08-26 19:45:39+08:00,CNNBO,2024-09-10 19:19:24+08:00,USLGB,16.44,14.98177083
440086000,6655,2024-10-13 11:36:24+08:00,CNNBO,2024-10-28 05:28:14+08:00,USLGB,16.68,14.7443287
440086000,6655,2024-11-28 20:46:56+08:00,CNNBO,2024-12-12 21:38:34+08:00,USLGB,17.54,14.03585648
440086000,6655,2025-01-14 00:36:35+08:00,CNNBO,2025-01-28 07:22:27+08:00,USLGB,17.02,14.28185185
440086000,6655,2025-02-27 08:09:49+08:00,CNNBO,2025-03-14 20:22:06+08:00,USLGB,14.05,15.50853009
440086000,6655,2025-04-10 23:32:39+08:00,CNNBO,2025-04-26 20:42:04+08:00,USLGB,15.49,15.88153935
440086000,6655,2025-05-24 09:28:52+08:00,CNNBO,2025-06-07 20:38:49+08:00,USLGB,16.81,14.46524306
440086000,6655,2025-07-04 17:12:49+08:00,CNNBO,2025-07-18 22:40:42+08:00,USLGB,17.16,14.22769676
440111000,4395,2022-06-20 06:12:18+08:00,CNWGQ,2022-07-04 21:57:55+08:00,USLGB,16.44,14.65667824
440111000,4395,2022-07-29 13:04:38+08:00,CNWGQ,2022-08-12 22:18:43+08:00,USLGB,17.02,14.38478009
440111000,4395,2022-09-08 09:58:24+08:00,CNWGQ,2022-09-24 06:43:27+08:00,USLGB,15.52,15.86461806
440111000,4395,2022-10-25 11:17:41+08:00,CNWGQ,2022-11-09 23:56:02+08:00,USLGB,16.45,15.52663194
440111000,4395,2022-12-09 00:25:04+08:00,CNWGQ,2022-12-22 22:22:06+08:00,USLGB,17.71,13.91460648
440111000,4395,2023-01-22 03:13:39+08:00,CNWGQ,2023-02-05 22:17:47+08:00,USLGB,17.81,14.79453704
440111000,4395,2023-03-06 11:37:24+08:00,CNWGQ,2023-03-24 21:13:56+08:00,USLGB,13.13,18.40037037
440111000,4395,2024-08-01 19:38:24+08:00,CNNBO,2024-08-16 20:36:43+08:00,USLGB,16.27,15.04049769
440112000,11010,2022-04-01 19:53:41+08:00,CNYSN,2022-05-09 21:16:34+08:00,USLGB,7.97,38.05755787
440112000,11010,2022-06-08 13:11:38+08:00,CNYSN,2022-07-02 05:56:10+08:00,USLGB,10.77,23.69759259
440112000,11010,2022-08-02 13:19:14+08:00,CNYSN,2022-08-20 21:31:07+08:00,USLGB,13.32,18.34158565
440112000,11010,2022-09-19 04:46:39+08:00,CNYSN,2022-10-05 20:20:38+08:00,USLGB,14.7,16.64859954
440112000,11010,2022-11-17 09:05:06+08:00,CNYSN,2022-12-07 21:22:12+08:00,USLGB,12.18,20.511875
440112000,11010,2023-02-09 02:51:14+08:00,CNYSN,2023-02-28 07:25:10+08:00,USLGB,13.06,19.19023148
440112000,11010,2023-04-19 09:30:39+08:00,CNYSN,2023-05-06 05:53:29+08:00,USLGB,14.65,16.84918981
440112000,11010,2023-06-03 15:54:09+08:00,CNYSN,2023-06-19 06:03:19+08:00,USLGB,15.65,15.58969907
440112000,11010,2023-08-18 11:19:06+08:00,CNYSN,2023-09-05 20:10:56+08:00,USLGB,13.35,18.3693287
440112000,11010,2023-10-08 09:41:49+08:00,CNYSN,2023-10-25 22:40:30+08:00,USLGB,13.9,17.54075231
440112000,11010,2023-11-27 12:13:46+08:00,CNYSN,2023-12-17 22:40:48+08:00,USLGB,11.96,20.43543981
440112000,11010,2024-05-03 23:32:37+08:00,CNYSN,2024-05-21 20:33:26+08:00,USLSA,13.94,17.87556713
440112000,11010,2024-06-24 11:41:16+08:00,CNYSN,2024-07-12 19:49:26+08:00,USLSA,13.41,18.33900463
440117000,11010,2023-06-19 10:40:54+08:00,CNYSN,2023-07-04 20:08:41+08:00,USLGB,15.83,15.39429398
440141000,6655,2021-06-27 18:32:09+08:00,CNYSN,2021-07-13 06:08:17+08:00,USLSA,15.71,15.48342593
440141000,6655,2021-08-22 17:55:30+08:00,CNYTN,2021-09-20 07:01:37+08:00,USLSA,9.37,28.54591435
440141000,6655,2021-10-22 16:29:23+08:00,CNYSN,2021-12-09 23:26:42+08:00,USLSA,5.36,48.28980324
440141000,6655,2022-02-10 13:48:37+08:00,CNYSN,2022-03-11 08:53:59+08:00,USLSA,9.24,28.79539352
440141000,6655,2023-03-27 00:13:54+08:00,CNNBO,2023-04-16 21:42:38+08:00,USLGB,11.66,20.8949537
440141000,6655,2023-05-19 16:09:17+08:00,CNNBO,2023-06-04 21:29:00+08:00,USLGB,15.06,16.22202546
440141000,6655,2023-07-08 03:53:18+08:00,CNNBO,2023-07-23 21:41:54+08:00,USLGB,15.41,15.74208333
440141000,6655,2023-08-25 18:45:12+08:00,CNNBO,2023-09-09 21:35:53+08:00,USLGB,16.02,15.11853009
440141000,6655,2023-10-20 12:58:37+08:00,CNNBO,2023-11-04 23:10:08+08:00,USLGB,15.74,15.42466435
440141000,6655,2023-12-07 22:29:36+08:00,CNNBO,2023-12-23 08:35:35+08:00,USLGB,16,15.42082176
440141000,6655,2024-01-28 05:26:29+08:00,CNNBO,2024-02-12 23:31:22+08:00,USLGB,15.43,15.7533912
440141000,6655,2024-03-10 16:07:04+08:00,CNNBO,2024-03-26 20:50:39+08:00,USLGB,14.99,16.19693287
440141000,6655,2024-04-30 13:08:43+08:00,CNNBO,2024-05-15 12:35:11+08:00,USLGB,16.25,14.97671296
440141000,6655,2024-06-13 18:56:48+08:00,CNNBO,2024-06-28 08:56:23+08:00,USLGB,16.67,14.58304398
440141000,6655,2024-07-28 10:10:37+08:00,CNNBO,2024-08-11 20:32:04+08:00,USLGB,16.86,14.4315625
440141000,6655,2024-09-08 16:20:52+08:00,CNNBO,2024-09-22 22:57:10+08:00,USLGB,17.01,14.27520833
440141000,6655,2024-10-26 22:50:55+08:00,CNNBO,2024-11-11 07:19:18+08:00,USLGB,16.03,15.35304398
440141000,6655,2024-12-13 14:52:05+08:00,CNNBO,2024-12-28 08:17:09+08:00,USLGB,16.49,14.72574074
440141000,6655,2025-01-29 08:22:30+08:00,CNNBO,2025-02-15 08:53:08+08:00,USLGB,14.29,17.02127315
440141000,6655,2025-03-19 09:21:48+08:00,CNNBO,2025-04-03 21:04:53+08:00,USLGB,16.05,15.48825231
440141000,6655,2025-05-29 12:04:41+08:00,CNNBO,2025-06-13 07:53:39+08:00,USLGB,16.39,14.8256713
440151000,6655,2022-05-16 07:23:19+08:00,CNNBO,2022-06-09 21:36:06+08:00,USLSA,10.33,24.59221065
440151000,6655,2023-04-06 20:22:07+08:00,CNNBO,2023-04-22 22:41:22+08:00,USLGB,15.13,16.09670139
440151000,6655,2023-05-27 02:22:03+08:00,CNNBO,2023-06-11 22:03:36+08:00,USLGB,15.4,15.82052083
440151000,6655,2023-07-14 12:55:16+08:00,CNNBO,2023-07-30 21:36:58+08:00,USLGB,14.93,16.36229167
440151000,6655,2023-09-01 20:58:30+08:00,CNNBO,2023-09-20 21:30:13+08:00,USLGB,12.86,19.02202546
440151000,6655,2023-10-26 22:47:28+08:00,CNNBO,2023-11-11 08:30:09+08:00,USLGB,15.87,15.4046412
440151000,6655,2023-12-14 16:19:09+08:00,CNNBO,2024-01-02 22:35:08+08:00,USLGB,13.27,19.26109954
440151000,6655,2024-02-03 08:41:49+08:00,CNNBO,2024-02-18 22:19:37+08:00,USLGB,16.11,15.56791667
440151000,6655,2024-03-19 21:27:53+08:00,CNQIN,2024-04-03 22:44:36+08:00,USLGB,16.06,15.05327546
440151000,6655,2024-06-06 12:44:46+08:00,CNNBO,2024-06-22 21:32:41+08:00,USLGB,15.01,16.3666088
440151000,6655,2024-07-20 09:27:08+08:00,CNNBO,2024-08-04 00:04:28+08:00,USLGB,16.63,14.60925926
440151000,6655,2024-08-30 09:08:34+08:00,CNNBO,2024-09-14 19:18:36+08:00,USLGB,15.73,15.42363426
440151000,6655,2024-10-22 21:23:09+08:00,CNNBO,2024-11-06 06:28:46+08:00,USLGB,17.21,14.37890046
440151000,6655,2024-12-07 11:05:06+08:00,CNNBO,2024-12-21 08:46:36+08:00,USLGB,17.5,13.90381944
440151000,6655,2025-01-22 20:35:54+08:00,CNNBO,2025-02-07 07:33:50+08:00,USLGB,16.14,15.45689815
440151000,6655,2025-03-14 12:34:05+08:00,CNNBO,2025-03-31 07:31:54+08:00,USLGB,15.64,16.79015046
440151000,6655,2025-04-27 12:13:27+08:00,CNNBO,2025-05-12 06:26:21+08:00,USLGB,16.57,14.75895833
440151000,6655,2025-06-08 08:44:17+08:00,CNNBO,2025-06-22 06:28:41+08:00,USLGB,17.56,13.90583333
440189000,6655,2023-04-22 01:23:37+08:00,CNNBO,2023-05-08 07:14:33+08:00,USLGB,15.16,16.2437037
440189000,6655,2023-06-13 12:03:59+08:00,CNNBO,2023-06-29 08:54:38+08:00,USLGB,15.36,15.86850694
440189000,6655,2023-07-29 23:44:25+08:00,CNNBO,2023-08-16 21:25:10+08:00,USLGB,13.98,17.90329861
440189000,6655,2023-09-17 06:32:13+08:00,CNNBO,2023-10-04 22:20:34+08:00,USLGB,13.85,17.65857639
440189000,6655,2023-11-09 13:30:25+08:00,CNNBO,2023-11-26 08:21:01+08:00,USLGB,14.52,16.78513889
440189000,6655,2024-01-01 11:29:16+08:00,CNNBO,2024-01-15 22:55:00+08:00,USLGB,16.94,14.4762037
440189000,6655,2024-02-16 15:54:18+08:00,CNNBO,2024-03-05 08:26:25+08:00,USLGB,14.64,17.68896991
440189000,6655,2024-04-04 01:11:46+08:00,CNNBO,2024-04-18 21:16:49+08:00,USLGB,16.42,14.83684028
440189000,6655,2024-05-16 02:14:34+08:00,CNNBO,2024-05-31 21:44:56+08:00,USLGB,15.37,15.81275463
440189000,6655,2024-06-28 21:07:13+08:00,CNNBO,2024-07-15 07:27:13+08:00,USLGB,14.81,16.43055556
440189000,6655,2024-08-10 09:24:33+08:00,CNNBO,2024-08-24 06:23:25+08:00,USLGB,17.48,13.87421296
440189000,6655,2024-09-24 23:55:02+08:00,CNNBO,2024-10-09 05:16:51+08:00,USLGB,17.06,14.2234838
440189000,6655,2024-12-29 20:12:56+08:00,CNNBO,2025-01-14 07:30:19+08:00,USLGB,15.95,15.47040509
440189000,6655,2025-02-13 03:37:57+08:00,CNNBO,2025-03-02 21:20:24+08:00,USLGB,13.88,17.7378125
440189000,6655,2025-04-01 22:58:16+08:00,CNNBO,2025-04-16 21:04:05+08:00,USLGB,16.32,14.92070602
440189000,6655,2025-05-11 07:16:10+08:00,CNNBO,2025-05-27 22:00:23+08:00,USLGB,14.91,16.61403935
440189000,6655,2025-06-23 16:51:28+08:00,CNNBO,2025-07-07 06:20:56+08:00,USLGB,17.89,13.56212963
440220000,6655,2023-04-14 09:01:08+08:00,CNNBO,2023-04-29 21:37:56+08:00,USLGB,15.68,15.52555556
440220000,6655,2023-06-04 04:09:32+08:00,CNNBO,2023-06-19 22:53:47+08:00,USLGB,15.4,15.78072917
440220000,6655,2023-07-22 04:45:04+08:00,CNNBO,2023-08-07 07:26:36+08:00,USLGB,15.1,16.11217593
440220000,6655,2023-09-08 15:58:27+08:00,CNNBO,2023-09-27 21:44:20+08:00,USLGB,12.66,19.24019676
440220000,6655,2023-11-03 08:56:35+08:00,CNNBO,2023-11-19 22:26:19+08:00,USLGB,15.01,16.56231481
440220000,6655,2023-12-25 11:06:02+08:00,CNNBO,2024-01-10 22:37:09+08:00,USLGB,15.14,16.47994213
440220000,6655,2024-02-13 22:26:28+08:00,CNNBO,2024-03-01 23:01:16+08:00,USLGB,14.84,17.02416667
440220000,6655,2024-03-31 10:59:47+08:00,CNNBO,2024-04-15 07:30:43+08:00,USLGB,16.43,14.85481481
440220000,6655,2024-05-13 11:50:16+08:00,CNNBO,2024-05-29 07:29:27+08:00,USLGB,15.43,15.81887731
440220000,6655,2024-09-13 11:09:17+08:00,CNNBO,2024-09-29 19:35:21+08:00,USLGB,14.97,16.35143519
440220000,6655,2024-11-04 10:45:23+08:00,CNNBO,2024-11-18 22:09:55+08:00,USLGB,16.85,14.47537037
440220000,6655,2024-12-20 12:33:30+08:00,CNNBO,2025-01-06 07:25:06+08:00,USLGB,14.71,16.78583333
440220000,6655,2025-02-05 00:35:42+08:00,CNNBO,2025-02-21 07:27:59+08:00,USLGB,15.4,16.28630787
440220000,6655,2025-03-23 22:15:50+08:00,CNNBO,2025-04-08 20:16:28+08:00,USLGB,15.29,15.91710648
440220000,6655,2025-05-05 07:50:26+08:00,CNNBO,2025-05-19 06:17:39+08:00,USLGB,17.4,13.93556713
440220000,6655,2025-06-16 10:55:01+08:00,CNNBO,2025-06-30 06:34:37+08:00,USLGB,17.55,13.81916667
440559000,4571,2020-07-18 10:50:49+08:00,CNWGQ,2020-08-01 06:04:13+08:00,USLSA,17.84,13.80097222
440559000,4571,2024-08-02 22:15:23+08:00,CNYTN,2024-08-20 19:59:29+08:00,USLSA,15.2,17.905625
441343000,6763,2020-07-02 20:47:32+08:00,CNNBO,2020-07-15 19:56:59+08:00,USLSA,18.65,12.96489583
441343000,6763,2020-09-22 18:25:06+08:00,CNYTN,2020-10-06 22:02:38+08:00,USLSA,19.12,14.15106481
441343000,6763,2021-01-01 12:10:05+08:00,CNYTN,2021-01-19 22:24:03+08:00,USLSA,17.41,18.42636574
441343000,6763,2021-04-08 00:50:40+08:00,TWKAO,2021-04-29 20:46:29+08:00,USLSA,12.92,21.83042824
441343000,6763,2022-04-17 09:48:17+08:00,CNYSN,2022-06-14 20:15:32+08:00,USLSA,11.53,58.43559028
441398000,6763,2020-01-22 14:28:50+08:00,TWKAO,2020-02-06 21:04:44+08:00,USLGB,17,15.27493056
441398000,6763,2020-03-17 16:01:35+08:00,TWKAO,2020-04-02 20:24:47+08:00,USLGB,16.07,16.18277778
441398000,6763,2021-05-03 08:02:10+08:00,CNSHE,2021-06-24 20:11:55+08:00,USLGB,13.61,52.50677083
441399000,6763,2024-07-02 15:36:28+08:00,CNYTN,2024-07-21 06:05:54+08:00,USLSA,14.53,18.60377315
441403000,4228,2022-06-25 13:10:15+08:00,CNWGQ,2022-07-14 07:46:45+08:00,USLGB,13.01,18.77534722
441403000,4228,2022-08-07 17:20:22+08:00,CNWGQ,2022-08-23 07:32:05+08:00,USLGB,15.87,15.59146991
441403000,4228,2022-09-13 08:11:49+08:00,CNNBO,2022-10-12 21:57:08+08:00,USLGB,9.1,29.57313657
441403000,4228,2022-11-07 10:35:38+08:00,CNWGQ,2022-11-23 23:12:45+08:00,USLGB,14.68,16.52577546
441403000,4228,2022-12-17 05:35:20+08:00,CNWGQ,2023-01-04 00:10:08+08:00,USLGB,14.28,17.77416667
441403000,4228,2023-02-19 18:51:40+08:00,CNWGQ,2023-03-12 00:29:13+08:00,USLGB,12.16,20.23440972
441701000,6655,2023-05-01 13:00:49+08:00,CNNBO,2023-05-20 22:12:41+08:00,USLGB,12.76,19.38324074
441701000,6655,2023-06-23 10:57:56+08:00,CNNBO,2023-07-08 21:30:56+08:00,USLGB,15.91,15.43958333
441701000,6655,2023-08-14 01:07:34+08:00,CNNBO,2023-08-30 21:30:10+08:00,USLGB,14.49,16.84902778
441701000,6655,2023-09-27 12:44:12+08:00,CNNBO,2023-10-13 22:30:03+08:00,USLGB,15.07,16.40684028
441701000,6655,2023-11-19 08:27:06+08:00,CNNBO,2023-12-05 00:02:25+08:00,USLGB,15.92,15.64952546
441701000,6655,2024-01-10 10:39:33+08:00,CNNBO,2024-01-26 08:40:07+08:00,USLGB,15.39,15.91706019
441701000,6655,2024-02-22 01:14:24+08:00,CNNBO,2024-03-10 08:43:15+08:00,USLGB,14.4,17.31170139
441701000,6655,2024-04-08 10:42:48+08:00,CNNBO,2024-04-23 20:22:42+08:00,USLGB,15.83,15.40270833
441701000,6655,2024-05-25 00:40:28+08:00,CNNBO,2024-06-09 07:19:44+08:00,USLGB,15.96,15.27726852
441701000,6655,2024-07-06 00:59:53+08:00,CNNBO,2024-07-20 21:04:07+08:00,USLGB,16.44,14.83627315
441701000,6655,2024-08-17 20:07:53+08:00,CNNBO,2024-09-01 22:51:39+08:00,USLGB,16.07,15.11372685
441701000,6655,2024-10-04 10:20:25+08:00,CNNBO,2024-10-18 21:34:19+08:00,USLGB,17.59,14.46798611
441701000,6655,2024-11-16 18:40:46+08:00,CNNBO,2024-12-02 20:44:40+08:00,USLGB,15.27,16.08604167
441701000,6655,2025-01-04 08:04:05+08:00,CNNBO,2025-01-19 21:28:28+08:00,USLGB,15.69,15.55859954
441701000,6655,2025-02-19 23:53:45+08:00,CNNBO,2025-03-07 00:46:40+08:00,USLGB,16.33,15.03674769
441701000,6655,2025-05-15 01:12:52+08:00,CNNBO,2025-05-29 20:24:06+08:00,USLGB,16.6,14.79946759
441701000,6655,2025-06-27 20:56:43+08:00,CNNBO,2025-07-11 20:30:13+08:00,USLGB,17.48,13.98159722
441736000,4728,2020-10-05 11:35:54+08:00,CNYTN,2020-11-12 08:00:16+08:00,USLSA,18.77,37.85025463
441736000,4728,2021-10-04 07:20:57+08:00,CNQIN,2021-12-01 07:12:08+08:00,USLSA,4.91,57.99387731
477004700,4253,2020-05-23 21:33:29+08:00,CNYTN,2020-06-07 20:28:49+08:00,USLSA,17.99,14.95509259
477006500,14080,2024-01-06 04:24:42+08:00,CNYTN,2024-01-23 18:55:03+08:00,USLSA,15.52,17.60440972
477006500,14080,2024-03-27 15:26:43+08:00,CNYTN,2024-04-13 20:28:45+08:00,USLSA,15.89,17.20974537
477006500,14080,2024-06-08 17:35:44+08:00,CNYTN,2024-06-26 07:09:26+08:00,USLGB,15.49,17.56506944
477006500,14080,2024-08-14 09:07:46+08:00,CNYTN,2024-09-03 21:36:40+08:00,USLSA,13.27,20.52006944
477006500,14080,2024-10-19 18:20:55+08:00,CNYTN,2024-11-07 01:15:33+08:00,USLGB,14.93,18.28793981
477006500,14080,2024-12-19 17:28:14+08:00,CNYTN,2025-01-08 23:32:56+08:00,USLGB,13.44,20.25326389
477006500,14080,2025-03-01 15:00:51+08:00,CNYSN,2025-03-19 06:03:54+08:00,USLGB,16.14,17.62711806
477010300,4335,2020-10-05 14:00:17+08:00,CNNBO,2020-10-21 21:41:17+08:00,USLGB,16.28,16.32013889
477010300,4335,2020-11-17 05:45:38+08:00,CNNBO,2020-12-03 11:02:16+08:00,USLGB,16.49,16.21988426
477010300,4335,2021-06-16 19:22:11+08:00,CNQIN,2021-07-14 21:30:38+08:00,USLGB,8.65,28.08920139
477010300,4335,2021-10-20 20:08:00+08:00,CNSHE,2021-12-18 23:30:33+08:00,USLGB,12.12,59.14065972
477014600,4253,2022-03-21 03:48:05+08:00,TWKAO,2022-04-10 00:27:22+08:00,USLSA,13.7,19.86061343
477014600,4253,2022-05-14 09:24:36+08:00,CNYTN,2022-05-28 00:55:15+08:00,USLSA,19.7,13.64628472
477014600,4253,2022-06-23 17:59:42+08:00,CNYTN,2022-07-06 20:53:24+08:00,USLSA,20.37,13.120625
477014600,4253,2022-08-03 05:50:44+08:00,CNYTN,2022-08-16 08:22:52+08:00,USLSA,20.54,13.10564815
477014600,4253,2022-09-15 00:55:24+08:00,CNYTN,2022-09-29 21:16:34+08:00,USLSA,18.81,14.84803241
477014600,4253,2022-10-27 03:27:31+08:00,CNYTN,2022-11-11 22:42:53+08:00,USLSA,17.67,15.80233796
477014600,4253,2022-12-09 04:31:50+08:00,CNYTN,2022-12-26 21:41:44+08:00,USLSA,18.21,17.71520833
477020700,4253,2020-07-14 18:17:07+08:00,CNYTN,2020-07-27 20:19:23+08:00,USLSA,20.81,13.08490741
477020700,4253,2020-08-20 11:31:17+08:00,CNYTN,2020-09-01 20:03:39+08:00,USLSA,23,12.35581019
477020700,4253,2020-09-23 00:20:10+08:00,CNYTN,2020-10-05 20:07:53+08:00,USLSA,21.01,12.82480324
477020700,4253,2020-10-27 22:12:03+08:00,CNYTN,2020-11-09 21:17:46+08:00,USLSA,20.66,12.96230324
477020700,4253,2020-12-01 18:36:42+08:00,CNYTN,2020-12-14 21:48:59+08:00,USLSA,23.52,13.13353009
477020700,4253,2021-01-05 03:34:20+08:00,CNYTN,2021-01-18 09:42:10+08:00,USLSA,24.6,13.25543981
477020700,4253,2021-02-12 07:18:39+08:00,CNYTN,2021-02-26 14:27:49+08:00,USLSA,22.58,14.29803241
477020700,4253,2021-03-18 01:45:49+08:00,CNYTN,2021-03-30 14:35:01+08:00,USLSA,24.17,12.53416667
477020700,4253,2021-04-28 05:09:19+08:00,CNYTN,2021-05-12 13:12:12+08:00,USLSA,18.86,14.33533565
477020700,4253,2021-06-06 23:08:58+08:00,CNXIA,2021-06-26 12:53:37+08:00,USLSA,13.26,19.57267361
477020700,4253,2021-07-22 10:27:31+08:00,CNYTN,2021-08-12 11:59:22+08:00,USLSA,13.16,21.06378472
477025400,16828,2024-12-13 23:56:38+08:00,CNYSN,2024-12-28 21:23:08+08:00,USLGB,16.26,14.89340278
477025400,16828,2025-01-23 23:31:57+08:00,CNYSN,2025-02-08 07:45:05+08:00,USLGB,15.83,15.3424537
477025400,16828,2025-03-22 08:53:10+08:00,TWKAO,2025-04-05 20:23:39+08:00,USLGB,17.89,14.47950231
477025400,16828,2025-05-17 09:53:28+08:00,TWKAO,2025-05-31 21:13:12+08:00,USLGB,17.97,14.47203704
477025400,16828,2025-07-08 11:11:09+08:00,TWKAO,2025-07-22 21:35:24+08:00,USLGB,18.07,14.43350694
477030700,13386,2022-05-01 17:39:27+08:00,TWKAO,2022-05-15 22:34:03+08:00,USLGB,18.16,14.20458333
477030700,13386,2022-06-16 01:01:30+08:00,CNYTN,2022-07-02 21:04:51+08:00,USLGB,15.89,16.83565972
477030700,13386,2023-04-17 15:15:39+08:00,CNYSN,2023-05-02 20:30:30+08:00,USLGB,16.01,15.21864583
477030700,13386,2023-05-31 01:07:50+08:00,CNYSN,2023-06-14 05:52:24+08:00,USLGB,17.02,14.19761574
477030700,13386,2023-07-13 10:47:23+08:00,CNYSN,2023-07-28 21:43:32+08:00,USLGB,15.69,15.45565972
477030700,13386,2023-09-03 00:37:16+08:00,TWKAO,2023-09-17 20:31:38+08:00,USLGB,17.44,14.8294213
477030700,13386,2023-10-20 12:14:35+08:00,TWKAO,2023-11-03 20:37:04+08:00,USLGB,17.92,14.34894676
477030700,13386,2023-12-08 20:33:02+08:00,TWKAO,2023-12-23 08:07:38+08:00,USLGB,18.28,14.48236111
477030700,13386,2024-01-26 23:59:10+08:00,TWKAO,2024-02-10 22:08:53+08:00,USLGB,17.88,14.92341435
477030700,13386,2024-03-15 12:29:59+08:00,TWKAO,2024-03-30 06:11:36+08:00,USLGB,18.04,14.7372338
477030700,13386,2024-04-24 04:23:19+08:00,CNYSN,2024-05-09 06:04:12+08:00,USLGB,16.4,15.07005787
477030700,13386,2024-06-04 20:55:39+08:00,CNYSN,2024-06-21 06:07:36+08:00,USLGB,14.86,16.38329861
477030700,13386,2024-07-20 02:45:14+08:00,TWKAO,2024-08-03 18:31:57+08:00,USLGB,17.57,14.65744213
477030700,13386,2024-09-10 05:19:44+08:00,TWKAO,2024-09-25 06:37:37+08:00,USLGB,17.26,15.05408565
477030700,13386,2024-12-13 17:16:09+08:00,CNYSN,2024-12-28 06:58:34+08:00,USLGB,16.79,14.57112269
477030700,13386,2025-02-02 18:43:25+08:00,CNYSN,2025-02-17 22:03:54+08:00,USLGB,17.39,15.13922454
477030700,13386,2025-03-29 04:03:11+08:00,CNYSN,2025-04-12 05:57:54+08:00,USLGB,17.4,14.07966435
477050500,9403,2021-01-01 12:36:28+08:00,CNNBO,2021-01-21 05:52:12+08:00,USLSA,13.24,19.71925926
477050500,9403,2021-02-19 17:39:13+08:00,CNXIA,2021-03-05 00:21:44+08:00,USLGB,19.46,13.27952546
477050500,9403,2021-03-28 23:26:31+08:00,CNXIA,2021-04-15 20:46:53+08:00,USLGB,14.5,17.88914352
477050500,9403,2021-05-15 16:57:02+08:00,CNYTN,2021-06-01 20:25:51+08:00,USLGB,15.63,17.14501157
477050500,9403,2021-07-03 17:48:07+08:00,CNYTN,2021-07-17 06:54:10+08:00,USLGB,19.76,13.54586806
477056400,10020,2020-02-03 05:26:54+08:00,CNNBO,2020-02-17 22:44:27+08:00,USLGB,17.61,14.72052083
477056400,10020,2020-07-22 12:41:01+08:00,CNNBO,2020-08-04 06:04:18+08:00,USLGB,19.03,12.72450231
477056400,10020,2020-10-14 07:22:38+08:00,CNNBO,2020-10-29 05:55:12+08:00,USLGB,16.1,14.93928241
477056400,10020,2021-01-13 02:44:16+08:00,CNNBO,2021-02-03 13:10:51+08:00,USLGB,11.62,21.43512731
477056400,10020,2021-05-06 16:15:08+08:00,CNNBO,2021-05-28 21:27:08+08:00,USLGB,10.94,22.21666667
477056400,10020,2021-07-22 12:59:33+08:00,CNNBO,2021-08-06 06:26:53+08:00,USLGB,16.35,14.72731481
477056400,10020,2021-09-06 13:28:30+08:00,CNNBO,2021-09-28 05:10:06+08:00,USLGB,11.3,21.65388889
477056400,10020,2022-07-13 06:13:44+08:00,CNNBO,2022-07-30 06:37:26+08:00,USLGB,14.25,17.01645833
477056400,10020,2022-08-24 00:09:41+08:00,CNNBO,2022-09-06 21:24:42+08:00,USLGB,17.3,13.88542824
477056400,10020,2022-10-02 18:46:29+08:00,CNNBO,2022-10-16 21:18:30+08:00,USLGB,17.06,14.10556713
477056400,10020,2022-11-07 13:05:02+08:00,CNNBO,2022-11-21 22:15:39+08:00,USLGB,16.89,14.38237269
477056400,10020,2022-12-28 19:51:14+08:00,CNYSN,2023-01-23 20:47:25+08:00,USLSA,9.87,26.0390162
477056400,10020,2023-03-23 06:16:06+08:00,CNYSN,2023-04-05 23:08:11+08:00,USLGB,17.63,13.70283565
477056400,10020,2023-05-19 00:08:44+08:00,CNYSN,2023-06-01 21:23:06+08:00,USLGB,17.29,13.88497685
477056400,10020,2023-07-06 11:55:12+08:00,CNYSN,2023-07-20 06:14:00+08:00,USLGB,17.43,13.76305556
477056400,10020,2023-08-23 22:41:23+08:00,CNYSN,2023-09-07 05:05:44+08:00,USLGB,17.03,14.26690972
477056400,10020,2023-10-18 21:13:09+08:00,CNYSN,2023-11-02 06:01:06+08:00,USLGB,16.82,14.36663194
477056400,10020,2024-01-25 04:24:15+08:00,CNYSN,2024-02-08 06:01:46+08:00,USLGB,17.14,14.06771991
477056400,10020,2024-03-13 21:47:31+08:00,CNYSN,2024-03-28 06:06:05+08:00,USLGB,16.97,14.34622685
477056400,10020,2024-05-08 22:20:17+08:00,CNYSN,2024-05-23 05:16:34+08:00,USLGB,16.89,14.28908565
477056400,10020,2024-06-27 22:45:28+08:00,CNYSN,2024-07-11 20:36:25+08:00,USLGB,17.3,13.91038194
477056400,10020,2024-08-16 22:38:37+08:00,CNYSN,2024-08-30 06:12:36+08:00,USLGB,18.09,13.3152662
477056400,10020,2024-10-06 05:47:09+08:00,CNYSN,2024-10-19 22:07:39+08:00,USLGB,17.63,13.68090278
477056400,10020,2024-11-21 09:46:42+08:00,CNNBO,2024-12-06 14:00:35+08:00,USLGB,17.09,15.17630787
477056400,10020,2025-01-12 15:00:34+08:00,CNNBO,2025-01-27 05:55:36+08:00,USLGB,17.14,14.62155093
477056400,10020,2025-03-05 14:14:52+08:00,CNNBO,2025-03-19 20:40:11+08:00,USLGB,17.58,14.26758102
477056400,10020,2025-05-02 01:06:10+08:00,CNNBO,2025-05-16 06:33:39+08:00,USLGB,17.16,14.22741898
477065200,13092,2021-08-27 00:22:21+08:00,CNNBO,2021-09-11 20:42:39+08:00,USLGB,15.36,15.84743056
477065200,13092,2021-10-22 07:55:57+08:00,CNNBO,2021-12-04 04:58:34+08:00,USLGB,6.06,42.87681713
477066700,10100,2024-07-30 19:26:57+08:00,CNYTN,2024-08-21 00:06:08+08:00,USLSA,12.75,21.19387731
477067800,8888,2020-01-16 02:21:29+08:00,CNWGQ,2020-01-30 07:53:34+08:00,USLGB,17.12,14.23061343
477067800,8888,2020-02-25 12:59:20+08:00,CNWGQ,2020-03-12 21:05:23+08:00,USLGB,14.73,16.33753472
477067800,8888,2020-04-07 22:53:18+08:00,CNWGQ,2020-04-22 07:57:52+08:00,USLGB,16.75,14.3781713
477067800,8888,2020-05-21 09:33:51+08:00,CNWGQ,2020-06-03 20:56:27+08:00,USLGB,17.83,13.47402778
477067800,8888,2020-07-01 08:15:12+08:00,CNWGQ,2020-07-17 21:11:56+08:00,USLGB,14.79,16.53939815
477067800,8888,2020-08-15 08:21:34+08:00,CNWGQ,2020-08-31 21:22:12+08:00,USLGB,14.55,16.54210648
477067800,8888,2020-09-24 03:02:35+08:00,CNWGQ,2020-10-08 21:21:13+08:00,USLGB,16.34,14.76293981
477067800,8888,2020-11-04 14:34:37+08:00,CNWGQ,2020-11-21 22:46:07+08:00,USLGB,16.32,17.34131944
477067800,8888,2020-12-16 00:34:01+08:00,CNWGQ,2021-01-06 09:44:50+08:00,USLGB,11.47,21.38251157
477067800,8888,2021-02-01 08:44:17+08:00,CNYSN,2021-02-16 21:49:35+08:00,USLGB,15.54,15.54534722
477067800,8888,2021-03-15 23:18:09+08:00,CNYSN,2021-03-30 21:03:26+08:00,USLGB,16.1,14.90644676
477067800,8888,2021-04-23 16:46:29+08:00,CNYSN,2021-05-09 21:01:14+08:00,USLGB,14.84,16.17690972
477067800,8888,2021-06-02 03:20:24+08:00,CNYSN,2021-06-17 21:36:52+08:00,USLGB,15.35,15.76143519
477067800,8888,2021-07-12 21:18:54+08:00,CNYSN,2021-07-27 20:50:47+08:00,USLGB,16.03,14.98047454
477067800,8888,2021-08-22 16:38:04+08:00,CNYSN,2021-09-08 05:45:04+08:00,USLGB,14.77,16.54652778
477067800,8888,2021-10-02 07:14:20+08:00,CNYSN,2021-10-20 21:35:12+08:00,USLGB,13.12,18.59782407
477067800,8888,2021-11-16 10:46:39+08:00,CNYSN,2021-12-01 07:50:26+08:00,USLGB,17.26,14.87762731
477067800,8888,2021-12-26 13:31:39+08:00,CNYSN,2022-01-20 22:04:09+08:00,USLGB,9.76,25.35590278
477067800,8888,2022-02-20 21:12:28+08:00,CNYSN,2022-03-05 23:16:52+08:00,USLGB,18.39,13.08638889
477067800,8888,2022-03-31 02:12:16+08:00,CNYSN,2022-04-18 21:07:59+08:00,USLGB,12.87,18.78869213
477067800,8888,2022-05-15 11:34:56+08:00,CNYSN,2022-05-28 06:57:53+08:00,USLGB,18.72,12.80760417
477067800,8888,2022-06-21 18:09:07+08:00,CNYSN,2022-07-10 21:52:12+08:00,USLGB,12.72,19.15491898
477067800,8888,2022-08-02 19:15:34+08:00,CNYSN,2022-08-18 22:05:03+08:00,USLGB,14.95,16.11769676
477067800,8888,2022-09-20 20:42:46+08:00,CNYSN,2022-10-09 20:27:24+08:00,USLGB,13.12,18.9893287
477067800,8888,2022-11-03 08:41:15+08:00,CNYSN,2022-11-19 07:54:39+08:00,USLGB,15.19,15.96763889
477067800,8888,2022-12-12 15:39:59+08:00,CNYSN,2022-12-28 07:21:26+08:00,USLGB,15.77,15.65378472
477067800,8888,2024-11-18 09:25:59+08:00,CNYTN,2024-12-05 06:56:31+08:00,USLGB,16.05,16.8962037
477067900,8888,2020-01-31 17:25:42+08:00,TWKAO,2020-02-16 22:17:27+08:00,USLGB,16.09,16.20260417
477067900,8888,2020-04-22 11:15:05+08:00,CNWGQ,2020-05-06 07:50:06+08:00,USLGB,17.63,13.85765046
477067900,8888,2020-06-02 21:10:38+08:00,CNWGQ,2020-06-17 07:50:27+08:00,USLGB,16.65,14.44431713
477067900,8888,2020-07-15 20:16:54+08:00,CNWGQ,2020-07-28 20:34:10+08:00,USLGB,18.47,13.01199074
477067900,8888,2020-08-26 15:34:19+08:00,CNWGQ,2020-09-09 21:02:47+08:00,USLGB,17.46,14.22810185
477067900,8888,2020-10-09 01:57:36+08:00,CNWGQ,2020-10-23 21:26:21+08:00,USLGB,16.28,14.81163194
477067900,8888,2020-11-18 00:17:35+08:00,CNWGQ,2020-12-05 21:57:37+08:00,USLGB,14.06,17.90280093
477067900,8888,2021-01-02 02:14:26+08:00,CNYSN,2021-01-17 08:26:39+08:00,USLGB,17.43,15.2584838
477067900,8888,2021-02-14 21:35:55+08:00,CNYSN,2021-02-28 21:51:31+08:00,USLGB,17.33,14.01083333
477067900,8888,2021-03-25 10:08:51+08:00,CNYSN,2021-04-10 20:50:14+08:00,USLGB,14.76,16.44540509
477067900,8888,2021-05-05 11:16:01+08:00,CNYSN,2021-05-21 20:53:01+08:00,USLGB,14.78,16.40069444
477067900,8888,2021-06-13 20:07:14+08:00,CNYSN,2021-06-30 22:00:29+08:00,USLGB,14.12,17.07864583
477067900,8888,2021-07-22 23:22:35+08:00,CNYSN,2021-08-07 21:17:27+08:00,USLGB,15.39,15.91310185
477067900,8888,2021-09-02 11:09:27+08:00,CNYSN,2021-09-17 21:12:54+08:00,USLGB,15.63,15.4190625
477067900,8888,2021-10-12 10:55:15+08:00,CNYSN,2021-10-29 20:45:19+08:00,USLGB,13.91,17.40976852
477067900,8888,2021-11-23 05:29:21+08:00,CNYSN,2021-12-17 06:54:19+08:00,USLGB,10.11,24.05900463
477067900,8888,2022-01-12 21:07:50+08:00,CNYSN,2022-01-27 07:48:32+08:00,USLGB,16.55,14.44493056
477067900,8888,2022-02-26 01:15:06+08:00,CNYSN,2022-03-15 06:49:07+08:00,USLGB,13.9,17.23195602
477067900,8888,2022-04-09 12:22:09+08:00,CNYSN,2022-04-26 21:05:50+08:00,USLGB,14.3,17.36366898
477067900,8888,2022-05-19 15:17:13+08:00,CNYSN,2022-06-05 20:22:09+08:00,USLGB,14.03,17.21175926
477067900,8888,2022-06-30 01:33:43+08:00,CNYSN,2022-07-17 00:47:37+08:00,USLGB,14.92,16.96798611
477067900,8888,2022-08-12 01:12:30+08:00,CNYSN,2022-08-26 06:38:35+08:00,USLGB,16.92,14.22644676
477067900,8888,2022-11-16 07:45:26+08:00,CNYSN,2022-11-30 21:48:44+08:00,USLGB,16.51,14.585625
477067900,8888,2022-12-28 06:54:21+08:00,CNYSN,2023-01-12 00:23:42+08:00,USLGB,16.49,14.72871528
477067900,8888,2024-05-12 13:32:32+08:00,CNYTN,2024-05-27 20:30:07+08:00,USLGB,17.48,15.28998843
477067900,8888,2025-03-11 02:23:55+08:00,CNYTN,2025-03-26 20:12:17+08:00,USLGB,17.3,15.7419213
477067900,8888,2025-04-22 22:20:24+08:00,CNYTN,2025-05-08 05:22:28+08:00,USLGB,17.53,15.29310185
477067900,8888,2025-06-01 22:28:39+08:00,CNYTN,2025-06-17 05:52:55+08:00,USLGB,17.5,15.30851852
477077800,4253,2021-11-29 10:53:02+08:00,CNYSN,2022-01-04 07:43:03+08:00,USLGB,7.35,35.86806713
477083800,4496,2022-01-08 05:25:37+08:00,CNXIA,2022-02-10 20:05:14+08:00,USLSA,9.22,33.61084491
477096300,14078,2020-06-08 15:03:40+08:00,CNYTN,2020-06-23 19:07:58+08:00,USLGB,17.8,15.16965278
477096300,14078,2020-10-12 20:50:05+08:00,CNYTN,2020-10-30 06:02:25+08:00,USLGB,17.44,17.38356481
477096300,14078,2021-03-04 15:34:42+08:00,CNYTN,2021-03-28 19:47:42+08:00,USLGB,11.49,24.17569444
477096300,14078,2021-09-05 12:25:46+08:00,CNYTN,2021-10-10 20:22:55+08:00,USLGB,7.93,35.33135417
477100300,14566,2021-08-03 22:42:20+08:00,CNNBO,2021-08-26 03:34:22+08:00,USLGB,10.93,22.20280093
477100300,14566,2021-09-29 08:11:07+08:00,CNNBO,2021-11-04 21:00:43+08:00,USLGB,6.81,36.53444444
477100300,14566,2021-12-17 17:01:19+08:00,CNYTN,2022-01-10 21:33:39+08:00,USLGB,11.49,24.18912037
477100300,14566,2022-02-12 17:21:28+08:00,CNYSN,2022-02-26 21:52:20+08:00,USLGB,16.99,14.18810185
477100300,14566,2022-03-27 19:00:27+08:00,CNYTN,2022-04-12 06:26:34+08:00,USLGB,17.34,15.47646991
477100300,14566,2022-05-18 16:45:28+08:00,CNYTN,2022-06-03 08:03:07+08:00,USLGB,17.21,15.63725694
477107200,10020,2020-06-16 02:35:55+08:00,CNNBO,2020-06-30 22:39:10+08:00,USLGB,16.77,14.83559028
477107200,10020,2020-07-28 13:02:13+08:00,CNNBO,2020-08-10 20:39:51+08:00,USLGB,18.47,13.31780093
477107200,10020,2020-09-09 18:27:56+08:00,CNNBO,2020-09-22 20:40:42+08:00,USLGB,18.33,13.09219907
477107200,10020,2020-10-20 20:06:31+08:00,CNNBO,2020-11-03 07:41:13+08:00,USLGB,17.92,13.48243056
477107200,10020,2020-12-05 15:32:05+08:00,CNYTN,2020-12-28 06:09:07+08:00,USLSA,12.12,22.60905093
477107200,10020,2021-01-23 00:15:19+08:00,CNNBO,2021-02-10 00:10:51+08:00,USLGB,13.6,17.99689815
477107200,10020,2021-05-12 12:36:36+08:00,CNNBO,2021-06-06 20:57:46+08:00,USLGB,9.58,25.34803241
477107200,10020,2021-08-01 01:40:07+08:00,CNNBO,2021-08-16 06:05:26+08:00,USLGB,16.01,15.18424769
477107200,10020,2021-09-16 21:47:58+08:00,CNNBO,2021-10-09 22:18:12+08:00,USLGB,11.08,23.02099537
477107200,10020,2022-03-17 17:04:19+08:00,CNNBO,2022-04-16 21:18:13+08:00,USLGB,9.02,30.17631944
477107200,10020,2022-05-16 06:05:13+08:00,CNNBO,2022-06-04 21:44:27+08:00,USLGB,12.27,19.65224537
477107200,10020,2022-07-01 15:57:37+08:00,CNNBO,2022-07-19 06:46:30+08:00,USLGB,13.94,17.61728009
477107200,10020,2023-01-21 16:09:04+08:00,CNYSN,2023-02-05 08:10:35+08:00,USLGB,17.62,14.66771991
477107200,10020,2023-03-15 14:42:14+08:00,CNYSN,2023-03-30 05:13:04+08:00,USLGB,16.8,14.60474537
477107200,10020,2023-05-04 06:19:32+08:00,CNYSN,2023-05-18 21:08:50+08:00,USLGB,16.64,14.61756944
477107200,10020,2023-06-21 14:26:43+08:00,CNYSN,2023-07-06 21:36:42+08:00,USLGB,15.73,15.29859954
477107200,10020,2023-08-17 02:16:21+08:00,CNYSN,2023-08-31 06:10:30+08:00,USLGB,17.04,14.16260417
477107200,10020,2023-10-04 22:16:53+08:00,CNYSN,2023-10-19 06:12:04+08:00,USLGB,16.99,14.32998843
477111800,2546,2021-11-05 08:57:22+08:00,CNQIN,2021-12-18 22:06:10+08:00,USLSA,11.39,43.54777778
477116400,16828,2025-03-10 22:54:40+08:00,CNYSN,2025-03-28 07:35:56+08:00,USLGB,14.22,17.36199074
477116400,16828,2025-05-04 08:30:04+08:00,TWKAO,2025-05-18 21:35:26+08:00,USLGB,17.76,14.54539352
477116400,16828,2025-06-22 17:00:26+08:00,TWKAO,2025-07-07 21:39:52+08:00,USLGB,17,15.19405093
477117400,10036,2020-03-24 13:16:00+08:00,CNNBO,2020-04-07 06:35:44+08:00,USLSA,17.54,13.72203704
477117400,10036,2020-05-17 10:15:28+08:00,CNYSN,2020-06-03 20:35:55+08:00,USLGB,14.66,17.43086806
477117400,10036,2020-07-04 13:50:12+08:00,CNYSN,2020-07-23 06:33:05+08:00,USLGB,13.84,18.69644676
477117400,10036,2020-08-24 12:48:58+08:00,CNYSN,2020-09-10 23:56:02+08:00,USLSA,15.93,17.46324074
477117400,10036,2020-10-10 14:44:05+08:00,CNYSN,2020-11-05 06:08:06+08:00,USLGB,10.37,25.64167824
477117400,10036,2020-12-04 09:44:50+08:00,CNNBO,2020-12-21 00:00:15+08:00,USLGB,14.74,16.59403935
477117400,10036,2021-01-23 11:20:56+08:00,CNYTN,2021-02-18 00:24:16+08:00,USLSA,10.43,25.54398148
477117400,10036,2021-03-20 18:17:57+08:00,CNYTN,2021-04-12 21:06:12+08:00,USLSA,11.81,23.11684028
477117400,10036,2021-05-11 01:16:54+08:00,CNYTN,2021-06-01 00:58:23+08:00,USLSA,12.81,20.9871412
477117400,10036,2021-10-08 23:56:41+08:00,CNYSN,2021-11-03 20:55:05+08:00,USLSA,10.72,25.87388889
477117400,10036,2022-05-12 07:36:19+08:00,CNNBO,2022-05-28 21:07:30+08:00,USLGB,14.51,16.56332176
477117900,10036,2020-05-24 09:50:24+08:00,CNYSN,2020-06-10 21:19:06+08:00,USLGB,14.63,17.47826389
477117900,10036,2020-07-12 18:14:31+08:00,CNYSN,2020-07-29 20:33:32+08:00,USLGB,14.92,17.09653935
477117900,10036,2020-08-30 12:21:11+08:00,CNYSN,2020-09-24 23:31:10+08:00,USLSA,10.42,25.4652662
477117900,10036,2020-10-24 20:09:59+08:00,CNYSN,2020-11-20 21:36:32+08:00,USLGB,10.46,27.06010417
477117900,10036,2020-12-20 00:31:08+08:00,CNQIN,2021-01-16 01:47:07+08:00,USLGB,11.22,27.0527662
477117900,10036,2021-02-14 15:53:24+08:00,CNYSN,2021-03-05 23:30:05+08:00,USLSA,12.85,19.3171412
477117900,10036,2021-04-12 23:08:53+08:00,CNYSN,2021-04-28 22:39:43+08:00,USLSA,14.98,15.97974537
477117900,10036,2021-06-04 08:29:36+08:00,CNYSN,2021-06-27 10:54:19+08:00,USLSA,11.05,23.10049769
477117900,10036,2021-07-28 01:01:26+08:00,CNYSN,2021-08-16 04:58:36+08:00,USLSA,13.41,19.16469907
477117900,10036,2021-09-20 09:11:26+08:00,CNYSN,2021-10-25 06:05:05+08:00,USLGB,7.61,34.87059028
477117900,10036,2021-11-27 02:23:46+08:00,CNYSN,2022-01-15 01:46:20+08:00,USLSA,6.52,48.97400463
477117900,10036,2022-02-17 10:11:30+08:00,CNYSN,2022-03-05 21:27:17+08:00,USLGB,14.99,16.46929398
477117900,10036,2022-04-03 08:50:44+08:00,CNYSN,2022-04-23 21:35:41+08:00,USLGB,11.86,20.53121528
477117900,10036,2022-05-24 00:45:50+08:00,CNYSN,2022-06-10 06:34:35+08:00,USLGB,14,17.2421875
477117900,10036,2022-07-09 02:04:06+08:00,CNYSN,2022-07-27 04:18:30+08:00,USLGB,14.14,18.09333333
477117900,10036,2023-12-30 19:27:30+08:00,CNYSN,2024-01-14 05:20:38+08:00,USLGB,17.44,14.41189815
477117900,10036,2024-02-17 12:08:48+08:00,CNYSN,2024-03-02 22:14:34+08:00,USLGB,16.57,14.4206713
477117900,10036,2024-05-04 03:13:23+08:00,CNYSN,2024-05-18 06:14:56+08:00,USLGB,17.05,14.12607639
477117900,10036,2024-06-23 19:45:28+08:00,CNYSN,2024-07-07 21:20:40+08:00,USLGB,16.99,14.06611111
477117900,10036,2024-08-08 14:46:16+08:00,CNYSN,2024-08-22 21:42:28+08:00,USLGB,17.05,14.28902778
477117900,10036,2024-09-28 04:50:29+08:00,CNYSN,2024-10-11 06:00:09+08:00,USLGB,18.59,13.04837963
477117900,10036,2024-11-13 19:46:00+08:00,CNYSN,2024-11-28 05:47:20+08:00,USLGB,16.68,14.41759259
477117900,10036,2025-01-05 16:21:44+08:00,CNYSN,2025-01-19 22:48:44+08:00,USLGB,17,14.26875
477117900,10036,2025-02-28 15:31:46+08:00,CNYSN,2025-03-14 20:11:08+08:00,USLGB,17.22,14.19400463
477117900,10036,2025-04-23 01:41:57+08:00,CNYSN,2025-05-07 05:25:40+08:00,USLGB,16.99,14.1553588
477117900,10036,2025-06-12 16:20:04+08:00,CNYSN,2025-06-26 22:03:38+08:00,USLGB,16.85,14.23858796
477124900,11078,2025-04-24 10:46:37+08:00,CNYTN,2025-05-11 21:11:23+08:00,USLSA,16.08,17.43386574
477124900,11078,2025-06-20 18:35:26+08:00,CNYTN,2025-07-06 21:25:57+08:00,USLSA,16.65,16.11841435
477127900,10100,2025-04-01 03:36:38+08:00,TWTAP,2025-04-18 07:41:44+08:00,USLSA,14.59,17.17020833
477127900,10100,2025-06-03 12:42:29+08:00,TWTAP,2025-06-17 21:24:10+08:00,USLSA,17.38,14.36228009
477128700,16828,2025-04-10 15:00:12+08:00,CNYSN,2025-04-25 05:51:29+08:00,USLGB,16.48,14.61894676
477128700,16828,2025-06-01 05:18:58+08:00,TWKAO,2025-06-15 05:57:14+08:00,USLGB,18.3,14.02657407
477133700,4843,2020-12-19 02:55:03+08:00,CNWGQ,2021-01-13 12:31:26+08:00,USLGB,9.54,25.4002662
477133700,4843,2021-03-21 18:32:54+08:00,CNYTN,2021-04-10 10:08:17+08:00,USLGB,13.73,19.64957176
477133700,4843,2021-05-05 06:59:49+08:00,TWKAO,2021-05-27 06:55:30+08:00,USLGB,11.99,21.99700231
477133700,4843,2021-06-17 23:20:01+08:00,CNSHE,2021-07-22 20:15:35+08:00,USLGB,7.77,34.8719213
477133700,4843,2021-08-17 00:25:55+08:00,CNSHE,2021-09-19 06:51:57+08:00,USLGB,8.2,33.2680787
477133700,4843,2021-10-15 22:39:21+08:00,CNMWN,2021-12-11 06:25:39+08:00,USLSA,12.76,56.32381944
477136800,10020,2020-04-05 12:08:57+08:00,CNYTN,2020-04-20 20:30:00+08:00,USLGB,17.98,15.34795139
477136800,10020,2020-06-30 17:15:04+08:00,CNNBO,2020-07-13 22:58:38+08:00,USLGB,18.55,13.23858796
477136800,10020,2020-08-13 20:18:45+08:00,CNNBO,2020-08-26 06:11:30+08:00,USLGB,19.88,12.41163194
477136800,10020,2020-09-24 05:04:37+08:00,CNNBO,2020-10-06 20:53:53+08:00,USLGB,19.43,12.65921296
477136800,10020,2020-12-17 13:29:13+08:00,CNNBO,2020-12-31 07:03:05+08:00,USLGB,18.77,13.73185185
477136800,10020,2021-03-24 04:27:36+08:00,CNNBO,2021-04-19 21:28:17+08:00,USLGB,9.06,26.70880787
477136800,10020,2021-06-04 22:43:39+08:00,CNNBO,2021-06-18 05:00:23+08:00,USLGB,18.3,13.26162037
477136800,10020,2021-07-14 14:58:39+08:00,CNNBO,2021-07-27 20:28:59+08:00,USLGB,19.42,13.22939815
477136800,10020,2021-08-31 09:58:20+08:00,CNNBO,2021-09-16 04:50:29+08:00,USLGB,15.43,15.78621528
477136800,10020,2021-10-10 22:06:11+08:00,CNNBO,2021-11-18 22:29:13+08:00,USLGB,6.82,39.01599537
477136800,10020,2022-05-21 20:05:19+08:00,CNQIN,2022-06-16 20:52:33+08:00,USLSA,10.46,26.03280093
477136800,10020,2022-07-20 07:13:34+08:00,CNYSN,2022-08-06 21:06:45+08:00,USLGB,13.67,17.57859954
477136800,10020,2022-09-18 07:26:35+08:00,CNNBO,2022-10-02 21:13:27+08:00,USLGB,17.4,14.57421296
477136800,10020,2022-10-28 11:40:15+08:00,CNNBO,2022-11-11 06:26:34+08:00,USLGB,17.88,13.78216435
477136800,10020,2022-12-11 02:59:59+08:00,CNYSN,2023-01-04 00:27:04+08:00,USLGB,11.17,23.89380787
477136800,10020,2023-02-23 05:50:02+08:00,CNYSN,2023-03-09 07:02:11+08:00,USLGB,17.27,14.05010417
477136800,10020,2023-04-12 17:07:56+08:00,CNYSN,2023-04-27 06:36:10+08:00,USLGB,16.87,14.56127315
477136800,10020,2023-06-01 16:50:19+08:00,CNYSN,2023-06-15 21:12:41+08:00,USLGB,17.01,14.18219907
477136800,10020,2023-07-26 18:34:44+08:00,CNYSN,2023-08-09 22:13:02+08:00,USLGB,17.06,14.15159722
477136800,10020,2023-10-26 11:20:05+08:00,CNYSN,2023-11-09 07:05:56+08:00,USLGB,18.17,13.82350694
477136800,10020,2023-12-13 19:41:47+08:00,CNYSN,2023-12-28 06:57:40+08:00,USLGB,17.58,14.46936343
477136800,10020,2024-02-06 21:57:02+08:00,CNYSN,2024-02-21 06:54:53+08:00,USLGB,16.75,14.37350694
477136800,10020,2024-03-21 11:23:20+08:00,CNYSN,2024-04-04 08:25:49+08:00,USLGB,17.35,13.87672454
477136800,10020,2024-05-16 13:20:33+08:00,CNYSN,2024-05-30 20:10:24+08:00,USLGB,16.85,14.28461806
477136800,10020,2024-07-04 05:56:58+08:00,CNYSN,2024-07-18 06:06:42+08:00,USLGB,17.18,14.00675926
477136800,10020,2024-08-23 17:17:45+08:00,CNYSN,2024-09-06 05:51:23+08:00,USLGB,17.77,13.52335648
477136800,10020,2024-10-11 11:15:36+08:00,CNYSN,2024-10-25 05:31:57+08:00,USLGB,17.47,13.76135417
477136800,10020,2024-12-02 00:50:18+08:00,CNYSN,2024-12-16 06:07:42+08:00,USLGB,17.63,14.22041667
477136800,10020,2025-01-12 04:47:23+08:00,CNYSN,2025-01-27 00:32:41+08:00,USLGB,17.02,14.823125
477136800,10020,2025-03-07 23:51:48+08:00,CNYSN,2025-03-21 21:07:25+08:00,USLGB,17.32,13.88584491
477136800,10020,2025-05-21 18:44:23+08:00,CNNBO,2025-06-05 06:12:54+08:00,USLGB,17.36,14.47813657
477139200,1730,2021-09-04 02:43:23+08:00,CNWGQ,2021-10-05 21:13:38+08:00,USLSA,7.99,31.77100694
477139800,1946,2021-09-04 22:08:27+08:00,CNWGQ,2021-11-01 21:57:11+08:00,USLSA,4.38,57.99217593
477139900,14566,2021-04-23 06:35:00+08:00,CNYTN,2021-05-10 05:58:55+08:00,USLSA,15.74,16.97494213
477148700,14566,2022-02-24 20:59:53+08:00,CNYSN,2022-03-16 20:02:10+08:00,USLGB,12.55,19.95991898
477148700,14566,2022-04-16 18:57:27+08:00,CNYTN,2022-05-03 21:30:17+08:00,USLGB,15.69,17.10613426
477148700,14566,2022-06-07 14:25:14+08:00,HKHKG,2022-06-22 22:27:06+08:00,USLGB,17.69,15.33462963
477148700,14566,2022-07-29 07:12:10+08:00,HKHKG,2022-08-13 06:20:29+08:00,USLGB,17.98,14.9641088
477148700,14566,2023-02-24 02:00:05+08:00,TWKAO,2023-03-10 21:01:36+08:00,USLGB,17.98,14.79271991
477148700,14566,2023-04-14 16:22:15+08:00,TWKAO,2023-04-28 22:06:04+08:00,USLGB,18.25,14.23876157
477148700,14566,2023-06-02 11:34:12+08:00,TWKAO,2023-06-16 22:49:43+08:00,USLGB,17.87,14.4691088
477148700,14566,2023-07-24 01:18:03+08:00,TWKAO,2023-08-07 05:20:08+08:00,USLGB,18.25,14.16811343
477148700,14566,2023-09-17 06:22:27+08:00,TWKAO,2023-10-01 06:00:46+08:00,USLGB,18.51,13.98494213
477148700,14566,2023-11-10 17:37:23+08:00,TWKAO,2023-11-26 08:05:04+08:00,USLGB,17.02,15.60255787
477148700,14566,2023-12-30 07:59:22+08:00,TWKAO,2024-01-14 21:40:28+08:00,USLGB,17.67,15.57020833
477148700,14566,2024-02-17 19:49:46+08:00,TWKAO,2024-03-03 07:11:15+08:00,USLGB,17.96,14.47325231
477148700,14566,2024-04-13 10:31:06+08:00,TWKAO,2024-04-27 06:01:36+08:00,USLGB,18.85,13.81284722
477148700,14566,2024-06-01 05:57:22+08:00,TWKAO,2024-06-16 20:05:14+08:00,USLGB,16.58,15.5887963
477148700,14566,2024-07-17 08:44:56+08:00,CNYSN,2024-08-01 06:12:35+08:00,USLGB,16.37,14.89420139
477148700,14566,2024-08-29 11:17:27+08:00,CNYSN,2024-09-13 18:00:55+08:00,USLGB,15.99,15.28018519
477148700,14566,2024-10-12 07:01:00+08:00,CNYSN,2024-10-27 04:00:09+08:00,USLGB,16.36,14.87440972
477148700,14566,2024-11-25 17:52:55+08:00,CNYSN,2024-12-11 21:07:22+08:00,USLGB,15.26,16.13503472
477148700,14566,2025-01-10 10:47:09+08:00,CNYSN,2025-01-26 06:46:21+08:00,USLGB,15.5,15.83277778
477148700,14566,2025-02-25 01:12:57+08:00,CNYSN,2025-03-13 06:41:42+08:00,USLGB,15.97,16.22829861
477154200,11923,2020-01-29 00:18:08+08:00,CNYTN,2020-02-12 23:25:43+08:00,USLGB,18.42,14.96359954
477157700,10100,2024-06-15 18:19:53+08:00,CNYTN,2024-07-02 19:51:39+08:00,USLSA,15.73,17.06372685
477157700,10100,2024-08-04 03:39:51+08:00,CNYTN,2024-08-18 10:47:51+08:00,USLSA,18.75,14.29722222
477157700,10100,2025-03-30 16:54:05+08:00,CNYSN,2025-05-25 21:56:34+08:00,USLSA,12.04,56.21005787
477159100,10100,2023-08-08 12:33:56+08:00,CNYTN,2023-08-23 22:25:08+08:00,USLSA,17.43,15.41055556
477159100,10100,2023-09-24 10:29:41+08:00,CNYTN,2023-10-09 20:00:03+08:00,USLSA,17.87,15.39608796
477159100,10100,2023-11-12 02:21:26+08:00,CNYTN,2023-11-26 21:20:19+08:00,USLSA,18.61,14.7908912
477159100,10100,2023-12-31 01:27:14+08:00,CNYTN,2024-01-15 18:50:48+08:00,USLSA,18.41,15.72469907
477159100,10100,2024-02-20 07:27:07+08:00,CNYTN,2024-03-05 20:19:01+08:00,USLSA,18.64,14.53604167
477159100,10100,2024-04-08 11:24:12+08:00,CNYTN,2024-04-22 19:48:41+08:00,USLSA,18.89,14.35033565
477159100,10100,2024-06-03 06:41:39+08:00,CNYTN,2024-06-18 20:04:06+08:00,USLSA,17.21,15.55725694
477159700,11923,2020-02-09 07:02:11+08:00,CNYTN,2020-02-24 06:48:02+08:00,USLGB,19,14.99017361
477166300,10100,2020-05-30 15:16:04+08:00,CNYTN,2020-06-14 06:37:30+08:00,USLSA,18.33,14.63988426
477166300,10100,2020-10-08 03:26:32+08:00,CNYTN,2020-10-24 11:04:35+08:00,USLSA,17.27,16.31809028
477166300,10100,2021-02-20 23:21:52+08:00,CNYTN,2021-03-21 12:05:54+08:00,USLSA,9.37,28.5305787
477166300,10100,2023-04-08 21:06:20+08:00,CNSHE,2023-04-22 18:25:00+08:00,USLSA,19.41,13.88796296
477166300,10100,2024-01-15 13:06:58+08:00,CNYTN,2024-01-30 07:10:06+08:00,USLSA,18.25,14.75217593
477166600,14566,2020-05-21 17:35:45+08:00,TWKAO,2020-06-04 07:07:13+08:00,USLGB,19.12,13.56351852
477166600,14566,2020-07-11 11:03:41+08:00,TWKAO,2020-07-24 20:17:32+08:00,USLGB,19.22,13.38461806
477166600,14566,2020-08-30 20:57:45+08:00,TWKAO,2020-09-14 06:12:11+08:00,USLGB,20.84,14.38502315
477166600,14566,2020-10-19 04:28:36+08:00,TWKAO,2020-11-05 00:34:25+08:00,USLGB,15.51,16.83737269
477166600,14566,2020-12-07 11:58:12+08:00,TWKAO,2020-12-21 06:05:31+08:00,USLGB,19.47,13.75508102
477166600,14566,2021-01-27 02:47:50+08:00,TWKAO,2021-02-10 22:11:39+08:00,USLGB,18.02,14.80820602
477166600,14566,2021-03-16 21:22:58+08:00,TWKAO,2021-04-01 10:50:54+08:00,USLGB,16.76,15.56106481
477166600,14566,2021-05-09 07:09:56+08:00,TWKAO,2021-05-22 20:47:59+08:00,USLGB,19.03,13.56809028
477166600,14566,2021-07-07 16:41:35+08:00,TWKAO,2021-07-21 20:51:17+08:00,USLGB,18.09,14.17340278
477166600,14566,2021-09-08 20:36:19+08:00,TWKAO,2021-09-22 05:54:34+08:00,USLGB,19.57,13.38767361
477166600,14566,2021-10-29 03:37:37+08:00,HKHKG,2021-11-13 07:24:50+08:00,USLGB,18.04,15.15778935
477166600,14566,2021-12-17 00:28:59+08:00,CNYTN,2022-01-04 23:24:11+08:00,USLGB,15.21,18.955
477166600,14566,2022-02-15 05:31:53+08:00,CNYTN,2022-03-02 22:25:01+08:00,USLGB,17.99,15.70356481
477166600,14566,2022-04-08 06:54:54+08:00,CNYTN,2022-04-23 12:14:06+08:00,USLGB,17.93,15.22166667
477166600,14566,2022-05-29 14:37:29+08:00,CNYTN,2022-06-14 07:58:56+08:00,USLGB,17.09,15.72322917
477166600,14566,2022-07-27 08:43:08+08:00,TWKAO,2022-08-10 21:12:46+08:00,USLGB,17.7,14.5205787
477166600,14566,2022-09-13 21:34:05+08:00,TWKAO,2022-09-28 05:58:37+08:00,USLGB,18.08,14.35037037
477166600,14566,2022-10-30 06:53:01+08:00,TWKAO,2022-11-14 06:53:28+08:00,USLGB,17.54,15.0003125
477166600,14566,2023-01-01 07:07:31+08:00,TWKAO,2023-01-18 19:33:15+08:00,USLGB,16.08,17.51787037
477166600,14566,2023-06-23 08:38:08+08:00,TWKAO,2023-07-07 19:05:58+08:00,USLGB,17.94,14.43599537
477166600,14566,2023-08-14 04:49:32+08:00,TWKAO,2023-08-29 05:12:39+08:00,USLGB,17.15,15.01605324
477166600,14566,2023-09-29 10:07:41+08:00,TWKAO,2023-10-14 09:35:08+08:00,USLGB,17.29,14.97739583
477166600,14566,2023-11-24 06:46:02+08:00,TWKAO,2023-12-09 07:43:39+08:00,USLGB,17.7,15.04001157
477166600,14566,2024-01-12 16:10:29+08:00,TWKAO,2024-01-28 20:05:15+08:00,USLGB,16,16.16303241
477166600,14566,2024-03-08 12:32:43+08:00,TWKAO,2024-03-23 21:11:42+08:00,USLGB,17.45,15.36040509
477166600,14566,2024-04-27 05:43:51+08:00,TWKAO,2024-05-11 20:26:51+08:00,USLGB,17.74,14.61319444
477166600,14566,2024-06-14 10:18:53+08:00,TWKAO,2024-06-29 07:24:25+08:00,USLGB,17.34,14.87884259
477166600,14566,2024-08-03 03:48:17+08:00,TWKAO,2024-08-17 23:53:39+08:00,USLGB,17.41,14.83706019
477166600,14566,2024-09-21 05:31:07+08:00,TWKAO,2024-10-05 22:09:57+08:00,USLGB,17.57,14.69363426
477166600,14566,2024-11-08 23:50:02+08:00,TWKAO,2024-11-24 06:06:09+08:00,USLGB,17.16,15.26119213
477166600,14566,2024-12-28 07:24:42+08:00,TWKAO,2025-01-13 08:22:11+08:00,USLGB,17.57,16.03991898
477166600,14566,2025-02-22 02:04:42+08:00,TWKAO,2025-03-08 22:01:54+08:00,USLGB,17.42,14.83138889
477166600,14566,2025-04-11 13:42:24+08:00,TWKAO,2025-04-26 04:58:37+08:00,USLGB,17.71,14.63626157
477166600,14566,2025-06-07 16:38:44+08:00,TWKAO,2025-06-22 10:39:27+08:00,USLGB,17.41,14.75049769
477166700,10100,2023-07-02 23:51:54+08:00,CNSHE,2023-07-17 04:56:43+08:00,USLSA,18.97,14.21167824
477166700,10100,2024-07-28 04:50:08+08:00,CNYTN,2024-08-12 21:12:42+08:00,USLSA,17.3,15.68233796
477168400,13800,2023-02-11 03:12:56+08:00,TWKAO,2023-02-25 06:49:28+08:00,USLGB,18.48,14.15037037
477168400,13800,2023-04-27 11:20:43+08:00,TWKAO,2023-05-11 22:03:37+08:00,USLGB,17.89,14.44645833
477168400,13800,2023-06-16 08:24:35+08:00,TWKAO,2023-06-30 22:09:00+08:00,USLGB,17.76,14.57251157
477168400,13800,2023-08-04 17:23:47+08:00,TWKAO,2023-08-18 04:50:46+08:00,USLGB,19.17,13.47707176
477168400,13800,2023-09-22 10:01:33+08:00,TWKAO,2023-10-06 21:15:42+08:00,USLGB,17.88,14.46815972
477168400,13800,2023-11-17 05:17:08+08:00,TWKAO,2023-12-01 07:45:07+08:00,USLGB,18.69,14.1027662
477168400,13800,2024-01-05 10:37:29+08:00,TWKAO,2024-01-20 07:10:37+08:00,USLGB,18.47,14.85634259
477168400,13800,2024-03-01 18:37:58+08:00,TWKAO,2024-03-16 12:14:27+08:00,USLGB,18.05,14.73366898
477168400,13800,2025-05-03 10:40:09+08:00,CNYSN,2025-05-17 21:07:21+08:00,USLGB,16.76,14.43555556
477174600,4496,2022-12-06 15:48:19+08:00,CNYSN,2022-12-27 03:28:16+08:00,USLSA,13.04,20.48607639
477174600,4496,2023-02-01 18:20:38+08:00,CNYSN,2023-02-18 20:57:30+08:00,USLSA,14.29,17.10893519
477174600,4496,2023-03-29 23:04:31+08:00,CNNBO,2023-04-17 21:18:14+08:00,USLSA,14.05,18.92619213
477174600,4496,2023-05-21 19:35:20+08:00,CNYSN,2023-06-19 18:40:27+08:00,USLGB,9.14,28.96188657
477174600,4496,2023-07-17 04:45:09+08:00,CNYSN,2023-08-04 18:45:07+08:00,USLSA,14.24,18.58331019
477174600,4496,2023-09-16 00:02:35+08:00,CNYSN,2023-10-05 07:00:06+08:00,USLSA,13.73,19.28994213
477174600,4496,2023-11-10 14:30:54+08:00,CNYSN,2023-12-01 22:20:35+08:00,USLGB,12.5,21.32616898
477174600,4496,2024-01-05 20:18:45+08:00,CNYSN,2024-01-26 22:15:23+08:00,USLGB,12.58,21.08099537
477174900,4496,2023-06-13 05:46:37+08:00,CNYSN,2023-07-03 22:15:40+08:00,USLSA,12.97,20.68684028
477174900,4496,2023-08-01 15:08:31+08:00,CNYSN,2023-08-21 21:00:23+08:00,USLSA,13.16,20.24435185
477174900,4496,2023-09-25 08:46:49+08:00,CNYSN,2023-10-13 20:45:08+08:00,USLGB,14.38,18.49883102
477174900,4496,2023-11-24 14:51:31+08:00,CNYSN,2023-12-17 21:40:04+08:00,USLGB,11.8,23.28371528
477182200,13208,2023-02-13 20:44:12+08:00,CNYSN,2023-02-28 20:43:37+08:00,USLGB,16.15,14.99959491
477182200,13208,2023-03-29 17:35:35+08:00,CNYSN,2023-04-14 23:26:07+08:00,USLGB,14.91,16.24342593
477182200,13208,2023-05-11 04:16:58+08:00,CNYSN,2023-05-28 05:45:21+08:00,USLGB,14.15,17.06137731
477182200,13208,2023-06-22 17:58:33+08:00,CNYSN,2023-07-07 20:21:39+08:00,USLGB,15.92,15.099375
477182200,13208,2023-08-02 07:14:42+08:00,CNYSN,2023-08-18 20:13:12+08:00,USLGB,14.54,16.540625
477182200,13208,2023-09-13 01:17:08+08:00,CNYSN,2023-09-30 21:15:04+08:00,USLGB,13.54,17.83189815
477182200,13208,2023-10-25 22:15:10+08:00,CNYSN,2023-11-11 06:21:06+08:00,USLGB,14.83,16.3374537
477182200,13208,2023-12-12 00:29:33+08:00,CNYSN,2023-12-27 23:50:45+08:00,USLGB,16.2,15.97305556
477182200,13208,2024-01-22 20:21:27+08:00,CNYSN,2024-02-07 07:40:10+08:00,USLGB,15.97,15.47133102
477182200,13208,2024-03-12 05:04:45+08:00,CNYSN,2024-03-27 18:26:39+08:00,USLGB,15.74,15.556875
477182200,13208,2024-05-11 19:08:14+08:00,TWKAO,2024-05-26 05:58:58+08:00,USLGB,17.76,14.45189815
477182200,13208,2024-06-21 12:07:38+08:00,CNYSN,2024-07-07 06:29:17+08:00,USLGB,15.38,15.76503472
477182200,13208,2024-08-04 00:25:08+08:00,CNYSN,2024-08-18 20:40:44+08:00,USLGB,16.27,14.84416667
477182200,13208,2024-09-12 09:43:22+08:00,CNYSN,2024-09-30 06:02:21+08:00,USLGB,14.21,17.8465162
477182200,13208,2024-11-03 07:14:13+08:00,TWKAO,2024-11-18 20:09:26+08:00,USLGB,17.2,15.53834491
477182200,13208,2024-12-21 03:51:59+08:00,TWKAO,2025-01-05 20:51:13+08:00,USLGB,17.16,15.70780093
477182200,13208,2025-02-10 00:14:07+08:00,TWKAO,2025-02-25 21:26:21+08:00,USLGB,16.99,15.88349537
477182200,13208,2025-04-04 18:33:22+08:00,TWKAO,2025-04-21 20:27:25+08:00,USLGB,15.17,17.07920139
477182200,13208,2025-05-30 06:40:26+08:00,CNYSN,2025-06-14 05:45:35+08:00,USLGB,16.15,14.96190972
477182300,13208,2023-08-22 19:17:43+08:00,CNYSN,2023-09-08 21:55:17+08:00,USLGB,14.1,17.1094213
477182300,13208,2023-10-04 15:38:23+08:00,CNYSN,2023-10-21 05:11:25+08:00,USLGB,14.98,16.56460648
477182300,13208,2023-11-14 03:57:11+08:00,CNYSN,2023-11-30 21:28:51+08:00,USLGB,16.21,16.73032407
477182300,13208,2024-01-05 06:42:59+08:00,CNYSN,2024-01-21 21:25:40+08:00,USLGB,15.05,16.61297454
477182300,13208,2024-02-15 08:12:20+08:00,CNYSN,2024-03-05 22:28:51+08:00,USLGB,12.93,19.59480324
477182300,13208,2025-07-03 06:09:15+08:00,CNYSN,2025-07-17 20:01:21+08:00,USLGB,16.61,14.57784722
477182400,8888,2020-01-02 16:25:38+08:00,TWKAO,2020-01-18 22:30:05+08:00,USLGB,16.01,16.25309028
477182400,8888,2020-03-26 07:08:18+08:00,TWKAO,2020-04-10 07:58:38+08:00,USLGB,17.21,15.0349537
477183900,13800,2023-06-30 09:52:47+08:00,TWKAO,2023-07-14 06:51:47+08:00,USLGB,18.64,13.87430556
477183900,13800,2023-08-18 17:16:37+08:00,TWKAO,2023-09-01 21:25:12+08:00,USLGB,18.23,14.17262731
477183900,13800,2023-10-08 21:50:45+08:00,TWKAO,2023-10-24 21:09:47+08:00,USLGB,16.25,15.97155093
477183900,13800,2023-12-01 02:56:14+08:00,TWKAO,2023-12-15 07:32:52+08:00,USLGB,18.2,14.19210648
477189300,10020,2020-01-08 11:04:52+08:00,CNNBO,2020-01-21 21:33:22+08:00,USLGB,18.59,13.43645833
477189300,10020,2020-05-12 05:37:48+08:00,CNNBO,2020-05-25 20:24:06+08:00,USLGB,17.98,13.61548611
477189300,10020,2020-08-06 15:38:15+08:00,CNNBO,2020-08-19 21:36:35+08:00,USLGB,18.7,13.24884259
477189300,10020,2020-10-27 15:20:29+08:00,CNNBO,2020-11-10 00:03:46+08:00,USLGB,18.48,13.3633912
477189300,10020,2021-01-27 07:15:34+08:00,CNNBO,2021-02-19 10:56:04+08:00,USLGB,11.16,23.153125
477189300,10020,2021-04-07 13:52:28+08:00,CNQIN,2021-04-23 20:53:54+08:00,USLSA,14.8,16.29266204
477189300,10020,2021-05-22 16:47:01+08:00,CNYTN,2021-06-10 21:14:35+08:00,USLGB,13.96,19.18581019
477189300,10020,2021-07-09 13:58:10+08:00,CNYTN,2021-07-24 06:01:12+08:00,USLSA,18.25,14.66877315
477189300,10020,2021-08-31 22:55:46+08:00,CNYTN,2021-09-24 04:49:13+08:00,USLSA,11.76,23.24545139
477189300,10020,2021-10-31 12:15:18+08:00,CNYTN,2021-12-14 14:08:04+08:00,USLSA,6.46,44.07831019
477189300,10020,2022-03-12 20:51:57+08:00,CNNBO,2022-04-03 21:10:55+08:00,USLGB,11.4,22.0131713
477189300,10020,2022-04-29 00:13:09+08:00,CNNBO,2022-05-23 06:36:28+08:00,USLGB,10.35,24.26619213
477189300,10020,2022-10-18 09:21:05+08:00,CNNBO,2022-10-31 20:34:19+08:00,USLGB,17.98,13.46752315
477189300,10020,2022-11-29 12:26:35+08:00,CNNBO,2022-12-13 07:10:29+08:00,USLGB,17.79,13.78048611
477189300,10020,2023-01-28 08:14:01+08:00,CNYSN,2023-02-11 06:50:05+08:00,USLGB,17.3,13.94171296
477189300,10020,2023-03-29 11:54:37+08:00,CNYSN,2023-04-12 21:31:48+08:00,USLGB,16.84,14.40082176
477189300,10020,2023-05-24 13:00:32+08:00,CNYSN,2023-06-08 22:09:54+08:00,USLGB,15.68,15.38150463
477189300,10020,2023-07-14 01:43:32+08:00,CNYSN,2023-07-27 20:10:08+08:00,USLGB,17.39,13.76847222
477189300,10020,2023-08-31 21:39:59+08:00,CNYSN,2023-09-14 06:05:08+08:00,USLGB,17.96,13.35079861
477189300,10020,2023-11-29 20:13:44+08:00,CNYSN,2023-12-14 07:11:52+08:00,USLGB,16.57,14.45703704
477189300,10020,2024-01-18 02:35:11+08:00,CNYSN,2024-02-01 09:26:23+08:00,USLGB,16.84,14.28555556
477189300,10020,2024-03-06 22:47:22+08:00,CNYSN,2024-03-21 06:13:18+08:00,USLGB,16.73,14.30967593
477189300,10020,2024-04-25 23:03:58+08:00,CNYSN,2024-05-10 06:38:41+08:00,USLGB,16.81,14.31577546
477189300,10020,2024-06-14 13:25:55+08:00,CNYSN,2024-06-28 06:07:36+08:00,USLGB,17.5,13.69561343
477189300,10020,2024-08-01 13:39:54+08:00,CNYSN,2024-08-15 06:27:14+08:00,USLGB,17.49,13.69953704
477189300,10020,2024-09-20 21:34:16+08:00,CNYSN,2024-10-04 21:20:27+08:00,USLGB,17.12,13.99040509
477189300,10020,2024-11-07 05:58:33+08:00,CNYSN,2024-11-22 06:57:53+08:00,USLGB,16.09,15.0412037
477189300,10020,2024-12-30 02:37:26+08:00,CNYTN,2025-01-14 21:28:39+08:00,USLGB,17.09,15.78556713
477189300,10020,2025-02-16 17:23:55+08:00,CNYTN,2025-03-04 05:51:27+08:00,USLGB,17.39,15.51912037
477189300,10020,2025-04-08 22:38:59+08:00,CNNBO,2025-04-23 22:54:37+08:00,USLGB,16.1,15.01085648
477189300,10020,2025-06-04 22:23:34+08:00,CNNBO,2025-06-19 05:56:38+08:00,USLGB,16.89,14.31462963
477194600,14566,2020-06-13 18:06:01+08:00,TWKAO,2020-06-27 06:00:12+08:00,USLGB,19,13.49596065
477194600,14566,2020-08-01 08:01:44+08:00,TWKAO,2020-08-14 20:41:29+08:00,USLGB,19.19,13.52760417
477194600,14566,2020-09-19 16:10:07+08:00,TWKAO,2020-10-04 07:52:51+08:00,USLGB,17.52,14.65467593
477194600,14566,2020-11-09 19:04:19+08:00,CNXIA,2020-11-25 11:48:54+08:00,USLGB,16.75,15.69762731
477194600,14566,2021-01-02 02:14:06+08:00,TWKAO,2021-01-17 06:57:33+08:00,USLGB,17.68,15.19684028
477194600,14566,2021-02-24 02:15:52+08:00,TWKAO,2021-03-10 21:09:39+08:00,USLGB,18.02,14.78734954
477194600,14566,2021-04-15 17:52:59+08:00,TWKAO,2021-04-29 23:30:36+08:00,USLGB,18.08,14.23445602
477194600,14566,2021-06-09 08:23:03+08:00,TWKAO,2021-06-23 21:00:08+08:00,USLGB,17.77,14.52575231
477194600,14566,2021-08-03 13:39:36+08:00,TWKAO,2021-08-17 21:02:51+08:00,USLGB,17.98,14.3078125
477194600,14566,2021-10-02 11:39:27+08:00,TWKAO,2021-10-19 19:52:59+08:00,USLGB,14.92,17.34273148
477194600,14566,2021-11-23 12:49:02+08:00,CNYTN,2021-12-09 22:18:33+08:00,USLGB,16.42,16.39549769
477194600,14566,2022-01-12 16:46:35+08:00,CNYTN,2022-01-29 07:39:28+08:00,USLGB,16.13,16.62005787
477194600,14566,2022-08-16 11:20:19+08:00,CNNBO,2022-08-29 21:23:37+08:00,USLGB,18.04,13.41895833
477194600,14566,2022-10-07 20:15:07+08:00,CNNBO,2022-10-21 21:11:24+08:00,USLGB,17.64,14.03908565
477194600,14566,2022-11-27 07:39:11+08:00,TWKAO,2022-12-12 07:37:28+08:00,USLGB,17.49,14.99880787
477194600,14566,2023-01-24 05:40:23+08:00,TWKAO,2023-02-08 07:12:17+08:00,USLGB,17.58,15.06381944
477194600,14566,2023-03-18 11:41:26+08:00,TWKAO,2023-04-02 06:38:24+08:00,USLGB,17.51,14.78956019
477194600,14566,2023-05-06 04:37:58+08:00,TWKAO,2023-05-20 21:15:58+08:00,USLGB,17.63,14.69305556
477194600,14566,2024-05-26 03:44:12+08:00,TWKAO,2024-06-10 06:30:12+08:00,USLGB,17.12,15.11527778
477194600,14566,2024-07-14 00:51:08+08:00,TWKAO,2024-07-28 21:27:51+08:00,USLGB,17.37,14.85883102
477194600,14566,2024-08-31 12:12:52+08:00,TWKAO,2024-09-14 19:02:23+08:00,USLGB,18.05,14.28438657
477194600,14566,2024-10-19 17:53:07+08:00,TWKAO,2024-11-03 21:23:41+08:00,USLGB,16.97,15.14622685
477194600,14566,2024-12-07 21:15:18+08:00,TWKAO,2024-12-26 20:45:40+08:00,USLGB,14.6,18.9794213
477194600,14566,2025-01-30 04:55:08+08:00,TWKAO,2025-02-16 21:06:36+08:00,USLGB,15.19,17.67462963
477194600,14566,2025-03-29 01:06:30+08:00,CNYSN,2025-04-13 20:56:21+08:00,USLGB,15.51,15.82628472
477194800,13800,2021-11-28 13:25:49+08:00,CNYSN,2021-12-20 07:16:10+08:00,USLGB,12.78,21.74329861
477194800,13800,2022-01-20 22:24:37+08:00,CNYTN,2022-02-07 22:40:14+08:00,USLGB,15.59,18.01084491
477194800,13800,2022-03-06 16:23:48+08:00,CNYTN,2022-03-29 06:32:56+08:00,USLGB,12.07,22.58967593
477194800,13800,2022-04-28 14:12:12+08:00,CNYTN,2022-05-13 06:03:54+08:00,USLGB,18.2,14.66090278
477194800,13800,2022-06-10 09:18:35+08:00,CNYTN,2022-06-29 21:23:56+08:00,USLGB,13.96,19.50371528
477194800,13800,2023-03-31 15:31:36+08:00,TWKAO,2023-04-16 07:02:01+08:00,USLGB,16.51,15.64612269
477194800,13800,2023-05-19 01:27:33+08:00,TWKAO,2023-06-02 21:07:49+08:00,USLGB,17.44,14.81962963
477195100,4658,2022-05-23 08:46:29+08:00,CNNBO,2022-06-08 06:54:52+08:00,USLSA,15.69,15.92248843
477195100,4658,2022-07-16 07:21:17+08:00,CNNBO,2022-07-29 21:08:23+08:00,USLSA,18.03,13.574375
477195100,4658,2022-09-07 01:10:39+08:00,CNNBO,2022-09-20 09:44:32+08:00,USLSA,18.18,13.35686343
477202700,11923,2020-01-13 05:15:08+08:00,CNYTN,2020-01-27 19:57:21+08:00,USLGB,19.47,14.61265046
477202700,11923,2020-03-02 23:08:48+08:00,CNXIA,2020-03-17 20:09:16+08:00,USLGB,18.81,14.87532407
477202900,11923,2020-01-20 03:23:57+08:00,CNYTN,2020-02-09 04:25:31+08:00,USLGB,13.57,20.04275463
477202900,11923,2020-03-12 18:25:21+08:00,CNYTN,2020-03-27 03:49:53+08:00,USLGB,19.04,14.39203704
477202900,11923,2020-04-21 08:43:28+08:00,CNXIA,2020-05-05 08:54:09+08:00,USLGB,18.42,14.00741898
477203100,13208,2021-10-16 00:56:49+08:00,CNYSN,2021-12-13 22:25:18+08:00,USLGB,11.39,58.89478009
477207400,4249,2023-11-28 04:13:05+08:00,CNYTN,2023-12-12 21:20:11+08:00,USLSA,18.5,14.71326389
477207400,4249,2024-01-02 05:39:52+08:00,CNYTN,2024-01-17 07:11:39+08:00,USLSA,19.44,15.06373843
477207400,4249,2024-02-06 12:56:38+08:00,CNYTN,2024-02-23 06:59:28+08:00,USLGB,17.89,16.75196759
477207600,4249,2022-03-03 08:34:24+08:00,CNNBO,2022-03-24 22:08:35+08:00,USLSA,11.61,21.56540509
477207600,4249,2022-05-12 16:36:42+08:00,CNNBO,2022-05-30 22:06:09+08:00,USLSA,13.56,18.22878472
477207600,4249,2022-07-09 20:33:21+08:00,CNNBO,2022-07-23 23:36:36+08:00,USLSA,17.03,14.12725694
477207600,4249,2022-08-24 06:37:49+08:00,CNNBO,2022-09-06 20:49:24+08:00,USLGB,17.86,13.59137731
477207600,4249,2022-10-10 13:46:02+08:00,CNNBO,2022-10-24 19:46:51+08:00,USLSA,17.02,14.25056713
477207700,5041,2024-08-05 12:40:20+08:00,CNNBO,2024-08-19 20:57:52+08:00,USLSA,16.87,14.34550926
477207700,5041,2024-09-09 00:11:54+08:00,CNNBO,2024-09-22 22:45:53+08:00,USLGB,17.39,13.9402662
477207700,5041,2024-10-12 03:47:11+08:00,CNYTN,2024-10-28 06:43:19+08:00,USLGB,16.77,16.12231481
477207700,5041,2024-11-25 14:02:50+08:00,CNNBO,2024-12-09 10:44:52+08:00,USLGB,17.48,13.86252315
477213800,4520,2023-12-05 12:27:14+08:00,CNYTN,2023-12-19 07:55:03+08:00,USLSA,19.67,13.8109838
477213800,4520,2024-01-16 05:42:12+08:00,CNYTN,2024-01-30 07:00:16+08:00,USLSA,19.41,14.05421296
477213800,4520,2024-03-05 06:46:14+08:00,CNYTN,2024-03-19 07:26:55+08:00,USLGB,19.81,14.02825231
477213800,4520,2024-04-16 06:19:19+08:00,CNYTN,2024-04-30 05:52:06+08:00,USLGB,20.06,13.98109954
477213800,4520,2024-05-30 18:25:53+08:00,CNYTN,2024-06-14 11:26:07+08:00,USLGB,18.84,14.70849537
477213800,4520,2024-07-09 07:52:23+08:00,CNYTN,2024-07-22 21:32:22+08:00,USLGB,19.81,13.56943287
477213800,4520,2024-08-20 21:14:50+08:00,CNYTN,2024-09-03 20:33:58+08:00,USLGB,19.24,13.97162037
477213800,4520,2024-12-09 00:25:37+08:00,CNNBO,2024-12-22 06:52:43+08:00,USLGB,19.89,13.26881944
477213800,4520,2025-01-20 12:01:26+08:00,CNNBO,2025-02-02 12:26:07+08:00,USLGB,19.99,13.0171412
477213800,4520,2025-03-10 08:03:34+08:00,CNNBO,2025-03-23 09:30:35+08:00,USLGB,19.44,13.06042824
477219900,13386,2020-01-05 18:23:48+08:00,CNYSN,2020-01-24 21:07:02+08:00,USLSA,13.81,19.11335648
477219900,13386,2020-05-14 10:14:28+08:00,TWKAO,2020-05-28 07:41:28+08:00,USLGB,18.67,13.89375
477219900,13386,2020-07-03 20:33:16+08:00,TWKAO,2020-07-17 07:37:34+08:00,USLGB,19.11,13.46131944
477219900,13386,2020-08-24 03:05:12+08:00,TWKAO,2020-09-06 07:41:35+08:00,USLGB,19.61,13.19193287
477219900,13386,2020-10-10 17:12:28+08:00,TWKAO,2020-10-25 23:18:54+08:00,USLGB,17.03,15.25446759
477219900,13386,2020-11-29 07:33:48+08:00,TWKAO,2020-12-15 10:14:30+08:00,USLGB,16.01,16.11159722
477219900,13386,2021-01-17 14:17:25+08:00,TWKAO,2021-02-04 09:07:03+08:00,USLGB,14.54,17.78446759
477219900,13386,2021-03-13 00:21:58+08:00,TWKAO,2021-03-26 22:12:39+08:00,USLGB,18.59,13.91019676
477219900,13386,2021-05-02 01:20:39+08:00,TWKAO,2021-05-15 21:32:30+08:00,USLGB,18.54,13.8415625
477219900,13386,2021-07-01 01:58:04+08:00,TWKAO,2021-07-14 21:13:30+08:00,USLGB,18.67,13.80238426
477219900,13386,2021-08-24 07:34:18+08:00,TWKAO,2021-09-07 18:50:26+08:00,USLGB,17.73,14.46953704
477219900,13386,2021-10-17 20:54:06+08:00,TWKAO,2021-10-31 20:37:50+08:00,USLGB,18.46,13.9887037
477219900,13386,2021-12-07 01:53:06+08:00,TWKAO,2021-12-28 08:26:53+08:00,USLGB,12.4,21.27346065
477219900,13386,2022-02-07 12:22:36+08:00,TWKAO,2022-02-22 07:27:01+08:00,USLGB,18.52,14.7947338
477219900,13386,2022-03-31 00:28:15+08:00,TWKAO,2022-04-19 21:17:16+08:00,USLGB,13.03,19.86737269
477219900,13386,2022-05-27 00:50:43+08:00,TWKAO,2022-06-10 06:01:26+08:00,USLGB,18.24,14.21577546
477219900,13386,2022-07-20 13:47:18+08:00,TWKAO,2022-08-04 06:48:21+08:00,USLGB,17.59,14.7090625
477219900,13386,2022-09-07 13:22:39+08:00,TWKAO,2022-09-22 06:41:32+08:00,USLGB,17.57,14.72144676
477219900,13386,2022-10-25 23:21:54+08:00,TWKAO,2022-11-10 07:32:17+08:00,USLGB,17.07,15.34054398
477219900,13386,2022-12-25 23:07:04+08:00,TWKAO,2023-01-10 21:48:37+08:00,USLGB,17.14,15.94552083
477219900,13386,2023-02-17 23:41:43+08:00,TWKAO,2023-03-04 22:33:57+08:00,USLGB,17.44,14.95293981
477219900,13386,2023-04-09 18:44:34+08:00,TWKAO,2023-04-24 06:06:03+08:00,USLGB,18.12,14.47325231
477219900,13386,2023-05-26 16:41:30+08:00,TWKAO,2023-06-10 21:53:22+08:00,USLGB,17.19,15.21657407
477219900,13386,2023-07-15 04:07:52+08:00,TWKAO,2023-07-29 20:30:31+08:00,USLGB,17.62,14.68239583
477219900,13386,2023-10-27 10:00:52+08:00,TWKAO,2023-11-11 07:12:33+08:00,USLGB,18.1,14.88311343
477219900,13386,2023-12-15 21:45:47+08:00,TWKAO,2023-12-31 22:02:07+08:00,USLGB,17.72,16.01134259
477219900,13386,2024-02-02 12:07:25+08:00,TWKAO,2024-02-17 22:05:45+08:00,USLGB,17.45,15.41550926
477219900,13386,2024-03-23 02:55:29+08:00,TWKAO,2024-04-06 21:01:33+08:00,USLGB,17.53,14.75421296
477219900,13386,2024-05-17 16:23:19+08:00,TWKAO,2024-05-31 23:08:39+08:00,USLGB,18.08,14.28148148
477219900,13386,2024-07-05 14:58:29+08:00,TWKAO,2024-07-19 20:14:09+08:00,USLGB,18.13,14.21921296
477219900,13386,2024-08-25 03:58:51+08:00,TWKAO,2024-09-08 20:38:56+08:00,USLGB,17.91,14.69450231
477219900,13386,2024-10-11 16:51:28+08:00,TWKAO,2024-10-26 01:59:43+08:00,USLGB,17.86,14.38072917
477219900,13386,2024-11-29 14:46:12+08:00,TWKAO,2024-12-16 07:28:06+08:00,USLGB,15.96,16.69576389
477219900,13386,2025-01-21 17:24:24+08:00,TWKAO,2025-02-06 21:37:14+08:00,USLGB,16.98,16.1755787
477219900,13386,2025-03-16 06:02:40+08:00,TWKAO,2025-03-31 06:01:26+08:00,USLGB,17.93,14.99914352
477219900,13386,2025-05-10 04:48:26+08:00,TWKAO,2025-05-24 05:51:55+08:00,USLGB,18.29,14.04408565
477219900,13386,2025-06-28 15:22:07+08:00,TWKAO,2025-07-13 21:44:08+08:00,USLGB,16.89,15.26528935
477220100,13208,2020-11-23 22:46:05+08:00,CNYTN,2020-12-12 05:07:22+08:00,USLGB,14.69,18.26478009
477220100,13208,2021-01-14 00:46:46+08:00,CNYSN,2021-01-27 08:14:02+08:00,USLGB,18.87,13.31060185
477220100,13208,2023-08-30 06:15:32+08:00,CNYSN,2023-09-18 05:55:25+08:00,USLGB,12.88,18.98603009
477220100,13208,2023-10-17 03:11:10+08:00,CNYSN,2023-11-01 06:08:37+08:00,USLGB,15.95,15.12322917
477220100,13208,2023-11-28 13:07:41+08:00,CNYSN,2023-12-13 22:25:07+08:00,USLGB,15.79,15.38710648
477220100,13208,2024-01-11 00:56:44+08:00,CNYSN,2024-01-27 07:45:56+08:00,USLGB,14.97,16.28416667
477220100,13208,2024-02-27 02:22:22+08:00,CNYSN,2024-03-16 12:57:34+08:00,USLGB,12.86,18.44111111
477220100,13208,2024-04-09 23:08:55+08:00,CNYSN,2024-04-26 20:24:25+08:00,USLGB,14.32,16.88576389
477220100,13208,2024-05-23 21:34:39+08:00,CNYSN,2024-06-07 21:03:27+08:00,USLGB,16.12,14.97833333
477220100,13208,2024-07-04 10:43:42+08:00,CNYSN,2024-07-19 06:02:28+08:00,USLGB,16.37,14.80469907
477220100,13208,2024-08-13 21:47:20+08:00,CNYSN,2024-08-30 20:44:22+08:00,USLGB,14.39,16.95627315
477220100,13208,2024-09-30 02:16:44+08:00,CNYSN,2024-10-16 21:26:11+08:00,USLGB,14.36,16.79822917
477220100,13208,2024-11-12 00:22:02+08:00,CNYSN,2024-11-29 20:58:52+08:00,USLGB,13.54,17.85891204
477220100,13208,2024-12-26 09:56:41+08:00,CNYSN,2025-01-11 22:49:56+08:00,USLGB,14.57,16.53697917
477220100,13208,2025-02-04 19:42:54+08:00,CNYSN,2025-02-23 02:42:26+08:00,USLGB,13.24,18.29134259
477220100,13208,2025-04-04 04:28:15+08:00,CNYSN,2025-04-19 20:55:43+08:00,USLGB,16.04,15.68574074
477220100,13208,2025-05-24 18:40:09+08:00,TWKAO,2025-06-08 19:59:12+08:00,USLGB,17.21,15.05489583
477220200,13208,2021-09-21 09:06:24+08:00,CNNBO,2021-10-16 20:42:46+08:00,USLGB,9.76,25.48358796
477220200,13208,2021-11-21 07:16:13+08:00,CNYSN,2021-12-15 22:00:37+08:00,USLGB,10.04,24.61416667
477220200,13208,2022-01-14 08:30:34+08:00,CNYTN,2022-02-02 22:01:52+08:00,USLGB,13.73,19.56340278
477220200,13208,2022-03-28 00:37:01+08:00,TWKAO,2022-04-11 06:55:00+08:00,USLGB,18.2,14.26248843
477220200,13208,2022-05-08 06:50:01+08:00,CNYTN,2022-05-22 21:52:03+08:00,USLGB,18.23,14.62641204
477220200,13208,2022-06-19 07:27:36+08:00,CNYTN,2022-07-08 21:11:51+08:00,USLGB,13.62,19.57239583
477220200,13208,2022-08-10 14:16:26+08:00,CNQIN,2022-08-23 21:50:10+08:00,USLGB,18.12,13.31509259
477220200,13208,2022-09-23 06:51:35+08:00,CNYTN,2022-10-07 20:42:56+08:00,USLGB,18.49,14.57732639
477220200,13208,2023-01-11 06:37:05+08:00,CNYSN,2023-01-30 21:25:46+08:00,USLGB,12.66,19.6171412
477220400,9403,2020-11-03 23:00:00+08:00,CNYTN,2020-11-16 20:00:06+08:00,USLSA,21.15,12.87506944
477222600,8888,2020-01-10 04:07:23+08:00,TWKAO,2020-01-25 21:50:58+08:00,USLGB,16.51,15.73859954
477222600,8888,2020-02-20 02:40:14+08:00,TWKAO,2020-03-05 22:17:12+08:00,USLGB,17.94,14.81733796
477222600,8888,2020-04-08 22:04:35+08:00,TWKAO,2020-04-22 21:22:06+08:00,USLGB,18.45,13.97049769
477232200,13800,2024-12-29 11:52:11+08:00,CNYSN,2025-01-13 21:18:24+08:00,USLGB,18.37,15.39320602
477232200,13800,2025-05-14 19:58:13+08:00,CNYSN,2025-05-30 21:29:52+08:00,USLGB,15.09,16.06364583
477233300,13800,2022-01-26 06:14:04+08:00,CNYSN,2022-02-09 07:26:55+08:00,USLGB,17.5,14.05059028
477233300,13800,2022-03-15 04:24:57+08:00,CNYTN,2022-04-02 20:55:31+08:00,USLGB,14.62,18.68789352
477233300,13800,2022-05-09 17:46:47+08:00,CNYTN,2022-05-25 21:09:31+08:00,USLGB,16.64,16.14078704
477233300,13800,2022-06-26 02:12:25+08:00,CNYTN,2022-07-15 20:33:16+08:00,USLGB,13.6,19.76447917
477252600,8528,2020-01-14 15:18:08+08:00,CNNBO,2020-01-28 07:16:07+08:00,USLSA,18.46,13.6652662
477257100,10036,2020-02-29 10:49:06+08:00,CNYSN,2020-03-19 06:05:53+08:00,USLSA,14.07,18.80332176
477257100,10036,2020-04-21 17:58:03+08:00,CNNBO,2020-05-05 06:25:01+08:00,USLGB,17.94,13.51872685
477257100,10036,2020-06-13 22:18:06+08:00,CNYSN,2020-07-02 06:01:15+08:00,USLGB,13.89,18.32163194
477257100,10036,2020-08-01 14:22:25+08:00,CNYSN,2020-08-21 21:04:05+08:00,USLGB,12.79,20.27893519
477257100,10036,2020-09-24 08:39:57+08:00,CNYSN,2020-10-13 21:36:59+08:00,USLGB,13.16,19.53960648
477257100,10036,2020-11-11 15:45:34+08:00,CNYSN,2020-12-07 22:04:02+08:00,USLGB,11.31,26.26282407
477257100,10036,2021-01-11 04:51:59+08:00,CNYSN,2021-02-05 01:48:29+08:00,USLGB,10.74,24.87256944
477257100,10036,2021-03-10 10:58:38+08:00,CNYSN,2021-03-29 12:32:01+08:00,USLGB,12.56,19.06484954
477257100,10036,2021-05-03 17:24:13+08:00,CNYSN,2021-05-28 22:16:23+08:00,USLSA,9.5,25.20289352
477257100,10036,2021-06-28 15:00:05+08:00,CNYSN,2021-07-12 03:45:58+08:00,USLGB,17.68,13.53186343
477257100,10036,2021-08-13 10:04:37+08:00,CNYSN,2021-08-29 05:06:02+08:00,USLGB,16.27,15.79265046
477257100,10036,2021-10-01 22:28:34+08:00,CNYSN,2021-11-04 21:18:09+08:00,USLGB,8,33.95109954
477257100,10036,2021-12-05 19:51:37+08:00,CNYSN,2022-01-16 21:49:41+08:00,USLGB,7.01,42.08199074
477257100,10036,2022-02-13 17:40:19+08:00,CNYSN,2022-03-11 01:54:27+08:00,USLSA,10.32,25.34314815
477257100,10036,2022-04-09 21:20:45+08:00,CNYSN,2022-05-04 21:02:20+08:00,USLSA,10.6,24.98721065
477257100,10036,2022-05-31 19:32:26+08:00,CNYSN,2022-06-25 20:55:47+08:00,USLSA,10.14,25.05788194
477257100,10036,2022-07-28 15:27:02+08:00,CNYSN,2022-08-14 23:17:21+08:00,USLGB,14.99,17.3266088
477257100,10036,2022-09-13 06:50:51+08:00,CNNBO,2022-09-27 05:28:57+08:00,USLGB,17.32,13.943125
477257100,10036,2022-10-29 12:32:51+08:00,CNYSN,2022-11-17 01:01:13+08:00,USLGB,13.94,18.51969907
477257100,10036,2022-12-20 12:15:07+08:00,CNNBO,2023-01-02 23:23:53+08:00,USLGB,18.12,13.4644213
477257100,10036,2023-02-21 14:30:33+08:00,CNNBO,2023-03-07 07:50:07+08:00,USLGB,17.79,13.7219213
477266900,8501,2024-08-30 02:35:39+08:00,CNYTN,2024-09-13 20:29:06+08:00,USLGB,18.26,14.74545139
477266900,8501,2024-10-13 21:29:20+08:00,CNYTN,2024-10-29 21:46:54+08:00,USLGB,16.96,16.01219907
477266900,8501,2024-11-24 15:32:21+08:00,CNYTN,2024-12-10 06:30:55+08:00,USLGB,17.28,15.62400463
477266900,8501,2025-01-07 06:50:06+08:00,CNYTN,2025-01-22 22:37:21+08:00,USLGB,17.39,15.6578125
477266900,8501,2025-05-18 03:27:12+08:00,CNYTN,2025-06-02 06:25:07+08:00,USLGB,18.12,15.12355324
477271300,10036,2020-03-19 10:48:14+08:00,CNNBO,2020-04-01 20:25:28+08:00,USLSA,18.14,13.40085648
477271300,10036,2020-05-02 14:37:32+08:00,CNYSN,2020-05-21 21:09:35+08:00,USLGB,13.58,19.27225694
477271300,10036,2020-06-27 13:49:12+08:00,CNYSN,2020-07-15 20:38:39+08:00,USLGB,14.13,18.28434028
477271300,10036,2020-08-18 19:09:14+08:00,CNYSN,2020-09-02 05:56:16+08:00,USLGB,16.88,14.4493287
477271300,10036,2020-10-07 18:16:37+08:00,CNYSN,2020-10-29 20:47:29+08:00,USLGB,11.66,22.10476852
477271300,10036,2020-11-28 18:07:32+08:00,CNYSN,2020-12-26 22:00:44+08:00,USLGB,9.43,28.16194444
477271300,10036,2021-01-29 13:12:13+08:00,CNYSN,2021-02-22 10:09:55+08:00,USLGB,10.84,23.87340278
477271300,10036,2021-03-23 04:35:49+08:00,CNYSN,2021-04-10 09:08:56+08:00,USLGB,13.31,18.18966435
477271300,10036,2021-05-16 15:04:11+08:00,CNYSN,2021-06-15 20:49:00+08:00,USLSA,8.51,30.23945602
477271300,10036,2021-07-18 03:21:26+08:00,CNYSN,2021-08-06 04:55:06+08:00,USLSA,13.42,19.0650463
477271300,10036,2021-09-09 14:14:04+08:00,CNYSN,2021-10-07 21:41:48+08:00,USLSA,9.3,28.31092593
477271300,10036,2021-11-12 06:35:08+08:00,CNYSN,2021-12-19 22:14:15+08:00,USLGB,7.35,37.65216435
477271300,10036,2022-01-22 12:41:34+08:00,CNYSN,2022-02-17 12:43:16+08:00,USLGB,10.08,26.00118056
477271300,10036,2022-03-17 15:37:21+08:00,CNYSN,2022-04-12 00:53:49+08:00,USLSA,10.48,25.38643519
477271300,10036,2022-05-15 18:20:09+08:00,CNYSN,2022-06-09 20:55:18+08:00,USLSA,9.72,25.10774306
477271300,10036,2022-07-14 00:02:01+08:00,CNNBO,2022-07-30 21:51:46+08:00,USLSA,14.23,16.90954861
477271300,10036,2022-08-28 13:17:50+08:00,CNYSN,2022-09-17 06:20:11+08:00,USLGB,13.11,19.70996528
477271300,10036,2022-10-17 07:52:08+08:00,CNYSN,2022-11-06 06:26:19+08:00,USLSA,13.68,19.94040509
477271300,10036,2022-12-06 15:18:25+08:00,CNYSN,2022-12-29 06:50:18+08:00,USLGB,11.41,22.6471412
477271300,10036,2023-04-01 14:24:39+08:00,CNNBO,2023-04-16 05:28:38+08:00,USLGB,16.44,14.6277662
477271300,10036,2023-05-20 12:28:08+08:00,CNNBO,2023-06-04 06:04:26+08:00,USLGB,16.31,14.73354167
477271300,10036,2023-07-19 16:51:29+08:00,CNNBO,2023-08-01 06:00:08+08:00,USLGB,19.15,12.54767361
477271300,10036,2023-09-10 03:07:56+08:00,CNNBO,2023-09-23 21:39:34+08:00,USLGB,17.46,13.77196759
477271300,10036,2023-11-01 04:18:00+08:00,CNNBO,2023-11-14 23:25:28+08:00,USLGB,17.5,13.79685185
477271300,10036,2023-12-23 16:17:06+08:00,CNNBO,2024-01-06 07:20:28+08:00,USLGB,18.11,13.62733796
477271300,10036,2024-02-06 19:03:04+08:00,CNNBO,2024-02-21 09:12:12+08:00,USLGB,16.72,14.58967593
477271300,10036,2024-04-02 03:08:29+08:00,CNNBO,2024-04-14 21:03:49+08:00,USLGB,18.87,12.74675926
477271300,10036,2024-05-15 13:06:12+08:00,CNNBO,2024-05-29 21:11:40+08:00,USLGB,16.81,14.33712963
477271300,10036,2024-08-07 21:39:31+08:00,CNNBO,2024-08-21 23:36:54+08:00,USLGB,17.33,14.0815162
477271300,10036,2024-09-25 12:16:21+08:00,CNNBO,2024-10-09 21:13:56+08:00,USLGB,16.76,14.37332176
477271300,10036,2024-11-13 08:44:54+08:00,CNNBO,2024-11-27 23:08:54+08:00,USLGB,16.49,14.6
477271300,10036,2025-01-04 14:34:16+08:00,CNNBO,2025-01-19 07:13:22+08:00,USLGB,16.52,14.69381944
477271300,10036,2025-02-26 01:19:45+08:00,CNNBO,2025-03-12 21:09:20+08:00,USLGB,16.43,14.82609954
477271300,10036,2025-04-17 01:03:15+08:00,CNNBO,2025-04-30 21:41:11+08:00,USLGB,17.38,13.85967593
477271300,10036,2025-06-09 17:54:41+08:00,CNNBO,2025-06-23 20:23:37+08:00,USLGB,17.05,14.10342593
477271400,13386,2020-05-01 01:17:16+08:00,TWKAO,2020-05-14 08:08:59+08:00,USLGB,19.56,13.28591435
477271400,13386,2020-06-20 16:55:59+08:00,TWKAO,2020-07-04 07:46:56+08:00,USLGB,19.13,13.61871528
477271400,13386,2020-08-08 06:16:36+08:00,TWKAO,2020-08-21 07:16:37+08:00,USLGB,19.93,13.04167824
477271400,13386,2020-09-28 13:15:00+08:00,TWKAO,2020-10-11 21:38:23+08:00,USLGB,19.32,13.34957176
477271400,13386,2020-11-13 22:35:52+08:00,TWKAO,2020-12-02 11:55:25+08:00,USLGB,14.09,18.55524306
477271400,13386,2021-01-06 01:51:05+08:00,TWKAO,2021-01-23 00:00:18+08:00,USLGB,16.4,16.92306713
477271400,13386,2021-02-26 08:26:45+08:00,TWKAO,2021-03-15 22:43:49+08:00,USLGB,14.73,17.59518519
477271400,13386,2021-04-16 11:29:02+08:00,TWKAO,2021-04-29 21:20:44+08:00,USLGB,19.34,13.41090278
477271400,13386,2021-06-07 16:14:50+08:00,TWKAO,2021-06-20 22:18:17+08:00,USLGB,19.48,13.25239583
477271400,13386,2021-08-01 06:05:12+08:00,TWKAO,2021-08-14 07:12:27+08:00,USLGB,19.85,13.04670139
477271400,13386,2021-09-26 08:37:22+08:00,TWKAO,2021-10-14 22:40:07+08:00,USLGB,14,18.58524306
477271400,13386,2021-11-22 18:34:28+08:00,TWKAO,2021-12-10 22:46:01+08:00,USLGB,14.2,18.1746875
477271400,13386,2022-01-13 10:53:52+08:00,CNYTN,2022-01-30 22:05:39+08:00,USLGB,15.66,17.4665162
477271400,13386,2022-03-13 06:48:08+08:00,TWKAO,2022-03-27 23:17:33+08:00,USLGB,18.68,14.68709491
477271400,13386,2022-05-02 20:47:00+08:00,TWKAO,2022-05-17 21:20:09+08:00,USLGB,17.19,15.02302083
477271400,13386,2022-06-22 17:34:33+08:00,TWKAO,2022-07-06 19:36:40+08:00,USLGB,18.34,14.08480324
477271400,13386,2022-08-21 14:56:28+08:00,TWKAO,2022-09-04 06:25:02+08:00,USLGB,19.15,13.64483796
477271400,13386,2022-10-08 18:02:49+08:00,TWKAO,2022-10-22 20:53:06+08:00,USLGB,18.21,14.11825231
477271400,13386,2022-12-17 12:19:05+08:00,TWKAO,2022-12-31 22:13:56+08:00,USLGB,18.69,14.41309028
477271400,13386,2023-02-20 12:45:19+08:00,CNYSN,2023-03-07 06:34:18+08:00,USLGB,16.81,14.74234954
477271400,13386,2023-04-05 03:48:01+08:00,CNYSN,2023-04-21 20:48:29+08:00,USLGB,15.83,16.70865741
477271400,13386,2023-05-16 20:55:07+08:00,CNYSN,2023-05-31 20:39:15+08:00,USLGB,16.31,14.98898148
477271400,13386,2023-06-28 12:32:34+08:00,CNYSN,2023-07-13 05:40:43+08:00,USLGB,16.54,14.71399306
477271400,13386,2023-08-10 08:27:50+08:00,CNYSN,2023-08-28 06:20:35+08:00,USLGB,13.65,17.91163194
477271400,13386,2023-09-21 20:25:34+08:00,CNYSN,2023-10-09 20:30:25+08:00,USLGB,14.08,18.00336806
477271400,13386,2023-11-07 00:33:25+08:00,CNYSN,2023-11-21 11:50:59+08:00,USLGB,16.88,14.47053241
477271400,13386,2024-01-29 03:46:46+08:00,CNYSN,2024-02-13 21:40:09+08:00,USLGB,16.39,15.74540509
477271400,13386,2024-03-19 12:19:19+08:00,CNNBO,2024-04-02 20:26:55+08:00,USLGB,16.95,14.33861111
477271400,13386,2024-05-04 03:32:13+08:00,CNYSN,2024-05-19 20:23:05+08:00,USLGB,15.49,15.70199074
477271400,13386,2024-06-15 00:19:35+08:00,CNYSN,2024-06-29 06:01:14+08:00,USLGB,17.05,14.23725694
477271400,13386,2024-07-23 15:27:37+08:00,CNYSN,2024-08-07 17:59:07+08:00,USLGB,16.07,15.10520833
477271400,13386,2024-09-03 12:42:41+08:00,CNYSN,2024-09-19 21:34:08+08:00,USLGB,14.84,16.3690625
477271400,13386,2024-10-23 03:47:12+08:00,CNYSN,2024-11-07 08:08:56+08:00,USLGB,16.46,15.18175926
477271400,13386,2024-12-07 07:04:21+08:00,CNYSN,2024-12-22 03:12:54+08:00,USLGB,17.2,14.83927083
477271400,13386,2025-01-15 13:48:39+08:00,CNYSN,2025-01-31 21:30:58+08:00,USLGB,16.51,16.32105324
477271400,13386,2025-03-03 22:17:05+08:00,CNYSN,2025-03-20 07:23:13+08:00,USLGB,15.2,16.37925926
477271900,10100,2024-07-16 22:04:32+08:00,CNYSN,2024-07-30 03:25:41+08:00,USLSA,18.26,13.22302083
477271900,10100,2024-09-19 11:45:50+08:00,CNYSN,2024-10-03 07:17:56+08:00,USLSA,17.43,13.81395833
477271900,10100,2024-11-16 06:46:37+08:00,CNYSN,2024-12-02 00:13:10+08:00,USLSA,15.34,15.72677083
477271900,10100,2025-01-16 04:31:09+08:00,CNYSN,2025-01-31 08:36:38+08:00,USLSA,16.46,15.17047454
477271900,10100,2025-03-17 20:19:00+08:00,TWTAP,2025-04-01 21:19:42+08:00,USLSA,16.61,15.04215278
477271900,10100,2025-05-18 08:57:55+08:00,TWTAP,2025-06-02 21:28:42+08:00,USLSA,16.19,15.52137731
477276600,8888,2020-01-29 14:58:35+08:00,CNWGQ,2020-02-14 21:54:38+08:00,USLGB,15.26,16.28892361
477276600,8888,2020-03-10 11:25:43+08:00,CNWGQ,2020-03-26 21:18:01+08:00,USLGB,14.97,16.41131944
477286200,13800,2024-02-13 10:07:17+08:00,CNNBO,2024-02-28 01:26:44+08:00,USLGB,17.01,14.63850694
477286200,13800,2024-04-07 09:35:42+08:00,CNNBO,2024-04-21 06:04:37+08:00,USLGB,17.53,13.85341435
477286300,13800,2023-11-10 00:17:00+08:00,CNNBO,2023-11-24 21:45:47+08:00,USLGB,17.08,14.89498843
477286300,13800,2023-12-28 00:49:28+08:00,CNNBO,2024-01-10 22:16:49+08:00,USLGB,18.45,13.89399306
477286300,13800,2024-11-03 08:17:21+08:00,CNYSN,2024-11-18 22:40:34+08:00,USLGB,16.56,15.59945602
477293100,13208,2025-06-20 10:49:10+08:00,CNYSN,2025-07-06 20:00:09+08:00,USLGB,14.77,16.38262731
477293200,13208,2020-04-01 14:50:11+08:00,TWKAO,2020-04-15 20:30:39+08:00,USLGB,18.17,14.23643519
477293200,13208,2020-05-28 12:44:12+08:00,CNYSN,2020-06-10 06:24:41+08:00,USLGB,18.81,12.73644676
477293900,10036,2020-02-20 12:31:16+08:00,CNNBO,2020-03-07 21:19:06+08:00,USLGB,15.23,16.36655093
477293900,10036,2020-04-27 23:35:51+08:00,CNNBO,2020-05-11 20:36:58+08:00,USLGB,17.72,13.87577546
477293900,10036,2020-06-20 21:20:30+08:00,CNYSN,2020-07-10 05:51:04+08:00,USLGB,13.3,19.35456019
477293900,10036,2020-08-11 02:31:04+08:00,CNYSN,2020-08-31 20:11:40+08:00,USLSA,12.54,20.73652778
477293900,10036,2020-09-30 15:15:38+08:00,CNYSN,2020-10-20 21:10:58+08:00,USLGB,12.68,20.24675926
477293900,10036,2020-11-22 00:01:55+08:00,CNYSN,2020-12-13 14:17:07+08:00,USLSA,11.28,21.59388889
477293900,10036,2021-01-22 14:03:57+08:00,CNYSN,2021-02-13 01:59:35+08:00,USLGB,11.88,21.49696759
477293900,10036,2021-03-18 00:31:20+08:00,CNYSN,2021-04-06 21:12:50+08:00,USLGB,12.04,19.86215278
477293900,10036,2021-05-11 19:11:37+08:00,CNYSN,2021-06-08 01:04:53+08:00,USLGB,9.37,27.24532407
477293900,10036,2021-07-10 22:33:41+08:00,CNYSN,2021-07-29 21:14:23+08:00,USLGB,13.51,18.94493056
477293900,10036,2021-09-03 02:54:19+08:00,CNQIN,2021-09-25 21:25:26+08:00,USLGB,11.46,22.7716088
477293900,10036,2021-10-19 19:29:28+08:00,CNQIN,2021-12-01 13:12:21+08:00,USLSA,5.96,42.73811343
477293900,10036,2022-01-05 03:45:58+08:00,CNYSN,2022-02-09 01:59:19+08:00,USLSA,8.09,34.9259375
477293900,10036,2022-03-11 05:59:40+08:00,CNYSN,2022-04-02 06:03:36+08:00,USLSA,11.63,22.00273148
477293900,10036,2022-05-06 09:46:00+08:00,CNYSN,2022-05-24 21:25:19+08:00,USLSA,13,18.48563657
477293900,10036,2022-06-22 20:50:23+08:00,CNYSN,2022-07-08 04:52:33+08:00,USLGB,15.68,15.33483796
477293900,10036,2022-10-08 23:50:14+08:00,CNYSN,2022-11-04 20:55:16+08:00,USLSA,10.64,26.87849537
477293900,10036,2023-01-23 18:52:19+08:00,CNNBO,2023-02-10 22:35:51+08:00,USLGB,13.54,18.15523148
477293900,10036,2023-03-19 05:14:40+08:00,CNNBO,2023-04-02 23:32:02+08:00,USLGB,16.49,14.76206019
477293900,10036,2023-05-09 15:22:15+08:00,CNNBO,2023-05-23 21:56:58+08:00,USLGB,16.86,14.2741088
477293900,10036,2023-07-05 13:29:37+08:00,CNNBO,2023-07-19 06:02:59+08:00,USLGB,17.55,13.68983796
477293900,10036,2023-08-25 22:12:02+08:00,CNNBO,2023-09-08 21:18:18+08:00,USLGB,17.23,13.96268519
477293900,10036,2023-10-21 09:35:35+08:00,CNNBO,2023-11-05 05:36:13+08:00,USLGB,16.53,14.83377315
477293900,10036,2023-12-14 10:15:55+08:00,CNNBO,2023-12-27 22:00:58+08:00,USLGB,18.39,13.48961806
477293900,10036,2024-01-30 07:35:14+08:00,CNNBO,2024-02-13 06:40:12+08:00,USLGB,17.33,13.96178241
477293900,10036,2024-04-10 11:25:46+08:00,CNNBO,2024-04-24 05:51:19+08:00,USLGB,17.59,13.76774306
477293900,10036,2024-05-29 19:14:33+08:00,CNNBO,2024-06-12 20:59:36+08:00,USLGB,17.19,14.07295139
477293900,10036,2024-07-17 09:00:56+08:00,CNNBO,2024-07-31 20:29:44+08:00,USLGB,16.71,14.47833333
477293900,10036,2024-09-04 11:49:00+08:00,CNNBO,2024-09-18 21:57:36+08:00,USLGB,16.8,14.42263889
477293900,10036,2024-10-23 11:18:35+08:00,CNNBO,2024-11-06 22:27:12+08:00,USLGB,16.97,14.46431713
477293900,10036,2024-12-15 08:27:14+08:00,CNNBO,2024-12-29 06:44:40+08:00,USLGB,17.97,13.92877315
477293900,10036,2025-02-02 09:09:09+08:00,CNNBO,2025-02-15 21:49:20+08:00,USLGB,18.15,13.52790509
477293900,10036,2025-03-19 18:19:39+08:00,CNNBO,2025-04-02 22:25:11+08:00,USLGB,17.12,14.17050926
477293900,10036,2025-05-07 22:16:56+08:00,CNNBO,2025-05-21 23:07:51+08:00,USLGB,17.28,14.0353588
477293900,10036,2025-06-28 12:40:49+08:00,CNNBO,2025-07-12 22:54:22+08:00,USLGB,16.79,14.42607639
477302500,4250,2022-08-11 12:00:14+08:00,CNWGQ,2022-08-26 20:46:23+08:00,USLGB,15.93,15.36538194
477302500,4250,2022-09-23 07:10:01+08:00,CNWGQ,2022-10-08 21:09:51+08:00,USLGB,15.96,15.58321759
477302500,4250,2022-11-01 16:13:48+08:00,CNWGQ,2022-11-16 23:20:58+08:00,USLGB,15.94,15.29664352
477302500,4250,2022-12-12 23:22:36+08:00,CNQIN,2022-12-30 22:52:58+08:00,USLGB,14.35,17.9794213
477302500,4250,2023-01-26 02:11:57+08:00,CNWGQ,2023-02-11 00:05:09+08:00,USLGB,15.94,15.91194444
477308100,19273,2021-09-25 04:29:43+08:00,CNYSN,2021-10-08 21:24:25+08:00,USLGB,17.45,13.70465278
477308100,19273,2021-11-19 07:20:20+08:00,HKHKG,2021-12-04 09:11:03+08:00,USLGB,18.15,15.07688657
477308100,19273,2022-02-23 22:49:08+08:00,CNYTN,2022-03-12 07:22:06+08:00,USLGB,16.76,16.35622685
477314100,8888,2020-01-16 07:46:27+08:00,TWKAO,2020-02-01 22:07:40+08:00,USLGB,15.84,16.59806713
477314100,8888,2020-02-27 02:16:00+08:00,TWKAO,2020-03-11 22:20:41+08:00,USLGB,18.62,13.83658565
477314100,8888,2020-04-15 21:16:00+08:00,TWKAO,2020-04-29 23:40:53+08:00,USLGB,18.41,14.10061343
477314100,8888,2020-07-18 21:03:49+08:00,CNYTN,2020-08-01 21:30:30+08:00,USLGB,19.06,14.01853009
477346500,5605,2022-01-06 15:21:49+08:00,CNYSN,2022-02-21 22:58:41+08:00,USLSA,7.1,46.31726852
477347400,14080,2023-05-09 19:35:12+08:00,CNYTN,2023-05-25 19:51:35+08:00,USLSA,16.69,16.01137731
477347400,14080,2023-07-14 22:51:15+08:00,CNYTN,2023-07-30 21:25:08+08:00,USLSA,16.77,15.94019676
477347400,14080,2023-09-13 15:48:17+08:00,CNYTN,2023-09-30 20:45:15+08:00,USLSA,15.7,17.20622685
477347400,14080,2023-11-21 14:21:53+08:00,CNYTN,2023-12-09 23:46:39+08:00,USLSA,15.62,18.39219907
477347400,14080,2024-01-29 11:19:58+08:00,CNYTN,2024-02-20 21:43:42+08:00,USLSA,12.42,22.43314815
477347400,14080,2024-04-15 22:08:56+08:00,CNYTN,2024-05-06 06:40:38+08:00,USLSA,13.3,20.35534722
477347400,14080,2024-06-26 08:21:52+08:00,CNYTN,2024-07-13 05:55:10+08:00,USLGB,15.96,16.898125
477347400,14080,2024-08-27 11:47:01+08:00,CNYTN,2024-09-13 22:17:21+08:00,USLGB,15.52,17.43773148
477347400,14080,2024-11-01 01:03:31+08:00,CNYTN,2024-11-20 22:09:42+08:00,USLGB,14.85,19.87929398
477347400,14080,2025-01-06 19:56:34+08:00,CNYTN,2025-01-24 22:36:21+08:00,USLGB,14.92,18.11096065
477347400,14080,2025-03-17 14:38:39+08:00,CNYSN,2025-04-07 20:40:56+08:00,USLGB,11.49,21.25158565
477348300,10100,2024-05-25 16:57:54+08:00,CNYSN,2024-06-09 21:05:28+08:00,USLSA,16.25,15.1719213
477348300,10100,2024-07-28 05:50:26+08:00,CNYSN,2024-08-15 22:56:35+08:00,USLSA,12.85,18.71260417
477348300,10100,2024-10-06 08:20:12+08:00,CNYSN,2024-10-21 23:15:11+08:00,USLSA,15.41,15.6215162
477348300,10100,2024-12-08 05:01:19+08:00,CNYSN,2024-12-22 22:08:13+08:00,USLSA,17.6,14.713125
477348300,10100,2025-02-13 23:17:50+08:00,CNSHE,2025-03-06 18:58:42+08:00,USLSA,13.42,20.8200463
477351100,8888,2020-01-23 23:16:42+08:00,TWKAO,2020-02-07 22:13:56+08:00,USLGB,17.45,14.95641204
477351100,8888,2020-03-05 06:39:11+08:00,TWKAO,2020-03-19 06:59:07+08:00,USLGB,18.39,14.01384259
477351400,8500,2020-07-11 02:58:08+08:00,CNYTN,2020-07-24 08:48:35+08:00,USLGB,20.33,13.24336806
477351400,8500,2020-09-22 00:26:13+08:00,CNYTN,2020-10-07 20:09:54+08:00,USLGB,16.93,15.82200231
477390300,10100,2024-11-30 23:16:09+08:00,CNNBO,2024-12-14 18:55:50+08:00,USLSA,18.39,13.81922454
477390300,10100,2025-04-13 23:29:32+08:00,CNYSN,2025-06-08 21:13:25+08:00,USLSA,12.99,55.90547454
477407900,10100,2024-06-02 02:47:28+08:00,CNYSN,2024-06-16 06:14:05+08:00,USLSA,16.96,14.1434838
477407900,10100,2024-07-21 11:19:10+08:00,CNYSN,2024-08-05 20:15:22+08:00,USLSA,15.74,15.37236111
477407900,10100,2024-09-08 12:13:03+08:00,CNYSN,2024-09-24 20:54:51+08:00,USLSA,14.7,16.36236111
477407900,10100,2024-11-07 12:17:11+08:00,CNYSN,2024-11-22 21:33:42+08:00,USLSA,16.38,15.38646991
477407900,10100,2025-01-02 11:31:49+08:00,CNYSN,2025-01-18 22:31:55+08:00,USLSA,15.33,16.45840278
477407900,10100,2025-02-23 01:28:32+08:00,CNYSN,2025-04-20 21:07:56+08:00,USLSA,12.5,56.81902778
477407900,10100,2025-05-11 12:19:15+08:00,CNYSN,2025-07-07 22:29:26+08:00,USLSA,11.92,57.42373843
477423100,4496,2022-10-18 22:36:21+08:00,CNNBO,2022-11-03 18:35:43+08:00,USLSA,15.37,15.83289352
477427500,13386,2023-01-19 19:45:30+08:00,CNYSN,2023-02-07 22:06:04+08:00,USLGB,14,19.09761574
477427500,13386,2023-03-14 16:26:27+08:00,CNYSN,2023-03-29 06:16:36+08:00,USLGB,16.67,14.57649306
477427500,13386,2023-04-28 02:51:12+08:00,CNYSN,2023-05-12 20:35:43+08:00,USLGB,16.43,14.73924769
477427500,13386,2023-06-07 17:21:33+08:00,CNYSN,2023-06-23 04:48:16+08:00,USLGB,15.68,15.47688657
477427500,13386,2023-07-18 02:45:33+08:00,CNYSN,2023-08-01 19:45:55+08:00,USLGB,16.48,14.70858796
477427500,13386,2023-09-10 08:09:46+08:00,TWKAO,2023-09-24 20:35:18+08:00,USLGB,17.79,14.51773148
477427500,13386,2023-11-03 16:17:03+08:00,TWKAO,2023-11-18 21:55:18+08:00,USLGB,17.08,15.23489583
477427500,13386,2023-12-22 20:45:08+08:00,TWKAO,2024-01-06 21:40:02+08:00,USLGB,18.06,15.038125
477427500,13386,2024-03-26 01:20:38+08:00,CNYSN,2024-04-10 18:04:16+08:00,USLGB,16.31,15.69696759
477427500,13386,2024-05-10 11:48:19+08:00,CNYSN,2024-05-26 20:47:05+08:00,USLGB,14.85,16.37414352
477427500,13386,2024-06-29 03:55:17+08:00,TWKAO,2024-07-13 21:21:56+08:00,USLGB,17.51,14.72684028
477427500,13386,2024-08-17 10:31:42+08:00,TWKAO,2024-08-31 18:00:14+08:00,USLGB,18.16,14.31148148
477427500,13386,2024-10-06 02:53:34+08:00,TWKAO,2024-10-20 20:41:18+08:00,USLGB,18.18,14.74148148
477427500,13386,2024-11-23 19:05:32+08:00,TWKAO,2024-12-08 21:22:03+08:00,USLGB,17.99,15.09480324
477427500,13386,2025-01-12 04:17:45+08:00,TWKAO,2025-01-27 21:06:08+08:00,USLGB,17.23,15.7002662
477427500,13386,2025-03-08 08:52:50+08:00,TWKAO,2025-03-23 21:22:57+08:00,USLGB,16.99,15.52091435
477427500,13386,2025-04-28 00:15:21+08:00,CNYSN,2025-05-13 06:12:05+08:00,USLGB,15.99,15.24773148
477427500,13386,2025-06-12 16:20:24+08:00,CNYSN,2025-06-28 05:58:35+08:00,USLGB,15.68,15.56818287
477430100,14078,2023-05-29 03:50:09+08:00,CNYTN,2023-06-13 22:31:16+08:00,USLSA,17.09,15.77855324
477430100,14078,2023-08-04 14:10:05+08:00,CNYTN,2023-08-20 04:21:52+08:00,USLSA,17.21,15.5915162
477430100,14078,2023-10-12 16:40:28+08:00,CNYTN,2023-10-29 16:15:33+08:00,USLSA,15.93,16.98269676
477430100,14078,2023-12-20 20:37:01+08:00,CNYTN,2024-01-07 21:30:48+08:00,USLSA,15.09,18.03734954
477430100,14078,2024-02-27 14:20:49+08:00,CNYTN,2024-03-17 18:23:33+08:00,USLSA,14.61,19.16856481
477430100,14078,2024-05-06 21:05:11+08:00,CNYTN,2024-05-23 20:28:10+08:00,USLSA,16.09,16.97429398
477430100,14078,2024-07-10 07:22:36+08:00,CNYTN,2024-07-27 23:10:42+08:00,USLGB,15.4,17.65840278
477430100,14078,2024-09-19 23:25:14+08:00,CNYTN,2024-10-06 21:17:37+08:00,USLGB,16.1,16.91137731
477430100,14078,2024-11-20 06:54:13+08:00,CNYTN,2024-12-07 19:51:49+08:00,USLGB,15.56,17.54
477430100,14078,2025-01-29 09:53:18+08:00,CNYTN,2025-02-15 18:56:36+08:00,USLGB,16.1,17.37729167
477430100,14078,2025-04-09 14:34:56+08:00,CNYSN,2025-04-28 22:53:28+08:00,USLGB,12.56,19.3462037
477441400,10100,2021-11-13 13:49:26+08:00,CNYSN,2022-01-06 07:57:57+08:00,USLSA,5.29,53.75591435
477441400,10100,2025-04-06 04:38:57+08:00,CNYSN,2025-06-01 20:10:41+08:00,USLSA,12.14,56.64703704
477441800,10036,2020-05-05 23:40:15+08:00,CNNBO,2020-05-18 21:07:51+08:00,USLGB,18.62,12.89416667
477441800,10036,2020-11-03 22:17:26+08:00,CNNBO,2020-11-16 21:31:26+08:00,USLGB,19.05,12.96805556
477441800,10036,2021-02-03 09:30:46+08:00,CNYTN,2021-02-20 23:30:37+08:00,USLGB,15.62,17.58322917
477441800,10036,2021-03-19 18:32:58+08:00,CNYTN,2021-04-07 21:45:36+08:00,USLSA,14.2,19.13377315
477441800,10036,2021-05-06 14:15:11+08:00,CNYTN,2021-05-20 05:53:57+08:00,USLSA,19.54,13.6519213
477441800,10036,2021-06-26 12:43:38+08:00,CNXIA,2021-07-10 21:05:06+08:00,USLGB,17.95,14.34824074
477441800,10036,2021-08-23 02:17:56+08:00,CNYTN,2021-09-11 04:56:47+08:00,USLSA,14.15,19.1103125
477441800,10036,2021-10-18 12:33:37+08:00,CNYTN,2021-11-08 21:36:08+08:00,USLGB,12.88,21.37674769
477441800,10036,2021-12-08 12:21:38+08:00,CNYTN,2022-01-04 02:48:13+08:00,USLGB,11.05,26.60179398
477441800,10036,2023-01-20 04:36:28+08:00,CNNBO,2023-02-06 21:07:09+08:00,USLGB,14.44,17.68797454
477441800,10036,2023-11-23 10:09:27+08:00,CNYSN,2023-12-08 06:55:21+08:00,USLGB,16.34,14.86520833
477441800,10036,2024-01-12 20:05:51+08:00,CNYSN,2024-01-26 21:02:17+08:00,USLGB,17.14,14.03918981
477441800,10036,2024-02-28 14:43:41+08:00,CNYSN,2024-03-14 05:59:01+08:00,USLGB,16.99,14.63564815
477441800,10036,2024-04-19 22:49:12+08:00,CNYSN,2024-05-03 21:08:28+08:00,USLGB,17.27,13.9300463
477441800,10036,2024-07-03 20:56:38+08:00,CNNBO,2024-07-17 21:23:02+08:00,USLGB,17.18,14.01833333
477441800,10036,2024-08-21 01:42:55+08:00,CNNBO,2024-09-04 20:39:38+08:00,USLGB,16.32,14.78938657
477441800,10036,2024-10-16 21:55:04+08:00,CNNBO,2024-10-30 20:56:39+08:00,USLGB,17.61,13.95943287
477441800,10036,2024-12-04 01:17:07+08:00,CNNBO,2024-12-18 22:47:33+08:00,USLGB,16.63,14.89613426
477441800,10036,2025-01-22 23:33:56+08:00,CNNBO,2025-02-06 07:04:42+08:00,USLGB,18.19,14.31303241
477441800,10036,2025-03-13 22:43:17+08:00,CNNBO,2025-03-27 21:04:58+08:00,USLGB,17.71,13.93172454
477441800,10036,2025-05-01 21:06:42+08:00,CNNBO,2025-05-15 21:28:38+08:00,USLGB,17.27,14.01523148
477441800,10036,2025-06-21 18:11:34+08:00,CNNBO,2025-07-07 21:21:24+08:00,USLGB,14.91,16.1318287
477454100,14080,2024-11-11 20:48:39+08:00,CNYSN,2024-11-28 00:43:05+08:00,USLGB,14.87,16.16280093
477454100,14080,2025-01-20 20:19:27+08:00,CNYTN,2025-02-08 23:12:25+08:00,USLGB,14.72,19.12011574
477454100,14080,2025-04-06 07:19:47+08:00,CNYSN,2025-04-22 19:08:58+08:00,USLGB,14.79,16.49248843
477454900,8888,2020-02-06 01:24:09+08:00,TWKAO,2020-02-20 23:14:45+08:00,USLGB,17.85,14.91013889
477454900,8888,2020-03-19 09:39:18+08:00,TWKAO,2020-04-02 08:00:49+08:00,USLGB,18.43,13.9316088
477454900,8888,2020-08-01 20:37:33+08:00,CNYTN,2020-08-15 08:33:30+08:00,USLGB,19.8,13.4971875
477454900,8888,2020-10-09 06:48:43+08:00,CNNBO,2020-10-24 11:23:52+08:00,USLGB,15.93,15.19107639
477454900,8888,2024-04-23 20:48:52+08:00,CNNBO,2024-05-07 21:17:28+08:00,USLGB,17.32,14.01986111
477454900,8888,2024-06-14 00:22:22+08:00,CNNBO,2024-06-27 06:08:21+08:00,USLGB,18.3,13.2402662
477454900,8888,2024-08-04 11:35:39+08:00,CNNBO,2024-08-17 21:06:04+08:00,USLGB,18.08,13.39612269
477454900,8888,2024-09-19 08:19:16+08:00,CNNBO,2024-10-03 05:03:28+08:00,USLGB,17.44,13.86402778
477454900,8888,2024-11-07 13:58:48+08:00,CNNBO,2024-11-21 07:10:36+08:00,USLGB,18.1,13.71652778
477518600,10100,2020-05-31 23:34:45+08:00,CNNBO,2020-06-15 07:45:04+08:00,USLSA,16.92,14.34049769
477519400,9403,2020-11-10 02:17:17+08:00,CNNBO,2020-11-22 21:43:10+08:00,USLGB,19.37,12.8096412
477524700,14080,2020-07-21 05:42:11+08:00,CNYTN,2020-08-05 06:17:55+08:00,USLGB,17.75,15.02481481
477524700,14080,2020-11-30 10:32:56+08:00,CNYTN,2020-12-17 22:11:32+08:00,USLGB,16.01,17.48513889
477524700,14080,2021-05-06 19:41:14+08:00,CNYTN,2021-05-22 07:20:44+08:00,USLGB,17.31,15.48576389
477524700,14080,2021-07-18 11:01:51+08:00,CNYTN,2021-08-08 17:55:56+08:00,USLGB,12.55,21.28755787
477524700,14080,2023-11-27 13:30:36+08:00,CNYTN,2023-12-16 22:15:03+08:00,USLSA,13.92,19.36420139
477524700,14080,2024-02-07 09:46:49+08:00,CNYTN,2024-02-28 21:55:50+08:00,USLSA,13.7,21.50626157
477524700,14080,2024-04-24 19:28:02+08:00,CNYTN,2024-05-13 18:19:59+08:00,USLSA,14.34,18.95274306
477524700,14080,2024-07-02 06:36:33+08:00,CNYTN,2024-07-19 21:05:22+08:00,USLGB,15.35,17.60334491
477524700,14080,2024-09-04 04:13:25+08:00,CNYTN,2024-09-20 20:48:37+08:00,USLGB,16.18,16.69111111
477524700,14080,2024-11-06 23:53:43+08:00,CNYTN,2024-11-25 21:59:54+08:00,USLSA,14.44,18.92096065
477524700,14080,2025-01-14 09:57:07+08:00,CNYTN,2025-02-01 20:02:54+08:00,USLGB,14.88,18.42068287
477524700,14080,2025-03-27 11:48:37+08:00,CNYSN,2025-04-13 22:20:39+08:00,USLGB,13.91,17.43891204
477528400,9592,2020-04-22 07:37:39+08:00,CNNBO,2020-05-07 21:34:14+08:00,USLSA,15.5,15.58096065
477528400,9592,2020-06-04 10:40:20+08:00,CNNBO,2020-06-19 06:43:01+08:00,USLSA,16.56,14.83519676
477528400,9592,2020-07-17 17:32:08+08:00,CNNBO,2020-08-01 06:45:21+08:00,USLSA,17.16,14.55084491
477528400,9592,2020-08-29 03:18:23+08:00,CNNBO,2020-09-13 23:51:04+08:00,USLSA,16.09,15.85603009
477528400,9592,2020-10-11 21:34:26+08:00,CNQIN,2020-10-27 21:12:30+08:00,USLSA,16.19,15.98476852
477528400,9592,2020-11-30 11:05:35+08:00,CNQIN,2020-12-23 23:00:36+08:00,USLSA,12.23,23.49653935
477528400,9592,2021-01-28 22:43:44+08:00,CNNBO,2021-02-13 22:05:58+08:00,USLSA,16.65,15.97377315
477528400,9592,2021-03-22 02:34:51+08:00,CNQIN,2021-04-08 06:17:06+08:00,USLSA,16.33,17.15434028
477528400,9592,2021-05-23 09:23:35+08:00,CNMWN,2021-07-19 06:11:34+08:00,USLSA,10.71,56.86665509
477528400,9592,2021-09-18 10:59:02+08:00,CNYTN,2021-10-11 20:29:57+08:00,USLSA,11.71,23.39646991
477528400,9592,2022-01-06 08:26:51+08:00,CNYTN,2022-02-02 23:12:16+08:00,USLSA,10.79,27.61487269
477528400,9592,2023-01-23 09:39:14+08:00,CNYTN,2023-02-18 21:13:44+08:00,USLSA,10.76,26.48229167
477528400,9592,2023-05-12 10:23:20+08:00,CNYTN,2023-05-27 07:05:28+08:00,USLSA,17.97,14.86259259
477528400,9592,2023-08-03 20:59:03+08:00,CNYTN,2023-08-18 07:05:19+08:00,USLSA,18.53,14.42101852
477528400,9592,2023-10-31 13:35:58+08:00,CNYTN,2023-11-15 08:15:10+08:00,USLSA,18.19,14.77722222
477528400,9592,2024-01-26 21:33:54+08:00,CNYTN,2024-02-12 23:37:06+08:00,USLSA,15.91,17.08555556
477528400,9592,2024-04-27 22:05:18+08:00,CNYTN,2024-05-12 07:03:22+08:00,USLSA,18.61,14.37365741
477528400,9592,2024-07-31 21:22:58+08:00,CNYTN,2024-08-15 07:40:56+08:00,USLSA,18.56,14.42914352
477528400,9592,2024-10-28 02:26:54+08:00,CNYTN,2024-11-12 20:33:41+08:00,USLSA,17.51,15.75471065
477528400,9592,2025-01-25 00:43:07+08:00,CNYTN,2025-02-09 22:40:27+08:00,USLSA,16.9,15.91481481
477607700,8063,2020-01-21 20:46:29+08:00,CNWGQ,2020-02-05 07:57:54+08:00,USLGB,16.82,14.46626157
477607700,8063,2020-03-03 15:54:25+08:00,CNWGQ,2020-03-19 21:10:47+08:00,USLGB,14.98,16.21969907
477607700,8063,2020-04-14 14:52:01+08:00,CNWGQ,2020-04-28 20:58:33+08:00,USLGB,17.03,14.25453704
477607700,8063,2020-05-27 14:21:21+08:00,CNWGQ,2020-06-10 07:58:46+08:00,USLGB,17.69,13.73431713
477607700,8063,2020-07-08 01:34:54+08:00,CNWGQ,2020-07-22 07:25:47+08:00,USLGB,17.08,14.24366898
477607700,8063,2020-08-21 13:36:32+08:00,CNWGQ,2020-09-03 21:51:34+08:00,USLGB,18.16,13.34377315
477607700,8063,2020-10-01 11:30:19+08:00,CNWGQ,2020-10-17 07:26:15+08:00,USLGB,15.46,15.83050926
477607700,8063,2020-11-10 19:25:27+08:00,CNWGQ,2020-11-29 21:37:58+08:00,USLGB,13.13,19.09202546
477607700,8063,2020-12-24 10:47:11+08:00,CNYSN,2021-01-10 22:27:18+08:00,USLGB,15.59,17.48619213
477607700,8063,2021-02-05 14:32:31+08:00,CNYSN,2021-02-21 21:26:35+08:00,USLGB,15.21,16.2875463
477607700,8063,2021-03-19 22:21:24+08:00,CNYSN,2021-04-04 20:58:51+08:00,USLGB,15.47,15.94267361
477607700,8063,2021-05-02 07:08:52+08:00,CNYSN,2021-05-14 21:07:22+08:00,USLGB,19.14,12.58229167
477607700,8063,2021-06-06 01:42:43+08:00,CNYSN,2021-06-20 06:02:42+08:00,USLGB,16.98,14.18054398
477607700,8063,2021-07-13 21:07:46+08:00,CNYSN,2021-07-31 21:07:18+08:00,USLGB,13.35,17.99967593
477607700,8063,2021-08-28 22:15:38+08:00,CNYSN,2021-09-12 21:14:55+08:00,USLGB,16.05,14.95783565
477607700,8063,2021-10-01 21:30:18+08:00,CNNBO,2021-10-24 20:51:51+08:00,USLGB,10.61,22.97329861
477607700,8063,2021-11-21 00:44:27+08:00,CNYSN,2021-12-05 21:50:36+08:00,USLGB,16.18,14.87927083
477607700,8063,2022-01-01 05:24:31+08:00,CNYSN,2022-01-21 21:52:09+08:00,USLGB,11.81,20.68585648
477607700,8063,2022-03-06 14:46:53+08:00,CNNBO,2022-03-23 21:57:56+08:00,USLGB,14.13,17.29934028
477607700,8063,2022-04-15 16:06:51+08:00,CNYSN,2022-05-06 20:50:48+08:00,USLGB,11.33,21.1971875
477607700,8063,2022-06-10 09:20:59+08:00,CNYSN,2022-06-28 20:20:41+08:00,USLGB,13.11,18.458125
477607700,8063,2022-07-20 17:45:52+08:00,CNYSN,2022-08-03 20:49:33+08:00,USLGB,17,14.12755787
477607700,8063,2022-08-31 05:55:27+08:00,CNYSN,2022-09-16 20:19:56+08:00,USLGB,14.49,16.60033565
477607700,8063,2022-10-18 18:43:58+08:00,CNYSN,2022-11-05 07:02:00+08:00,USLGB,13.88,17.51252315
477607700,8063,2022-11-29 14:19:59+08:00,CNYSN,2022-12-13 21:48:00+08:00,USLGB,17.18,14.31112269
477617600,8063,2024-05-22 12:47:40+08:00,CNNBO,2024-06-05 21:06:05+08:00,USLGB,16.92,14.34612269
477617600,8063,2024-07-09 22:30:10+08:00,CNNBO,2024-07-24 21:39:41+08:00,USLGB,16.21,14.96494213
477617600,8063,2025-02-01 04:30:50+08:00,CNYTN,2025-02-15 22:16:03+08:00,USLGB,18.27,14.7397338
477617600,8063,2025-03-17 03:51:04+08:00,CNYTN,2025-04-01 08:14:51+08:00,USLGB,17.75,15.18318287
477617600,8063,2025-07-03 16:16:45+08:00,CNXIA,2025-07-18 19:45:54+08:00,USLGB,17.3,15.14524306
477624100,12562,2025-02-15 15:34:28+08:00,CNYSN,2025-04-15 05:37:09+08:00,USLSA,11.84,58.58519676
477630100,12118,2021-12-09 03:46:51+08:00,CNYSN,2022-02-02 06:35:24+08:00,USLSA,13.16,55.11704861
477634700,4992,2021-03-09 20:34:24+08:00,CNYTN,2021-03-26 13:02:47+08:00,USLSA,17.49,16.68637731
477634700,4992,2021-04-20 23:50:08+08:00,CNYTN,2021-05-05 06:01:18+08:00,USLSA,18.79,14.25775463
477634700,4992,2021-05-30 01:58:13+08:00,CNYTN,2021-06-17 13:04:18+08:00,USLSA,14.65,18.46255787
477634700,4992,2021-07-08 17:15:50+08:00,CNYTN,2021-08-02 11:59:31+08:00,USLSA,10.99,24.78033565
477634700,4992,2021-08-27 21:12:19+08:00,CNYTN,2021-09-28 22:43:52+08:00,USLSA,8.54,32.06357639
477637600,10036,2020-04-13 18:21:51+08:00,CNNBO,2020-04-29 22:23:09+08:00,USLGB,15.51,16.16756944
477637600,10036,2020-06-06 16:35:59+08:00,CNYSN,2020-06-25 20:38:47+08:00,USLGB,13.35,19.16861111
477637600,10036,2020-07-25 22:05:38+08:00,CNYSN,2020-08-14 20:47:28+08:00,USLGB,12.87,19.94571759
477637600,10036,2020-09-16 03:50:17+08:00,CNYSN,2020-10-07 21:26:48+08:00,USLGB,12.09,21.73369213
477637600,10036,2020-11-13 13:44:43+08:00,CNYTN,2020-11-27 22:52:02+08:00,USLGB,18.78,14.38008102
477637600,10036,2020-12-26 13:55:23+08:00,CNYSN,2021-01-22 10:50:33+08:00,USLGB,9.87,26.87164352
477637600,10036,2021-02-24 10:11:54+08:00,CNNBO,2021-03-13 22:24:59+08:00,USLGB,14.21,17.50908565
477637600,10036,2021-04-14 15:58:44+08:00,CNQIN,2021-04-27 21:26:11+08:00,USLGB,18.36,13.22739583
477637600,10036,2021-05-31 19:21:54+08:00,CNYSN,2021-06-21 21:07:43+08:00,USLSA,12.15,21.0734838
477637600,10036,2021-07-21 05:26:48+08:00,CNYSN,2021-08-08 02:59:01+08:00,USLGB,14.26,17.89737269
477637600,10036,2021-09-11 12:52:40+08:00,CNYSN,2021-10-15 21:05:04+08:00,USLSA,7.73,34.34194444
477637600,10036,2021-11-18 21:32:26+08:00,CNYSN,2021-12-27 22:10:43+08:00,USLSA,7.57,39.02658565
477637600,10036,2022-01-31 23:06:06+08:00,CNYSN,2022-02-14 22:36:29+08:00,USLGB,17.13,13.97943287
477637600,10036,2022-03-13 16:20:24+08:00,CNYSN,2022-04-07 07:03:05+08:00,USLGB,10.58,24.61297454
477637600,10036,2022-05-07 22:58:56+08:00,CNYSN,2022-06-01 21:00:15+08:00,USLSA,9.81,24.91758102
477637600,10036,2022-07-04 16:06:26+08:00,CNYSN,2022-07-23 21:16:30+08:00,USLSA,13.56,19.21532407
477637600,10036,2022-12-28 06:18:53+08:00,CNNBO,2023-01-10 22:09:15+08:00,USLGB,17.75,13.65997685
477637600,10036,2023-06-26 02:26:42+08:00,CNNBO,2023-07-09 21:06:23+08:00,USLGB,17.46,13.77755787
477637600,10036,2023-08-19 07:07:35+08:00,CNNBO,2023-09-02 05:58:53+08:00,USLGB,17.25,13.95229167
477637600,10036,2023-10-06 11:00:17+08:00,CNNBO,2023-10-23 05:20:12+08:00,USLGB,14.48,16.76383102
477637600,10036,2023-12-02 08:23:51+08:00,CNNBO,2023-12-16 06:10:13+08:00,USLGB,17.33,13.90719907
477637600,10036,2024-01-22 08:47:20+08:00,CNNBO,2024-02-08 22:12:13+08:00,USLGB,13.93,17.55894676
477637600,10036,2024-03-22 09:27:36+08:00,CNNBO,2024-04-04 18:56:07+08:00,USLGB,18,13.39480324
477637600,10036,2024-05-08 02:56:11+08:00,CNNBO,2024-05-21 22:11:52+08:00,USLGB,17.44,13.80255787
477637600,10036,2024-06-26 10:20:40+08:00,CNNBO,2024-07-10 21:30:39+08:00,USLGB,16.64,14.4652662
477637600,10036,2024-08-14 20:52:51+08:00,CNNBO,2024-08-28 23:58:55+08:00,USLGB,17.05,14.12921296
477637600,10036,2024-10-02 08:44:07+08:00,CNNBO,2024-10-16 21:45:34+08:00,USLGB,16.56,14.54267361
477637600,10036,2024-12-25 09:40:39+08:00,CNNBO,2025-01-08 23:39:19+08:00,USLGB,16.55,14.58240741
477637600,10036,2025-02-19 04:23:57+08:00,CNYSN,2025-03-06 21:23:10+08:00,USLGB,15.42,15.70778935
477637600,10036,2025-04-08 17:13:08+08:00,CNYSN,2025-04-24 06:02:26+08:00,USLGB,15.61,15.53423611
477637600,10036,2025-05-29 18:01:43+08:00,CNYSN,2025-06-12 21:39:43+08:00,USLGB,17.09,14.15138889
477652300,13386,2020-01-25 20:26:05+08:00,CNYSN,2020-02-17 21:58:52+08:00,USLSA,11.08,23.06443287
477652300,13386,2020-06-06 07:00:14+08:00,TWKAO,2020-06-20 07:55:46+08:00,USLGB,18.32,14.03856481
477652300,13386,2020-07-25 18:31:46+08:00,TWKAO,2020-08-07 21:14:07+08:00,USLGB,19.75,13.11274306
477652300,13386,2020-09-13 07:39:37+08:00,TWKAO,2020-09-26 22:23:34+08:00,USLGB,19.1,13.61385417
477652300,13386,2020-11-02 12:48:19+08:00,TWKAO,2020-11-19 10:56:25+08:00,USLGB,15.19,16.92229167
477652300,13386,2020-12-23 18:24:13+08:00,TWKAO,2021-01-08 10:51:33+08:00,USLGB,17.03,15.68564815
477652300,13386,2021-02-17 10:11:41+08:00,TWKAO,2021-03-03 08:56:48+08:00,USLGB,18.51,13.94799769
477652300,13386,2021-04-07 05:53:30+08:00,TWKAO,2021-04-21 21:13:14+08:00,USLGB,17.72,14.6387037
477652300,13386,2021-05-28 14:31:35+08:00,CNNBO,2021-06-11 07:07:26+08:00,USLGB,17.77,13.6915625
477652300,13386,2021-07-18 00:02:12+08:00,TWKAO,2021-08-02 10:24:19+08:00,USLGB,16.81,15.43202546
477652300,13386,2021-12-23 23:20:33+08:00,TWKAO,2022-01-15 23:11:03+08:00,USLGB,11.96,22.99340278
477652300,13386,2022-02-21 06:19:03+08:00,CNYTN,2022-03-09 22:26:38+08:00,USLGB,16.37,16.67193287
477652300,13386,2022-04-15 10:05:24+08:00,TWKAO,2022-05-02 19:58:38+08:00,USLGB,14.88,17.41196759
477652300,13386,2022-06-11 04:14:42+08:00,TWKAO,2022-06-26 07:07:36+08:00,USLGB,17.05,15.12006944
477652300,13386,2022-08-07 18:22:44+08:00,TWKAO,2022-08-21 21:40:43+08:00,USLGB,18.24,14.13748843
477652300,13386,2022-09-27 10:03:04+08:00,TWKAO,2022-10-12 21:31:05+08:00,USLGB,17.04,15.47778935
477652300,13386,2022-11-15 11:59:52+08:00,TWKAO,2022-11-29 21:17:09+08:00,USLGB,17.89,14.38700231
477652300,13386,2023-01-14 09:04:56+08:00,TWKAO,2023-01-29 21:59:46+08:00,USLGB,16.63,15.5380787
477652300,13386,2023-03-11 13:21:42+08:00,TWKAO,2023-03-25 20:57:19+08:00,USLGB,18.1,14.31640046
477652300,13386,2024-04-19 12:42:58+08:00,TWKAO,2024-05-03 18:29:09+08:00,USLGB,18.14,14.24040509
477652300,13386,2024-06-07 23:48:25+08:00,TWKAO,2024-06-21 20:33:41+08:00,USLGB,18.62,13.86476852
477652300,13386,2024-07-28 20:51:40+08:00,TWKAO,2024-08-12 06:58:56+08:00,USLGB,17.82,14.42171296
477652300,13386,2024-09-15 07:34:38+08:00,TWKAO,2024-09-29 21:25:14+08:00,USLGB,17.93,14.57680556
477652300,13386,2024-10-26 10:42:47+08:00,TWKAO,2024-11-09 22:30:28+08:00,USLGB,17.89,14.49144676
477652300,13386,2024-12-14 02:15:22+08:00,TWKAO,2024-12-28 11:14:38+08:00,USLGB,17.95,14.37449074
477652300,13386,2025-02-03 21:53:41+08:00,TWKAO,2025-02-20 19:50:43+08:00,USLGB,16.52,16.91460648
477652300,13386,2025-03-29 05:33:33+08:00,TWKAO,2025-04-12 20:55:08+08:00,USLGB,18.01,14.63998843
477654500,1730,2021-08-28 21:46:15+08:00,CNHUI,2021-10-02 18:50:14+08:00,USLSA,7.89,34.8777662
477654500,1730,2021-11-04 13:59:05+08:00,CNHUI,2021-12-09 02:28:52+08:00,USLGB,8.72,34.52068287
477655200,8500,2020-06-28 14:51:32+08:00,CNYTN,2020-07-11 20:30:47+08:00,USLGB,20.34,13.23559028
477655200,8500,2020-09-06 13:47:29+08:00,CNYTN,2020-09-19 21:11:19+08:00,USLGB,21.42,13.30821759
477655200,8500,2020-11-16 11:06:53+08:00,CNYTN,2020-12-02 22:25:19+08:00,USLSA,17.22,16.47113426
477655200,8500,2021-01-01 02:21:16+08:00,CNYTN,2021-01-18 06:55:09+08:00,USLGB,15.61,17.19019676
477655200,8500,2021-02-17 14:42:07+08:00,CNYTN,2021-03-14 21:36:29+08:00,USLSA,12,25.28775463
477665400,12118,2021-03-07 21:24:14+08:00,CNYTN,2021-04-10 22:05:46+08:00,USLSA,8.65,34.02884259
477698600,13386,2023-01-07 00:51:01+08:00,CNYSN,2023-01-23 22:48:31+08:00,USLGB,16.15,16.91493056
477698600,13386,2023-02-28 10:21:35+08:00,CNYSN,2023-03-16 00:19:43+08:00,USLGB,15.91,15.58203704
477698600,13386,2023-04-11 18:55:06+08:00,CNYSN,2023-04-26 20:55:49+08:00,USLGB,16.33,15.08383102
477698600,13386,2023-05-24 10:14:24+08:00,CNYSN,2023-06-08 20:37:14+08:00,USLGB,15.85,15.43252315
477698600,13386,2023-07-04 18:19:53+08:00,CNYSN,2023-07-19 20:55:01+08:00,USLGB,16.22,15.10773148
477698600,13386,2023-08-17 00:44:38+08:00,CNYSN,2023-09-03 22:05:07+08:00,USLGB,13.81,17.88922454
477698600,13386,2023-09-27 14:06:45+08:00,CNYSN,2023-10-12 23:40:07+08:00,USLGB,15.88,15.3981713
477698600,13386,2023-12-20 13:58:19+08:00,CNYSN,2024-01-04 10:16:19+08:00,USLGB,16.52,14.84583333
477698600,13386,2024-02-10 22:49:38+08:00,TWKAO,2024-02-25 21:36:52+08:00,USLGB,18.23,14.94946759
477698600,13386,2024-04-06 20:32:06+08:00,TWKAO,2024-04-21 20:59:27+08:00,USLGB,17.8,15.01899306
477699600,10100,2025-03-23 03:34:23+08:00,CNYSN,2025-05-18 21:43:50+08:00,USLSA,12.59,56.7565625
477706200,2750,2021-07-10 10:34:42+08:00,CNTAI,2021-08-03 20:27:39+08:00,USLSA,10.16,24.41177083
477706900,12118,2021-05-06 12:18:57+08:00,CNYTN,2021-05-31 22:30:08+08:00,USLSA,10.63,25.42443287
477706900,12118,2021-07-24 07:20:29+08:00,CNYTN,2021-08-19 12:38:49+08:00,USLSA,10.28,26.22106481
477706900,12118,2021-09-24 08:27:13+08:00,CNYTN,2021-10-10 21:06:55+08:00,USLSA,16.55,16.52756944
477706900,12118,2021-11-13 06:35:13+08:00,CNYTN,2021-12-05 23:52:24+08:00,USLSA,12.81,22.7202662
477706900,12118,2022-01-11 22:42:02+08:00,CNYTN,2022-02-11 22:56:48+08:00,USLSA,10.33,31.01025463
477706900,12118,2022-03-24 09:01:48+08:00,CNYTN,2022-04-08 21:45:00+08:00,USLSA,17.62,15.53
477714100,8586,2024-10-30 23:00:07+08:00,CNYTN,2024-11-15 08:18:27+08:00,USLGB,18.05,15.38773148
477714600,8586,2024-11-06 02:23:36+08:00,CNYTN,2024-11-21 07:58:06+08:00,USLGB,18.32,15.23229167
477728800,3534,2020-01-09 23:28:51+08:00,CNWGQ,2020-01-22 07:23:11+08:00,USLSA,20.76,12.32939815
477728800,3534,2020-03-19 09:25:46+08:00,CNWGQ,2020-03-31 06:25:04+08:00,USLSA,20.86,11.87451389
477737600,14080,2020-04-27 15:10:23+08:00,CNYTN,2020-05-12 20:20:48+08:00,USLGB,17.57,15.21556713
477737600,14080,2020-09-02 09:59:47+08:00,CNYTN,2020-09-16 18:51:21+08:00,USLGB,19.36,14.36914352
477737600,14080,2021-01-18 23:13:13+08:00,CNYTN,2021-02-17 19:55:37+08:00,USLGB,9.54,29.86277778
477737600,14080,2021-07-28 00:55:07+08:00,CNYTN,2021-08-17 17:48:26+08:00,USLGB,12.99,20.70369213
477737600,14080,2021-10-15 11:27:10+08:00,CNYTN,2021-11-25 11:08:45+08:00,USLGB,7.82,40.98721065
477737600,14080,2022-04-20 14:53:50+08:00,CNYTN,2022-05-06 21:12:11+08:00,USLGB,16.63,16.26274306
477737600,14080,2023-06-07 06:24:16+08:00,CNYTN,2023-06-22 06:11:39+08:00,USLSA,17.81,14.99123843
477737600,14080,2023-08-12 22:55:28+08:00,CNYTN,2023-08-29 06:50:26+08:00,USLSA,16.54,16.32983796
477737600,14080,2023-10-21 07:10:20+08:00,CNYTN,2023-11-07 20:40:55+08:00,USLSA,15.8,17.56290509
477737600,14080,2023-12-30 19:31:05+08:00,CNYTN,2024-01-16 09:05:05+08:00,USLSA,16.47,16.56527778
477737600,14080,2024-03-09 23:30:30+08:00,CNYTN,2024-03-27 21:45:39+08:00,USLSA,15.25,17.9271875
477737600,14080,2024-05-16 07:39:43+08:00,CNYTN,2024-06-03 08:51:24+08:00,USLSA,15,18.04978009
477737600,14080,2024-07-22 07:57:14+08:00,CNYTN,2024-08-07 20:16:42+08:00,USLGB,16.39,16.51351852
477737600,14080,2024-09-28 19:08:49+08:00,CNYTN,2024-10-16 20:57:20+08:00,USLGB,15.13,18.0753588
477737600,14080,2024-11-27 09:48:28+08:00,CNYTN,2024-12-15 08:03:07+08:00,USLGB,15.99,17.92684028
477737600,14080,2025-02-07 01:41:18+08:00,CNYTN,2025-02-25 08:47:07+08:00,USLGB,14.79,18.29570602
477737600,14080,2025-04-15 05:27:13+08:00,CNYSN,2025-05-05 19:06:20+08:00,USLGB,11.96,20.56883102
477737800,10100,2021-07-04 21:06:16+08:00,CNTJN,2021-07-27 21:02:33+08:00,USLSA,10.89,22.99741898
477737800,10100,2021-09-24 09:17:38+08:00,CNNBO,2021-10-27 21:27:19+08:00,USLGB,7.64,33.50672454
477737800,10100,2021-12-26 20:23:01+08:00,CNNBO,2022-01-27 23:23:58+08:00,USLSA,9.07,32.12565972
477738200,8501,2022-08-26 18:17:06+08:00,CNYSN,2022-09-08 20:28:31+08:00,USLSA,18.32,13.09126157
477738200,8501,2022-11-19 04:44:33+08:00,CNYSN,2022-12-08 06:54:41+08:00,USLSA,13.54,19.09037037
477738200,8501,2024-04-13 06:57:24+08:00,CNYSN,2024-04-26 21:27:40+08:00,USLGB,17.73,13.60435185
477738200,8501,2024-09-28 17:57:47+08:00,CNYTN,2024-10-15 06:02:25+08:00,USLSA,16.31,16.50321759
477738500,8063,2020-07-22 00:45:04+08:00,CNWGQ,2020-08-04 20:55:14+08:00,USLGB,17.52,13.84039352
477738500,8063,2020-09-04 12:06:33+08:00,CNWGQ,2020-09-21 07:30:14+08:00,USLGB,14.43,16.80811343
477738500,8063,2020-10-14 21:02:11+08:00,CNWGQ,2020-10-31 04:09:17+08:00,USLGB,15.14,16.29659722
477738500,8063,2020-11-27 09:02:22+08:00,CNWGQ,2020-12-14 09:24:43+08:00,USLGB,14.38,17.01552083
477738500,8063,2021-01-10 14:26:35+08:00,CNYSN,2021-01-31 23:15:11+08:00,USLGB,11.34,21.36708333
477738500,8063,2021-02-21 16:09:26+08:00,CNYSN,2021-03-10 23:07:22+08:00,USLGB,14.39,17.29023148
477738500,8063,2021-04-07 09:14:21+08:00,CNYSN,2021-04-20 20:59:31+08:00,USLGB,17.99,13.48969907
477738500,8063,2021-05-13 23:10:23+08:00,CNYSN,2021-05-27 21:28:26+08:00,USLGB,17.29,13.92920139
477738500,8063,2021-06-17 19:57:50+08:00,CNYSN,2021-07-04 21:11:46+08:00,USLGB,14.11,17.05134259
477738500,8063,2021-08-04 00:03:19+08:00,CNYSN,2021-08-18 21:19:00+08:00,USLGB,16.32,14.8858912
477738500,8063,2021-09-10 21:12:08+08:00,CNYSN,2021-09-26 21:12:12+08:00,USLGB,15.08,16.0000463
477738500,8063,2021-10-18 20:46:02+08:00,CNYSN,2021-11-03 21:05:15+08:00,USLGB,15.23,16.01334491
477738500,8063,2021-11-29 13:45:42+08:00,CNYSN,2021-12-21 22:15:06+08:00,USLGB,10.94,22.35375
477738500,8063,2022-01-18 00:44:37+08:00,CNYSN,2022-02-05 08:05:00+08:00,USLGB,13.19,18.30582176
477738500,8063,2022-03-04 14:45:07+08:00,CNYSN,2022-03-19 21:45:12+08:00,USLGB,15.95,15.29172454
477738500,8063,2022-04-13 19:24:26+08:00,CNYSN,2022-04-30 06:58:32+08:00,USLGB,14.75,16.48201389
477738500,8063,2022-05-25 08:35:36+08:00,CNYSN,2022-06-10 07:49:51+08:00,USLGB,15.11,15.96822917
477738500,8063,2022-07-05 07:11:01+08:00,CNYSN,2022-07-19 20:34:16+08:00,USLGB,16.58,14.5578125
477738500,8063,2022-08-18 07:45:46+08:00,CNYSN,2022-09-02 06:15:00+08:00,USLGB,16.25,14.93696759
477738500,8063,2022-09-27 07:46:05+08:00,CNYSN,2022-10-15 20:57:17+08:00,USLGB,13.21,18.54944444
477738500,8063,2022-11-10 00:34:23+08:00,CNYSN,2022-11-27 07:50:05+08:00,USLGB,14.23,17.30256944
477738500,8063,2024-07-01 00:17:14+08:00,CNYTN,2024-07-16 07:52:13+08:00,USLGB,17.39,15.31596065
477738500,8063,2024-08-11 19:32:20+08:00,CNYTN,2024-08-27 06:01:43+08:00,USLGB,17.31,15.43707176
477738500,8063,2024-09-22 23:30:38+08:00,CNYTN,2024-10-08 06:29:09+08:00,USLGB,17.48,15.29063657
477738500,8063,2024-11-05 01:24:16+08:00,CNYTN,2024-11-20 07:50:09+08:00,USLGB,17.64,15.26797454
477738500,8063,2024-12-16 05:18:13+08:00,CNYTN,2025-01-04 03:20:24+08:00,USLGB,14.51,18.91818287
477738500,8063,2025-01-27 15:54:56+08:00,CNYTN,2025-02-13 07:02:09+08:00,USLGB,17.1,16.63001157
477738500,8063,2025-06-23 15:37:20+08:00,CNYTN,2025-07-08 06:04:54+08:00,USLGB,18.25,14.60247685
477738600,8063,2020-04-28 00:44:57+08:00,CNWGQ,2020-05-12 21:17:13+08:00,USLGB,16.22,14.85574074
477738600,8063,2020-06-27 15:10:42+08:00,CNWGQ,2020-07-10 21:18:42+08:00,USLGB,18.44,13.25555556
477738600,8063,2020-08-07 15:45:17+08:00,CNWGQ,2020-08-21 20:41:42+08:00,USLGB,16.97,14.20584491
477738600,8063,2020-09-17 14:06:17+08:00,CNNBO,2020-10-01 22:16:17+08:00,USLGB,17.5,14.34027778
477738600,8063,2020-10-28 10:14:22+08:00,CNWGQ,2020-11-17 22:25:45+08:00,USLGB,11.78,20.50790509
477738600,8063,2020-12-10 08:04:01+08:00,CNWGQ,2020-12-31 21:58:14+08:00,USLGB,11.46,21.57931713
477738600,8063,2021-01-24 09:08:53+08:00,CNYSN,2021-02-08 22:18:56+08:00,USLGB,15.68,15.54864583
477738600,8063,2021-03-03 21:46:25+08:00,CNYSN,2021-03-20 21:06:33+08:00,USLGB,14.18,16.97231481
477738600,8063,2021-04-17 00:10:17+08:00,CNYSN,2021-05-05 21:25:47+08:00,USLGB,13.02,18.88576389
477738600,8063,2021-06-19 04:20:16+08:00,CNYTN,2021-07-05 07:50:52+08:00,USLGB,16.54,16.14625
477738600,8063,2021-08-09 18:26:13+08:00,CNYTN,2021-08-23 21:25:49+08:00,USLGB,18.92,14.12472222
477764600,13092,2020-01-19 07:33:03+08:00,CNYSN,2020-02-10 10:54:29+08:00,USLSA,11.98,22.13988426
477764600,13092,2025-06-06 08:57:43+08:00,CNYSN,2025-06-20 05:26:56+08:00,USLGB,17.37,13.85362269
477765800,4253,2020-06-06 13:40:03+08:00,CNYTN,2020-06-22 06:35:36+08:00,USLSA,16.99,15.70524306
477769600,14078,2023-09-18 21:45:38+08:00,CNYTN,2023-10-08 06:20:09+08:00,USLSA,14,19.35730324
477770200,9662,2020-06-21 15:59:16+08:00,CNYSN,2020-07-06 19:57:01+08:00,USLSA,15.84,15.16510417
477770200,9662,2020-08-03 09:10:25+08:00,CNNBO,2020-08-16 08:23:19+08:00,USLSA,18.83,12.96729167
477770300,9662,2025-05-08 08:52:08+08:00,CNYTN,2025-05-25 20:08:35+08:00,USLSA,15.31,17.46975694
477770300,9662,2025-07-04 06:23:06+08:00,CNYTN,2025-07-20 20:02:42+08:00,USLSA,16.23,16.56916667
477770700,8500,2020-03-15 18:58:46+08:00,CNYTN,2020-03-30 06:10:29+08:00,USLGB,19.6,14.46646991
477770700,8500,2020-08-09 03:46:27+08:00,CNYTN,2020-08-22 06:30:07+08:00,USLGB,20.33,13.11365741
477770700,8500,2020-11-28 06:10:13+08:00,CNNBO,2020-12-15 01:01:29+08:00,USLGB,16.73,16.78560185
477770700,8500,2021-03-06 10:26:12+08:00,CNNBO,2021-03-25 06:27:58+08:00,USLGB,13.38,18.83456019
477770700,8500,2021-05-03 08:28:08+08:00,CNNBO,2021-05-28 21:27:17+08:00,USLGB,9.48,25.54107639
477770700,8500,2021-10-14 12:41:42+08:00,CNNBO,2021-11-29 22:43:48+08:00,USLGB,5.88,46.418125
477770700,8500,2022-01-01 06:29:12+08:00,CNNBO,2022-02-02 07:57:08+08:00,USLGB,8.29,32.06106481
477770700,8500,2023-07-16 07:43:28+08:00,CNYTN,2023-07-30 20:45:02+08:00,USLGB,18.43,14.54275463
477770700,8500,2024-05-18 09:28:16+08:00,CNYTN,2024-06-02 20:27:10+08:00,USLGB,17.36,15.45756944
477776100,10100,2025-05-05 13:48:05+08:00,CNYSN,2025-06-29 21:05:21+08:00,USLSA,12.3,55.30365741
477776200,13386,2020-01-12 11:52:46+08:00,CNYSN,2020-02-01 21:13:46+08:00,USLSA,12.99,20.38958333
477776200,13386,2020-05-08 08:34:28+08:00,TWKAO,2020-05-21 20:15:12+08:00,USLGB,19.49,13.48662037
477776200,13386,2020-06-28 03:51:25+08:00,TWKAO,2020-07-11 06:34:19+08:00,USLGB,19.84,13.113125
477776200,13386,2020-08-16 12:19:53+08:00,TWKAO,2020-08-29 20:06:08+08:00,USLGB,19.49,13.32378472
477776200,13386,2020-10-03 21:42:03+08:00,TWKAO,2020-10-17 06:33:31+08:00,USLGB,19.28,13.36907407
477776200,13386,2020-11-22 02:58:48+08:00,TWKAO,2020-12-08 00:31:31+08:00,USLGB,16.73,15.89771991
477776200,13386,2021-01-13 10:38:44+08:00,TWKAO,2021-01-28 10:36:43+08:00,USLGB,17.59,14.99859954
477776200,13386,2021-03-02 18:15:21+08:00,TWKAO,2021-03-21 08:55:52+08:00,USLGB,13.96,18.61146991
477776200,13386,2021-04-22 12:24:20+08:00,TWKAO,2021-05-06 22:08:33+08:00,USLGB,18.29,14.40570602
477776200,13386,2021-06-12 20:45:17+08:00,CNYSN,2021-06-29 21:34:36+08:00,USLGB,14.16,17.03424769
477776200,13386,2021-08-12 00:20:26+08:00,TWKAO,2021-08-26 21:12:03+08:00,USLGB,17.43,14.86917824
477776200,13386,2021-10-08 15:35:09+08:00,TWKAO,2021-10-25 21:20:16+08:00,USLGB,15.58,17.23966435
477776200,13386,2021-11-27 12:45:57+08:00,CNYTN,2021-12-24 21:33:14+08:00,USLGB,10.13,27.36616898
477776200,13386,2022-02-02 15:32:48+08:00,CNYTN,2022-02-17 07:02:47+08:00,USLGB,18.26,14.64582176
477776200,13386,2022-03-29 07:06:26+08:00,CNYTN,2022-04-14 21:53:47+08:00,USLGB,16.11,16.61621528
477776200,13386,2022-05-17 19:02:05+08:00,CNYTN,2022-06-01 05:50:55+08:00,USLGB,18.57,14.4505787
477776200,13386,2022-07-10 12:59:48+08:00,CNYTN,2022-07-24 22:27:06+08:00,USLGB,18.63,14.39395833
477776200,13386,2022-08-28 22:17:51+08:00,CNYTN,2022-09-12 06:12:50+08:00,USLGB,18.82,14.32984954
477776200,13386,2022-10-14 22:23:53+08:00,TWKAO,2022-10-29 07:01:13+08:00,USLGB,18.02,14.35925926
477776200,13386,2022-12-02 20:54:29+08:00,TWKAO,2022-12-17 22:50:34+08:00,USLGB,17.24,15.08061343
477776200,13386,2023-01-28 16:56:47+08:00,TWKAO,2023-02-12 22:45:22+08:00,USLGB,17.77,15.24207176
477776200,13386,2023-03-25 10:30:50+08:00,TWKAO,2023-04-09 21:26:24+08:00,USLGB,16.86,15.45525463
477776200,13386,2023-05-12 02:15:29+08:00,TWKAO,2023-05-26 07:10:15+08:00,USLGB,18.34,14.20469907
477776200,13386,2023-07-07 22:11:01+08:00,TWKAO,2023-07-21 04:53:06+08:00,USLGB,19.49,13.27922454
477776200,13386,2023-08-25 18:00:22+08:00,TWKAO,2023-09-09 21:26:47+08:00,USLGB,17.11,15.14334491
477776200,13386,2023-10-15 07:33:34+08:00,TWKAO,2023-10-29 06:00:34+08:00,USLGB,18.62,13.93541667
477776200,13386,2024-01-19 04:18:24+08:00,TWKAO,2024-02-02 06:54:50+08:00,USLGB,18.64,14.10863426
477776200,13386,2024-03-14 19:42:35+08:00,CNNBO,2024-03-29 05:04:52+08:00,USLGB,16.74,14.39047454
477776200,13386,2024-05-02 21:44:04+08:00,TWKAO,2024-05-17 04:55:26+08:00,USLGB,18.1,14.29956019
477776200,13386,2024-06-22 02:15:46+08:00,TWKAO,2024-07-06 21:36:13+08:00,USLGB,17.4,14.80586806
477776200,13386,2024-08-11 03:15:38+08:00,TWKAO,2024-08-25 05:47:56+08:00,USLGB,18.36,14.10576389
477776200,13386,2024-09-27 21:24:42+08:00,TWKAO,2024-10-12 04:35:11+08:00,USLGB,18.42,14.29894676
477776200,13386,2024-11-17 03:37:12+08:00,TWKAO,2024-12-01 22:03:21+08:00,USLGB,18.05,14.76815972
477776200,13386,2025-01-04 10:19:14+08:00,TWKAO,2025-01-18 22:52:27+08:00,USLGB,18.63,14.52306713
477776200,13386,2025-02-28 10:28:21+08:00,TWKAO,2025-03-14 21:35:52+08:00,USLGB,18.49,14.46355324
477776200,13386,2025-04-19 01:05:10+08:00,TWKAO,2025-05-02 20:56:39+08:00,USLGB,18.7,13.82741898
477790500,10100,2024-02-24 08:35:03+08:00,CNYTN,2024-03-11 05:58:04+08:00,USLSA,17.31,15.8909838
477790500,10100,2024-04-13 08:33:10+08:00,CNYTN,2024-04-28 19:57:13+08:00,USLSA,17.43,15.47503472
477790500,10100,2024-07-21 02:52:29+08:00,CNYTN,2024-08-06 04:47:43+08:00,USLSA,16.71,16.08002315
477790500,10100,2024-09-11 07:26:14+08:00,CNYTN,2024-09-25 20:01:37+08:00,USLSA,18.44,14.52457176
477795300,13092,2020-02-07 20:17:41+08:00,CNYSN,2020-02-27 21:54:42+08:00,USLSA,13.29,20.06737269
477795300,13092,2020-04-01 14:06:20+08:00,CNNBO,2020-04-15 20:58:10+08:00,USLSA,16.83,14.28599537
477806000,5714,2025-06-05 02:33:20+08:00,CNYSN,2025-06-18 20:18:24+08:00,USLGB,17.67,13.73962963
477829700,8063,2020-01-08 22:32:09+08:00,CNWGQ,2020-01-23 08:00:38+08:00,USLGB,17.29,14.39478009
477829700,8063,2020-03-24 10:54:54+08:00,CNWGQ,2020-04-08 00:11:02+08:00,USLGB,16.66,14.55287037
477829700,8063,2020-05-05 21:51:14+08:00,CNWGQ,2020-05-19 20:52:17+08:00,USLGB,17.27,13.9590625
477829700,8063,2020-06-17 08:39:52+08:00,CNWGQ,2020-07-01 08:02:00+08:00,USLGB,17.26,13.9737037
477829700,8063,2020-07-30 07:21:12+08:00,CNWGQ,2020-08-16 20:49:26+08:00,USLGB,13.87,17.56127315
477829700,8063,2020-09-10 16:52:41+08:00,CNWGQ,2020-09-24 20:39:49+08:00,USLGB,16.99,14.15773148
477829700,8063,2020-10-20 13:58:49+08:00,CNWGQ,2020-11-08 10:48:35+08:00,USLGB,13.01,18.86789352
477829700,8063,2020-12-03 14:03:37+08:00,CNWGQ,2020-12-21 10:21:13+08:00,USLGB,13.97,17.84555556
477829700,8063,2021-01-16 14:58:08+08:00,CNYSN,2021-02-04 21:52:09+08:00,USLGB,12.67,19.28751157
477829700,8063,2021-03-02 06:27:11+08:00,CNYSN,2021-03-16 07:17:15+08:00,USLGB,17.35,14.03476852
477829700,8063,2021-04-11 01:11:27+08:00,CNYSN,2021-04-25 06:58:13+08:00,USLGB,16.89,14.24081019
477829700,8063,2021-05-21 14:18:42+08:00,CNYSN,2021-06-04 21:07:49+08:00,USLGB,16.82,14.2841088
477829700,8063,2021-06-28 18:42:27+08:00,CNNBO,2021-07-12 20:57:40+08:00,USLGB,17.16,14.09390046
477829700,8063,2021-08-09 00:52:55+08:00,CNYSN,2021-08-23 06:29:56+08:00,USLGB,16.86,14.23403935
477829700,8063,2021-09-21 19:12:03+08:00,CNYSN,2021-10-06 06:08:18+08:00,USLGB,16.82,14.45572917
477829700,8063,2021-12-20 07:39:38+08:00,CNYSN,2022-01-17 22:04:33+08:00,USLGB,8.89,28.60063657
477829700,8063,2022-02-08 17:36:11+08:00,CNYSN,2022-02-25 07:56:58+08:00,USLGB,14.72,16.5977662
477829700,8063,2022-06-01 04:17:36+08:00,CNNBO,2022-06-16 06:08:14+08:00,USLGB,16.03,15.0768287
477829700,8063,2022-07-10 21:41:12+08:00,CNYSN,2022-07-26 06:33:24+08:00,USLGB,15.65,15.36958333
477829700,8063,2022-08-28 04:14:05+08:00,CNYSN,2022-09-11 06:25:20+08:00,USLGB,17.13,14.09114583
477829700,8063,2022-10-08 04:05:25+08:00,CNYSN,2022-10-26 06:40:24+08:00,USLGB,13.37,18.10762731
477829700,8063,2022-11-22 05:49:24+08:00,CNYSN,2022-12-07 22:22:48+08:00,USLGB,15.49,15.68986111
477829700,8063,2023-01-02 06:48:39+08:00,CNYSN,2023-01-18 23:03:20+08:00,USLGB,14.51,16.67686343
477829700,8063,2025-04-17 05:35:25+08:00,CNYTN,2025-05-02 20:37:28+08:00,USLGB,17.54,15.62642361
477829700,8063,2025-06-02 18:15:51+08:00,CNYTN,2025-06-17 22:46:05+08:00,USLGB,17.62,15.18766204
477830800,4248,2021-06-08 07:02:24+08:00,CNNBO,2021-07-02 11:53:18+08:00,USLSA,9.99,24.20201389
477830800,4248,2021-07-31 14:52:54+08:00,CNNBO,2021-08-22 10:49:16+08:00,USLSA,11.21,21.83081019
477830800,4248,2021-09-14 19:08:56+08:00,CNYTN,2021-10-18 21:29:01+08:00,USLSA,8.34,34.09728009
477830800,4248,2021-11-21 02:07:44+08:00,CNYSN,2021-12-16 22:19:57+08:00,USLSA,12.35,25.84181713
477830800,4248,2022-04-11 06:49:54+08:00,CNYTN,2022-04-29 21:15:14+08:00,USLSA,14.93,18.60092593
477832300,4253,2020-05-29 15:35:15+08:00,CNYTN,2020-06-14 05:16:04+08:00,USLSA,17.24,15.57001157
477832500,13208,2021-09-23 03:13:28+08:00,CNYTN,2021-10-09 23:08:29+08:00,USLGB,15.92,16.82987269
477832500,13208,2021-11-12 16:07:23+08:00,CNYTN,2021-11-26 21:43:55+08:00,USLGB,19.09,14.2337037
477832500,13208,2022-01-06 11:54:27+08:00,CNYTN,2022-01-23 21:59:18+08:00,USLGB,15.43,17.42003472
477832500,13208,2022-02-28 14:56:33+08:00,CNYTN,2022-03-23 07:07:05+08:00,USLGB,11.94,22.67398148
477832500,13208,2022-04-22 20:46:53+08:00,CNYTN,2022-05-08 21:59:27+08:00,USLGB,16.9,16.05039352
477832500,13208,2022-06-05 00:41:05+08:00,CNYTN,2022-06-18 22:13:13+08:00,USLGB,19.18,13.89731481
477832500,13208,2022-07-17 17:08:44+08:00,CNYTN,2022-07-31 22:31:44+08:00,USLGB,18.75,14.22430556
477832500,13208,2022-08-28 11:40:22+08:00,CNYTN,2022-09-15 06:18:50+08:00,USLGB,15.13,17.77671296
477832500,13208,2022-11-03 02:07:25+08:00,CNYSN,2022-11-17 07:42:44+08:00,USLGB,17.33,14.2328588
477832500,13208,2022-12-19 15:59:20+08:00,CNYSN,2023-01-04 07:33:09+08:00,USLGB,15.44,15.6484838
477832500,13208,2023-01-29 12:19:54+08:00,CNYSN,2023-02-16 21:34:59+08:00,USLGB,13.76,18.38547454
477832500,13208,2023-03-21 12:24:11+08:00,CNYSN,2023-04-06 21:39:13+08:00,USLGB,14.75,16.38543981
477832500,13208,2023-05-04 12:08:32+08:00,CNYSN,2023-05-19 20:35:06+08:00,USLGB,15.78,15.35178241
477832500,13208,2023-06-13 11:50:52+08:00,CNYSN,2023-06-27 20:53:10+08:00,USLGB,16.75,14.37659722
477832500,13208,2023-07-26 05:07:19+08:00,CNYSN,2023-08-12 06:30:09+08:00,USLGB,14.2,17.05752315
477832500,13208,2023-09-06 07:21:04+08:00,CNYSN,2023-09-25 06:42:39+08:00,USLGB,12.84,18.97332176
477832500,13208,2023-12-04 17:57:15+08:00,CNYSN,2023-12-20 06:50:32+08:00,USLGB,15.6,15.53700231
477832500,13208,2024-01-16 13:27:59+08:00,CNYSN,2024-02-01 07:32:28+08:00,USLGB,15.75,15.75311343
477832500,13208,2024-03-04 18:49:33+08:00,CNYSN,2024-03-19 07:29:15+08:00,USLGB,16.64,14.52756944
477832500,13208,2024-04-18 17:14:53+08:00,CNYSN,2024-05-03 21:23:59+08:00,USLGB,15.98,15.17298611
477832500,13208,2024-05-30 12:11:05+08:00,CNYSN,2024-06-14 18:12:36+08:00,USLGB,15.84,15.25105324
477832500,13208,2024-07-10 12:11:31+08:00,CNYSN,2024-07-25 20:40:24+08:00,USLGB,15.67,15.3533912
477832500,13208,2024-08-21 05:40:39+08:00,CNYSN,2024-09-07 05:55:52+08:00,USLGB,14.28,17.01056713
477832500,13208,2024-10-06 03:02:14+08:00,CNYSN,2024-10-22 05:59:09+08:00,USLGB,15.45,16.1228588
477832500,13208,2024-11-19 04:57:35+08:00,CNYSN,2024-12-04 21:54:34+08:00,USLGB,15.45,15.70623843
477832500,13208,2025-01-02 01:59:36+08:00,CNYSN,2025-01-19 22:46:35+08:00,USLGB,13.78,17.86596065
477832500,13208,2025-02-18 07:37:57+08:00,CNYSN,2025-03-06 20:00:13+08:00,USLGB,14.84,16.51546296
477845600,13386,2020-02-01 16:51:31+08:00,CNYSN,2020-02-23 22:59:29+08:00,USLSA,11.68,22.25553241
477845600,13386,2020-04-11 04:00:33+08:00,CNNBO,2020-04-25 06:08:38+08:00,USLGB,17.57,14.08894676
477845600,13386,2020-05-31 01:13:04+08:00,TWKAO,2020-06-13 07:35:02+08:00,USLGB,19.44,13.26525463
477845600,13386,2020-07-18 00:23:32+08:00,TWKAO,2020-07-31 07:37:25+08:00,USLGB,19.51,13.30130787
477845600,13386,2020-09-06 03:16:07+08:00,TWKAO,2020-09-19 07:58:51+08:00,USLGB,19.8,13.19634259
477845600,13386,2020-10-23 20:05:01+08:00,TWKAO,2020-11-11 08:31:28+08:00,USLGB,14.01,18.51836806
477845600,13386,2020-12-13 04:02:06+08:00,TWKAO,2020-12-29 00:10:32+08:00,USLGB,17.01,15.83918981
477845600,13386,2021-02-01 10:57:15+08:00,TWKAO,2021-02-15 22:07:01+08:00,USLGB,17.86,14.46511574
477845600,13386,2021-03-22 07:40:56+08:00,TWKAO,2021-04-07 21:46:59+08:00,USLGB,15.98,16.58753472
477845600,13386,2021-05-16 09:37:43+08:00,TWKAO,2021-05-29 07:03:25+08:00,USLGB,19.93,12.89284722
477845600,13386,2021-07-13 23:49:01+08:00,TWKAO,2021-07-27 07:13:17+08:00,USLGB,19.35,13.30851852
477845600,13386,2021-09-13 20:39:20+08:00,TWKAO,2021-09-27 21:58:02+08:00,USLGB,18.34,14.05465278
477845600,13386,2021-11-02 03:30:24+08:00,TWKAO,2021-11-15 22:21:22+08:00,USLGB,18.87,13.78539352
477845600,13386,2021-12-18 01:46:40+08:00,TWKAO,2022-01-08 22:12:04+08:00,USLGB,12.33,21.85097222
477845600,13386,2022-02-21 06:01:29+08:00,TWKAO,2022-03-07 21:56:37+08:00,USLGB,17.89,14.66328704
477845600,13386,2022-04-13 13:28:20+08:00,TWKAO,2022-04-27 23:48:22+08:00,USLGB,18.07,14.4305787
477845600,13386,2022-06-08 13:55:23+08:00,TWKAO,2022-06-21 22:31:40+08:00,USLGB,19.28,13.35853009
477845600,13386,2022-07-31 10:15:23+08:00,TWKAO,2022-08-14 01:55:57+08:00,USLGB,19.06,13.6531713
477845600,13386,2022-09-20 03:01:58+08:00,TWKAO,2022-10-03 07:02:51+08:00,USLGB,19.6,13.16728009
477845600,13386,2022-11-08 17:25:11+08:00,TWKAO,2022-11-22 07:03:11+08:00,USLGB,19.22,13.56805556
477845600,13386,2023-01-07 12:21:02+08:00,TWKAO,2023-01-21 07:31:38+08:00,USLGB,19.42,13.79902778
477845600,13386,2023-03-03 14:22:25+08:00,TWKAO,2023-03-18 21:26:30+08:00,USLGB,17.26,15.29450231
477845600,13386,2023-04-21 08:04:57+08:00,TWKAO,2023-05-05 20:26:21+08:00,USLGB,17.85,14.51486111
477845600,13386,2023-06-09 09:20:59+08:00,TWKAO,2023-06-23 20:21:31+08:00,USLGB,17.83,14.4587037
477845600,13386,2023-07-31 04:26:56+08:00,TWKAO,2023-08-14 20:31:43+08:00,USLGB,17.66,14.66998843
477845600,13386,2023-10-30 14:24:15+08:00,CNYSN,2023-11-15 07:20:36+08:00,USLGB,15.69,15.70579861
477845600,13386,2023-12-26 16:29:11+08:00,CNYSN,2024-01-11 07:51:13+08:00,USLGB,17.19,15.64030093
477845600,13386,2024-02-07 22:48:12+08:00,CNYSN,2024-02-22 22:07:44+08:00,USLGB,16.48,14.97189815
477845600,13386,2024-04-04 13:25:41+08:00,CNYSN,2024-04-21 05:37:14+08:00,USLGB,14.68,16.6746875
477845600,13386,2024-05-16 00:12:29+08:00,CNYSN,2024-06-02 06:01:54+08:00,USLGB,14.24,17.24265046
477845600,13386,2024-06-26 10:09:00+08:00,CNYSN,2024-07-11 20:32:07+08:00,USLGB,15.79,15.43271991
477845600,13386,2024-08-08 14:54:39+08:00,CNYSN,2024-08-24 18:06:55+08:00,USLGB,15.24,16.13351852
477845600,13386,2024-09-25 21:51:56+08:00,CNYSN,2024-10-11 05:02:28+08:00,USLGB,16.29,15.29898148
477845600,13386,2024-11-08 16:42:08+08:00,CNYSN,2024-11-23 21:00:51+08:00,USLGB,16.55,15.17966435
477845600,13386,2024-12-19 05:30:40+08:00,CNYSN,2025-01-04 23:45:56+08:00,USLGB,15.13,16.76060185
477845600,13386,2025-01-29 16:22:41+08:00,CNYSN,2025-02-14 21:04:05+08:00,USLGB,15.24,16.19541667
477845600,13386,2025-03-18 12:50:58+08:00,CNYSN,2025-04-02 20:37:06+08:00,USLGB,15.96,15.3237037
477845600,13386,2025-05-13 04:43:00+08:00,CNYSN,2025-05-28 07:51:06+08:00,USLGB,15.91,15.130625
477845600,13386,2025-06-26 04:01:40+08:00,CNYSN,2025-07-11 20:12:05+08:00,USLGB,15.46,15.67390046
477848700,10036,2020-04-14 21:36:59+08:00,CNXIA,2020-04-28 06:36:20+08:00,USLGB,19.51,13.37454861
477848700,10036,2020-05-30 22:29:24+08:00,CNYSN,2020-06-17 20:23:43+08:00,USLGB,14.28,17.91271991
477848700,10036,2020-07-18 10:55:12+08:00,CNYSN,2020-08-07 20:49:30+08:00,USLGB,12.75,20.41270833
477848700,10036,2020-09-09 20:37:24+08:00,CNYSN,2020-09-30 21:30:27+08:00,USLGB,12.31,21.03684028
477848700,10036,2020-11-03 15:05:35+08:00,CNYSN,2020-11-29 13:11:00+08:00,USLSA,10.14,25.92042824
477848700,10036,2021-01-03 20:50:00+08:00,CNYSN,2021-01-29 10:56:44+08:00,USLGB,10.97,25.58800926
477848700,10036,2021-02-27 10:21:11+08:00,CNYSN,2021-03-19 23:53:47+08:00,USLSA,11.7,20.56430556
477848700,10036,2021-04-18 03:47:42+08:00,CNYSN,2021-05-13 23:10:22+08:00,USLSA,9.28,25.80740741
477848700,10036,2021-06-10 12:27:07+08:00,CNYSN,2021-06-26 18:20:37+08:00,USLGB,15.73,16.24548611
477848700,10036,2021-08-03 11:34:21+08:00,CNYSN,2021-08-26 04:53:49+08:00,USLSA,11.31,22.72185185
477848700,10036,2021-09-26 16:32:11+08:00,CNYSN,2021-11-15 00:00:43+08:00,USLSA,5.42,49.31148148
477848700,10036,2021-12-21 04:23:16+08:00,CNYSN,2022-01-29 22:35:04+08:00,USLSA,7.43,39.75819444
477848700,10036,2022-03-02 19:07:14+08:00,CNYSN,2022-03-24 20:51:09+08:00,USLSA,11.18,22.07216435
477848700,10036,2022-04-23 18:20:05+08:00,CNYSN,2022-05-16 06:53:49+08:00,USLGB,11.83,22.52342593
477848700,10036,2022-06-18 13:45:04+08:00,CNNBO,2022-07-03 21:27:00+08:00,USLSA,15.69,15.32078704
477848700,10036,2022-08-07 20:55:48+08:00,CNNBO,2022-08-22 04:51:20+08:00,USLSA,16.81,14.33023148
477848700,10036,2022-09-20 15:14:42+08:00,CNYSN,2022-10-09 06:56:22+08:00,USLSA,13.81,18.65393519
477848700,10036,2022-11-05 19:34:19+08:00,CNYSN,2022-11-26 21:01:17+08:00,USLGB,12.17,21.06039352
477848700,10036,2023-01-04 11:43:36+08:00,CNNBO,2023-01-19 00:56:56+08:00,USLGB,16.52,14.55092593
477848700,10036,2023-03-04 11:10:41+08:00,CNNBO,2023-03-19 04:59:31+08:00,USLGB,16.34,14.74224537
477848700,10036,2023-04-23 13:22:08+08:00,CNNBO,2023-05-07 07:32:36+08:00,USLGB,17.71,13.75726852
477848700,10036,2023-06-12 21:19:14+08:00,CNNBO,2023-06-26 21:17:12+08:00,USLGB,17.19,13.99858796
477848700,10036,2023-08-11 07:36:09+08:00,CNNBO,2023-08-25 08:20:07+08:00,USLGB,17.37,14.03053241
477848700,10036,2023-10-01 10:04:09+08:00,CNNBO,2023-10-15 05:56:17+08:00,USLGB,17.66,13.82787037
477848700,10036,2023-11-21 18:56:09+08:00,CNNBO,2023-12-06 06:31:45+08:00,USLGB,16.94,14.48305556
477848700,10036,2024-01-15 18:05:06+08:00,CNNBO,2024-01-29 06:56:13+08:00,USLGB,18.01,13.53549769
477848700,10036,2024-03-10 12:47:35+08:00,CNNBO,2024-03-24 05:52:34+08:00,USLGB,18.22,13.71179398
477848700,10036,2024-05-03 00:05:57+08:00,CNNBO,2024-05-17 00:03:56+08:00,USLGB,17.32,13.99859954
477848700,10036,2024-06-20 10:54:25+08:00,CNNBO,2024-07-04 05:53:09+08:00,USLGB,17.52,13.79078704
477848700,10036,2024-09-11 02:43:07+08:00,CNNBO,2024-09-25 20:40:42+08:00,USLGB,16.47,14.74832176
477848700,10036,2024-11-01 08:24:04+08:00,CNNBO,2024-11-15 06:32:23+08:00,USLGB,17.85,13.92244213
477848700,10036,2024-12-21 08:43:48+08:00,CNNBO,2025-01-04 22:32:11+08:00,USLGB,16.86,14.5752662
477848700,10036,2025-02-06 19:46:05+08:00,CNNBO,2025-02-20 23:38:13+08:00,USLGB,17.15,14.1612037
477848700,10036,2025-03-26 14:03:46+08:00,CNNBO,2025-04-09 20:22:28+08:00,USLGB,17.42,14.26298611
477848700,10036,2025-05-14 03:16:03+08:00,CNNBO,2025-05-29 05:46:27+08:00,USLGB,16.06,15.10444444
477848700,10036,2025-07-05 19:33:25+08:00,CNNBO,2025-07-19 20:39:36+08:00,USLGB,17.28,14.04596065
477856800,15250,2025-04-28 07:22:17+08:00,CNYSN,2025-05-15 22:08:34+08:00,USLGB,13.91,17.61547454
477866200,4520,2020-11-04 21:08:45+08:00,CNTJN,2020-12-09 07:47:11+08:00,USLSA,10.09,34.44335648
477866200,4520,2021-01-05 02:30:58+08:00,CNNBO,2021-02-06 19:59:20+08:00,USLGB,9.21,32.72803241
477866200,4520,2025-03-16 09:31:03+08:00,CNNBO,2025-03-31 20:57:42+08:00,USLSA,16.11,15.47684028
477866300,4520,2024-01-09 05:36:21+08:00,CNYTN,2024-01-23 07:22:18+08:00,USLSA,21.22,14.07357639
477866300,4520,2024-02-27 05:37:46+08:00,CNYTN,2024-03-12 06:08:01+08:00,USLGB,19.59,14.02100694
477866300,4520,2024-04-09 11:17:27+08:00,CNYTN,2024-04-23 08:51:52+08:00,USLGB,19.94,13.89890046
477866300,4520,2024-05-21 11:03:09+08:00,CNYTN,2024-06-04 05:48:36+08:00,USLGB,19.58,13.7815625
477866300,4520,2024-06-21 14:12:23+08:00,CNNBO,2024-07-03 23:40:42+08:00,USLGB,19.51,12.39466435
477866300,4520,2024-08-06 22:13:22+08:00,CNYTN,2024-08-20 06:52:25+08:00,USLGB,20.03,13.36045139
477866300,4520,2024-09-18 00:28:41+08:00,CNNBO,2024-09-29 20:53:18+08:00,USLGB,20.53,11.85042824
477866300,4520,2024-10-21 17:37:33+08:00,CNNBO,2024-11-04 13:18:24+08:00,USLGB,18.72,13.82003472
477866300,4520,2024-12-02 09:09:35+08:00,CNNBO,2024-12-15 10:47:22+08:00,USLGB,19.67,13.06790509
477866300,4520,2025-01-13 14:05:38+08:00,CNNBO,2025-01-28 09:08:50+08:00,USLGB,17.48,14.79388889
477866300,4520,2025-03-04 08:27:44+08:00,CNNBO,2025-03-16 19:49:37+08:00,USLGB,20.51,12.47353009
477867800,15250,2025-03-13 09:24:00+08:00,CNYSN,2025-04-01 01:23:20+08:00,USLGB,13.87,18.6662037
477867900,15250,2025-06-03 18:57:27+08:00,CNYSN,2025-06-20 04:57:26+08:00,USLGB,14.77,16.41665509
477871300,15516,2023-07-19 12:27:49+08:00,CNXIA,2023-08-03 04:15:06+08:00,USLSA,17.59,14.65783565
477871300,15516,2023-09-13 00:40:12+08:00,CNXIA,2023-09-26 19:31:44+08:00,USLSA,18.76,13.78578704
477871300,15516,2023-11-13 12:09:01+08:00,CNXIA,2023-11-28 06:57:02+08:00,USLSA,18.11,14.78334491
477871500,15000,2023-03-02 17:10:57+08:00,CNYSN,2023-04-27 23:40:11+08:00,USLSA,12.16,56.27030093
477891200,11008,2023-07-20 08:30:22+08:00,CNNBO,2023-08-05 22:15:33+08:00,USLSA,14.79,16.57304398
477891200,11008,2023-09-08 15:42:48+08:00,CNNBO,2023-09-23 21:00:06+08:00,USLGB,15.92,15.22034722
477891200,11008,2023-10-28 06:27:58+08:00,CNNBO,2023-11-12 21:00:57+08:00,USLGB,15.65,15.60623843
477891200,11008,2023-12-14 23:12:05+08:00,CNNBO,2023-12-31 07:15:06+08:00,USLGB,17.11,16.33542824
477891200,11008,2024-02-04 21:13:35+08:00,CNNBO,2024-02-22 21:31:02+08:00,USLGB,13.55,18.01211806
477891200,11008,2024-04-09 21:25:11+08:00,CNNBO,2024-04-24 19:45:40+08:00,USLGB,16.43,14.9308912
477891200,11008,2024-05-25 10:36:58+08:00,CNNBO,2024-06-09 19:26:50+08:00,USLGB,15.76,15.36796296
477891200,11008,2024-07-09 21:46:38+08:00,CNNBO,2024-07-27 21:07:37+08:00,USLSA,13.51,17.97290509
477891200,11008,2024-08-27 05:08:53+08:00,CNNBO,2024-09-13 19:32:22+08:00,USLSA,13.89,17.5996412
477891200,11008,2024-10-21 21:14:37+08:00,CNNBO,2024-11-08 20:32:13+08:00,USLGB,14.04,17.97055556
477891200,11008,2024-12-11 19:26:35+08:00,CNNBO,2024-12-28 22:02:06+08:00,USLSA,14.62,17.10799769
477891200,11008,2025-02-01 16:44:58+08:00,CNNBO,2025-02-18 22:05:09+08:00,USLSA,15.04,17.22234954
477891200,11008,2025-04-01 23:51:33+08:00,CNYSN,2025-04-15 21:47:25+08:00,USLSA,17.55,13.9137963
477891200,11008,2025-05-29 23:14:48+08:00,CNYSN,2025-06-10 22:24:24+08:00,USLSA,20.06,11.965
477893700,11008,2023-12-26 19:43:26+08:00,CNNBO,2024-01-12 21:20:44+08:00,USLGB,14.66,17.06756944
477893700,11008,2024-02-17 09:12:55+08:00,CNNBO,2024-03-06 21:20:04+08:00,USLGB,13.37,18.50496528
477893700,11008,2024-04-15 11:43:22+08:00,CNNBO,2024-04-29 17:44:40+08:00,USLGB,17.09,14.25090278
477893700,11008,2024-05-31 11:45:22+08:00,CNNBO,2024-06-16 21:41:24+08:00,USLGB,14.85,16.41391204
477893700,11008,2024-07-16 21:08:29+08:00,CNNBO,2024-08-02 19:43:10+08:00,USLSA,14.42,16.94075231
477893700,11008,2024-09-05 06:32:07+08:00,CNNBO,2024-09-20 19:57:06+08:00,USLSA,15.68,15.5590162
477893700,11008,2024-10-28 15:40:09+08:00,CNNBO,2024-11-15 20:14:30+08:00,USLGB,13.83,18.19052083
477893700,11008,2024-12-21 11:04:52+08:00,CNNBO,2025-01-06 20:05:12+08:00,USLSA,15.31,16.37523148
477893700,11008,2025-02-09 01:09:55+08:00,CNNBO,2025-02-28 17:04:55+08:00,USLSA,12.7,19.66319444
477893700,11008,2025-04-08 06:45:44+08:00,CNYSN,2025-04-23 05:18:07+08:00,USLSA,16.2,14.93915509
477893700,11008,2025-06-03 05:50:41+08:00,CNYSN,2025-06-17 19:38:55+08:00,USLSA,16.53,14.57516204
477895200,8102,2023-08-25 17:13:26+08:00,CNYTN,2023-09-09 21:10:07+08:00,USLSA,17.65,15.16436343
477895700,11008,2025-07-03 00:18:15+08:00,CNYSN,2025-07-15 19:07:34+08:00,USLSA,18.74,12.78424769
477907900,15250,2024-02-02 20:10:47+08:00,CNXIA,2024-02-16 06:51:27+08:00,USLSA,19.23,13.44490741
477909700,11008,2024-04-08 10:29:18+08:00,CNXIA,2024-04-23 07:05:59+08:00,USLSA,17.45,14.85880787
477909700,11008,2024-06-03 21:01:55+08:00,CNXIA,2024-06-18 04:20:11+08:00,USLSA,17.97,14.30435185
477909700,11008,2024-07-29 15:13:44+08:00,CNXIA,2024-08-13 04:04:50+08:00,USLSA,17.7,14.53548611
477909700,11008,2024-09-23 03:02:06+08:00,CNXIA,2024-10-08 04:21:23+08:00,USLSA,17.24,15.05505787
477909700,11008,2024-11-18 19:49:44+08:00,CNXIA,2024-12-04 20:10:58+08:00,USLSA,16.57,16.01474537
477909700,11008,2025-01-05 23:55:08+08:00,CNXIA,2025-01-22 07:04:25+08:00,USLSA,16.93,16.29811343
477909700,11008,2025-03-07 11:33:01+08:00,CNYTN,2025-03-23 20:02:54+08:00,USLSA,17.06,16.35408565
477909700,11008,2025-05-02 06:39:23+08:00,CNYTN,2025-05-18 19:49:58+08:00,USLSA,16.71,16.5490162
477909700,11008,2025-06-27 13:17:22+08:00,CNYTN,2025-07-13 21:32:35+08:00,USLSA,16.46,16.34390046
477921800,7000,2025-06-18 18:06:26+08:00,CNYTN,2025-07-01 22:48:22+08:00,USLGB,20.32,13.19578704
477922100,11008,2023-12-02 08:29:47+08:00,CNNBO,2023-12-19 20:55:04+08:00,USLGB,14.33,17.51755787
477922100,11008,2024-01-27 07:37:52+08:00,CNNBO,2024-02-11 22:48:29+08:00,USLGB,15.87,15.63237269
477922100,11008,2024-03-21 12:44:21+08:00,CNNBO,2024-04-07 19:04:15+08:00,USLGB,14.16,17.26381944
477922100,11008,2024-05-13 13:02:05+08:00,CNNBO,2024-05-28 22:56:53+08:00,USLGB,15.98,15.41305556
477922100,11008,2024-06-25 14:30:46+08:00,CNNBO,2024-07-16 00:11:07+08:00,USLSA,12.01,20.40302083
477922100,11008,2024-08-16 09:04:14+08:00,CNNBO,2024-08-30 17:59:38+08:00,USLSA,17.03,14.37180556
477922100,11008,2024-10-03 10:12:27+08:00,CNNBO,2024-10-18 20:41:35+08:00,USLSA,17.24,15.43689815
477922100,11008,2024-11-28 00:21:05+08:00,CNNBO,2024-12-13 20:10:26+08:00,USLSA,16.56,15.8259375
477922100,11008,2025-01-21 23:55:42+08:00,CNXIA,2025-02-06 20:53:37+08:00,USLSA,17.59,15.87355324
477922100,11008,2025-03-26 07:16:49+08:00,CNYSN,2025-04-10 07:58:30+08:00,USLSA,17.67,15.02894676
477922100,11008,2025-05-21 10:42:08+08:00,CNYSN,2025-06-03 19:28:38+08:00,USLSA,18.28,13.365625
477928700,11008,2024-02-19 01:38:41+08:00,CNXIA,2024-03-05 20:32:45+08:00,USLSA,16.57,15.7875463
477928700,11008,2024-04-15 13:15:05+08:00,CNXIA,2024-05-01 04:03:55+08:00,USLSA,17.47,15.61724537
477928700,11008,2024-06-10 10:57:46+08:00,CNXIA,2024-06-25 04:01:20+08:00,USLSA,17.56,14.71081019
477928700,11008,2024-08-12 22:45:38+08:00,CNXIA,2024-08-27 18:26:58+08:00,USLSA,17.85,14.82037037
477928700,11008,2024-10-07 14:08:29+08:00,CNXIA,2024-10-22 03:56:19+08:00,USLSA,18.2,14.57488426
477928700,11008,2024-12-09 04:05:16+08:00,CNXIA,2024-12-24 05:25:54+08:00,USLSA,18.63,15.05599537
477928700,11008,2025-01-28 15:03:37+08:00,CNXIA,2025-02-12 11:59:24+08:00,USLSA,18.19,14.87207176
477928700,11008,2025-03-21 05:43:40+08:00,CNYTN,2025-04-07 07:00:41+08:00,USLSA,15.97,17.0534838
477928700,11008,2025-05-15 19:38:35+08:00,CNYTN,2025-06-01 19:50:19+08:00,USLSA,15.94,17.00814815
477928700,11008,2025-07-08 23:50:40+08:00,CNYSN,2025-07-22 20:03:35+08:00,USLSA,17.41,13.84230324
477931400,15516,2025-05-07 09:29:41+08:00,CNYSN,2025-05-23 06:41:50+08:00,USLGB,15.34,15.8834375
477931500,15250,2024-04-11 09:34:47+08:00,CNYTN,2024-04-28 07:36:11+08:00,USLSA,15.92,16.91763889
477931500,15250,2025-06-14 14:13:21+08:00,CNYSN,2025-07-01 18:04:03+08:00,USLGB,14.31,17.16020833
477945100,15516,2025-05-28 10:28:36+08:00,CNYSN,2025-06-13 04:03:13+08:00,USLGB,15.36,15.73237269
477945200,7000,2024-10-02 10:54:11+08:00,CNYTN,2024-10-17 14:20:05+08:00,USLGB,18.71,15.14298611
477945200,7000,2024-11-12 23:17:36+08:00,CNYTN,2024-11-26 23:25:25+08:00,USLGB,19.21,14.00542824
477945200,7000,2025-06-24 20:36:11+08:00,CNYTN,2025-07-08 21:49:40+08:00,USLGB,19.06,14.05103009
477945300,15250,2025-06-21 11:34:47+08:00,CNYSN,2025-07-09 05:57:44+08:00,USLGB,13.58,17.7659375
477946000,8063,2024-06-02 00:48:56+08:00,CNYSN,2024-06-15 20:45:51+08:00,USLGB,17.4,13.83119213
477946000,8063,2024-07-09 08:35:37+08:00,CNYTN,2024-07-24 05:03:42+08:00,USLGB,18.13,14.85283565
477946000,8063,2024-08-19 03:33:55+08:00,CNYTN,2024-09-03 20:58:25+08:00,USLGB,17.13,15.72534722
477946000,8063,2024-09-30 15:37:50+08:00,CNYTN,2024-10-15 21:07:54+08:00,USLGB,17.74,15.22921296
477946000,8063,2024-11-10 18:13:21+08:00,CNYTN,2024-11-26 06:50:04+08:00,USLGB,17.35,15.52549769
477946000,8063,2024-12-23 11:07:52+08:00,CNYTN,2025-01-07 20:57:36+08:00,USLGB,17.58,15.40953704
477946000,8063,2025-02-03 16:18:09+08:00,CNYTN,2025-02-18 22:28:37+08:00,USLGB,17.62,15.25726852
477946000,8063,2025-03-24 05:53:58+08:00,CNYTN,2025-04-08 20:41:14+08:00,USLGB,17.14,15.61615741
477946000,8063,2025-07-07 21:25:41+08:00,CNYTN,2025-07-22 19:25:37+08:00,USLGB,17.98,14.91662037
477959200,8500,2020-03-22 04:40:55+08:00,CNYTN,2020-04-06 05:07:55+08:00,USLGB,17.83,15.01875
477959200,8500,2020-07-05 01:11:38+08:00,CNYTN,2020-07-18 06:29:34+08:00,USLGB,20.36,13.22078704
477959200,8500,2020-09-17 11:02:59+08:00,CNYTN,2020-10-01 19:06:16+08:00,USLSA,18.59,14.33561343
477959200,8500,2021-04-15 23:06:17+08:00,CNNBO,2021-05-06 20:52:23+08:00,USLSA,12.4,20.90701389
477959200,8500,2024-06-12 08:20:45+08:00,CNYTN,2024-06-28 05:53:43+08:00,USLGB,16.94,15.89789352
477959200,8500,2024-07-22 07:54:08+08:00,CNYTN,2024-08-06 06:04:10+08:00,USLGB,17.91,14.92363426
477959200,8500,2024-09-02 07:19:24+08:00,CNYTN,2024-09-17 06:00:22+08:00,USLGB,18,14.94511574
477959200,8500,2024-10-21 05:38:57+08:00,CNYTN,2024-11-05 07:00:00+08:00,USLGB,17.99,15.05628472
477959200,8500,2024-12-01 19:53:25+08:00,CNYTN,2024-12-17 06:17:50+08:00,USLGB,17.98,15.43362269
477959200,8500,2025-01-13 00:41:56+08:00,CNYTN,2025-01-28 05:59:28+08:00,USLGB,18.92,15.22050926
477959200,8500,2025-02-23 20:37:54+08:00,CNYTN,2025-03-11 05:15:19+08:00,USLGB,18.31,15.35931713
477959200,8500,2025-04-07 03:00:16+08:00,CNYTN,2025-04-22 04:56:12+08:00,USLGB,18.5,15.08050926
477959200,8500,2025-05-27 17:10:35+08:00,CNYTN,2025-06-11 20:01:20+08:00,USLGB,17.8,15.11857639
477961600,4520,2020-12-13 09:45:00+08:00,CNWGQ,2021-01-16 21:50:43+08:00,USLGB,9.08,34.50396991
477961600,4520,2021-02-20 15:50:01+08:00,CNYSN,2021-03-20 20:40:47+08:00,USLGB,10.62,28.2019213
477965600,7000,2024-07-02 19:45:23+08:00,CNYTN,2024-07-18 19:57:39+08:00,USLSA,16.77,16.00851852
477965600,7000,2024-10-16 22:25:48+08:00,CNYTN,2024-11-02 21:48:04+08:00,USLSA,15.83,16.9737963
477965700,7000,2025-06-04 07:19:27+08:00,CNYTN,2025-06-17 19:54:11+08:00,USLGB,19.76,13.52412037
477967800,18982,2025-06-17 15:10:06+08:00,TWKAO,2025-07-01 04:52:34+08:00,USLGB,19.02,13.57115741
538002733,4250,2021-02-13 05:19:48+08:00,CNYTN,2021-02-28 13:53:18+08:00,USLSA,21.23,15.35659722
538002733,4250,2021-03-30 23:43:27+08:00,CNYTN,2021-04-13 21:06:35+08:00,USLSA,20.8,13.89106481
538002733,4250,2021-05-15 01:18:03+08:00,CNYTN,2021-05-27 22:31:12+08:00,USLSA,20.98,12.88413194
538002733,4250,2021-06-26 06:11:33+08:00,CNYTN,2021-07-17 22:03:04+08:00,USLSA,12.34,21.66077546
538002733,4250,2021-08-12 18:59:54+08:00,CNYTN,2021-09-06 23:59:35+08:00,USLSA,10.67,25.20811343
538002733,4250,2021-11-12 00:24:19+08:00,CNYTN,2022-01-05 22:51:47+08:00,USLSA,6.48,54.93574074
538002733,4250,2022-01-30 21:56:32+08:00,CNYTN,2022-02-14 22:25:45+08:00,USLSA,18.01,15.02028935
538002733,4250,2022-03-09 13:40:14+08:00,CNDCB,2022-04-21 22:06:50+08:00,USLSA,10.34,43.35180556
538002733,4250,2024-06-06 05:26:44+08:00,CNNBO,2024-06-20 19:41:13+08:00,USLGB,16.81,14.5933912
538002733,4250,2024-07-10 23:26:51+08:00,CNNBO,2024-07-26 22:19:36+08:00,USLGB,15.26,15.95329861
538002953,5059,2021-07-22 00:39:43+08:00,CNNBO,2021-08-11 22:21:21+08:00,USLGB,11.56,20.90391204
538002953,5059,2021-09-11 09:48:37+08:00,CNYTN,2021-10-25 08:18:35+08:00,USLGB,6.27,43.93747685
538002953,5059,2021-11-22 23:13:48+08:00,CNYTN,2021-12-26 23:23:51+08:00,USLGB,11.58,34.00697917
538002955,5059,2021-06-29 12:56:29+08:00,CNNBO,2021-07-19 19:55:20+08:00,USLGB,12.01,20.29086806
538002955,5059,2021-09-08 21:08:34+08:00,CNSHE,2021-10-10 22:03:43+08:00,USLGB,8.72,32.03829861
538002955,5059,2021-11-06 11:18:01+08:00,CNNBO,2022-01-02 22:06:45+08:00,USLGB,5.23,57.45050926
538003093,2742,2021-04-20 03:55:43+08:00,CNNBO,2021-05-12 14:49:00+08:00,USLSA,10.73,22.45366898
538003093,2742,2021-06-01 13:06:32+08:00,CNNBO,2021-06-22 01:44:18+08:00,USLSA,12.1,20.52622685
538003093,2742,2021-07-11 18:46:08+08:00,CNNBO,2021-08-03 22:05:45+08:00,USLSA,10.72,23.13862269
538003104,3450,2022-05-17 10:20:50+08:00,CNTAI,2022-06-11 18:25:16+08:00,USLGB,10.98,25.33641204
538003104,3450,2022-07-07 11:40:02+08:00,CNTAI,2022-08-06 06:40:27+08:00,USLGB,9.31,29.79195602
538003104,3450,2022-09-02 09:56:27+08:00,CNTAI,2022-10-07 23:42:12+08:00,USLGB,7.66,35.5734375
538003181,1440,2021-10-04 12:03:13+08:00,CNNBO,2021-10-25 21:28:34+08:00,USLGB,11.93,21.39260417
538003221,1440,2022-09-01 22:19:01+08:00,CNSHE,2022-09-22 07:01:32+08:00,USLGB,13.59,20.3628588
538003274,4250,2021-09-01 15:47:20+08:00,CNNBO,2021-09-25 01:10:05+08:00,USLSA,10.71,23.39079861
538003274,4250,2021-10-24 11:44:07+08:00,CNNBO,2021-11-28 09:35:51+08:00,USLSA,7.4,34.91092593
538003274,4250,2021-12-30 07:08:09+08:00,CNNBO,2022-02-04 21:36:38+08:00,USLSA,8.69,36.60311343
538003274,4250,2022-03-08 07:16:37+08:00,CNNBO,2022-04-04 22:14:47+08:00,USLSA,10.98,27.62372685
538003274,4250,2023-12-15 00:07:29+08:00,CNWGQ,2023-12-28 04:30:00+08:00,USLGB,19.75,13.18230324
538003274,4250,2024-02-02 04:53:35+08:00,CNWGQ,2024-02-14 21:55:47+08:00,USLGB,19.4,12.70986111
538003274,4250,2024-03-14 01:23:01+08:00,CNWGQ,2024-03-26 13:05:48+08:00,USLGB,19.92,12.48804398
538003274,4250,2024-04-25 13:18:55+08:00,CNWGQ,2024-05-07 12:40:57+08:00,USLGB,20.42,11.97363426
538003274,4250,2024-06-06 11:56:01+08:00,CNWGQ,2024-06-18 09:01:22+08:00,USLGB,20.45,11.87871528
538003274,4250,2024-07-18 09:57:25+08:00,CNWGQ,2024-07-30 06:40:14+08:00,USLGB,20.44,11.86306713
538003274,4250,2024-08-29 08:59:54+08:00,CNWGQ,2024-09-10 06:49:43+08:00,USLGB,20.35,11.90959491
538003274,4250,2024-10-10 02:03:42+08:00,CNWGQ,2024-10-22 01:19:30+08:00,USLGB,20.31,11.96930556
538003274,4250,2024-11-13 09:12:17+08:00,CNWGQ,2024-11-25 23:44:16+08:00,USLGB,19.86,12.60554398
538003274,4250,2024-12-19 01:49:25+08:00,CNWGQ,2024-12-31 14:34:44+08:00,USLGB,20.72,12.53146991
538003274,4250,2025-01-23 08:57:35+08:00,CNWGQ,2025-02-06 02:38:06+08:00,USLGB,18.51,13.73646991
538003274,4250,2025-03-28 10:37:41+08:00,CNWGQ,2025-04-10 00:04:56+08:00,USLGB,20.45,12.56059028
538003274,4250,2025-05-08 08:40:57+08:00,CNWGQ,2025-05-20 00:45:23+08:00,USLGB,20.86,11.66974537
538003274,4250,2025-06-19 06:04:03+08:00,CNWGQ,2025-06-30 21:12:13+08:00,USLGB,20.89,11.6306713
538003407,4250,2022-04-14 15:47:22+08:00,CNYTN,2022-05-06 12:13:25+08:00,USLSA,12.49,21.85142361
538003729,6724,2022-10-02 20:05:29+08:00,CNNBO,2022-10-27 21:41:29+08:00,USLSA,9.78,25.06666667
538003729,6724,2022-12-14 14:51:40+08:00,CNNBO,2023-01-04 08:33:43+08:00,USLSA,12.17,20.73753472
538003729,6724,2023-02-27 07:15:14+08:00,CNNBO,2023-03-20 07:11:40+08:00,USLSA,11.65,20.99752315
538003810,6724,2020-01-08 23:09:50+08:00,CNWGQ,2020-01-25 07:59:44+08:00,USLSA,15.61,16.36798611
538004203,6724,2020-01-25 05:29:59+08:00,CNSHE,2020-03-12 07:41:04+08:00,USLGB,13.73,47.09103009
538004203,6724,2020-09-29 16:45:52+08:00,TWKAO,2020-10-16 23:06:58+08:00,USLSA,16.26,17.26465278
538004203,6724,2025-01-16 14:10:44+08:00,CNYSN,2025-02-02 08:18:05+08:00,USLSA,14.41,16.75510417
538005112,2550,2021-12-14 14:58:19+08:00,CNQIN,2022-01-24 09:03:46+08:00,USLSA,6.76,40.75378472
538005308,2546,2021-10-05 10:57:09+08:00,CNWGQ,2021-11-21 06:57:53+08:00,USLGB,5.51,46.83384259
538005308,2546,2021-12-14 07:56:23+08:00,CNWGQ,2022-02-02 22:45:18+08:00,USLGB,6.08,50.61730324
538005308,2546,2022-02-24 15:44:55+08:00,CNWGQ,2022-03-12 21:27:55+08:00,USLSA,16.4,16.23819444
538005592,2742,2021-09-14 23:13:23+08:00,CNSHE,2021-10-11 00:08:18+08:00,USLSA,11.42,26.03813657
538005592,2742,2022-02-05 07:02:51+08:00,CNNBO,2022-03-08 21:59:18+08:00,USLGB,9.67,31.62253472
538005592,2742,2022-04-04 09:29:03+08:00,CNNBO,2022-05-02 06:32:20+08:00,USLGB,9.41,27.87728009
538005592,2742,2022-06-10 02:25:56+08:00,CNQIN,2022-06-29 06:49:26+08:00,USLSA,13.04,19.18298611
538005625,5466,2022-02-01 15:13:16+08:00,CNNBO,2022-02-23 13:24:13+08:00,USLSA,11.27,21.92427083
538005625,5466,2022-04-04 12:08:37+08:00,CNNBO,2022-04-25 21:07:06+08:00,USLSA,11.87,21.37394676
538005751,5466,2023-07-30 08:40:07+08:00,TWKAO,2023-09-17 10:10:25+08:00,USLSA,12.35,49.06270833
538006207,3534,2021-04-21 08:33:50+08:00,CNYTN,2021-05-13 07:19:27+08:00,USLGB,12.35,21.94834491
538006207,3534,2021-06-08 18:17:26+08:00,CNYTN,2021-06-26 12:40:10+08:00,USLGB,16.34,17.76578704
538006207,3534,2021-07-18 21:01:25+08:00,CNSHE,2021-08-05 20:55:48+08:00,USLGB,14.99,17.99609954
538006207,3534,2021-08-30 15:32:08+08:00,CNSHE,2021-09-28 23:24:52+08:00,USLGB,9.58,29.32828704
538006207,3534,2022-01-28 21:49:10+08:00,TWTAP,2022-02-24 08:47:22+08:00,USLGB,10.42,26.45708333
538006207,3534,2022-04-01 16:52:24+08:00,CNQIN,2022-04-23 12:29:05+08:00,USLGB,12.34,21.8171412
538006207,3534,2022-05-22 16:34:32+08:00,CNQIN,2022-06-09 07:24:19+08:00,USLGB,13.9,17.61790509
538006207,3534,2022-07-15 09:53:06+08:00,CNQIN,2022-07-31 20:40:27+08:00,USLGB,15.03,16.44954861
538006767,9443,2021-08-25 05:12:12+08:00,CNYTN,2021-09-11 18:25:23+08:00,USLGB,15.34,17.55082176
538007408,3534,2020-03-26 21:19:16+08:00,CNWGQ,2020-04-08 06:19:43+08:00,USLSA,19.33,12.3753125
538007408,3534,2020-05-08 14:53:00+08:00,CNWGQ,2020-05-20 06:30:47+08:00,USLSA,22.32,11.65123843
538007408,3534,2020-09-08 23:34:59+08:00,CNNBO,2020-09-24 05:57:32+08:00,USLGB,20.6,15.26565972
538007477,8566,2020-01-29 01:44:54+08:00,CNWGQ,2020-02-14 20:11:11+08:00,USLSA,15.78,16.76825231
538007477,8566,2020-03-19 08:35:18+08:00,CNWGQ,2020-04-03 19:47:44+08:00,USLSA,15.76,15.46696759
538007479,8566,2020-02-12 13:29:15+08:00,CNWGQ,2020-02-28 20:57:25+08:00,USLSA,15.67,16.31122685
538007479,8566,2020-04-02 04:59:15+08:00,CNWGQ,2020-04-17 05:51:24+08:00,USLGB,16.58,15.03621528
538007479,8566,2020-06-14 14:36:49+08:00,CNNBO,2020-06-28 06:08:14+08:00,USLSA,17.67,13.64681713
538007479,8566,2020-08-02 02:20:50+08:00,CNNBO,2020-08-15 06:27:05+08:00,USLSA,18.53,13.17100694
538007479,8566,2020-09-12 14:26:42+08:00,CNNBO,2020-09-26 21:03:16+08:00,USLSA,18.34,14.27539352
538007479,8566,2020-10-28 14:03:59+08:00,CNNBO,2020-11-23 21:51:27+08:00,USLSA,10.52,26.32462963
538007479,8566,2020-12-24 06:55:24+08:00,CNNBO,2021-01-16 20:05:21+08:00,USLSA,11.23,23.54857639
538007479,8566,2021-02-14 09:06:18+08:00,CNNBO,2021-03-06 20:50:34+08:00,USLSA,12.55,20.48907407
538007479,8566,2021-04-11 18:23:05+08:00,CNNBO,2021-04-25 21:43:49+08:00,USLSA,18.19,14.13939815
538007479,8566,2021-12-02 04:56:43+08:00,CNYSN,2022-01-30 06:30:33+08:00,USLSA,5.08,59.06516204
538007479,8566,2023-05-11 01:41:18+08:00,CNYSN,2023-05-28 05:52:40+08:00,USLGB,14.27,17.17456019
538007479,8566,2023-08-26 04:31:05+08:00,CNYSN,2023-09-12 06:10:12+08:00,USLGB,14.5,17.06883102
538007479,8566,2023-10-19 16:39:32+08:00,CNYSN,2023-11-04 22:15:08+08:00,USLGB,15.02,16.23305556
538007479,8566,2023-12-07 11:56:11+08:00,CNYSN,2023-12-24 21:10:10+08:00,USLGB,14.1,17.38471065
538007479,8566,2024-01-30 15:31:37+08:00,CNYSN,2024-02-16 20:35:12+08:00,USLSA,14.42,17.21082176
538007479,8566,2024-03-28 12:32:32+08:00,CNYSN,2024-04-15 05:43:16+08:00,USLSA,14.13,17.71578704
538007479,8566,2024-05-16 06:17:10+08:00,CNYSN,2024-06-01 20:14:44+08:00,USLSA,14.73,16.58164352
538007480,8566,2020-08-13 20:01:40+08:00,CNNBO,2020-08-28 20:56:04+08:00,USLSA,16.03,15.03777778
538007480,8566,2020-09-28 01:21:31+08:00,CNNBO,2020-10-18 01:45:19+08:00,USLSA,12.88,20.01652778
538007480,8566,2020-11-22 02:39:46+08:00,CNNBO,2020-12-12 21:05:03+08:00,USLSA,11.95,20.76755787
538007480,8566,2021-01-12 16:24:48+08:00,CNNBO,2021-02-07 23:00:47+08:00,USLSA,10.31,26.27498843
538007480,8566,2021-03-11 11:08:44+08:00,CNNBO,2021-03-31 12:53:09+08:00,USLSA,24.18,20.07251157
538007480,8566,2023-04-19 19:01:57+08:00,CNNBO,2023-05-06 20:57:58+08:00,USLSA,14.12,17.08056713
538007481,8566,2020-01-09 12:52:42+08:00,CNWGQ,2020-01-23 06:46:10+08:00,USLSA,18.96,13.74546296
538007481,8566,2020-02-26 13:07:45+08:00,CNWGQ,2020-03-13 19:57:55+08:00,USLSA,15.85,16.28483796
538007481,8566,2020-04-09 12:24:08+08:00,CNWGQ,2020-04-25 16:48:28+08:00,USLGB,15.12,16.18356481
538007481,8566,2020-06-18 13:55:19+08:00,TWKEE,2020-07-01 20:09:40+08:00,USLSA,18.77,13.25996528
538007481,8566,2020-07-29 20:34:15+08:00,TWKEE,2020-08-12 05:55:12+08:00,USLSA,18.67,13.38954861
538007481,8566,2020-09-12 05:20:45+08:00,TWKEE,2020-09-25 20:06:03+08:00,USLSA,20.4,13.61479167
538007481,8566,2020-10-29 13:03:06+08:00,TWKEE,2020-11-17 20:57:59+08:00,USLSA,12.85,19.32978009
538007481,8566,2021-05-06 20:10:18+08:00,TWKEE,2021-05-23 20:07:46+08:00,USLSA,14.79,16.99824074
538007481,8566,2021-07-06 23:28:28+08:00,TWKEE,2021-07-24 17:35:00+08:00,USLSA,14.2,17.75453704
538007481,8566,2021-09-14 17:20:45+08:00,TWKEE,2021-10-14 20:55:33+08:00,USLSA,9.08,30.14916667
538007481,8566,2023-05-08 11:36:09+08:00,CNNBO,2023-05-22 20:49:58+08:00,USLSA,16.8,14.38459491
538007481,8566,2023-06-18 16:00:06+08:00,CNNBO,2023-07-05 06:49:57+08:00,USLSA,14.45,16.61795139
538007481,8566,2023-07-31 02:05:39+08:00,CNNBO,2023-08-15 20:15:08+08:00,USLSA,15.3,15.75658565
538007481,8566,2023-11-11 07:29:47+08:00,TWKEE,2023-11-30 22:22:48+08:00,USLSA,12.77,19.62015046
538007481,8566,2024-01-05 00:05:42+08:00,TWKEE,2024-01-22 22:05:24+08:00,USLSA,14.82,17.91645833
538007481,8566,2024-02-29 09:57:51+08:00,TWKEE,2024-03-15 21:38:13+08:00,USLSA,16.38,15.48636574
538007482,4571,2020-11-17 14:29:18+08:00,CNTJN,2020-12-24 04:03:18+08:00,USLSA,14.93,36.56527778
538007482,4571,2021-06-26 05:48:08+08:00,CNNBO,2021-07-24 15:52:03+08:00,USLSA,9.88,28.41938657
538007482,4571,2024-06-25 11:48:52+08:00,CNNBO,2024-07-08 20:25:25+08:00,USLSA,18.23,13.35871528
538007483,4571,2024-09-02 09:11:18+08:00,CNYTN,2024-09-17 06:02:09+08:00,USLSA,18.13,14.86864583
538007487,4922,2024-08-25 20:10:20+08:00,CNYTN,2024-09-10 19:05:46+08:00,USLSA,16.89,15.95516204
538007518,1787,2024-08-15 18:12:43+08:00,CNXIA,2024-09-06 20:46:21+08:00,USLSA,11.78,22.10668981
538007518,1787,2024-10-18 18:07:12+08:00,CNYTN,2024-11-07 23:10:37+08:00,USLSA,13.37,20.21070602
538007518,1787,2024-12-02 05:08:06+08:00,CNYTN,2024-12-20 07:46:08+08:00,USLSA,15.91,18.10974537
538007518,1787,2025-01-12 09:33:42+08:00,CNYTN,2025-01-29 21:43:40+08:00,USLSA,16.14,17.5069213
538007518,1787,2025-03-01 16:12:22+08:00,CNYTN,2025-03-18 06:37:50+08:00,USLSA,16.89,16.60101852
538007610,4250,2020-12-31 23:16:06+08:00,CNYTN,2021-01-24 23:56:56+08:00,USLSA,12.36,24.02835648
538007610,4250,2021-02-14 14:30:09+08:00,CNWGQ,2021-03-02 13:54:31+08:00,USLSA,16.95,15.97525463
538007617,3450,2020-10-01 12:24:34+08:00,CNWGQ,2020-10-14 07:08:11+08:00,USLGB,20.98,12.78028935
538007617,3450,2020-11-05 14:54:12+08:00,CNWGQ,2020-11-17 06:59:35+08:00,USLGB,22.53,11.67040509
538007617,3450,2020-12-10 20:29:49+08:00,CNWGQ,2020-12-24 08:42:49+08:00,USLGB,20.17,13.50902778
538007617,3450,2021-01-22 19:53:10+08:00,CNWGQ,2021-02-07 12:43:18+08:00,USLGB,28.57,15.70148148
538007617,3450,2021-03-05 14:27:56+08:00,CNWGQ,2021-03-18 08:18:44+08:00,USLGB,22.22,12.74361111
538007617,3450,2021-04-16 01:29:11+08:00,CNWGQ,2021-04-29 17:05:52+08:00,USLGB,18.7,13.65047454
538007617,3450,2021-05-20 18:47:41+08:00,CNWGQ,2021-06-01 21:21:38+08:00,USLGB,19.84,12.10690972
538007617,3450,2021-08-05 23:14:47+08:00,CNWGQ,2021-08-18 12:16:00+08:00,USLGB,19.53,12.54251157
538007617,3450,2021-09-23 13:27:39+08:00,CNWGQ,2021-10-13 07:12:37+08:00,USLGB,12.66,19.73956019
538007617,3450,2021-11-04 23:13:56+08:00,CNWGQ,2021-11-22 22:15:12+08:00,USLGB,13.98,17.95921296
538007617,3450,2021-12-16 22:47:14+08:00,CNWGQ,2022-01-16 15:45:03+08:00,USLGB,9.08,30.70681713
538007617,3450,2022-02-07 16:08:45+08:00,CNWGQ,2022-02-26 23:16:22+08:00,USLGB,15.23,19.29695602
538007617,3450,2022-04-01 13:35:10+08:00,CNWGQ,2022-04-14 05:20:17+08:00,USLGB,19.29,12.65633102
538007617,3450,2022-05-13 00:22:24+08:00,CNWGQ,2022-05-25 07:47:03+08:00,USLGB,19.61,12.30878472
538007617,3450,2022-06-18 01:13:18+08:00,CNWGQ,2022-06-29 22:58:25+08:00,USLGB,20.27,11.90633102
538007617,3450,2022-07-29 00:44:28+08:00,CNWGQ,2022-08-09 15:21:57+08:00,USLGB,20.8,11.60936343
538007617,3450,2022-09-09 10:51:27+08:00,CNWGQ,2022-09-21 20:52:52+08:00,USLGB,19.44,12.41765046
538007622,4250,2021-01-22 03:03:14+08:00,CNYTN,2021-02-06 20:10:10+08:00,USLSA,17.16,15.71314815
538007622,4250,2021-03-05 18:20:29+08:00,CNYTN,2021-03-20 05:01:48+08:00,USLSA,20.85,14.4453588
538007622,4250,2021-04-13 19:59:52+08:00,CNYTN,2021-04-29 22:35:24+08:00,USLSA,18.62,16.10800926
538007622,4250,2021-05-24 21:17:50+08:00,CNNBO,2021-06-11 12:31:04+08:00,USLSA,13.7,17.63418981
538007622,4250,2021-07-06 21:35:55+08:00,CNNBO,2021-08-01 01:14:59+08:00,USLSA,9.63,25.15212963
538007622,4250,2021-08-30 12:42:09+08:00,CNYTN,2021-10-01 00:08:31+08:00,USLSA,9.04,31.47664352
538007622,4250,2021-10-26 14:58:43+08:00,CNNBO,2021-12-09 01:20:22+08:00,USLSA,6.62,43.43170139
538007622,4250,2022-12-14 21:12:22+08:00,CNYTN,2022-12-31 09:15:48+08:00,USLSA,17.59,16.50238426
538007628,4250,2020-04-17 06:24:18+08:00,CNWGQ,2020-04-30 18:30:44+08:00,USLSA,17.72,13.50446759
538007628,4250,2020-06-25 03:44:01+08:00,CNWGQ,2020-07-07 21:02:03+08:00,USLGB,18.79,12.72085648
538007628,4250,2020-07-31 10:18:12+08:00,CNWGQ,2020-08-12 03:38:43+08:00,USLGB,20.9,11.72258102
538007628,4250,2020-09-04 13:08:29+08:00,CNWGQ,2020-09-16 03:47:29+08:00,USLGB,24.78,11.61041667
538007628,4250,2020-10-08 14:09:28+08:00,CNWGQ,2020-10-20 10:31:45+08:00,USLGB,24.42,11.84880787
538007628,4250,2020-11-12 09:43:18+08:00,CNWGQ,2020-11-24 08:01:37+08:00,USLGB,24.95,11.92938657
538007628,4250,2020-12-18 15:31:56+08:00,CNWGQ,2021-01-03 22:15:01+08:00,USLGB,17.62,16.27991898
538007628,4250,2021-01-29 23:56:02+08:00,CNWGQ,2021-02-14 06:15:04+08:00,USLGB,16,15.26321759
538007628,4250,2021-03-11 12:47:00+08:00,CNWGQ,2021-03-23 03:34:42+08:00,USLGB,22.5,11.61645833
538007628,4250,2021-04-22 20:11:30+08:00,CNWGQ,2021-05-04 13:10:50+08:00,USLGB,20.49,11.70787037
538007628,4250,2021-05-28 00:14:03+08:00,CNWGQ,2021-06-08 10:51:24+08:00,USLGB,20.94,11.44260417
538007628,4250,2021-07-09 00:44:54+08:00,CNWGQ,2021-07-19 21:20:03+08:00,USLGB,22.9,10.85774306
538007628,4250,2021-08-20 23:33:55+08:00,CNWGQ,2021-09-02 05:12:19+08:00,USLGB,20.05,12.235
538007628,4250,2021-09-30 17:22:47+08:00,CNWGQ,2021-10-21 07:34:15+08:00,USLGB,12.24,20.5912963
538007628,4250,2021-11-13 06:00:33+08:00,CNWGQ,2021-12-02 08:50:36+08:00,USLGB,12.98,19.11809028
538007628,4250,2021-12-23 14:29:35+08:00,CNWGQ,2022-01-20 08:43:51+08:00,USLGB,10.02,27.75990741
538007628,4250,2022-02-18 01:05:34+08:00,CNWGQ,2022-03-03 07:59:04+08:00,USLGB,19.87,13.28715278
538007628,4250,2022-04-09 03:43:59+08:00,CNWGQ,2022-04-24 20:54:34+08:00,USLGB,15.76,15.71568287
538007628,4250,2022-05-20 02:29:49+08:00,CNWGQ,2022-06-01 11:36:01+08:00,USLGB,19.69,12.37930556
538007628,4250,2022-06-30 13:19:47+08:00,CNWGQ,2022-07-14 05:34:31+08:00,USLGB,17.65,13.67689815
538007628,4250,2022-08-04 14:32:31+08:00,CNWGQ,2022-08-16 07:18:54+08:00,USLGB,20.66,11.69887731
538007628,4250,2022-09-16 10:14:13+08:00,CNWGQ,2022-09-28 06:57:37+08:00,USLGB,20.61,11.86347222
538007628,4250,2022-10-20 12:42:28+08:00,CNWGQ,2022-11-01 21:02:23+08:00,USLGB,20.15,12.34716435
538007628,4250,2022-11-24 11:03:45+08:00,CNWGQ,2022-12-06 11:05:54+08:00,USLGB,20.27,12.00149306
538007628,4250,2022-12-30 03:49:37+08:00,CNWGQ,2023-01-11 03:53:42+08:00,USLGB,20.81,12.00283565
538007628,4250,2023-03-09 04:06:18+08:00,CNWGQ,2023-03-21 06:58:13+08:00,USLGB,19.96,12.11938657
538007628,4250,2023-04-08 15:19:35+08:00,CNWGQ,2023-04-20 05:23:14+08:00,USLGB,20.92,11.58586806
538007628,4250,2023-05-11 13:44:09+08:00,CNWGQ,2023-05-23 06:51:50+08:00,USLGB,20.62,11.71366898
538007628,4250,2023-06-16 21:46:28+08:00,CNWGQ,2023-06-28 21:12:29+08:00,USLGB,20.28,11.97640046
538007628,4250,2023-07-21 13:32:46+08:00,CNNBO,2023-08-01 22:57:58+08:00,USLGB,21.48,11.3925
538007628,4250,2023-08-24 15:10:39+08:00,CNWGQ,2023-09-05 20:40:37+08:00,USLGB,19.86,12.22914352
538007628,4250,2023-09-29 00:18:30+08:00,CNWGQ,2023-10-10 20:50:06+08:00,USLGB,20.48,11.85527778
538007628,4250,2023-11-02 13:52:01+08:00,CNWGQ,2023-11-14 07:59:26+08:00,USLGB,21.02,11.75515046
538007628,4250,2023-12-07 07:35:02+08:00,CNWGQ,2023-12-19 09:51:52+08:00,USLGB,20.16,12.09502315
538007628,4250,2024-01-18 16:50:42+08:00,CNWGQ,2024-01-31 08:03:40+08:00,USLGB,19.36,12.63400463
538007628,4250,2024-03-21 14:06:53+08:00,CNWGQ,2024-04-02 03:59:46+08:00,USLGB,20.88,11.5783912
538007628,4250,2024-05-02 22:22:18+08:00,CNWGQ,2024-05-14 10:17:57+08:00,USLGB,21.24,11.49697917
538007628,4250,2024-06-12 16:12:42+08:00,CNWGQ,2024-06-24 07:50:40+08:00,USLGB,20.6,11.65136574
538007628,4250,2024-07-25 05:29:56+08:00,CNWGQ,2024-08-06 07:49:23+08:00,USLGB,20.08,12.09684028
538007628,4250,2024-09-19 12:14:59+08:00,CNWGQ,2024-10-02 08:52:22+08:00,USLGB,18.9,12.85929398
538007628,4250,2024-10-24 04:40:14+08:00,CNWGQ,2024-11-05 23:50:10+08:00,USLGB,19.47,12.79856481
538007628,4250,2024-12-05 01:29:21+08:00,CNWGQ,2024-12-17 07:48:07+08:00,USLGB,20.49,12.26303241
538007628,4250,2025-01-16 02:48:10+08:00,CNWGQ,2025-01-28 08:50:28+08:00,USLGB,19.8,12.25159722
538007628,4250,2025-03-06 02:36:40+08:00,CNWGQ,2025-03-18 10:59:08+08:00,USLGB,20.69,12.34893519
538007628,4250,2025-04-17 12:25:40+08:00,CNWGQ,2025-04-28 21:03:42+08:00,USLGB,21.16,11.35974537
538007628,4250,2025-05-22 06:44:25+08:00,CNWGQ,2025-06-03 04:10:09+08:00,USLGB,20.41,11.89287037
538007628,4250,2025-07-10 12:00:49+08:00,CNWGQ,2025-07-22 03:16:40+08:00,USLGB,20.73,11.63600694
538007641,3426,2024-03-21 18:10:47+08:00,CNWGQ,2024-04-04 20:17:07+08:00,USLSA,17.2,14.08773148
538007641,3426,2024-04-25 02:52:20+08:00,CNWGQ,2024-05-08 22:15:37+08:00,USLSA,18.43,13.80783565
538007641,3426,2024-05-30 17:43:30+08:00,CNWGQ,2024-06-12 19:52:40+08:00,USLSA,18.37,13.08969907
538007662,1787,2024-08-28 11:32:31+08:00,CNNSA,2024-09-14 22:03:50+08:00,USLSA,15.76,17.43841435
538007662,1787,2024-10-10 12:32:15+08:00,CNXIA,2024-10-28 18:22:37+08:00,USLSA,14.26,18.24331019
538007662,1787,2025-01-26 23:13:57+08:00,CNYTN,2025-02-14 22:53:21+08:00,USLSA,15.21,18.98569444
538007662,1787,2025-03-23 06:11:36+08:00,CNYTN,2025-04-14 06:40:10+08:00,USLGB,12.38,22.01983796
538007675,8084,2020-11-21 21:43:13+08:00,CNYSN,2020-12-07 03:38:18+08:00,USLSA,16.01,15.24658565
538007675,8084,2021-01-09 16:58:30+08:00,CNYSN,2021-02-19 01:24:46+08:00,USLGB,8.86,40.35157407
538007680,4253,2020-06-23 17:54:29+08:00,CNYTN,2020-07-06 19:58:18+08:00,USLSA,20.41,13.0859838
538007680,4253,2020-07-28 21:43:03+08:00,CNYTN,2020-08-10 20:06:22+08:00,USLSA,20.81,12.9328588
538007680,4253,2020-09-01 20:08:11+08:00,CNYTN,2020-09-14 19:59:05+08:00,USLSA,21.83,12.99368056
538007680,4253,2020-10-06 19:26:14+08:00,CNYTN,2020-10-19 20:24:23+08:00,USLSA,23.26,13.04038194
538007680,4253,2020-11-10 19:45:12+08:00,CNYTN,2020-11-23 21:04:37+08:00,USLSA,22.66,13.05515046
538007680,4253,2020-12-15 18:24:13+08:00,CNYTN,2021-01-04 11:46:25+08:00,USLSA,15.09,19.72375
538007680,4253,2021-01-27 06:49:01+08:00,CNYTN,2021-02-18 00:51:45+08:00,USLSA,22.02,21.75189815
538007680,4253,2021-03-19 03:46:46+08:00,CNYSN,2021-03-30 04:29:15+08:00,USLSA,24.31,11.02950231
538007680,4253,2021-05-01 04:44:24+08:00,CNYTN,2021-05-13 23:26:41+08:00,USLSA,20.86,12.77936343
538007680,4253,2021-06-20 00:27:25+08:00,CNXIA,2021-07-10 20:48:54+08:00,USLSA,12.73,20.84825231
538007680,4253,2021-08-06 20:02:34+08:00,CNYTN,2021-08-30 11:57:00+08:00,USLSA,11.91,23.66280093
538007680,4253,2021-09-22 04:39:21+08:00,CNYTN,2021-10-25 21:56:39+08:00,USLSA,8.16,33.72034722
538007680,4253,2021-11-22 10:57:10+08:00,TWKAO,2022-01-10 13:19:35+08:00,USLSA,7.34,49.09890046
538007681,4249,2021-04-05 13:59:51+08:00,CNYSN,2021-04-17 12:18:07+08:00,USLSA,22.5,11.92935185
538007681,4249,2021-05-31 14:00:02+08:00,CNNBO,2021-06-19 22:54:00+08:00,USLSA,12.64,19.37081019
538007681,4249,2021-07-23 08:07:35+08:00,CNDCB,2021-08-15 12:14:52+08:00,USLSA,11.89,23.17172454
538007681,4249,2021-09-18 22:28:54+08:00,CNYTN,2021-10-19 22:02:54+08:00,USLSA,8.83,30.98194444
538007681,4249,2021-11-19 09:24:01+08:00,CNXIA,2022-01-17 06:27:33+08:00,USLSA,9.12,58.8774537
538007681,4249,2022-02-09 22:01:45+08:00,CNYTN,2022-02-28 01:23:12+08:00,USLSA,15.59,18.13989583
538007681,4249,2024-04-02 06:18:16+08:00,CNYTN,2024-04-16 06:17:53+08:00,USLGB,19.39,13.9997338
538007681,4249,2024-05-14 07:27:30+08:00,CNYTN,2024-05-28 08:30:09+08:00,USLGB,19.33,14.04350694
538007681,4249,2024-06-27 04:57:41+08:00,CNYTN,2024-07-13 22:01:24+08:00,USLGB,16.13,16.71091435
538007681,4249,2024-08-12 00:37:40+08:00,CNNBO,2024-08-25 07:10:19+08:00,USLGB,18.41,13.27267361
538007683,4249,2021-06-17 18:25:27+08:00,CNQIN,2021-07-07 20:04:52+08:00,USLSA,11.99,20.06903935
538007683,4249,2021-08-08 12:30:34+08:00,CNXIA,2021-09-22 20:44:42+08:00,USLSA,5.85,45.34314815
538007684,4253,2024-08-13 17:20:57+08:00,CNWGQ,2024-08-31 20:12:14+08:00,USLSA,13.58,18.11894676
538007684,4253,2024-09-29 10:57:02+08:00,CNWGQ,2024-10-13 05:53:41+08:00,USLGB,17.52,13.78934028
538007726,1717,2021-10-06 15:26:27+08:00,CNTJN,2021-11-13 20:23:01+08:00,USLGB,7.03,38.20594907
538007801,2824,2020-09-13 22:24:21+08:00,CNYTN,2020-09-30 20:35:28+08:00,USLGB,18.98,16.92438657
538007801,2824,2020-11-01 23:56:21+08:00,CNWGQ,2020-11-21 12:57:20+08:00,USLGB,13.42,19.54234954
538007801,2824,2020-12-11 11:07:47+08:00,CNNBO,2021-01-06 12:55:49+08:00,USLGB,10.06,26.07502315
538007801,2824,2021-01-27 07:23:47+08:00,TWKAO,2021-02-23 07:45:53+08:00,USLGB,16.54,27.01534722
538007905,11010,2021-06-14 12:09:01+08:00,CNYSN,2021-07-03 21:34:39+08:00,USLGB,12.66,19.39280093
538007905,11010,2021-08-20 13:48:51+08:00,CNYSN,2021-09-20 18:07:34+08:00,USLGB,8.13,31.17966435
538007905,11010,2021-10-20 09:59:23+08:00,CNYSN,2021-12-13 21:51:23+08:00,USLGB,4.79,54.49444444
538007905,11010,2022-01-15 23:16:04+08:00,CNYSN,2022-02-28 21:39:46+08:00,USLSA,6.96,43.933125
538007938,2824,2020-05-14 06:22:30+08:00,CNWGQ,2020-05-26 21:32:38+08:00,USLGB,19.72,12.63203704
538007938,2824,2020-06-18 23:08:41+08:00,CNWGQ,2020-06-30 21:30:53+08:00,USLGB,21.08,11.93208333
538007938,2824,2020-07-24 14:54:16+08:00,CNWGQ,2020-08-05 00:28:42+08:00,USLGB,21.12,11.39891204
538007938,2824,2020-08-28 06:02:49+08:00,CNWGQ,2020-09-09 04:34:11+08:00,USLGB,20.36,11.93844907
538007938,2824,2020-10-29 11:31:18+08:00,CNWGQ,2020-11-12 00:10:08+08:00,USLGB,20.44,13.52696759
538007938,2824,2020-11-30 07:15:46+08:00,CNWGQ,2020-12-12 17:10:09+08:00,USLGB,21.26,12.4127662
538007938,2824,2021-01-15 00:06:56+08:00,CNWGQ,2021-01-29 21:05:25+08:00,USLGB,19.89,14.87394676
538007938,2824,2021-02-23 19:52:44+08:00,CNWGQ,2021-03-11 07:17:54+08:00,USLGB,15.82,15.47581019
538007938,2824,2021-04-08 10:31:39+08:00,CNWGQ,2021-04-20 07:28:53+08:00,USLGB,23.76,11.8730787
538007938,2824,2021-05-22 19:59:40+08:00,CNWGQ,2021-06-07 03:34:50+08:00,USLGB,17.6,15.31608796
538007938,2824,2021-06-25 00:31:50+08:00,CNWGQ,2021-07-07 01:43:56+08:00,USLGB,19.98,12.05006944
538007938,2824,2021-07-30 16:21:20+08:00,CNWGQ,2021-08-11 10:57:36+08:00,USLGB,20.73,11.77518519
538007938,2824,2021-09-02 19:46:30+08:00,CNNBO,2021-09-18 03:24:20+08:00,USLGB,16.79,15.31793981
538007938,2824,2021-10-11 12:48:48+08:00,CNWGQ,2021-10-27 12:44:22+08:00,USLGB,15.56,15.9969213
538007938,2824,2021-11-18 23:38:20+08:00,CNWGQ,2021-12-09 07:20:12+08:00,USLGB,12.85,20.32074074
538007938,2824,2022-01-13 22:06:33+08:00,CNWGQ,2022-01-30 06:49:56+08:00,USLGB,16.74,16.36346065
538007938,2824,2022-02-15 07:20:08+08:00,CNWGQ,2022-03-02 03:23:11+08:00,USLGB,18.04,14.83545139
538007938,2824,2022-03-25 16:01:11+08:00,CNWGQ,2022-04-10 06:21:14+08:00,USLGB,15.96,15.59725694
538007938,2824,2022-06-09 18:43:19+08:00,CNWGQ,2022-06-23 07:31:16+08:00,USLGB,18.05,13.53329861
538007938,2824,2022-07-15 00:08:31+08:00,CNWGQ,2022-07-28 22:22:17+08:00,USLGB,17.35,13.92622685
538007938,2824,2022-08-25 23:09:02+08:00,CNWGQ,2022-09-07 22:11:38+08:00,USLGB,18.64,12.96013889
538007938,2824,2022-10-06 21:33:02+08:00,CNWGQ,2022-10-18 21:25:26+08:00,USLGB,20.13,11.99472222
538007938,2824,2022-12-01 16:41:39+08:00,CNWGQ,2022-12-15 02:54:06+08:00,USLGB,18.51,13.4253125
538007938,2824,2023-01-05 14:50:42+08:00,CNWGQ,2023-01-18 06:57:33+08:00,USLGB,20.25,12.67142361
538007939,3534,2020-01-31 04:08:56+08:00,CNWGQ,2020-02-11 21:50:53+08:00,USLSA,20.64,11.73746528
538007939,3534,2020-03-12 13:38:52+08:00,CNWGQ,2020-03-24 06:36:07+08:00,USLSA,21.17,11.70642361
538007939,3534,2020-04-23 23:05:49+08:00,CNWGQ,2020-05-05 20:14:27+08:00,USLSA,20.28,11.88099537
538008132,10600,2020-08-10 23:28:07+08:00,CNNBO,2020-08-27 19:09:29+08:00,USLGB,14.64,16.82039352
538008132,10600,2020-09-24 19:27:37+08:00,CNNBO,2020-10-13 21:31:13+08:00,USLGB,12.74,19.08583333
538008132,10600,2020-11-14 05:55:01+08:00,CNNBO,2020-12-01 22:59:10+08:00,USLGB,14.35,17.71121528
538008132,10600,2021-01-04 06:57:51+08:00,CNNBO,2021-01-30 22:38:05+08:00,USLGB,11.24,26.65293981
538008132,10600,2021-03-10 01:29:57+08:00,CNNBO,2021-03-31 21:07:19+08:00,USLGB,11.91,21.81761574
538008132,10600,2021-05-20 11:39:34+08:00,CNNBO,2021-06-08 20:32:52+08:00,USLGB,12.52,19.37034722
538008132,10600,2021-07-28 08:17:57+08:00,CNYSN,2021-08-24 20:54:04+08:00,USLGB,8.88,27.52508102
538008132,10600,2021-10-01 12:44:26+08:00,CNNBO,2021-11-09 22:57:25+08:00,USLGB,6.69,39.42568287
538008132,10600,2021-12-15 11:55:04+08:00,CNNBO,2022-02-07 18:10:26+08:00,USLGB,5.64,54.2606713
538008132,10600,2022-03-10 14:26:58+08:00,CNNBO,2022-04-18 21:31:20+08:00,USLGB,7.41,39.29469907
538008132,10600,2022-06-15 15:17:35+08:00,CNNBO,2022-07-09 19:13:52+08:00,USLGB,10.42,24.16408565
538008132,10600,2022-09-07 18:23:05+08:00,CNNBO,2022-09-22 21:26:55+08:00,USLGB,16.13,15.12766204
538008133,10600,2020-07-27 05:01:25+08:00,CNNBO,2020-08-11 20:30:23+08:00,USLGB,15.7,15.64511574
538008133,10600,2020-09-09 08:23:08+08:00,CNYSN,2020-10-04 03:06:50+08:00,USLGB,11.66,24.78034722
538008133,10600,2020-10-31 20:41:53+08:00,CNNBO,2020-11-15 12:28:11+08:00,USLGB,17.92,14.65715278
538008133,10600,2020-12-19 06:34:22+08:00,CNNBO,2021-01-13 22:30:57+08:00,USLGB,9.68,25.66429398
538008133,10600,2021-02-19 17:32:19+08:00,CNNBO,2021-03-19 22:16:02+08:00,USLGB,10.72,28.19702546
538008133,10600,2021-05-05 23:06:11+08:00,CNNBO,2021-05-23 22:18:44+08:00,USLGB,13.55,17.96704861
538008133,10600,2021-07-17 13:13:21+08:00,CNNBO,2021-08-10 21:59:23+08:00,USLGB,2.71,24.36530093
538008133,10600,2021-09-21 19:15:48+08:00,CNNBO,2021-10-26 19:12:36+08:00,USLGB,7.4,34.99777778
538008133,10600,2021-12-02 12:03:53+08:00,CNNBO,2022-01-24 22:28:00+08:00,USLGB,5.91,53.43341435
538008133,10600,2022-03-19 13:26:56+08:00,CNNBO,2022-04-24 23:43:56+08:00,USLGB,7.38,36.42847222
538008133,10600,2022-05-31 13:56:56+08:00,CNNBO,2022-06-23 21:15:57+08:00,USLGB,11.24,23.30487269
538008133,10600,2022-08-20 13:52:09+08:00,CNNBO,2022-09-08 22:01:00+08:00,USLGB,12.58,19.33947917
538008542,4432,2020-04-09 21:16:04+08:00,CNYTN,2020-04-24 21:01:33+08:00,USLSA,18.36,14.98991898
538008542,4432,2020-08-26 15:20:26+08:00,CNYTN,2020-09-11 21:52:53+08:00,USLSA,16.45,16.27253472
538008542,4432,2021-08-18 11:21:47+08:00,CNNBO,2021-09-01 21:52:18+08:00,USLSA,16.93,14.4378588
538008542,4432,2021-10-14 18:57:26+08:00,CNWGQ,2021-10-29 21:14:23+08:00,USLSA,16.83,15.09510417
538008542,4432,2021-11-26 16:22:36+08:00,CNWGQ,2021-12-14 03:04:13+08:00,USLSA,14,17.44556713
538008542,4432,2022-01-13 22:18:49+08:00,CNWGQ,2022-02-06 22:21:48+08:00,USLSA,10.55,24.00207176
538008542,4432,2022-03-14 10:07:22+08:00,CNWGQ,2022-03-27 21:15:28+08:00,USLSA,17.86,13.46395833
538008542,4432,2022-05-05 15:27:42+08:00,CNNBO,2022-05-21 12:01:13+08:00,USLSA,15.28,15.8566088
538008542,4432,2022-06-27 00:00:12+08:00,CNWGQ,2022-07-08 21:02:59+08:00,USLSA,20.16,11.87693287
538008542,4432,2022-08-04 14:52:06+08:00,CNWGQ,2022-08-16 17:25:32+08:00,USLSA,19.95,12.10655093
538008542,4432,2022-09-23 11:28:28+08:00,CNWGQ,2022-10-05 12:44:30+08:00,USLSA,19.95,12.05280093
538008755,4253,2022-02-12 09:00:56+08:00,CNNBO,2022-03-28 21:30:07+08:00,USLSA,7.71,44.5202662
538008755,4253,2022-04-29 16:54:32+08:00,CNNBO,2022-05-18 05:10:01+08:00,USLSA,13.43,18.51075231
538008755,4253,2022-06-25 08:17:03+08:00,CNNBO,2022-07-17 01:15:22+08:00,USLSA,11.46,21.70716435
538008755,4253,2025-02-06 23:01:25+08:00,HKHKG,2025-04-04 21:50:58+08:00,USLGB,10.81,56.95107639
538008755,4253,2025-06-15 12:01:27+08:00,CNYSN,2025-06-28 19:45:20+08:00,USLGB,18.04,13.3221412
538008845,4380,2024-09-28 08:26:27+08:00,CNXIA,2024-10-14 06:47:40+08:00,USLSA,16.38,15.93140046
538008845,4380,2024-11-10 04:18:40+08:00,CNQIN,2024-11-26 21:14:53+08:00,USLGB,15.25,16.70570602
538009073,2553,2021-08-26 13:26:33+08:00,CNYTN,2021-10-06 21:28:07+08:00,USLGB,7.19,41.3344213
538009388,2702,2022-11-13 08:02:28+08:00,CNNBO,2022-11-29 23:28:31+08:00,USLGB,16.07,16.64309028
538009444,2702,2022-01-13 15:08:43+08:00,CNNBO,2022-02-06 23:24:48+08:00,USLGB,13.62,24.34450231
538009444,2702,2022-03-11 07:28:24+08:00,CNNBO,2022-03-31 12:29:41+08:00,USLGB,13.02,20.20922454
538009444,2702,2022-05-02 23:38:55+08:00,CNQIN,2022-05-27 22:33:25+08:00,USLGB,10.66,24.95451389
538009444,2702,2022-06-26 23:33:25+08:00,CNQIN,2022-07-18 10:49:12+08:00,USLGB,12.13,21.46929398
538009444,2702,2022-08-14 00:01:52+08:00,CNQIN,2022-08-29 18:44:34+08:00,USLGB,15.5,15.77965278
538009520,1756,2024-11-02 01:18:41+08:00,CNXIA,2024-11-21 22:42:21+08:00,USLSA,13.79,19.89143519
538009520,1756,2025-01-05 03:58:44+08:00,CNXIA,2025-01-23 22:18:39+08:00,USLSA,15.31,18.76383102
538009520,1756,2025-02-22 14:05:15+08:00,CNYTN,2025-03-15 08:10:18+08:00,USLSA,14.4,20.75350694
538009523,2702,2022-09-30 21:23:32+08:00,CNQIN,2022-10-17 06:54:28+08:00,USLGB,15.57,16.39648148
538010028,4248,2022-07-16 07:06:45+08:00,CNYTN,2022-07-29 21:08:50+08:00,USLSA,19.79,13.58478009
538010121,2782,2024-10-20 15:18:48+08:00,CNYTN,2024-11-08 22:15:20+08:00,USLSA,14.08,19.28925926
538010641,2553,2025-01-27 10:35:32+08:00,CNWGQ,2025-02-15 23:45:21+08:00,USLGB,14.54,19.5484838
538010690,2954,2025-06-04 17:27:22+08:00,CNWGQ,2025-06-19 08:10:23+08:00,USLGB,16.68,14.61320602
538010693,2954,2024-08-16 19:11:17+08:00,CNQIN,2024-09-07 21:21:42+08:00,USLGB,11.73,22.09056713
538010693,2954,2024-10-03 07:37:24+08:00,CNQIN,2024-10-19 20:40:40+08:00,USLGB,15.75,16.54393519
538010693,2954,2024-11-15 07:08:05+08:00,CNQIN,2024-12-02 08:13:50+08:00,USLGB,14.42,17.04565972
538010693,2954,2024-12-28 18:54:34+08:00,CNNBO,2025-01-17 22:04:11+08:00,USLGB,12.34,20.13167824
538010693,2954,2025-05-24 05:03:36+08:00,CNQIN,2025-06-10 13:01:20+08:00,USLGB,14.21,17.33175926
538010740,2954,2024-08-12 05:25:23+08:00,CNQIN,2024-08-31 20:58:28+08:00,USLGB,14.85,19.64797454
538010740,2954,2024-10-04 08:58:36+08:00,CNQIN,2024-10-21 21:22:20+08:00,USLGB,14.14,17.51648148
538010741,2954,2024-07-14 19:12:11+08:00,CNYTN,2024-08-04 21:52:59+08:00,USLSA,12.88,21.11166667
538010741,2954,2024-09-16 00:01:08+08:00,CNXIA,2024-10-02 21:33:43+08:00,USLSA,15.52,16.89762731
538010741,2954,2024-12-24 12:52:23+08:00,CNNBO,2025-01-12 07:38:40+08:00,USLGB,14.66,18.7821412
538010741,2954,2025-02-06 11:57:22+08:00,CNNBO,2025-02-23 07:13:17+08:00,USLGB,14.62,16.80271991
538010741,2954,2025-03-28 12:27:10+08:00,CNNBO,2025-04-14 14:44:22+08:00,USLGB,14.49,17.09527778
538010741,2954,2025-06-19 16:39:56+08:00,CNWGQ,2025-07-04 21:53:58+08:00,USLGB,15.98,15.2180787
538011017,2782,2024-04-18 07:45:44+08:00,CNWGQ,2024-05-02 16:42:35+08:00,USLSA,16.74,14.3728125
538011017,2782,2024-05-23 00:37:11+08:00,CNWGQ,2024-06-06 06:02:32+08:00,USLSA,16.83,14.2259375
538011017,2782,2024-06-27 19:26:38+08:00,CNWGQ,2024-07-12 03:51:21+08:00,USLSA,16.88,14.35049769
538011017,2782,2024-08-01 00:35:54+08:00,CNWGQ,2024-08-15 06:05:43+08:00,USLSA,16.96,14.22903935
538011017,2782,2024-09-05 15:42:12+08:00,CNWGQ,2024-09-19 20:08:26+08:00,USLSA,16.86,14.18488426
538011017,2782,2024-10-10 15:52:27+08:00,CNWGQ,2024-10-25 06:02:44+08:00,USLSA,16.88,14.59047454
538011017,2782,2025-04-18 04:36:46+08:00,CNWGQ,2025-05-03 08:11:33+08:00,USLSA,16.64,15.14915509
538011017,2782,2025-05-22 22:00:08+08:00,CNWGQ,2025-06-06 19:59:31+08:00,USLSA,16.47,14.91623843
538011017,2782,2025-06-25 23:36:27+08:00,CNWGQ,2025-07-09 21:52:12+08:00,USLSA,17.27,13.92760417
538011020,2782,2025-02-26 08:37:32+08:00,CNNBO,2025-03-18 20:39:04+08:00,USLSA,13.2,20.50106481
538011021,2782,2024-07-23 08:26:15+08:00,CNYTN,2024-08-15 20:04:54+08:00,USLGB,11.85,23.48517361
538011021,2782,2024-09-07 16:26:53+08:00,CNNBO,2024-09-22 21:14:53+08:00,USLSA,15.94,15.2
538011714,5500,2025-06-11 00:44:30+08:00,CNYTN,2025-06-24 19:40:24+08:00,USLGB,19.38,13.78881944
538090583,3649,2021-02-06 14:37:26+08:00,CNYSN,2021-03-13 00:28:25+08:00,USLSA,12.28,34.41040509
548263500,1118,2021-12-12 12:54:30+08:00,HKHKG,2022-01-29 22:22:50+08:00,USLSA,8,48.39467593
548263500,1118,2022-02-27 22:07:55+08:00,CNDCB,2022-04-21 22:11:03+08:00,USLSA,8,53.00217593
563000700,8466,2021-06-07 01:53:56+08:00,CNYSN,2021-06-21 11:04:41+08:00,USLSA,16.76,14.38246528
563001700,9962,2023-07-14 06:37:15+08:00,CNNBO,2023-07-28 21:10:11+08:00,USLSA,16.66,14.6062037
563001700,9962,2023-09-02 08:08:49+08:00,CNNBO,2023-09-19 05:50:10+08:00,USLGB,14.49,16.90371528
563002100,9962,2020-01-21 17:06:24+08:00,CNYSN,2020-02-12 21:03:24+08:00,USLGB,12.81,22.16458333
563004900,7024,2022-11-27 04:57:36+08:00,CNYTN,2022-12-13 20:37:49+08:00,USLSA,16.57,16.65292824
563006800,9962,2023-06-25 14:35:53+08:00,CNNBO,2023-07-11 22:03:26+08:00,USLSA,14.9,16.31079861
563020400,13656,2023-09-12 22:02:07+08:00,CNYTN,2023-11-08 22:15:12+08:00,USLSA,12.64,57.00908565
563025600,9012,2023-05-27 06:14:35+08:00,CNNBO,2023-06-14 22:36:55+08:00,USLSA,13.07,18.68217593
563025600,9012,2023-07-12 21:32:13+08:00,CNNBO,2023-07-29 20:16:44+08:00,USLSA,14.34,16.94758102
563025600,9012,2023-08-30 06:40:45+08:00,CNNBO,2023-09-21 21:00:20+08:00,USLSA,11.53,22.59693287
563025600,9012,2023-12-11 04:40:16+08:00,CNYTN,2023-12-27 07:56:54+08:00,USLSA,16.95,16.13655093
563033000,8508,2020-01-31 09:24:59+08:00,TWTAP,2020-02-12 20:52:07+08:00,USLSA,20.48,12.47717593
563033000,8508,2020-03-10 11:03:36+08:00,CNNBO,2020-03-23 20:25:34+08:00,USLSA,18.71,13.39025463
563033000,8508,2020-04-22 05:33:03+08:00,CNNBO,2020-05-05 07:32:57+08:00,USLSA,18.43,13.08326389
563033000,8508,2020-06-02 13:43:38+08:00,CNNBO,2020-06-16 07:41:45+08:00,USLSA,17.62,13.74869213
563033000,8508,2020-10-11 12:49:56+08:00,CNNBO,2020-10-23 05:51:58+08:00,USLSA,21.59,11.70974537
563033000,8508,2022-04-08 17:03:00+08:00,HKHKG,2022-04-28 21:21:02+08:00,USLSA,13.72,20.17918981
563033000,8508,2022-07-08 18:09:09+08:00,CNNBO,2022-07-28 22:35:50+08:00,USLSA,12.03,20.18519676
563033000,8508,2022-09-01 18:39:27+08:00,TWTAP,2022-09-14 21:34:33+08:00,USLSA,18.97,13.12159722
563033000,8508,2022-10-20 21:59:26+08:00,CNNBO,2022-11-02 21:15:15+08:00,USLSA,18.73,12.96931713
563033000,8508,2022-12-08 05:54:42+08:00,CNNBO,2022-12-20 22:30:38+08:00,USLSA,20.3,12.69162037
563033000,8508,2023-01-29 23:55:17+08:00,CNNBO,2023-02-12 21:55:58+08:00,USLSA,18.37,13.9171412
563033000,8508,2023-12-14 07:13:06+08:00,CNNBO,2023-12-27 21:55:08+08:00,USLSA,18.51,13.61252315
563033000,8508,2024-02-02 08:05:35+08:00,CNNBO,2024-02-15 22:05:13+08:00,USLSA,17.87,13.5830787
563033000,8508,2024-03-21 21:59:50+08:00,CNNBO,2024-04-04 19:45:17+08:00,USLSA,17.34,13.9065625
563034700,11923,2020-01-04 20:04:57+08:00,CNYTN,2020-01-20 07:03:10+08:00,USLGB,18.33,15.45709491
563034700,11923,2020-02-25 04:10:00+08:00,CNXIA,2020-03-09 20:06:54+08:00,USLGB,18.79,13.66451389
563034800,11923,2020-01-08 13:18:03+08:00,CNYTN,2020-01-25 05:33:27+08:00,USLGB,17.78,16.67736111
563048400,8628,2021-04-27 18:21:12+08:00,CNQIN,2021-05-18 21:15:10+08:00,USLSA,13.24,21.12081019
563052600,4616,2021-09-10 08:36:58+08:00,CNNBO,2021-10-01 20:52:02+08:00,USLSA,11.78,21.51046296
563052600,4616,2021-11-10 14:31:15+08:00,CNNBO,2021-12-12 08:42:15+08:00,USLSA,9.14,31.75763889
563052600,4616,2022-01-12 18:59:35+08:00,CNNBO,2022-02-13 22:13:13+08:00,USLSA,8.78,32.13446759
563052600,4616,2022-03-26 19:20:42+08:00,CNNBO,2022-04-13 22:48:14+08:00,USLSA,15.15,18.14412037
563052600,4616,2022-05-30 21:37:29+08:00,CNNBO,2022-06-17 08:30:21+08:00,USLSA,15.1,17.45337963
563052600,4616,2022-07-24 07:03:05+08:00,CNNBO,2022-08-06 21:41:56+08:00,USLSA,17.97,13.6103125
563052600,4616,2022-09-09 00:42:54+08:00,CNNBO,2022-09-21 20:11:20+08:00,USLSA,19.45,12.81141204
563052600,4616,2022-10-26 11:07:41+08:00,CNNBO,2022-11-08 21:58:15+08:00,USLSA,18.59,13.45178241
563062300,9962,2023-07-28 05:26:44+08:00,CNNBO,2023-08-15 03:35:10+08:00,USLSA,13.68,17.92252315
563062300,9962,2023-09-16 08:33:51+08:00,CNNBO,2023-10-01 20:25:38+08:00,USLGB,15.7,15.49429398
563062700,2546,2021-09-24 11:06:54+08:00,CNWGQ,2021-11-17 22:47:30+08:00,USLSA,4.58,54.48652778
563062700,2546,2022-02-08 20:37:02+08:00,CNNSA,2022-02-28 23:31:08+08:00,USLGB,16.04,20.12090278
563073500,14220,2020-07-28 01:15:13+08:00,CNYTN,2020-08-12 06:05:41+08:00,USLGB,17.76,15.20171296
563073500,14220,2020-12-14 04:03:16+08:00,CNYTN,2021-01-10 21:05:16+08:00,USLGB,9.7,27.70972222
563073500,14220,2021-05-29 10:48:03+08:00,CNYTN,2021-06-14 07:17:02+08:00,USLGB,16.85,15.85346065
563073500,14220,2021-11-07 01:14:52+08:00,CNYTN,2022-01-03 21:36:02+08:00,USLGB,6.37,57.84803241
563073500,14220,2022-05-27 13:16:45+08:00,CNYTN,2022-06-12 21:30:22+08:00,USLGB,16.63,16.34278935
563073800,4658,2021-10-08 13:04:37+08:00,HKHKG,2021-11-06 00:38:24+08:00,USLSA,10.25,28.48179398
563073800,4658,2021-12-10 18:26:41+08:00,CNNBO,2022-01-21 22:56:45+08:00,USLSA,7.38,42.1875463
563077800,7024,2020-01-12 15:17:46+08:00,CNYTN,2020-01-27 22:16:40+08:00,USLSA,18.98,15.29090278
563077800,7024,2020-07-17 04:25:03+08:00,TWTAP,2020-07-31 07:07:52+08:00,USLSA,17.7,14.11306713
563077800,7024,2020-10-12 08:59:59+08:00,TWTAP,2020-10-25 22:06:57+08:00,USLSA,19.18,13.54650463
563084600,9578,2020-06-05 13:21:32+08:00,CNYSN,2020-06-20 00:02:49+08:00,USLSA,16.77,14.44533565
563084800,7024,2020-06-18 19:41:16+08:00,TWTAP,2020-07-02 08:02:59+08:00,USLSA,18.45,13.51508102
563084800,7024,2020-09-11 15:49:48+08:00,TWTAP,2020-09-25 22:13:57+08:00,USLSA,20.38,14.26677083
563084800,7024,2021-05-02 11:17:12+08:00,TWTAP,2021-05-29 08:46:31+08:00,USLSA,9.4,26.8953588
563084800,7024,2021-07-04 11:04:22+08:00,TWTAP,2021-07-24 14:02:23+08:00,USLSA,12.47,20.12362269
563084800,7024,2021-08-19 20:50:05+08:00,TWTAP,2021-09-07 20:58:08+08:00,USLSA,13.18,19.00559028
563084800,7024,2021-10-09 05:58:19+08:00,TWTAP,2021-10-29 22:21:59+08:00,USLSA,13.08,20.68310185
563084800,7024,2023-02-09 19:20:13+08:00,TWTAP,2023-02-26 01:35:49+08:00,USLSA,16.66,16.26083333
563090300,13092,2020-07-10 09:10:23+08:00,CNXIA,2020-07-22 20:26:13+08:00,USLSA,20.58,12.4693287
563090300,13092,2020-08-27 20:43:10+08:00,CNNBO,2020-09-08 18:56:37+08:00,USLGB,20.23,11.92600694
563090300,13092,2020-10-10 23:51:51+08:00,CNNBO,2020-10-26 19:03:51+08:00,USLGB,17.57,15.8
563090300,13092,2020-11-23 11:24:06+08:00,CNNBO,2020-12-15 22:03:40+08:00,USLGB,10.9,22.44414352
563090300,13092,2021-01-15 01:24:47+08:00,CNNBO,2021-02-05 14:05:24+08:00,USLGB,12.57,21.52820602
563090300,13092,2021-03-04 01:09:56+08:00,CNYSN,2021-04-11 20:42:24+08:00,USLGB,1.09,38.81421296
563090300,13092,2021-06-22 17:26:47+08:00,CNYTN,2021-07-13 22:20:55+08:00,USLGB,12.59,21.20425926
563090300,13092,2021-08-20 12:45:46+08:00,CNYTN,2021-09-11 23:00:04+08:00,USLGB,12,22.42659722
563090300,13092,2021-10-21 14:35:15+08:00,CNNBO,2021-11-30 15:48:31+08:00,USLGB,6.63,40.05087963
563090300,13092,2022-01-06 14:08:33+08:00,CNNBO,2022-02-26 02:15:10+08:00,USLGB,5.92,50.50459491
563090300,13092,2022-04-03 11:13:49+08:00,CNNBO,2022-05-02 21:23:34+08:00,USLGB,9.74,29.4234375
563090300,13092,2022-07-25 00:19:03+08:00,CNXIA,2022-08-22 00:11:50+08:00,USLSA,9.77,27.99498843
563090300,13092,2022-10-28 11:17:34+08:00,CNXIA,2022-11-12 20:35:23+08:00,USLSA,16.92,15.38737269
563090300,13092,2023-01-07 13:57:29+08:00,CNXIA,2023-01-25 21:44:53+08:00,USLSA,15.53,18.32458333
563090300,13092,2023-03-19 11:17:13+08:00,CNXIA,2023-04-03 21:13:58+08:00,USLSA,16.91,15.41440972
563090300,13092,2023-05-27 18:39:18+08:00,CNYSN,2023-06-10 20:17:04+08:00,USLSA,17.11,14.06789352
563090400,13092,2020-01-12 14:36:41+08:00,CNYSN,2020-01-24 20:07:25+08:00,USLGB,20.51,12.22967593
563090400,13092,2020-03-22 21:36:22+08:00,CNYSN,2020-04-04 19:07:45+08:00,USLGB,19.12,12.89679398
563090400,13092,2020-07-21 00:42:19+08:00,CNYSN,2020-08-04 23:40:20+08:00,USLGB,16.1,14.95695602
563090400,13092,2020-11-17 01:31:27+08:00,CNYSN,2020-12-08 23:08:31+08:00,USLGB,12.43,21.90074074
563090400,13092,2021-02-17 22:28:24+08:00,CNXIA,2021-03-11 23:38:11+08:00,USLSA,11.74,22.04846065
563090400,13092,2023-01-16 00:26:04+08:00,CNXIA,2023-01-29 21:58:16+08:00,USLSA,18.66,13.89736111
563090400,13092,2023-10-23 14:41:20+08:00,CNXIA,2023-11-08 22:40:34+08:00,USLSA,16.52,16.33280093
563090400,13092,2023-12-18 14:13:55+08:00,CNXIA,2024-01-04 21:15:28+08:00,USLSA,16.7,17.29274306
563090400,13092,2024-02-14 00:24:14+08:00,CNXIA,2024-03-03 01:03:19+08:00,USLSA,15.01,18.0271412
563090500,13092,2020-01-08 22:50:00+08:00,CNXIA,2020-01-22 06:52:53+08:00,USLSA,20.83,13.33533565
563090500,13092,2020-04-30 12:22:19+08:00,CNXIA,2020-05-14 19:07:38+08:00,USLSA,18.25,14.28146991
563090500,13092,2020-08-24 06:46:09+08:00,CNXIA,2020-09-06 07:40:10+08:00,USLSA,19.87,13.03751157
563090500,13092,2020-12-13 09:59:27+08:00,CNXIA,2021-01-13 20:01:10+08:00,USLSA,8.28,31.4178588
563090500,13092,2021-08-12 16:16:05+08:00,CNXIA,2021-09-02 22:07:26+08:00,USLSA,12.17,21.24399306
563090500,13092,2021-11-05 07:41:02+08:00,CNXIA,2021-12-11 23:21:11+08:00,USLSA,8.16,36.65288194
563090500,13092,2022-01-28 12:39:40+08:00,CNXIA,2022-03-08 00:53:02+08:00,USLSA,8.05,38.50928241
563090500,13092,2022-04-26 21:59:23+08:00,CNXIA,2022-05-25 22:57:31+08:00,USLSA,9.61,29.04037037
563090500,13092,2022-09-16 05:12:06+08:00,CNXIA,2022-09-30 21:18:12+08:00,USLSA,18.53,14.67090278
563090500,13092,2022-12-12 01:40:21+08:00,CNXIA,2022-12-26 21:17:29+08:00,USLSA,17.47,14.8174537
563090500,13092,2023-04-29 08:18:17+08:00,CNXIA,2023-05-13 19:49:19+08:00,USLSA,17.77,14.47988426
563096700,7024,2020-07-09 20:13:59+08:00,TWTAP,2020-07-22 23:25:51+08:00,USLSA,19,13.13324074
563096700,7024,2020-08-22 21:02:15+08:00,TWTAP,2020-09-03 22:05:30+08:00,USLSA,21.14,12.04392361
563096700,7024,2020-11-16 08:38:47+08:00,TWTAP,2020-12-03 12:37:18+08:00,USLSA,15.7,17.16563657
563096700,7024,2021-01-02 10:46:07+08:00,TWTAP,2021-01-20 10:58:51+08:00,USLSA,15.44,18.00884259
563096700,7024,2021-02-21 14:23:55+08:00,TWTAP,2021-03-10 10:37:35+08:00,USLSA,15.17,16.84282407
563096700,7024,2022-11-07 18:10:37+08:00,CNYTN,2022-11-22 21:53:22+08:00,USLSA,17.85,15.1546875
563096700,7024,2023-01-06 22:12:34+08:00,TWTAP,2023-01-21 22:17:38+08:00,USLSA,17.87,15.00351852
563096700,7024,2023-03-05 19:37:33+08:00,CNYTN,2023-03-22 06:11:14+08:00,USLSA,16.25,16.44005787
563096700,7024,2023-07-16 04:59:18+08:00,CNYTN,2023-08-02 20:35:06+08:00,USLSA,15.19,17.64986111
563096700,7024,2025-05-10 16:47:11+08:00,CNNBO,2025-05-24 20:13:25+08:00,USLSA,17.02,14.14321759
563098200,5001,2021-10-23 06:48:17+08:00,CNNBO,2021-11-28 21:43:56+08:00,USLSA,7.53,36.62197917
563101600,4622,2023-03-02 02:23:41+08:00,CNYSN,2023-03-20 20:47:25+08:00,USLSA,14.13,18.76648148
563102400,7024,2022-12-24 19:18:49+08:00,CNQIN,2023-01-08 21:42:41+08:00,USLSA,16.04,15.09990741
563102400,7024,2023-03-27 17:55:01+08:00,TWTAP,2023-04-13 19:53:16+08:00,USLSA,14.5,17.08211806
563102400,7024,2025-04-29 01:00:42+08:00,CNNBO,2025-05-21 23:45:51+08:00,USLSA,12.03,22.94802083
563118100,2756,2021-09-10 12:38:22+08:00,CNNBO,2021-10-14 19:04:51+08:00,USLSA,7.69,34.2683912
563118100,2756,2022-04-27 13:08:54+08:00,CNNBO,2022-05-25 21:53:24+08:00,USLGB,10.13,28.36423611
563119000,2664,2021-10-04 19:57:10+08:00,CNYSN,2021-11-03 20:49:19+08:00,USLSA,8.77,30.03621528
563121900,1774,2021-08-08 00:54:00+08:00,CNYTN,2021-09-11 17:57:47+08:00,USLGB,7.79,34.71096065
563121900,1774,2021-10-07 13:13:41+08:00,CNQIN,2021-11-22 03:20:16+08:00,USLSA,5.86,45.58790509
563121900,1774,2021-12-11 16:10:45+08:00,CNYTN,2022-01-17 09:12:54+08:00,USLSA,8.46,36.70982639
563123500,4178,2021-07-30 15:29:57+08:00,CNNBO,2021-08-25 06:08:57+08:00,USLGB,9.47,25.61041667
563126500,4255,2021-04-12 23:25:01+08:00,CNYTN,2021-05-04 07:06:26+08:00,USLGB,13.7,21.32042824
563126500,4255,2021-06-19 05:33:41+08:00,CNWGQ,2021-07-15 06:23:39+08:00,USLGB,9.37,26.03469907
563129600,1708,2021-11-21 00:18:33+08:00,TWKAO,2021-12-18 08:46:19+08:00,USLGB,13.75,27.35261574
563130400,7241,2021-05-15 08:15:51+08:00,HKHKG,2021-06-15 20:53:46+08:00,USLGB,11.46,31.52633102
563130400,7241,2021-07-22 02:42:53+08:00,CNXIA,2021-08-11 20:58:57+08:00,USLGB,13.62,20.76115741
563130400,7241,2021-09-18 18:49:49+08:00,CNXIA,2021-10-18 07:00:06+08:00,USLGB,9.06,29.5071412
563130400,7241,2022-12-05 12:59:49+08:00,TWTAP,2022-12-20 21:28:31+08:00,USLGB,17.02,15.35326389
563130400,7241,2025-06-16 23:50:36+08:00,CNQIN,2025-07-01 21:10:08+08:00,USLSA,16.5,14.88856481
563130600,5085,2021-06-02 19:51:40+08:00,CNFUN,2021-06-27 21:24:08+08:00,USLGB,10.23,25.06421296
563130800,5041,2021-12-04 12:27:09+08:00,CNNBO,2021-12-28 23:04:58+08:00,USLSA,10.8,24.44292824
563131600,1740,2021-07-28 15:03:22+08:00,CNWGQ,2021-08-18 20:53:25+08:00,USLGB,11.39,21.24309028
563131600,1740,2021-09-09 02:01:19+08:00,CNWGQ,2021-10-07 20:24:14+08:00,USLSA,8.8,28.76591435
563131600,1740,2022-01-13 06:44:18+08:00,CNQIN,2022-02-17 19:33:08+08:00,USLSA,8.6,35.53391204
563131600,1740,2022-03-23 22:31:57+08:00,CNNBO,2022-04-12 18:42:23+08:00,USLSA,12.96,19.8405787
563131600,1740,2022-05-14 07:27:52+08:00,CNNBO,2022-06-04 06:48:10+08:00,USLSA,12.18,20.97243056
563131600,1740,2022-06-29 14:01:35+08:00,CNNBO,2022-07-17 07:28:01+08:00,USLGB,13.73,17.72668981
563131600,1740,2022-08-07 11:20:15+08:00,CNWGQ,2022-08-25 07:14:23+08:00,USLGB,13.51,17.82925926
563131700,1756,2022-01-24 17:36:46+08:00,CNTAI,2022-02-19 23:14:13+08:00,USLSA,12.09,26.23434028
563131800,4178,2021-06-06 07:54:52+08:00,CNXIA,2021-06-29 21:57:19+08:00,USLGB,11.39,23.58503472
563131800,4178,2022-08-21 21:20:13+08:00,CNQIN,2022-09-04 21:04:16+08:00,USLGB,17.25,13.98892361
563131800,4178,2022-10-07 16:29:00+08:00,CNQIN,2022-10-23 06:58:09+08:00,USLGB,16.45,15.60357639
563133900,4506,2021-07-06 00:29:58+08:00,CNNBO,2021-08-01 00:07:22+08:00,USLSA,9.5,25.98430556
563135300,5576,2022-10-30 12:19:36+08:00,TWKAO,2022-11-17 23:46:05+08:00,USLGB,16.32,18.47672454
563142100,7024,2024-05-30 10:31:54+08:00,TWKAO,2024-06-17 21:44:29+08:00,USLSA,14.21,18.46707176
563142500,5642,2022-09-29 04:04:40+08:00,TWKAO,2022-10-13 20:19:30+08:00,USLGB,17.62,14.67696759
563142500,5642,2022-11-19 18:53:15+08:00,TWTAP,2022-12-05 21:29:11+08:00,USLGB,16.17,16.10828704
563142800,7241,2024-06-29 01:25:08+08:00,CNYSN,2024-07-14 21:59:41+08:00,USLSA,15.43,15.85732639
563142800,7241,2024-08-26 11:17:26+08:00,CNYSN,2024-09-10 23:33:44+08:00,USLSA,15.68,15.51131944
563142800,7241,2024-10-23 10:20:59+08:00,CNYSN,2024-11-14 00:48:09+08:00,USLSA,12.14,21.60219907
563142800,7241,2024-12-25 14:13:21+08:00,CNYSN,2025-01-08 22:43:12+08:00,USLSA,17.7,14.3540625
563142800,7241,2025-02-14 13:46:07+08:00,CNYSN,2025-03-01 06:56:11+08:00,USLSA,18.03,14.71532407
563142800,7241,2025-04-12 18:49:20+08:00,TWTAP,2025-04-29 22:43:26+08:00,USLSA,15.01,17.16256944
563143000,8508,2020-01-03 16:13:57+08:00,TWTAP,2020-01-16 08:07:10+08:00,USLSA,21.19,12.66195602
563143000,8508,2022-07-31 11:51:56+08:00,TWTAP,2022-08-16 12:17:45+08:00,USLSA,15.63,16.01792824
563143000,8508,2022-09-24 14:40:19+08:00,TWKAO,2022-10-08 04:42:07+08:00,USLSA,19.18,13.58458333
563143000,8508,2022-11-09 12:55:13+08:00,CNNBO,2022-11-21 23:19:50+08:00,USLSA,19.46,12.43376157
563143000,8508,2022-12-30 10:52:55+08:00,CNNBO,2023-01-12 07:42:10+08:00,USLSA,19.43,12.86753472
563143000,8508,2023-02-19 05:49:20+08:00,CNNBO,2023-03-04 07:06:59+08:00,USLSA,18.53,13.05392361
563143000,8508,2023-04-15 15:03:40+08:00,CNNBO,2023-04-28 22:29:20+08:00,USLSA,18.13,13.30949074
563143000,8508,2023-07-10 03:25:28+08:00,CNYTN,2023-07-24 21:00:08+08:00,USLSA,18.09,14.73240741
563144600,1708,2022-12-23 00:14:01+08:00,CNYTN,2023-01-09 21:15:49+08:00,USLSA,17.23,17.87625
563144600,1708,2023-02-10 02:30:29+08:00,CNYTN,2023-02-28 07:07:56+08:00,USLSA,16.69,18.19267361
563148100,4530,2022-02-08 10:20:12+08:00,CNNBO,2022-03-05 20:06:44+08:00,USLSA,10.73,25.40731481
563155200,11714,2022-05-06 11:22:51+08:00,CNNBO,2022-05-31 21:08:37+08:00,USLSA,9.8,25.40678241
563155200,11714,2022-07-04 13:28:45+08:00,CNNBO,2022-07-29 21:57:02+08:00,USLSA,9.85,25.35297454
563155200,11714,2022-09-10 14:50:30+08:00,CNNBO,2022-09-26 20:24:36+08:00,USLSA,15.06,16.23201389
563155200,11714,2022-11-17 06:08:52+08:00,CNNBO,2022-12-05 21:49:42+08:00,USLSA,13.35,18.65335648
563155200,11714,2023-01-28 21:42:45+08:00,CNNBO,2023-02-23 22:33:03+08:00,USLSA,10.54,26.03493056
563155200,11714,2023-05-03 07:15:14+08:00,CNNBO,2023-05-18 23:26:22+08:00,USLGB,15.97,15.67439815
563155200,11714,2023-06-17 08:49:02+08:00,CNNBO,2023-07-02 21:20:22+08:00,USLGB,15.69,15.52175926
563155200,11714,2023-08-15 12:08:30+08:00,CNYSN,2023-08-29 04:10:05+08:00,USLGB,17.69,13.6677662
563155200,11714,2023-10-02 12:03:52+08:00,CNYSN,2023-10-17 04:45:08+08:00,USLGB,17.23,14.69532407
563155200,11714,2023-11-23 01:38:51+08:00,CNYSN,2023-12-12 00:16:41+08:00,USLSA,14,18.94293981
563155200,11714,2024-01-21 14:45:56+08:00,CNYSN,2024-02-06 23:08:35+08:00,USLSA,15.17,16.3490625
563155200,11714,2024-03-16 08:44:24+08:00,CNYSN,2024-03-31 21:56:25+08:00,USLGB,15.73,15.55001157
563155200,11714,2024-05-07 06:23:16+08:00,CNYSN,2024-05-22 06:00:52+08:00,USLGB,16.05,14.98444444
563155200,11714,2024-06-25 00:11:07+08:00,CNYSN,2024-07-09 06:34:24+08:00,USLSA,16.8,14.26616898
563155200,11714,2024-08-10 00:54:26+08:00,CNYSN,2024-08-28 22:19:05+08:00,USLSA,13.11,18.89211806
563155200,11714,2024-10-12 12:50:41+08:00,CNYSN,2024-10-26 20:24:41+08:00,USLSA,16.77,14.31527778
563155200,11714,2024-12-05 15:51:54+08:00,CNYSN,2024-12-21 09:27:26+08:00,USLSA,16.58,15.73300926
563155200,11714,2025-02-04 01:55:18+08:00,CNYSN,2025-02-19 07:16:12+08:00,USLSA,17.55,15.22284722
563160100,12118,2023-11-13 19:33:06+08:00,CNYTN,2023-11-28 07:22:51+08:00,USLSA,19.1,14.49288194
563160100,12118,2024-07-23 19:12:07+08:00,CNYTN,2024-08-07 19:37:29+08:00,USLSA,18.54,15.01761574
563160200,12118,2022-05-20 01:56:34+08:00,CNYTN,2022-06-03 21:22:42+08:00,USLSA,18.07,14.80981481
563160200,12118,2022-07-08 06:30:39+08:00,CNYTN,2022-07-23 12:29:28+08:00,USLSA,17.54,15.24917824
563160200,12118,2022-08-29 04:24:21+08:00,CNYTN,2022-09-11 20:45:59+08:00,USLSA,19.68,13.68168981
563160200,12118,2023-01-22 11:30:28+08:00,CNYTN,2023-02-07 07:08:19+08:00,USLSA,17.84,15.81795139
563160200,12118,2023-03-14 15:30:09+08:00,CNYTN,2023-03-28 20:06:59+08:00,USLSA,18.92,14.19224537
563160200,12118,2023-04-27 22:11:08+08:00,CNYTN,2023-05-12 06:06:30+08:00,USLSA,18.64,14.33011574
563160200,12118,2023-06-13 02:22:53+08:00,CNYTN,2023-06-27 19:34:41+08:00,USLSA,18.18,14.71652778
563160200,12118,2023-08-15 19:10:45+08:00,CNYTN,2023-08-31 06:15:47+08:00,USLSA,17.35,15.4618287
563160200,12118,2023-10-17 07:36:23+08:00,CNYTN,2023-11-01 06:17:55+08:00,USLSA,17.95,14.94550926
563160200,12118,2023-12-19 03:15:05+08:00,CNYTN,2024-01-03 07:26:56+08:00,USLSA,17.7,15.17489583
563160200,12118,2024-02-14 05:44:32+08:00,CNYTN,2024-02-28 20:43:58+08:00,USLSA,18.68,14.62460648
563160200,12118,2024-04-07 11:22:01+08:00,CNNBO,2024-04-20 06:14:43+08:00,USLSA,18.87,12.78659722
563160200,12118,2024-11-09 01:25:50+08:00,CNNBO,2024-11-23 06:41:36+08:00,USLSA,17.59,14.21928241
563160200,12118,2024-12-29 08:18:38+08:00,CNNBO,2025-01-12 07:06:43+08:00,USLSA,17.44,13.95005787
563161200,12118,2022-10-10 17:01:26+08:00,CNTJN,2022-10-23 06:44:08+08:00,USLSA,20.04,12.57131944
563161200,12118,2023-01-21 11:26:24+08:00,TWKAO,2023-03-15 19:35:32+08:00,USLSA,13.62,53.33967593
563161200,12118,2024-06-09 11:20:02+08:00,CNNBO,2024-06-22 21:33:38+08:00,USLSA,17.93,13.42611111
563161200,12118,2024-07-24 12:21:36+08:00,CNNBO,2024-08-07 05:47:42+08:00,USLSA,17.54,13.72645833
563161200,12118,2024-09-12 09:58:20+08:00,CNNBO,2024-09-26 20:58:42+08:00,USLSA,16.63,14.45858796
563161200,12118,2024-11-04 11:35:40+08:00,CNNBO,2024-11-17 21:45:14+08:00,USLSA,18.87,13.42331019
563161200,12118,2024-12-19 22:57:12+08:00,CNNBO,2025-01-03 08:15:43+08:00,USLSA,17.2,14.3878588
563161200,12118,2025-02-10 07:15:51+08:00,TWKAO,2025-02-26 07:16:51+08:00,USLSA,16.27,16.00069444
563161200,12118,2025-04-04 11:17:28+08:00,CNNBO,2025-04-18 05:53:35+08:00,USLSA,17.74,13.77508102
563163400,12118,2023-01-10 17:28:39+08:00,TWKAO,2023-01-27 07:01:48+08:00,USLSA,16.58,16.5646875
563163400,12118,2023-03-12 11:19:04+08:00,CNNBO,2023-03-25 21:05:34+08:00,USLSA,17.94,13.40729167
563163400,12118,2023-05-02 23:58:58+08:00,CNNBO,2023-05-16 21:12:50+08:00,USLSA,17.37,13.88462963
563163400,12118,2023-06-22 18:33:53+08:00,CNNBO,2023-07-06 20:23:01+08:00,USLSA,17.09,14.07578704
563163400,12118,2023-08-12 17:20:14+08:00,TWTAP,2023-08-25 20:47:17+08:00,USLSA,18.93,13.14378472
563163400,12118,2024-04-24 18:24:55+08:00,CNYTN,2024-05-08 21:34:50+08:00,USLSA,19.05,14.13188657
563163400,12118,2024-06-19 23:07:05+08:00,CNYTN,2024-07-03 19:42:54+08:00,USLSA,19.24,13.85820602
563163400,12118,2024-08-05 01:03:49+08:00,TWTAP,2024-08-17 19:01:38+08:00,USLSA,19.47,12.7484838
563163400,12118,2024-09-13 11:56:13+08:00,CNYTN,2024-09-27 06:12:26+08:00,USLSA,19.7,13.76126157
563163400,12118,2025-01-23 18:21:23+08:00,CNNBO,2025-02-06 06:48:11+08:00,USLSA,18.43,13.51861111
563163400,12118,2025-03-16 01:05:46+08:00,CNNBO,2025-03-29 06:00:53+08:00,USLSA,18.38,13.20494213
563165500,3013,2022-12-24 06:32:14+08:00,CNNBO,2023-01-09 22:34:56+08:00,USLGB,16.32,16.66854167
563165500,3013,2023-02-18 18:06:27+08:00,CNSHE,2023-03-08 22:35:00+08:00,USLGB,15.52,18.18649306
563165500,3013,2023-06-02 06:16:39+08:00,TWTAP,2023-06-19 21:17:03+08:00,USLGB,14.44,17.62527778
563165500,3013,2023-08-14 09:31:49+08:00,CNNBO,2023-08-31 20:55:02+08:00,USLGB,14.16,17.47445602
563170300,13100,2022-11-15 00:27:14+08:00,CNNBO,2022-12-09 01:04:13+08:00,USLGB,13.15,24.02568287
563170300,13100,2023-01-22 02:55:31+08:00,CNNBO,2023-02-06 11:05:05+08:00,USLGB,16.91,15.33997685
563170300,13100,2023-04-03 05:58:55+08:00,CNNBO,2023-04-17 08:52:00+08:00,USLGB,17.22,14.12019676
563170500,1781,2022-12-11 22:12:49+08:00,CNNBO,2022-12-27 21:33:34+08:00,USLGB,16.58,15.97274306
563170600,3013,2022-10-21 03:08:40+08:00,CNQIN,2022-11-06 22:04:40+08:00,USLGB,15.34,16.78888889
563170600,3013,2022-12-10 15:48:13+08:00,CNNBO,2022-12-26 23:12:21+08:00,USLGB,17.21,16.30842593
563171800,3013,2022-11-30 20:02:21+08:00,CNNBO,2022-12-17 22:48:47+08:00,USLGB,14.92,17.1155787
563171800,3013,2023-02-22 07:09:49+08:00,CNNBO,2023-03-11 01:45:09+08:00,USLGB,15.48,16.77453704
563171800,3013,2023-04-06 09:55:48+08:00,TWTAP,2023-04-22 19:05:21+08:00,USLGB,15.87,16.38163194
563171800,3013,2023-05-28 16:19:01+08:00,TWTAP,2023-06-15 04:52:35+08:00,USLGB,14.65,17.52331019
563171800,3013,2023-09-01 10:21:33+08:00,TWTAP,2023-09-18 18:55:51+08:00,USLGB,14.49,17.35715278
563171800,3013,2023-12-15 06:53:01+08:00,TWTAP,2023-12-29 20:27:40+08:00,USLGB,18.13,14.56572917
563171800,3013,2024-02-13 23:56:09+08:00,CNNBO,2024-03-01 22:06:38+08:00,USLGB,14.75,16.92394676
563171800,3013,2024-06-20 15:59:13+08:00,CNSHE,2024-07-06 17:35:54+08:00,USLGB,17.14,16.0671412
563171800,3013,2024-07-28 03:50:36+08:00,CNXIA,2024-08-11 21:47:55+08:00,USLGB,17.52,14.74813657
563172700,13100,2022-12-30 23:02:09+08:00,CNNBO,2023-01-14 03:23:28+08:00,USLGB,18.23,14.18146991
563172700,13100,2023-03-04 16:51:49+08:00,CNNBO,2023-03-17 21:26:55+08:00,USLGB,18.64,13.19104167
563172700,13100,2023-04-28 15:46:21+08:00,CNNBO,2023-05-12 06:55:11+08:00,USLGB,18.5,13.63113426
563172700,13100,2023-06-24 06:19:55+08:00,CNNBO,2023-07-10 21:20:08+08:00,USLGB,14.86,16.62515046
563173600,3013,2022-11-24 21:35:11+08:00,CNNBO,2022-12-10 22:14:06+08:00,USLGB,15.44,16.02702546
563173600,3013,2023-01-14 12:34:49+08:00,CNNBO,2023-01-30 07:18:34+08:00,USLGB,17.02,15.78038194
563173600,3013,2023-06-01 22:03:01+08:00,CNNBO,2023-06-17 20:48:06+08:00,USLGB,15.49,15.94797454
563173600,3013,2023-11-21 06:48:30+08:00,TWTAP,2023-12-06 07:50:00+08:00,USLGB,17.25,15.04270833
563173600,3013,2024-01-09 22:36:54+08:00,TWTAP,2024-01-25 20:00:08+08:00,USLGB,17,15.89113426
563174100,3013,2024-05-27 12:05:54+08:00,CNXIA,2024-06-12 01:55:53+08:00,USLSA,16.81,15.57637731
563174100,3013,2024-07-06 21:19:53+08:00,CNQIN,2024-07-23 17:49:21+08:00,USLGB,14.67,16.8537963
563174100,3013,2024-08-19 15:47:03+08:00,CNSHE,2024-09-07 21:01:47+08:00,USLSA,14.18,19.21856481
563176800,3013,2025-01-19 13:03:57+08:00,TWTAP,2025-02-04 05:41:12+08:00,USLGB,16.45,15.69253472
563176800,3013,2025-03-02 14:48:12+08:00,TWTAP,2025-03-17 18:33:11+08:00,USLGB,17.06,15.15623843
563180800,3013,2025-01-27 23:52:40+08:00,CNYSN,2025-02-12 06:38:41+08:00,USLGB,17.03,15.28195602
563181400,13248,2025-06-16 01:17:56+08:00,TWTAP,2025-06-30 19:00:59+08:00,USLSA,16.92,14.73822917
563181600,3013,2024-09-07 00:18:38+08:00,CNYSN,2024-09-23 21:14:50+08:00,USLGB,14.43,16.87236111
563182200,13100,2023-03-16 13:19:19+08:00,CNNBO,2023-03-30 01:50:02+08:00,USLGB,18.1,13.52133102
563182200,13100,2023-05-10 22:26:49+08:00,CNNBO,2023-05-24 04:45:35+08:00,USLGB,18.44,13.26303241
563182400,3013,2023-06-24 03:53:17+08:00,TWTAP,2023-07-08 04:52:21+08:00,USLGB,17.89,14.04101852
563187500,3013,2023-05-15 02:14:23+08:00,CNXIA,2023-05-31 04:41:34+08:00,USLGB,16.12,16.10221065
563187500,3013,2024-06-09 12:25:43+08:00,CNQIN,2024-06-27 03:53:04+08:00,USLGB,14.76,17.64399306
563187500,3013,2024-07-24 20:39:47+08:00,CNXIA,2024-08-11 05:59:52+08:00,USLGB,16.03,17.38894676
563187500,3013,2024-09-04 04:02:28+08:00,CNNBO,2024-09-18 18:43:02+08:00,USLGB,17.47,14.61150463
563187900,13248,2023-05-26 10:37:59+08:00,CNNBO,2023-06-09 06:00:51+08:00,USLGB,18.33,13.8075463
563187900,13248,2023-08-11 21:44:43+08:00,CNNBO,2023-08-26 20:00:07+08:00,USLGB,16.29,14.92736111
563187900,13248,2023-10-06 20:10:42+08:00,CNNBO,2023-10-20 19:25:16+08:00,USLGB,18.64,13.96844907
563187900,13248,2023-12-07 06:43:41+08:00,CNNBO,2023-12-21 19:57:54+08:00,USLGB,16.96,14.55153935
563187900,13248,2024-02-10 22:30:18+08:00,CNNBO,2024-02-25 08:04:27+08:00,USLGB,17.59,14.39871528
563187900,13248,2024-04-09 09:48:49+08:00,CNNBO,2024-04-24 21:24:19+08:00,USLGB,16.18,15.48298611
563190300,3013,2024-03-08 18:40:13+08:00,TWTAP,2024-03-23 06:17:50+08:00,USLGB,18.5,14.48445602
563190300,3013,2024-07-01 22:44:49+08:00,CNNBO,2024-07-18 23:06:03+08:00,USLGB,14.39,17.01474537
563190300,3013,2024-08-14 17:43:06+08:00,CNQIN,2024-08-28 20:11:39+08:00,USLGB,18.09,14.10315972
563190300,3013,2024-09-28 08:37:14+08:00,CNNBO,2024-10-13 20:29:35+08:00,USLGB,16.51,15.4946875
563190500,15432,2024-07-12 08:42:26+08:00,CNYTN,2024-07-27 19:22:10+08:00,USLSA,17.27,15.44425926
563190500,15432,2024-08-24 00:45:42+08:00,CNYTN,2024-09-10 19:40:15+08:00,USLSA,15.06,17.78788194
563190500,15432,2024-10-14 03:43:17+08:00,TWKAO,2024-10-27 06:29:55+08:00,USLSA,19.58,13.11571759
563190500,15432,2024-12-04 03:45:27+08:00,TWKAO,2024-12-17 20:28:08+08:00,USLSA,18.89,13.69630787
563192300,3013,2023-09-12 21:30:55+08:00,TWTAP,2023-09-27 18:46:10+08:00,USLGB,17.12,14.88559028
563192300,3013,2024-06-29 18:49:53+08:00,CNQIN,2024-07-30 08:49:43+08:00,USLGB,11.68,30.58321759
563194900,13248,2023-08-04 00:01:26+08:00,CNSHE,2023-08-20 03:55:02+08:00,USLGB,16.94,16.16222222
563194900,13248,2024-06-17 08:35:40+08:00,CNYSN,2024-06-30 19:26:10+08:00,USLSA,17.97,13.45173611
563194900,13248,2024-08-14 19:47:36+08:00,CNYSN,2024-08-29 00:35:22+08:00,USLSA,17.16,14.19983796
563194900,13248,2024-10-13 14:38:07+08:00,CNYSN,2024-10-29 03:13:51+08:00,USLSA,16.01,15.52481481
563194900,13248,2024-12-12 04:02:41+08:00,CNYSN,2024-12-30 20:08:55+08:00,USLSA,14.71,18.67099537
563196300,13100,2023-08-27 19:19:23+08:00,CNNBO,2023-09-13 05:55:49+08:00,USLGB,15.03,16.44196759
563196300,13100,2023-10-28 08:13:30+08:00,CNNBO,2023-11-12 06:55:51+08:00,USLGB,17.06,14.94607639
563196300,13100,2024-03-22 11:28:39+08:00,CNNBO,2024-04-05 07:52:16+08:00,USLGB,18.54,13.8497338
563196300,13100,2024-05-31 03:41:58+08:00,CNYSN,2024-06-14 18:16:51+08:00,USLSA,16.94,14.60755787
563196300,13100,2024-07-25 23:22:35+08:00,CNYSN,2024-08-10 03:19:21+08:00,USLSA,16.01,15.1644213
563196300,13100,2024-10-02 01:13:14+08:00,CNYSN,2024-10-16 03:15:25+08:00,USLSA,17.67,14.08484954
563196300,13100,2024-12-01 22:16:09+08:00,CNYSN,2024-12-17 22:24:31+08:00,USLSA,16.08,16.00581019
563196300,13100,2025-02-07 04:41:28+08:00,CNYSN,2025-02-21 20:07:24+08:00,USLSA,17.42,14.64300926
563196300,13100,2025-04-06 01:14:45+08:00,TWTAP,2025-04-23 18:10:25+08:00,USLSA,13.41,17.70532407
563196300,13100,2025-06-09 23:11:10+08:00,TWTAP,2025-06-23 21:15:13+08:00,USLSA,18.01,13.91947917
563198500,7000,2024-09-14 10:30:36+08:00,CNYTN,2024-09-29 04:45:08+08:00,USLGB,18.39,14.76009259
563198500,7000,2024-11-10 19:19:02+08:00,CNYTN,2024-11-26 05:53:21+08:00,USLSA,17.68,15.44049769
563198500,7000,2024-12-24 11:24:30+08:00,CNYTN,2025-01-10 11:42:41+08:00,USLSA,16.47,17.01262731
563198500,7000,2025-02-10 08:21:43+08:00,CNYTN,2025-02-27 08:30:09+08:00,USLSA,16.95,17.00585648
563198500,7000,2025-04-02 02:11:02+08:00,CNYTN,2025-04-19 05:46:43+08:00,USLSA,15.84,17.14978009
563199600,15372,2024-06-26 20:38:12+08:00,CNYTN,2024-07-10 20:13:14+08:00,USLSA,19.1,13.98266204
563199600,15372,2024-08-11 02:56:26+08:00,CNYTN,2024-08-25 06:30:41+08:00,USLSA,18.89,14.14878472
563199600,15372,2024-09-25 03:32:40+08:00,CNYTN,2024-10-09 06:16:59+08:00,USLSA,18.93,14.1141088
563199600,15372,2024-11-24 00:14:05+08:00,CNYTN,2024-12-07 21:18:07+08:00,USLSA,19.26,13.87780093
563199600,15372,2025-01-14 08:52:35+08:00,CNYTN,2025-01-29 07:15:04+08:00,USLSA,17.9,14.93228009
563199600,15372,2025-03-19 00:28:46+08:00,CNYTN,2025-04-01 20:00:07+08:00,USLSA,19.32,13.8134375
563199600,15372,2025-05-27 15:27:25+08:00,TWKAO,2025-06-10 06:21:35+08:00,USLSA,18.88,13.62094907
563201600,13248,2024-01-30 16:34:32+08:00,CNNBO,2024-02-17 22:39:35+08:00,USLGB,14.63,18.25350694
563201600,13248,2024-04-22 15:54:09+08:00,CNNBO,2024-05-08 20:03:20+08:00,USLSA,15.52,16.17304398
563201600,13248,2024-06-23 02:48:09+08:00,CNYSN,2024-07-06 19:31:53+08:00,USLSA,17.65,13.69703704
563201600,13248,2024-08-19 01:20:52+08:00,CNYSN,2024-09-04 03:11:38+08:00,USLSA,15.15,16.0769213
563201600,13248,2024-10-16 08:48:32+08:00,CNYSN,2024-11-05 19:16:20+08:00,USLSA,12.92,20.43597222
563201600,13248,2025-01-05 05:03:06+08:00,CNYSN,2025-01-20 08:22:51+08:00,USLSA,17.08,15.13871528
563201600,13248,2025-03-06 03:28:04+08:00,TWTAP,2025-03-21 18:41:27+08:00,USLSA,16.55,15.63429398
563201600,13248,2025-04-29 21:38:58+08:00,TWTAP,2025-05-15 19:25:49+08:00,USLSA,16.39,15.90753472
563201600,13248,2025-06-26 10:14:30+08:00,TWTAP,2025-07-12 17:26:45+08:00,USLSA,15.7,16.30017361
563204900,13100,2023-11-12 07:38:07+08:00,CNNBO,2023-11-27 19:45:57+08:00,USLGB,16.08,15.50543981
563204900,13100,2024-01-15 17:58:47+08:00,CNXIA,2024-02-06 05:02:26+08:00,USLSA,12.77,21.46086806
563204900,13100,2025-05-07 00:42:29+08:00,TWTAP,2025-05-21 04:07:35+08:00,USLSA,17.96,14.14243056
563204900,13100,2025-06-29 05:28:23+08:00,TWTAP,2025-07-17 20:58:13+08:00,USLSA,13.55,18.64571759
563207600,3500,2023-11-22 02:30:30+08:00,CNYSN,2023-12-29 06:30:48+08:00,USLSA,13.55,37.166875
563214600,1102,2024-08-07 15:44:31+08:00,CNLYG,2024-09-12 06:12:08+08:00,USLGB,11.16,35.60251157
563219100,15432,2024-04-09 06:29:09+08:00,CNYTN,2024-04-23 06:12:43+08:00,USLSA,19.16,13.98858796
563219100,15432,2024-05-30 14:35:42+08:00,CNYTN,2024-06-13 19:49:29+08:00,USLSA,18.88,14.21790509
563219100,15432,2025-01-26 12:25:22+08:00,CNYTN,2025-02-10 08:22:34+08:00,USLSA,18.04,14.83138889
563219100,15432,2025-03-27 23:06:06+08:00,TWKAO,2025-04-10 20:02:36+08:00,USLSA,18.79,13.87256944
563219100,15432,2025-06-01 23:34:54+08:00,CNYTN,2025-06-15 19:30:38+08:00,USLSA,19.28,13.83037037
563219700,3500,2024-03-13 12:30:57+08:00,CNYSN,2024-04-01 19:20:27+08:00,USLSA,13.51,19.284375
563222300,3500,2024-10-02 10:14:05+08:00,CNYSN,2024-10-16 21:04:09+08:00,USLSA,16.86,14.45143519
563222300,3500,2024-11-06 13:33:37+08:00,CNWGQ,2024-12-03 21:59:25+08:00,USLSA,11.38,27.35125
563222300,3500,2025-03-17 09:32:28+08:00,CNNBO,2025-04-03 20:53:09+08:00,USLSA,13.95,17.47269676
563226200,14220,2024-06-01 08:14:05+08:00,CNYTN,2024-06-17 23:32:28+08:00,USLGB,16.25,16.6377662
563226700,15372,2024-06-11 04:31:00+08:00,CNYTN,2024-06-25 06:16:07+08:00,USLSA,18.99,14.07299769
563226700,15372,2025-01-31 19:41:27+08:00,CNYTN,2025-02-15 06:22:03+08:00,USLSA,18.53,14.44486111
563226700,15372,2025-04-02 09:49:53+08:00,CNYTN,2025-04-15 20:59:09+08:00,USLSA,19.82,13.46476852
563226700,15372,2025-06-06 07:31:53+08:00,CNYTN,2025-06-21 06:29:53+08:00,USLSA,17.82,14.95694444
563229200,13100,2024-07-05 09:39:36+08:00,CNYSN,2024-07-19 04:26:55+08:00,USLSA,17.55,13.7828588
563229200,13100,2024-09-05 10:57:53+08:00,CNYSN,2024-09-18 19:41:51+08:00,USLSA,18.12,13.36386574
563229200,13100,2024-10-30 08:50:54+08:00,CNYSN,2024-11-18 20:04:49+08:00,USLSA,13.18,19.46799769
563229200,13100,2025-01-09 05:26:27+08:00,CNYSN,2025-01-25 20:04:22+08:00,USLSA,14.6,16.60966435
563229200,13100,2025-03-20 23:15:36+08:00,TWTAP,2025-04-07 18:01:41+08:00,USLSA,14.56,17.78200231
563229200,13100,2025-05-24 23:59:22+08:00,TWTAP,2025-06-09 19:07:52+08:00,USLSA,16.25,15.79756944
563229400,15432,2024-08-23 09:18:27+08:00,TWKAO,2024-09-05 20:14:26+08:00,USLSA,19.15,13.45554398
563229400,15432,2024-10-03 22:33:36+08:00,CNYTN,2024-10-17 19:43:55+08:00,USLSA,19.67,13.88216435
563229400,15432,2024-11-28 16:32:44+08:00,CNYTN,2024-12-12 20:37:13+08:00,USLSA,19.24,14.16978009
563231000,17292,2020-08-15 18:21:34+08:00,CNXIA,2020-08-28 20:37:17+08:00,USLSA,19.93,13.09424769
563231100,5920,2025-02-05 17:15:11+08:00,CNYSN,2025-02-21 19:57:57+08:00,USLSA,15.43,16.11303241
563232300,11714,2024-07-05 07:19:54+08:00,CNYSN,2024-07-23 21:53:54+08:00,USLSA,13.05,18.60694444
563232300,11714,2024-08-29 19:07:48+08:00,CNYSN,2024-09-15 21:44:28+08:00,USLSA,14.49,17.1087963
563232300,11714,2024-10-25 23:10:29+08:00,CNYSN,2024-11-09 22:22:41+08:00,USLSA,16.06,14.96680556
563232300,11714,2024-12-19 19:11:48+08:00,CNYSN,2025-01-06 23:52:28+08:00,USLSA,13.41,18.19490741
563237800,15432,2024-10-25 01:56:25+08:00,CNYTN,2024-11-08 20:39:11+08:00,USLSA,18.74,14.77969907
563237800,15432,2024-12-13 11:05:43+08:00,TWKAO,2024-12-28 07:15:42+08:00,USLSA,17.34,14.8402662
563237800,15432,2025-02-08 18:26:42+08:00,CNYTN,2025-02-22 20:57:56+08:00,USLSA,19.49,14.10502315
563237800,15432,2025-06-25 03:27:05+08:00,CNYTN,2025-07-10 06:17:58+08:00,USLSA,17.64,15.11866898
563239900,15372,2024-11-08 10:52:51+08:00,TWKAO,2024-11-21 20:47:20+08:00,USLSA,19.36,13.41283565
563239900,15372,2025-01-02 11:49:21+08:00,CNYTN,2025-01-17 07:24:18+08:00,USLSA,18.63,14.8159375
563239900,15372,2025-03-06 23:03:17+08:00,TWKAO,2025-03-19 21:39:10+08:00,USLSA,19.89,12.94158565
563239900,15372,2025-05-10 20:24:28+08:00,CNYTN,2025-05-25 06:11:26+08:00,USLSA,18.64,14.40761574
563244800,8212,2025-05-18 01:50:34+08:00,TWKAO,2025-06-11 17:59:21+08:00,USLSA,11.98,24.6727662
563245200,15372,2024-12-21 03:50:30+08:00,CNYTN,2025-01-04 20:48:24+08:00,USLSA,18.85,14.706875
563245300,15432,2025-01-07 00:38:42+08:00,CNYTN,2025-01-21 20:55:11+08:00,USLSA,18.18,14.84478009
563245300,15432,2025-03-11 12:27:48+08:00,CNYTN,2025-03-25 19:51:34+08:00,USLSA,18.89,14.3081713
563245300,15432,2025-05-19 17:24:38+08:00,CNYTN,2025-06-02 19:30:54+08:00,USLSA,18.91,14.08768519
563246400,11714,2024-11-21 20:08:24+08:00,CNYSN,2024-12-06 20:57:25+08:00,USLSA,15.91,15.03403935
563246400,11714,2025-01-12 08:33:15+08:00,CNYSN,2025-01-26 23:00:57+08:00,USLSA,16.37,14.60256944
563247000,13892,2024-11-22 02:19:11+08:00,CNYTN,2024-12-08 20:59:09+08:00,USLSA,16.52,16.77775463
563247000,13892,2025-05-11 15:14:53+08:00,CNYTN,2025-05-27 05:55:13+08:00,USLSA,17.19,15.61134259
563249900,15372,2025-02-27 07:02:56+08:00,TWKAO,2025-03-12 19:55:05+08:00,USLSA,20.11,13.53621528
563249900,15372,2025-05-06 20:00:50+08:00,CNNBO,2025-05-19 19:58:23+08:00,USLSA,18.7,12.99829861
563249900,15372,2025-07-04 16:21:05+08:00,CNYTN,2025-07-19 06:08:56+08:00,USLSA,18.51,14.57489583
563251800,15432,2025-04-08 15:25:13+08:00,CNYTN,2025-04-22 19:37:56+08:00,USLSA,19.29,14.17549769
563251800,15432,2025-06-11 16:32:20+08:00,CNYTN,2025-06-26 06:26:36+08:00,USLSA,18.39,14.57935185
563262700,15432,2025-06-19 04:09:36+08:00,TWKAO,2025-07-04 06:24:19+08:00,USLSA,16.99,15.09355324
563313000,5610,2021-08-27 07:48:56+08:00,CNNBO,2021-09-30 22:06:32+08:00,USLSA,7.26,34.59555556
563433000,2556,2020-11-12 10:14:52+08:00,CNZOS,2021-01-10 05:22:54+08:00,USLSA,10.91,58.79724537
563485000,2646,2022-09-06 10:02:02+08:00,CNXIA,2022-09-23 07:25:53+08:00,USLGB,16.26,16.8915625
563579000,5610,2023-01-07 16:07:20+08:00,TWTAP,2023-01-24 21:15:26+08:00,USLGB,14.57,17.21395833
563584000,5610,2021-12-24 23:27:50+08:00,HKHKG,2022-02-07 00:57:00+08:00,USLSA,13.83,44.0619213
563584000,5610,2022-03-14 09:21:58+08:00,TWKAO,2022-04-05 07:00:41+08:00,USLGB,12.15,21.90188657
563584000,5610,2022-05-11 13:12:00+08:00,TWKAO,2022-05-27 07:13:56+08:00,USLGB,16.44,15.75134259
563584000,5610,2022-07-01 10:31:21+08:00,TWKAO,2022-07-23 07:12:47+08:00,USLGB,12.76,21.86210648
563584000,5610,2022-09-01 03:11:57+08:00,TWKAO,2022-09-18 20:51:45+08:00,USLGB,15.64,17.73597222
563584000,5610,2022-10-24 21:33:02+08:00,TWKAO,2022-11-09 03:23:13+08:00,USLGB,17.84,15.24318287
563584000,5610,2022-12-18 09:47:48+08:00,TWTAP,2023-01-02 20:13:51+08:00,USLGB,17.27,15.43475694
563672000,14372,2020-04-05 19:29:11+08:00,TWTAP,2020-04-17 21:52:06+08:00,USLSA,20.58,12.09924769
563982000,9466,2021-06-25 11:18:39+08:00,CNNBO,2021-07-08 21:46:12+08:00,USLSA,17.91,13.43579861
563982000,9466,2021-08-15 08:16:31+08:00,CNNBO,2021-08-29 02:39:11+08:00,USLSA,17.85,13.76574074
563982000,9466,2021-10-07 11:24:06+08:00,CNNBO,2021-10-19 21:37:28+08:00,USLSA,19.73,12.42594907
563982000,9466,2021-11-24 17:37:25+08:00,CNNBO,2021-12-13 09:02:09+08:00,USLSA,13.21,18.64217593
564071000,5652,2020-03-24 02:04:27+08:00,CNYTN,2020-04-07 21:05:36+08:00,USLSA,18.12,14.79246528
564345000,8508,2020-01-21 10:28:41+08:00,CNNBO,2020-02-04 07:24:56+08:00,USLSA,18.12,13.87239583
564345000,8508,2020-03-03 00:12:43+08:00,CNNBO,2020-03-17 21:38:17+08:00,USLSA,18.05,14.89275463
564345000,8508,2020-04-14 12:36:05+08:00,CNNBO,2020-04-28 07:56:06+08:00,USLSA,17.63,13.80556713
564345000,8508,2020-05-27 12:39:01+08:00,CNNBO,2020-06-09 07:42:21+08:00,USLSA,18.83,12.79398148
564345000,8508,2020-07-09 12:30:01+08:00,CNNBO,2020-07-21 07:55:26+08:00,USLSA,20.42,11.80931713
564345000,8508,2020-08-20 20:49:09+08:00,CNNBO,2020-09-01 06:44:55+08:00,USLSA,21.56,11.41372685
564345000,8508,2020-09-30 10:10:00+08:00,CNNBO,2020-10-12 18:54:43+08:00,USLSA,20.73,12.36438657
564345000,8508,2020-11-11 06:10:17+08:00,CNNBO,2020-11-23 18:11:46+08:00,USLSA,19.75,12.50103009
564345000,8508,2022-06-28 05:49:50+08:00,TWTAP,2022-07-11 20:42:27+08:00,USLSA,18.25,13.61987269
564345000,8508,2022-08-13 15:38:25+08:00,TWTAP,2022-08-27 19:25:07+08:00,USLSA,17.57,14.15743056
564345000,8508,2022-11-13 14:48:18+08:00,TWTAP,2022-11-26 22:23:30+08:00,USLSA,19.4,13.31611111
564345000,8508,2023-01-04 07:23:11+08:00,CNNBO,2023-01-17 21:32:46+08:00,USLSA,19.04,13.58998843
564345000,8508,2023-02-25 17:01:01+08:00,CNNBO,2023-03-10 22:00:15+08:00,USLSA,18.15,13.20780093
564345000,8508,2023-04-19 23:58:29+08:00,CNNBO,2023-05-04 21:30:47+08:00,USLSA,16.14,14.89743056
564575000,14372,2020-03-20 17:57:19+08:00,TWTAP,2020-04-03 08:34:31+08:00,USLSA,18.37,13.60916667
564575000,14372,2020-05-03 16:56:06+08:00,TWTAP,2020-05-15 20:52:09+08:00,USLSA,20.59,12.16392361
564938000,2664,2021-07-04 03:04:45+08:00,CNNBO,2021-07-24 17:43:53+08:00,USLGB,11.76,20.61050926
565004000,4252,2022-10-07 07:55:07+08:00,CNQIN,2022-10-26 04:53:43+08:00,USLGB,15.73,18.87402778
565032000,2646,2021-01-13 02:20:34+08:00,CNYTN,2021-02-02 14:02:19+08:00,USLSA,15.52,20.48732639
565032000,2646,2021-06-14 19:52:47+08:00,CNXIA,2021-07-08 21:22:09+08:00,USLGB,11.38,24.06206019
565032000,2646,2021-10-16 08:40:11+08:00,HKHKG,2021-12-04 22:56:02+08:00,USLGB,5.83,49.59434028
565132000,2646,2021-07-16 05:51:39+08:00,CNSHE,2021-08-07 17:35:28+08:00,USLGB,12.23,22.48876157
565132000,2646,2022-08-05 07:18:33+08:00,CNNBO,2022-08-20 21:09:37+08:00,USLGB,15.68,15.57712963
565132000,2646,2022-09-24 03:11:42+08:00,CNQIN,2022-10-09 06:47:44+08:00,USLGB,16.97,15.15002315
565132000,2646,2022-11-10 03:09:32+08:00,CNQIN,2022-11-27 00:12:49+08:00,USLGB,15.52,16.87728009
565253000,4658,2020-02-03 14:37:19+08:00,CNNBO,2020-02-18 01:02:45+08:00,USLSA,18.01,14.4343287
565402000,4250,2022-03-19 01:53:33+08:00,CNWGQ,2022-04-04 05:26:37+08:00,USLGB,15.55,16.14796296
565402000,4250,2022-05-06 02:05:09+08:00,CNWGQ,2022-05-19 06:36:17+08:00,USLGB,18.5,13.18828704
565402000,4250,2022-06-23 21:11:06+08:00,CNWGQ,2022-07-06 21:12:51+08:00,USLGB,18.52,13.00121528
565402000,4250,2022-07-27 11:33:31+08:00,CNWGQ,2022-08-08 00:41:58+08:00,USLGB,20.94,11.54753472
565402000,4250,2022-09-08 23:15:52+08:00,CNWGQ,2022-09-20 21:23:39+08:00,USLGB,20.32,11.92207176
565402000,4250,2022-10-27 12:05:24+08:00,CNWGQ,2022-11-08 22:16:40+08:00,USLGB,19.53,12.42449074
565402000,4250,2022-12-08 12:12:05+08:00,CNWGQ,2022-12-20 17:16:26+08:00,USLGB,21.04,12.21135417
565402000,4250,2023-01-12 14:39:17+08:00,CNWGQ,2023-01-25 03:05:20+08:00,USLGB,20.83,12.51809028
565402000,4250,2023-02-16 18:57:44+08:00,CNWGQ,2023-02-28 23:19:03+08:00,USLGB,21.01,12.18146991
565402000,4250,2023-03-26 02:06:20+08:00,CNWGQ,2023-04-07 04:00:05+08:00,USLGB,20.3,12.07899306
565402000,4250,2023-04-27 14:56:28+08:00,CNWGQ,2023-05-09 10:42:28+08:00,USLGB,20.59,11.82361111
565402000,4250,2023-06-02 10:32:52+08:00,CNWGQ,2023-06-14 22:00:19+08:00,USLGB,20.08,12.47739583
565402000,4250,2023-07-07 02:45:24+08:00,CNWGQ,2023-07-18 20:41:23+08:00,USLGB,20.78,11.74721065
565402000,4250,2023-08-11 19:55:30+08:00,CNWGQ,2023-08-23 21:02:07+08:00,USLGB,20.31,12.04626157
565402000,4250,2023-09-14 23:19:54+08:00,CNWGQ,2023-09-26 20:52:58+08:00,USLGB,20.52,11.89796296
565402000,4250,2023-10-20 00:09:31+08:00,CNWGQ,2023-11-01 08:55:02+08:00,USLGB,20.19,12.36494213
565402000,4250,2023-11-24 00:33:18+08:00,CNWGQ,2023-12-06 10:35:58+08:00,USLGB,20.34,12.41851852
565402000,4250,2024-01-04 16:43:20+08:00,CNWGQ,2024-01-17 13:35:41+08:00,USLGB,20.03,12.8696875
565402000,4250,2024-03-07 08:49:29+08:00,CNWGQ,2024-03-21 00:17:25+08:00,USLGB,20.29,13.64439815
565402000,4250,2024-04-19 08:53:23+08:00,CNWGQ,2024-05-01 21:27:51+08:00,USLGB,19.96,12.52393519
565402000,4250,2024-05-30 04:04:26+08:00,CNWGQ,2024-06-11 10:02:53+08:00,USLGB,20.25,12.24892361
565402000,4250,2024-07-11 03:39:55+08:00,CNWGQ,2024-07-23 06:46:21+08:00,USLGB,20.11,12.12946759
565402000,4250,2024-08-22 02:16:16+08:00,CNWGQ,2024-09-03 20:43:54+08:00,USLGB,19.26,12.76918981
565402000,4250,2024-10-03 00:37:44+08:00,CNWGQ,2024-10-15 06:49:42+08:00,USLGB,19.9,12.25831019
565402000,4250,2024-11-21 03:17:10+08:00,CNWGQ,2024-12-04 03:45:42+08:00,USLGB,20.25,13.01981481
565402000,4250,2024-12-26 19:10:22+08:00,CNWGQ,2025-01-08 05:17:09+08:00,USLGB,20.02,12.42137731
565402000,4250,2025-02-12 12:33:46+08:00,CNWGQ,2025-02-25 12:55:24+08:00,USLGB,19.12,13.01502315
565402000,4250,2025-04-03 02:15:38+08:00,CNWGQ,2025-04-15 03:52:08+08:00,USLGB,20.23,12.06701389
565402000,4250,2025-05-15 00:18:57+08:00,CNWGQ,2025-05-26 20:55:58+08:00,USLGB,20.58,11.85903935
565402000,4250,2025-06-26 13:05:53+08:00,CNWGQ,2025-07-08 07:16:21+08:00,USLGB,20.62,11.75726852
565425000,2646,2021-08-16 12:55:07+08:00,HKHKG,2021-10-02 07:27:00+08:00,USLGB,5.92,46.7721412
565425000,2646,2022-07-26 11:25:23+08:00,CNXIA,2022-08-17 20:13:05+08:00,USLGB,12.08,22.36645833
565451000,6648,2022-03-14 10:20:39+08:00,CNQIN,2022-04-16 21:20:24+08:00,USLSA,9.08,33.45815972
565536000,4252,2021-02-05 20:07:07+08:00,HKHKG,2021-02-28 13:20:15+08:00,USLGB,14.9,22.7174537
565536000,4252,2021-03-30 02:33:14+08:00,CNYTN,2021-04-20 12:12:44+08:00,USLGB,13.94,21.40243056
565536000,4252,2021-05-14 10:21:42+08:00,CNYTN,2021-06-04 12:37:07+08:00,USLGB,12.83,21.09403935
565536000,4252,2021-06-27 11:17:34+08:00,CNSHE,2021-07-23 21:28:38+08:00,USLGB,10.26,26.42435185
565536000,4252,2021-08-14 18:36:57+08:00,HKHKG,2021-09-06 06:14:32+08:00,USLGB,12.05,22.48443287
565536000,4252,2021-09-29 09:23:31+08:00,CNSHE,2021-11-28 08:31:33+08:00,USLGB,4.82,59.96391204
565536000,4252,2022-03-21 15:12:57+08:00,CNQIN,2022-04-10 13:42:16+08:00,USLGB,13.78,19.93702546
565558000,6350,2020-01-18 05:53:13+08:00,CNSHE,2020-03-07 08:26:31+08:00,USLGB,13.38,49.10645833
565558000,6350,2020-04-02 13:57:56+08:00,CNSHE,2020-05-02 21:18:16+08:00,USLSA,14.33,30.30578704
565558000,6350,2021-02-19 07:10:00+08:00,CNYTN,2021-03-25 20:00:56+08:00,USLSA,8.8,34.53537037
565558000,6350,2021-04-21 12:13:05+08:00,CNNBO,2021-05-11 21:44:34+08:00,USLSA,11.83,20.39686343
565558000,6350,2021-06-07 05:05:28+08:00,CNNBO,2021-06-20 20:53:19+08:00,USLSA,17.74,13.65822917
565558000,6350,2021-08-05 17:13:06+08:00,CNNBO,2021-08-28 18:02:48+08:00,USLSA,10.55,23.03451389
565558000,6350,2021-09-27 08:42:47+08:00,CNNBO,2021-10-23 06:20:27+08:00,USLSA,9.65,25.90115741
565565000,6350,2021-05-02 18:44:00+08:00,CNXIA,2021-05-20 04:06:59+08:00,USLGB,14.95,17.39096065
565565000,6350,2021-06-27 23:43:42+08:00,CNXIA,2021-07-25 00:04:10+08:00,USLGB,9.65,27.01421296
565565000,6350,2021-08-29 23:27:24+08:00,CNXIA,2021-09-25 14:15:04+08:00,USLGB,9.85,26.61643519
565565000,6350,2022-02-12 01:47:33+08:00,TWKAO,2022-03-05 13:15:39+08:00,USLGB,12.82,21.47784722
565565000,6350,2022-04-18 06:44:04+08:00,TWKAO,2022-05-04 21:05:32+08:00,USLGB,15.82,16.59824074
565565000,6350,2022-06-13 09:58:43+08:00,TWKAO,2022-06-29 07:06:56+08:00,USLGB,16.5,15.88070602
565565000,6350,2023-01-12 16:56:54+08:00,CNSHE,2023-03-11 06:57:22+08:00,USLGB,12.83,57.58365741
565567000,4252,2021-01-29 01:10:02+08:00,CNYTN,2021-02-18 13:21:13+08:00,USLGB,13.08,20.5077662
565567000,4252,2021-03-15 12:52:30+08:00,CNYTN,2021-04-05 11:25:27+08:00,USLGB,13.51,20.93954861
565567000,4252,2021-04-27 00:23:51+08:00,CNYTN,2021-05-18 10:01:41+08:00,USLGB,12.67,21.40127315
565567000,4252,2021-06-12 00:53:24+08:00,CNSHE,2021-07-02 17:29:31+08:00,USLGB,13.25,20.69174769
565567000,4252,2021-07-26 18:22:12+08:00,CNSHE,2021-08-17 21:50:21+08:00,USLGB,12.27,22.14454861
565567000,4252,2022-02-08 23:00:28+08:00,CNQIN,2022-03-14 20:46:23+08:00,USLGB,9.03,33.90688657
565567000,4252,2022-04-19 19:50:02+08:00,CNQIN,2022-05-12 07:25:35+08:00,USLGB,12.09,22.48302083
565567000,4252,2022-07-14 08:41:09+08:00,CNNBO,2022-07-30 20:28:33+08:00,USLGB,15.55,16.49125
565567000,4252,2022-08-30 06:39:48+08:00,CNQIN,2022-09-15 01:23:48+08:00,USLGB,16.28,15.78055556
565567000,4252,2022-10-30 21:11:11+08:00,CNQIN,2022-11-18 23:09:09+08:00,USLGB,14.55,19.0819213
565570000,11294,2020-03-02 17:18:25+08:00,CNYSN,2020-03-23 05:02:22+08:00,USLGB,13.25,20.48885417
565570000,11294,2020-04-20 20:40:11+08:00,CNNBO,2020-05-05 21:36:56+08:00,USLGB,16.08,15.03940972
565570000,11294,2020-07-05 13:52:47+08:00,CNNBO,2020-07-21 22:40:11+08:00,USLGB,14.79,16.36625
565570000,11294,2020-08-20 01:29:58+08:00,CNNBO,2020-09-03 07:21:31+08:00,USLGB,17.04,14.24413194
565570000,11294,2020-10-03 14:13:01+08:00,CNNBO,2020-10-20 22:48:52+08:00,USLGB,15.91,17.35822917
565570000,11294,2020-11-17 18:49:34+08:00,CNNBO,2020-12-11 23:07:41+08:00,USLGB,10.79,24.17924769
565570000,11294,2021-01-10 09:48:19+08:00,CNNBO,2021-02-05 00:56:51+08:00,USLGB,10.37,25.63092593
565570000,11294,2021-03-16 13:44:08+08:00,CNNBO,2021-04-05 14:27:25+08:00,USLGB,13.11,20.03005787
565570000,11294,2021-05-27 15:27:24+08:00,CNNBO,2021-06-14 21:05:16+08:00,USLGB,13.36,18.23462963
565570000,11294,2021-08-05 23:00:31+08:00,CNYSN,2021-08-31 22:43:30+08:00,USLGB,9.39,25.98818287
565570000,11294,2021-10-13 10:12:01+08:00,CNNBO,2021-11-22 21:49:47+08:00,USLGB,6.48,40.48456019
565570000,11294,2021-12-26 09:40:24+08:00,CNNBO,2022-02-15 23:33:27+08:00,USLGB,5.63,51.57850694
565570000,11294,2022-04-06 11:37:36+08:00,CNNBO,2022-05-11 22:58:19+08:00,USLGB,7.09,35.47271991
565570000,11294,2022-06-26 18:11:37+08:00,CNNBO,2022-07-22 12:51:24+08:00,USLGB,9.69,25.77762731
565570000,11294,2022-11-28 08:59:58+08:00,CNNBO,2022-12-13 19:50:15+08:00,USLGB,16.32,15.45158565
565570000,11294,2023-02-01 21:36:42+08:00,CNXIA,2023-02-17 19:46:23+08:00,USLGB,17.05,15.9233912
565570000,11294,2023-04-05 05:21:56+08:00,CNNBO,2023-04-19 21:34:16+08:00,USLSA,16.58,14.67523148
565570000,11294,2023-05-30 19:00:38+08:00,CNNBO,2023-06-14 22:13:43+08:00,USLSA,16,15.13408565
565570000,11294,2023-08-28 11:07:27+08:00,CNXIA,2023-09-12 19:50:17+08:00,USLSA,16.73,15.3630787
565570000,11294,2023-10-30 08:48:34+08:00,CNXIA,2023-11-14 22:01:21+08:00,USLSA,16.55,15.55054398
565570000,11294,2024-01-01 04:07:03+08:00,CNXIA,2024-01-16 19:50:23+08:00,USLSA,16.73,15.65509259
565570000,11294,2024-03-04 21:35:50+08:00,CNXIA,2024-03-19 19:20:02+08:00,USLSA,17.86,14.90569444
565570000,11294,2024-04-29 10:08:10+08:00,CNXIA,2024-05-14 21:01:25+08:00,USLSA,16.68,15.45364583
565570000,11294,2024-06-24 03:27:50+08:00,CNXIA,2024-07-09 21:42:37+08:00,USLSA,16.27,15.7602662
565570000,11294,2024-08-20 21:25:55+08:00,CNXIA,2024-09-03 19:28:34+08:00,USLSA,18.47,13.91850694
565570000,11294,2024-10-13 17:19:25+08:00,CNXIA,2024-10-29 03:54:59+08:00,USLSA,16.71,15.44136574
565570000,11294,2024-12-15 22:57:29+08:00,CNXIA,2024-12-31 05:08:52+08:00,USLSA,18.01,15.25790509
565570000,11294,2025-02-17 16:14:42+08:00,CNYSN,2025-03-04 21:57:51+08:00,USLSA,15.73,15.23829861
565570000,11294,2025-04-15 17:22:11+08:00,CNYSN,2025-04-29 19:27:53+08:00,USLSA,17.03,14.08729167
565570000,11294,2025-06-11 18:51:30+08:00,CNYSN,2025-06-24 21:13:13+08:00,USLSA,18.32,13.09841435
565653000,4252,2021-04-04 15:17:35+08:00,CNYTN,2021-04-26 20:24:13+08:00,USLGB,13.12,22.21293981
565653000,4252,2021-05-17 12:40:24+08:00,CNYTN,2021-06-10 07:16:42+08:00,USLGB,11.44,23.77520833
565653000,4252,2021-07-02 21:15:37+08:00,CNSHE,2021-07-31 07:05:01+08:00,USLGB,9.52,28.40930556
565653000,4252,2022-02-10 17:57:17+08:00,CNQIN,2022-03-23 08:07:43+08:00,USLGB,7.69,40.5905787
565653000,4252,2022-04-27 09:57:14+08:00,CNQIN,2022-05-23 07:00:15+08:00,USLGB,10.98,25.87709491
565653000,4252,2022-06-23 19:22:48+08:00,CNQIN,2022-07-09 12:55:31+08:00,USLGB,15.55,15.73105324
565661000,11294,2020-01-06 06:18:04+08:00,CNYSN,2020-02-06 23:02:54+08:00,USLGB,9.53,31.69780093
565661000,11294,2020-03-09 04:08:19+08:00,CNYSN,2020-04-03 03:09:53+08:00,USLGB,11.37,24.9594213
565661000,11294,2021-10-23 14:36:30+08:00,CNYSN,2021-12-07 07:28:32+08:00,USLGB,5.91,44.70280093
565661000,11294,2022-01-12 14:56:48+08:00,CNNBO,2022-03-10 21:16:37+08:00,USLGB,6.01,57.26376157
565661000,11294,2022-04-10 19:55:11+08:00,CNNBO,2022-05-16 15:10:50+08:00,USLGB,8.33,35.80253472
565661000,11294,2022-09-07 15:18:33+08:00,CNNBO,2022-09-25 21:44:52+08:00,USLGB,13.69,18.26827546
565661000,11294,2022-11-09 21:19:55+08:00,CNNBO,2022-11-25 20:32:45+08:00,USLGB,15.52,15.96724537
565661000,11294,2023-01-19 20:27:56+08:00,CNNBO,2023-02-07 06:55:37+08:00,USLGB,13.79,18.4358912
565661000,11294,2023-03-19 12:21:05+08:00,CNNBO,2023-04-06 06:54:39+08:00,USLSA,13.78,17.77331019
565661000,11294,2023-05-18 15:31:34+08:00,CNXIA,2023-06-04 23:42:47+08:00,USLSA,15.11,17.34112269
565661000,11294,2023-07-25 10:54:37+08:00,CNXIA,2023-08-09 18:45:02+08:00,USLSA,16.81,15.32667824
565661000,11294,2023-09-19 02:57:33+08:00,CNXIA,2023-10-03 19:55:25+08:00,USLSA,17.43,14.70685185
565661000,11294,2023-11-20 06:33:55+08:00,CNXIA,2023-12-05 21:00:08+08:00,USLSA,16.95,15.60153935
565661000,11294,2024-01-22 02:11:54+08:00,CNXIA,2024-02-09 23:04:02+08:00,USLSA,14.15,18.86953704
565661000,11294,2024-03-25 15:22:35+08:00,CNXIA,2024-04-09 06:00:05+08:00,USLSA,17.76,14.609375
565661000,11294,2024-05-21 13:07:27+08:00,CNXIA,2024-06-04 04:08:48+08:00,USLSA,18.94,13.6259375
565661000,11294,2024-07-15 06:19:07+08:00,CNXIA,2024-07-30 04:11:18+08:00,USLSA,17.23,14.91123843
565661000,11294,2024-09-09 10:53:40+08:00,CNXIA,2024-09-24 04:02:07+08:00,USLSA,17.42,14.71420139
565661000,11294,2024-11-04 22:42:34+08:00,CNXIA,2024-11-19 20:02:10+08:00,USLSA,17.5,14.88861111
565661000,11294,2024-12-22 21:31:48+08:00,CNXIA,2025-01-07 04:59:26+08:00,USLSA,17.32,15.31085648
565661000,11294,2025-02-13 22:43:39+08:00,CNYTN,2025-03-02 23:06:00+08:00,USLSA,16.24,17.01552083
565661000,11294,2025-04-10 18:21:00+08:00,CNYTN,2025-04-27 20:58:13+08:00,USLSA,15.74,17.10917824
565661000,11294,2025-06-06 10:24:28+08:00,CNYTN,2025-06-22 18:57:11+08:00,USLSA,16.42,16.35605324
565747000,11294,2020-01-28 03:11:15+08:00,CNYSN,2020-02-21 20:55:01+08:00,USLGB,12.29,24.73872685
565747000,11294,2020-03-24 01:19:51+08:00,CNYSN,2020-04-15 22:00:17+08:00,USLGB,12.45,22.86141204
565747000,11294,2020-06-05 06:28:08+08:00,CNNBO,2020-06-20 08:06:23+08:00,USLGB,16.52,15.06822917
565747000,11294,2020-07-20 09:13:26+08:00,CNNBO,2020-08-06 00:20:20+08:00,USLGB,14.64,16.62979167
565747000,11294,2020-09-03 17:42:54+08:00,CNNBO,2020-09-21 21:16:55+08:00,USLGB,15.38,18.14862269
565747000,11294,2020-10-18 06:18:09+08:00,CNNBO,2020-11-05 00:17:34+08:00,USLGB,14.16,17.74959491
565747000,11294,2020-12-03 02:36:19+08:00,CNNBO,2020-12-27 23:06:16+08:00,USLGB,11.16,24.85413194
565747000,11294,2021-02-01 09:46:45+08:00,CNNBO,2021-02-23 00:09:03+08:00,USLGB,12.12,21.59881944
565747000,11294,2021-04-10 11:05:40+08:00,CNNBO,2021-05-08 18:21:00+08:00,USLGB,8.99,28.30231481
565747000,11294,2021-07-01 15:22:12+08:00,CNNBO,2021-07-29 21:09:52+08:00,USLGB,8.75,28.24143519
565747000,11294,2021-09-02 14:45:39+08:00,CNNBO,2021-10-04 17:23:51+08:00,USLGB,7.71,32.10986111
565747000,11294,2021-11-05 14:56:53+08:00,CNNBO,2021-12-29 07:54:09+08:00,USLGB,5.86,53.70643519
565747000,11294,2022-02-09 17:26:09+08:00,CNNBO,2022-03-26 22:36:11+08:00,USLGB,6.78,45.21530093
565747000,11294,2022-04-24 13:26:37+08:00,CNNBO,2022-05-23 20:28:04+08:00,USLGB,8.75,29.29267361
565747000,11294,2022-07-09 18:56:55+08:00,CNYTN,2022-07-30 22:22:49+08:00,USLGB,12.86,21.14298611
565747000,11294,2022-10-30 23:58:52+08:00,CNNBO,2022-11-16 20:32:03+08:00,USLGB,15.25,16.85637731
565747000,11294,2023-01-11 00:07:13+08:00,CNNBO,2023-01-31 19:54:11+08:00,USLGB,12.3,20.82428241
565747000,11294,2023-03-14 21:10:18+08:00,CNNBO,2023-04-01 19:01:00+08:00,USLGB,13.85,17.91020833
565747000,11294,2023-05-07 15:45:16+08:00,CNNBO,2023-05-25 19:38:35+08:00,USLSA,13.64,18.16202546
565747000,11294,2023-07-06 15:21:13+08:00,CNNBO,2023-07-23 19:45:10+08:00,USLSA,14.23,17.18329861
565747000,11294,2023-08-28 09:47:52+08:00,CNNBO,2023-09-17 19:50:01+08:00,USLGB,12.03,20.41815972
565747000,11294,2023-10-19 15:25:40+08:00,CNNBO,2023-11-03 21:45:02+08:00,USLGB,16.04,15.26344907
565747000,11294,2023-12-11 09:29:04+08:00,CNXIA,2023-12-28 12:05:35+08:00,USLSA,17.11,17.10869213
565747000,11294,2024-02-02 22:15:23+08:00,CNNBO,2024-02-17 21:01:22+08:00,USLGB,16.87,14.94859954
565747000,11294,2024-03-31 16:23:40+08:00,CNNBO,2024-04-15 19:24:19+08:00,USLGB,16.29,15.12545139
565747000,11294,2024-05-18 11:22:23+08:00,CNNBO,2024-06-02 19:07:28+08:00,USLGB,15.99,15.32297454
565747000,11294,2024-07-03 06:13:43+08:00,CNNBO,2024-07-22 23:06:08+08:00,USLSA,12.62,19.70306713
565747000,11294,2024-08-19 18:34:53+08:00,CNYSN,2024-09-06 19:17:58+08:00,USLSA,13.62,18.02991898
565747000,11294,2024-10-14 20:36:29+08:00,CNNBO,2024-11-03 20:26:23+08:00,USLGB,12.36,19.99298611
565747000,11294,2024-12-09 00:49:47+08:00,CNNBO,2024-12-27 07:52:54+08:00,USLSA,15.75,18.29383102
565747000,11294,2025-01-27 23:23:26+08:00,CNYSN,2025-02-14 22:15:38+08:00,USLSA,14.75,17.95291667
565747000,11294,2025-04-04 01:36:58+08:00,CNYTN,2025-04-20 19:57:43+08:00,USLSA,16.04,16.76440972
565747000,11294,2025-05-30 01:26:35+08:00,CNYTN,2025-06-15 20:45:01+08:00,USLSA,16,16.80446759
565819000,11294,2020-02-24 07:31:43+08:00,CNYSN,2020-03-19 19:08:16+08:00,USLGB,13.39,24.48371528
565819000,11294,2020-04-12 15:06:36+08:00,CNNBO,2020-04-27 19:55:31+08:00,USLGB,15.96,15.20063657
565819000,11294,2021-11-04 08:35:54+08:00,CNNBO,2021-12-28 23:38:45+08:00,USLGB,6.48,54.62697917
565819000,11294,2022-01-31 00:35:07+08:00,CNNBO,2022-03-20 22:06:58+08:00,USLGB,6.5,48.89711806
565819000,11294,2022-05-15 11:05:23+08:00,CNNBO,2022-06-15 20:01:15+08:00,USLGB,8.49,31.37212963
565819000,11294,2022-07-28 14:06:46+08:00,CNNBO,2022-08-15 20:40:28+08:00,USLGB,13.56,18.27340278
565819000,11294,2023-04-30 13:32:27+08:00,CNNBO,2023-05-18 19:01:20+08:00,USLSA,13.48,18.2283912
565819000,11294,2023-06-19 22:41:29+08:00,CNNBO,2023-07-06 19:46:01+08:00,USLSA,14.42,16.87814815
565819000,11294,2023-08-15 06:59:28+08:00,CNNBO,2023-08-30 22:20:09+08:00,USLGB,15.6,15.63936343
565819000,11294,2023-09-28 21:34:14+08:00,CNNBO,2023-10-18 20:00:12+08:00,USLGB,12.23,19.93469907
565819000,11294,2023-11-17 09:16:20+08:00,CNNBO,2023-12-04 20:56:59+08:00,USLGB,15.13,17.4865625
565819000,11294,2024-01-10 07:21:54+08:00,CNNBO,2024-01-29 22:40:18+08:00,USLGB,12.84,19.63777778
565819000,11294,2024-03-03 11:32:21+08:00,CNNBO,2024-03-20 20:13:32+08:00,USLGB,15.03,17.36193287
565819000,11294,2024-04-26 15:47:35+08:00,CNNBO,2024-05-12 22:08:21+08:00,USLGB,14.97,16.2644213
565819000,11294,2024-06-14 00:35:07+08:00,CNNBO,2024-06-30 22:58:22+08:00,USLGB,14.34,16.9328125
565819000,11294,2024-08-02 13:43:57+08:00,CNNBO,2024-08-17 21:02:48+08:00,USLSA,15.81,15.30475694
565819000,11294,2024-09-19 02:02:24+08:00,CNNBO,2024-10-05 06:26:09+08:00,USLSA,15.55,16.18315972
565819000,11294,2024-11-14 08:49:43+08:00,CNNBO,2024-11-29 19:12:49+08:00,USLSA,15.69,15.43270833
565819000,11294,2025-01-05 12:43:56+08:00,CNNBO,2025-01-26 23:22:54+08:00,USLSA,11.5,21.44372685
565819000,11294,2025-03-03 03:03:21+08:00,CNYSN,2025-03-18 19:37:35+08:00,USLSA,15.71,15.69043981
565963000,2664,2020-08-17 13:01:00+08:00,TWKAO,2020-09-02 18:01:10+08:00,USLSA,16.29,16.20844907
565963000,2664,2021-10-09 08:30:30+08:00,CNYSN,2021-11-04 21:59:48+08:00,USLSA,13.65,26.56201389
566319000,10106,2020-10-18 12:12:42+08:00,CNYTN,2020-11-02 12:17:37+08:00,USLSA,18.69,15.00341435
566319000,10106,2021-03-04 14:22:58+08:00,CNYTN,2021-03-25 22:46:07+08:00,USLSA,13.74,21.34940972
566407000,10106,2022-02-02 23:08:18+08:00,CNXIA,2022-03-13 13:29:47+08:00,USLSA,8.43,38.59825231
566409000,10700,2020-09-10 10:39:35+08:00,CNYTN,2020-09-24 20:07:18+08:00,USLSA,20.12,14.39424769
566409000,10700,2020-10-24 20:57:36+08:00,CNYTN,2020-11-08 06:55:08+08:00,USLSA,18.53,14.4149537
566409000,10700,2021-03-10 12:33:09+08:00,CNYTN,2021-04-03 07:05:23+08:00,USLSA,12.11,23.77238426
566482000,10700,2020-07-01 08:13:30+08:00,CNYTN,2020-07-16 05:03:42+08:00,USLSA,18.12,14.86819444
566482000,10700,2020-11-12 23:09:02+08:00,CNYTN,2020-12-03 00:31:15+08:00,USLSA,14.59,20.05709491
566482000,10700,2021-04-12 00:27:00+08:00,CNXIA,2021-04-28 12:15:06+08:00,USLSA,16.57,16.49173611
566492000,4496,2022-11-22 12:15:35+08:00,CNYSN,2022-12-10 20:14:39+08:00,USLSA,15.17,18.33268519
566492000,4496,2023-01-17 06:48:02+08:00,CNYSN,2023-02-07 09:51:07+08:00,USLSA,13.35,21.1271412
566492000,4496,2023-03-11 00:03:30+08:00,CNYSN,2023-03-29 18:51:19+08:00,USLSA,14.81,18.78320602
566492000,4496,2023-05-05 12:50:05+08:00,CNNBO,2023-05-24 20:55:42+08:00,USLSA,14.57,19.3372338
566492000,4496,2023-06-25 20:28:42+08:00,CNYSN,2023-07-13 07:25:06+08:00,USLSA,15.87,17.45583333
566492000,4496,2023-08-19 08:35:33+08:00,CNNBO,2023-09-07 21:00:06+08:00,USLSA,14.26,19.51704861
566492000,4496,2023-10-22 17:42:43+08:00,CNYSN,2023-11-09 22:12:37+08:00,USLGB,15.23,18.18743056
566492000,4496,2023-12-21 05:50:40+08:00,CNYSN,2024-01-09 06:55:15+08:00,USLGB,14.67,19.04484954
566493000,4496,2022-09-26 10:32:39+08:00,CNNBO,2022-10-11 00:35:22+08:00,USLSA,16.71,14.58521991
566493000,4496,2022-11-16 10:38:34+08:00,CNYSN,2022-12-04 21:31:33+08:00,USLSA,15.05,18.45346065
566493000,4496,2023-02-14 10:33:56+08:00,CNYSN,2023-03-05 07:37:34+08:00,USLSA,14.49,18.87752315
566493000,4496,2023-04-23 21:02:39+08:00,CNYSN,2023-05-14 20:14:50+08:00,USLSA,12.73,20.96679398
566493000,4496,2023-06-18 01:05:46+08:00,CNYSN,2023-07-06 18:43:05+08:00,USLSA,14.17,18.73424769
566493000,4496,2023-08-10 04:43:18+08:00,CNYSN,2023-08-29 21:31:52+08:00,USLSA,13.5,19.70039352
566493000,4496,2023-10-02 11:51:09+08:00,CNYSN,2023-10-21 23:45:26+08:00,USLGB,14.52,19.49603009
566493000,4496,2023-11-29 10:59:42+08:00,CNYSN,2023-12-18 22:00:07+08:00,USLGB,13.66,19.45862269
566510000,4680,2022-08-15 06:28:29+08:00,TWKAO,2022-08-30 07:35:30+08:00,USLGB,17.3,15.04653935
566510000,4680,2022-10-04 12:54:09+08:00,TWKAO,2022-10-19 20:20:50+08:00,USLGB,17.92,15.31019676
566510000,4680,2022-11-26 01:16:22+08:00,TWTAP,2022-12-13 20:19:02+08:00,USLGB,17.22,17.79351852
566510000,4680,2023-01-24 03:35:03+08:00,TWTAP,2023-02-10 22:08:40+08:00,USLGB,15.88,17.77334491
566510000,4680,2025-06-24 14:28:54+08:00,CNQIN,2025-07-09 04:06:12+08:00,USLSA,16.7,14.56756944
566642000,4680,2021-04-11 22:37:29+08:00,CNNBO,2021-04-29 05:59:46+08:00,USLSA,16.24,17.3071412
566642000,4680,2021-05-22 02:44:08+08:00,CNNBO,2021-06-12 21:15:32+08:00,USLSA,11.25,21.77180556
566642000,4680,2021-07-07 00:06:19+08:00,CNNBO,2021-07-28 20:55:53+08:00,USLSA,11.2,21.86775463
566642000,4680,2021-08-22 07:52:46+08:00,CNNBO,2021-09-18 21:44:39+08:00,USLSA,9.46,27.57769676
566642000,4680,2022-03-25 01:11:31+08:00,TWKAO,2022-04-13 18:18:40+08:00,USLGB,13.31,19.71329861
566642000,4680,2022-05-19 14:33:30+08:00,TWKAO,2022-06-03 07:27:25+08:00,USLGB,17.66,14.7041088
566642000,4680,2023-07-04 20:48:12+08:00,CNNBO,2023-07-20 06:55:17+08:00,USLGB,15.74,15.42158565
566642000,4680,2024-06-25 08:15:39+08:00,CNNBO,2024-07-12 17:46:35+08:00,USLGB,14,17.39648148
566642000,4680,2024-08-10 03:22:18+08:00,CNYSN,2024-08-25 17:32:35+08:00,USLGB,15.81,15.59047454
566642000,4680,2024-10-05 18:29:04+08:00,CNQIN,2024-10-21 05:54:27+08:00,USLGB,16.07,15.47596065
566642000,4680,2024-11-17 03:41:32+08:00,CNQIN,2024-12-02 21:14:09+08:00,USLGB,15.52,15.7309838
566642000,4680,2025-01-16 23:57:46+08:00,CNYSN,2025-02-05 19:12:24+08:00,USLSA,13.34,19.8018287
566673000,8452,2022-07-23 08:44:09+08:00,TWTAP,2022-08-09 22:04:51+08:00,USLSA,14.39,17.55604167
566673000,8452,2022-09-25 14:21:46+08:00,CNNBO,2022-10-08 21:26:10+08:00,USLSA,18.34,13.29472222
566673000,8452,2023-02-06 21:26:19+08:00,CNNBO,2023-02-21 11:46:41+08:00,USLSA,16.87,14.59747685
566673000,8452,2023-03-30 22:42:23+08:00,CNNBO,2023-04-13 07:17:14+08:00,USLSA,18.08,13.35753472
566673000,8452,2023-05-18 04:52:23+08:00,CNNBO,2023-06-02 20:50:54+08:00,USLSA,15.36,15.66563657
566673000,8452,2023-07-04 03:27:21+08:00,CNNBO,2023-07-18 21:05:05+08:00,USLSA,16.32,14.73453704
566673000,8452,2023-08-24 01:49:07+08:00,CNNBO,2023-09-07 21:01:02+08:00,USLSA,16.34,14.79994213
566673000,8452,2023-10-16 12:29:12+08:00,CNNBO,2023-10-31 21:52:31+08:00,USLSA,15.93,15.39119213
566673000,8452,2023-12-01 14:51:58+08:00,CNNBO,2023-12-14 21:46:02+08:00,USLSA,18.13,13.2875463
566673000,8452,2024-01-18 11:18:07+08:00,CNNBO,2024-01-31 21:40:21+08:00,USLSA,18.57,13.43210648
566673000,8452,2024-03-06 19:26:49+08:00,CNNBO,2024-03-20 21:25:39+08:00,USLSA,17.19,14.08252315
566673000,8452,2024-04-26 13:47:43+08:00,CNNBO,2024-05-10 20:45:09+08:00,USLSA,17.05,14.28988426
566673000,8452,2024-06-13 21:20:34+08:00,CNNBO,2024-06-27 20:53:14+08:00,USLSA,17.22,13.98101852
566673000,8452,2024-07-31 08:12:15+08:00,CNNBO,2024-08-14 19:53:05+08:00,USLSA,16.69,14.48668981
566673000,8452,2024-09-22 01:18:55+08:00,CNNBO,2024-10-05 21:14:55+08:00,USLSA,17.59,13.83055556
566704000,10700,2023-05-09 16:58:19+08:00,TWKAO,2023-05-23 17:49:02+08:00,USLSA,18.44,14.03521991
566704000,10700,2023-06-28 06:46:54+08:00,CNYTN,2023-07-13 22:35:52+08:00,USLSA,17.06,15.65900463
566704000,10700,2023-08-14 01:16:10+08:00,CNYTN,2023-08-29 05:49:16+08:00,USLSA,17.55,15.18965278
566704000,10700,2023-10-02 17:34:40+08:00,CNYTN,2023-10-18 06:07:19+08:00,USLSA,17.57,15.52267361
566704000,10700,2023-11-20 00:28:11+08:00,CNYTN,2023-12-04 21:15:57+08:00,USLSA,18.26,14.86650463
566704000,10700,2024-01-07 11:32:37+08:00,CNYTN,2024-01-23 08:50:54+08:00,USLSA,18.66,15.88769676
566704000,10700,2024-11-27 14:25:13+08:00,CNNBO,2024-12-10 21:15:53+08:00,USLSA,18.15,13.28518519
566704000,10700,2025-01-21 04:28:56+08:00,CNYTN,2025-02-06 21:17:14+08:00,USLSA,17.74,16.70020833
566704000,10700,2025-03-12 01:25:43+08:00,CNYTN,2025-03-27 06:03:35+08:00,USLSA,18.22,15.19296296
566704000,10700,2025-06-26 22:38:10+08:00,CNYTN,2025-07-14 20:31:37+08:00,USLSA,15.15,17.91211806
566705000,10700,2020-08-06 13:43:31+08:00,CNYTN,2020-08-21 05:55:19+08:00,USLSA,18.47,14.67486111
566705000,10700,2020-12-20 13:03:42+08:00,CNYTN,2021-01-15 19:50:03+08:00,USLSA,10.39,26.2821875
566705000,10700,2021-06-01 07:51:28+08:00,CNXIA,2021-06-18 21:11:00+08:00,USLSA,14.74,17.55523148
566705000,10700,2021-10-22 12:23:45+08:00,CNYTN,2021-12-01 01:47:35+08:00,USLSA,7.51,39.55821759
566705000,10700,2022-10-28 01:57:34+08:00,CNYTN,2022-11-13 23:39:47+08:00,USLSA,16.23,16.90431713
566705000,10700,2024-02-01 11:01:06+08:00,CNYTN,2024-02-16 07:01:48+08:00,USLSA,18.07,14.83381944
566705000,10700,2024-03-13 06:40:45+08:00,CNYTN,2024-03-27 19:10:24+08:00,USLSA,19.18,14.52059028
566730000,4680,2021-03-19 22:28:21+08:00,CNNBO,2021-04-09 12:29:19+08:00,USLSA,11.77,20.58400463
566730000,4680,2021-04-30 23:24:37+08:00,CNNBO,2021-05-18 06:04:16+08:00,USLSA,14.06,17.27753472
566730000,4680,2021-06-16 17:51:56+08:00,CNNBO,2021-07-04 21:04:23+08:00,USLSA,13.41,18.13364583
566730000,4680,2021-08-06 11:15:14+08:00,CNNBO,2021-08-30 18:13:15+08:00,USLSA,10.07,24.29028935
566730000,4680,2021-09-27 10:19:16+08:00,CNQIN,2021-10-29 20:55:52+08:00,USLGB,7.81,32.44208333
566730000,4680,2024-07-09 11:16:35+08:00,CNNBO,2024-07-28 00:27:24+08:00,USLGB,13.24,18.54917824
566730000,4680,2024-08-24 22:57:57+08:00,CNQIN,2024-09-07 19:43:51+08:00,USLGB,17.56,13.86520833
566730000,4680,2024-10-20 06:23:16+08:00,CNYSN,2024-11-05 03:40:55+08:00,USLGB,16.33,15.88725694
566730000,4680,2025-02-27 12:51:08+08:00,TWTAP,2025-03-14 18:54:51+08:00,USLSA,17.25,15.25258102
566732000,9466,2020-09-25 08:56:20+08:00,CNNBO,2020-10-09 21:41:50+08:00,USLSA,17.08,14.53159722
566732000,9466,2020-11-10 08:51:35+08:00,TWTAP,2020-11-25 10:51:47+08:00,USLSA,17.42,15.08347222
566756000,4496,2023-05-24 07:33:05+08:00,CNYSN,2023-06-20 21:12:46+08:00,USLSA,9.89,27.56922454
566756000,4496,2023-07-25 14:26:04+08:00,CNYSN,2023-08-13 03:20:05+08:00,USLSA,14.36,18.53751157
566756000,4496,2023-09-18 11:57:37+08:00,CNYSN,2023-10-08 19:50:20+08:00,USLSA,13.63,20.32827546
566756000,4496,2023-11-13 22:41:03+08:00,CNYSN,2023-12-04 22:05:48+08:00,USLGB,15.02,20.97552083
566756000,4496,2024-01-11 17:22:23+08:00,CNYSN,2024-01-31 06:20:48+08:00,USLGB,13.58,19.54056713
566794000,8452,2020-03-17 13:42:40+08:00,CNNBO,2020-03-31 08:16:22+08:00,USLSA,18.28,13.77340278
566794000,8452,2020-04-28 08:19:40+08:00,CNNBO,2020-05-12 07:38:02+08:00,USLSA,17.58,13.97108796
566794000,8452,2020-06-11 22:28:42+08:00,CNNBO,2020-06-23 09:13:39+08:00,USLSA,21.36,11.44788194
566794000,8452,2020-07-22 01:10:25+08:00,CNNBO,2020-08-04 07:15:52+08:00,USLSA,18.41,13.25378472
566794000,8452,2020-11-18 13:43:08+08:00,CNNBO,2020-11-30 23:06:50+08:00,USLSA,20.17,12.39145833
566794000,8452,2021-01-02 14:07:07+08:00,CNNBO,2021-01-20 23:03:17+08:00,USLSA,13.94,18.37233796
566794000,8452,2021-02-21 00:46:24+08:00,CNNBO,2021-03-09 07:17:44+08:00,USLSA,15.36,16.27175926
566794000,8452,2021-04-11 15:11:02+08:00,CNNBO,2021-04-23 06:03:21+08:00,USLSA,21.09,11.61966435
566794000,8452,2021-05-27 10:38:54+08:00,CNNBO,2021-06-09 20:54:11+08:00,USLSA,18.08,13.42728009
566794000,8452,2021-07-15 02:28:01+08:00,CNNBO,2021-08-01 21:33:28+08:00,USLSA,13.58,17.79545139
566794000,8452,2021-09-06 12:08:45+08:00,CNNBO,2021-09-23 01:29:12+08:00,USLSA,14.85,16.55586806
566794000,8452,2021-10-27 18:37:05+08:00,CNNBO,2021-11-11 22:45:21+08:00,USLSA,16.45,15.17240741
566794000,8452,2021-12-21 07:04:20+08:00,CNNBO,2022-01-14 22:28:33+08:00,USLSA,10.9,24.64181713
566794000,8452,2023-01-18 23:51:20+08:00,TWKAO,2023-02-04 07:09:17+08:00,USLSA,16.6,16.30413194
566794000,8452,2023-04-24 01:04:04+08:00,TWTAP,2023-05-08 06:31:10+08:00,USLSA,17.64,14.22715278
566797000,9326,2020-06-29 10:43:17+08:00,CNXIA,2020-07-13 23:16:14+08:00,USLSA,17.67,14.52288194
566797000,9326,2021-11-04 05:23:59+08:00,CNYSN,2021-11-29 00:04:12+08:00,USLSA,9.85,24.77792824
566797000,9326,2022-06-08 15:17:49+08:00,CNNBO,2022-07-10 11:20:11+08:00,USLSA,8.8,31.83497685
566828000,4680,2020-07-12 15:53:39+08:00,CNNBO,2020-07-26 06:02:25+08:00,USLGB,18.04,13.5894213
566828000,4680,2021-01-18 00:15:05+08:00,HKHKG,2021-02-08 21:58:36+08:00,USLGB,12.29,21.90521991
566828000,4680,2021-03-12 21:37:06+08:00,HKHKG,2021-03-27 10:03:38+08:00,USLGB,20.24,14.51842593
566828000,4680,2021-04-24 12:25:37+08:00,CNNBO,2021-05-14 20:59:54+08:00,USLSA,11.95,20.3571412
566828000,4680,2021-06-07 08:04:17+08:00,CNNBO,2021-06-24 21:05:48+08:00,USLSA,13.95,17.54271991
566828000,4680,2021-07-18 06:22:05+08:00,CNNBO,2021-08-05 18:51:33+08:00,USLSA,13.17,18.52046296
566828000,4680,2021-09-02 01:31:17+08:00,CNNBO,2021-10-02 22:10:46+08:00,USLGB,8.07,30.86075231
566828000,4680,2022-02-26 00:21:50+08:00,TWKAO,2022-03-22 20:23:20+08:00,USLGB,11.59,24.834375
566828000,4680,2022-04-27 03:08:04+08:00,TWKAO,2022-05-19 21:37:35+08:00,USLGB,12.85,22.77049769
566828000,4680,2022-06-24 19:34:28+08:00,CNXIA,2022-07-17 05:07:02+08:00,USLGB,12.89,22.39761574
566828000,4680,2022-08-23 00:41:32+08:00,TWKAO,2022-09-07 07:22:19+08:00,USLGB,17.68,15.27832176
566828000,4680,2022-10-08 20:10:33+08:00,TWKAO,2022-10-24 22:03:50+08:00,USLGB,17.52,16.07866898
566853000,8452,2020-01-11 12:16:32+08:00,TWTAP,2020-01-24 21:37:26+08:00,USLSA,20,13.38951389
566853000,8452,2020-02-22 00:30:07+08:00,TWTAP,2020-03-06 07:49:06+08:00,USLSA,19.07,13.30484954
566853000,8452,2021-11-10 00:28:16+08:00,TWTAP,2021-12-01 00:29:42+08:00,USLSA,12.19,21.00099537
566853000,8452,2022-01-07 22:09:43+08:00,TWTAP,2022-02-09 23:14:08+08:00,USLSA,9.19,33.0447338
566853000,8452,2022-03-19 08:33:25+08:00,TWTAP,2022-04-03 23:19:15+08:00,USLSA,15.97,15.61516204
566853000,8452,2022-08-06 17:27:07+08:00,CNYTN,2022-08-21 20:35:43+08:00,USLSA,17.84,15.13097222
566853000,8452,2022-09-22 09:48:23+08:00,CNYTN,2022-10-06 06:25:30+08:00,USLSA,19.31,13.8591088
566881000,17292,2021-08-23 03:48:16+08:00,CNXIA,2021-09-12 00:42:30+08:00,USLSA,12.95,19.87099537
566881000,17292,2021-10-26 12:25:48+08:00,CNXIA,2021-11-19 13:33:28+08:00,USLSA,11.19,24.04699074
566886000,4680,2021-04-03 08:30:48+08:00,CNNBO,2021-04-20 19:52:51+08:00,USLSA,15.52,17.47364583
566886000,4680,2021-05-15 04:35:00+08:00,TWTAP,2021-06-06 20:51:48+08:00,USLSA,11.43,22.67833333
566886000,4680,2021-06-30 00:17:47+08:00,CNNBO,2021-07-16 06:57:06+08:00,USLSA,14.98,16.27730324
566886000,4680,2021-08-09 11:19:41+08:00,CNNBO,2021-08-30 21:27:37+08:00,USLGB,11.91,21.42217593
566886000,4680,2022-02-06 01:06:29+08:00,TWKAO,2022-02-28 14:28:41+08:00,USLGB,13.1,22.55708333
566886000,4680,2022-04-03 13:08:17+08:00,TWKAO,2022-04-27 20:11:17+08:00,USLGB,11.17,24.29375
566886000,4680,2022-06-06 02:05:16+08:00,TWKAO,2022-06-23 08:16:32+08:00,USLGB,14.99,17.25782407
566886000,4680,2022-07-25 19:36:54+08:00,TWKAO,2022-08-13 18:09:50+08:00,USLGB,13.75,18.93953704
566886000,4680,2024-11-04 02:35:25+08:00,CNXIA,2024-11-19 18:56:06+08:00,USLGB,16.78,15.68103009
566942000,4680,2020-09-20 17:39:09+08:00,CNNBO,2020-10-05 03:28:33+08:00,USLGB,17.12,14.40930556
566942000,4680,2020-10-31 06:09:37+08:00,CNNBO,2020-11-16 22:51:42+08:00,USLGB,15.61,16.6958912
566942000,4680,2021-02-19 16:13:33+08:00,HKHKG,2021-03-13 07:46:52+08:00,USLGB,12.4,21.64813657
566942000,4680,2021-04-07 00:17:46+08:00,CNNBO,2021-04-24 16:48:55+08:00,USLSA,15.1,17.68829861
566942000,4680,2021-05-17 14:13:52+08:00,CNNBO,2021-06-10 21:05:03+08:00,USLSA,10.33,24.28554398
566942000,4680,2021-07-03 05:10:35+08:00,CNNBO,2021-07-19 19:45:45+08:00,USLSA,14.73,16.60775463
566942000,4680,2021-08-12 09:09:26+08:00,CNNBO,2021-09-01 21:15:33+08:00,USLGB,12.32,20.50424769
566942000,4680,2021-09-27 14:27:42+08:00,CNNBO,2021-11-09 20:08:14+08:00,USLGB,5.83,43.23648148
566949000,8452,2020-04-10 11:43:48+08:00,TWTAP,2020-04-23 22:10:46+08:00,USLSA,19.69,13.43539352
566949000,8452,2020-05-26 02:20:55+08:00,CNYTN,2020-06-08 08:49:41+08:00,USLSA,20.11,13.26997685
566949000,8452,2020-07-06 08:22:36+08:00,CNYTN,2020-07-20 08:32:24+08:00,USLSA,19.06,14.00680556
566949000,8452,2020-08-17 18:35:01+08:00,CNYTN,2020-08-31 08:09:12+08:00,USLSA,19.88,13.56540509
566949000,8452,2020-09-29 00:53:28+08:00,CNYTN,2020-10-15 22:25:11+08:00,USLSA,16.72,16.89702546
566949000,8452,2020-11-09 17:23:15+08:00,CNYTN,2020-11-29 23:18:46+08:00,USLSA,14.15,20.24688657
566949000,8452,2020-12-25 03:04:35+08:00,TWTAP,2021-01-13 10:21:01+08:00,USLSA,13.15,19.3030787
566949000,8452,2021-02-13 12:13:19+08:00,CNYTN,2021-03-05 22:39:05+08:00,USLSA,13.91,20.43456019
566949000,8452,2021-04-04 23:58:30+08:00,TWKAO,2021-04-28 21:06:57+08:00,USLSA,11.59,23.88086806
566949000,8452,2021-05-31 15:18:41+08:00,TWTAP,2021-06-14 11:54:12+08:00,USLSA,17.92,13.85799769
566949000,8452,2023-03-23 03:57:55+08:00,CNNBO,2023-04-07 03:48:21+08:00,USLSA,16.44,14.99335648
566949000,8452,2023-05-13 02:09:25+08:00,TWTAP,2023-05-27 20:59:11+08:00,USLSA,17.02,14.78456019
566949000,8452,2023-06-26 21:13:01+08:00,CNNBO,2023-07-12 20:50:00+08:00,USLSA,15.03,15.9840162
566949000,8452,2023-08-17 01:14:19+08:00,CNNBO,2023-08-31 21:55:07+08:00,USLSA,16.19,14.86166667
566949000,8452,2023-10-05 23:27:17+08:00,CNNBO,2023-10-20 05:45:04+08:00,USLSA,17.58,14.26234954
566949000,8452,2023-11-26 02:09:05+08:00,CNNBO,2023-12-09 07:01:48+08:00,USLSA,19.28,13.20327546
566949000,8452,2024-01-12 23:29:43+08:00,CNNBO,2024-01-25 21:45:53+08:00,USLSA,18.88,12.92789352
566949000,8452,2024-03-04 01:24:48+08:00,CNYTN,2024-03-19 18:43:39+08:00,USLSA,17.7,15.72142361
566949000,8452,2024-04-20 23:37:17+08:00,CNNBO,2024-05-06 20:52:45+08:00,USLSA,15.25,15.88574074
566951000,9326,2023-09-06 03:30:20+08:00,CNYTN,2023-09-20 20:06:37+08:00,USLSA,18.41,14.69186343
566953000,9326,2021-07-09 23:47:37+08:00,CNYTN,2021-07-24 22:36:30+08:00,USLGB,18.11,14.95061343
566956000,9326,2020-03-28 23:08:16+08:00,CNXIA,2020-04-14 17:12:28+08:00,USLSA,15.56,16.75291667
566956000,9326,2020-06-10 16:34:18+08:00,CNYSN,2020-06-23 20:56:37+08:00,USLSA,18.3,13.18216435
566956000,9326,2020-07-20 13:06:51+08:00,CNXIA,2020-08-03 20:11:18+08:00,USLSA,17.98,14.29475694
566956000,9326,2020-09-02 08:43:37+08:00,CNXIA,2020-09-15 07:49:22+08:00,USLSA,21.76,12.96232639
566956000,9326,2020-10-12 12:50:53+08:00,CNXIA,2020-10-26 21:44:05+08:00,USLSA,19.2,14.37027778
566956000,9326,2020-11-23 17:47:10+08:00,CNXIA,2020-12-14 23:40:49+08:00,USLSA,12.06,21.24559028
566957000,9326,2020-08-27 15:55:45+08:00,CNYTN,2020-09-11 22:13:06+08:00,USLSA,17.62,15.26204861
566958000,9326,2020-08-03 11:10:47+08:00,CNXIA,2020-08-17 19:57:22+08:00,USLSA,17.96,14.36568287
566958000,9326,2020-09-16 20:17:47+08:00,CNXIA,2020-09-29 21:00:23+08:00,USLSA,23.52,13.02958333
566958000,9326,2020-10-27 15:33:33+08:00,CNXIA,2020-11-10 21:12:38+08:00,USLSA,18.05,14.23547454
566958000,9326,2020-12-09 01:31:14+08:00,CNXIA,2021-01-02 21:13:51+08:00,USLSA,11.26,24.82126157
566958000,9326,2021-02-02 12:22:17+08:00,CNXIA,2021-03-08 22:46:39+08:00,USLSA,8.67,34.43358796
566958000,9326,2024-03-15 22:32:10+08:00,CNYTN,2024-04-01 07:21:48+08:00,USLSA,16.41,16.36780093
566958000,9326,2024-04-28 04:29:13+08:00,CNYTN,2024-05-12 19:42:02+08:00,USLSA,18.32,14.63390046
566958000,9326,2024-06-22 19:34:27+08:00,CNYTN,2024-07-09 06:15:09+08:00,USLSA,16.3,16.44493056
566959000,9326,2024-02-22 01:32:07+08:00,CNYTN,2024-03-08 20:00:02+08:00,USLSA,17.96,15.76938657
566959000,9326,2024-07-06 14:26:09+08:00,CNYTN,2024-07-23 18:10:27+08:00,USLSA,15.56,17.15576389
566959000,9326,2024-08-25 14:47:49+08:00,CNYTN,2024-09-10 06:27:08+08:00,USLSA,17.51,15.65230324
566959000,9326,2024-10-19 18:55:55+08:00,CNYTN,2024-11-05 06:48:39+08:00,USLSA,16.28,16.4949537
566959000,9326,2024-12-07 21:20:24+08:00,CNYTN,2024-12-23 06:51:40+08:00,USLSA,18.47,15.39671296
566959000,9326,2025-01-31 23:23:22+08:00,CNYTN,2025-02-16 20:51:19+08:00,USLSA,18.56,15.89440972
566959000,9326,2025-03-27 00:26:59+08:00,CNYTN,2025-04-11 20:35:42+08:00,USLSA,17.01,15.83938657
566970000,8452,2022-05-30 21:04:38+08:00,CNNBO,2022-06-21 21:18:23+08:00,USLSA,11.44,22.00954861
566970000,8452,2023-01-18 08:46:02+08:00,CNNBO,2023-02-01 21:43:00+08:00,USLSA,16.76,14.53956019
566998000,8566,2022-01-27 18:15:01+08:00,CNMWN,2022-03-12 22:29:05+08:00,USLSA,7.92,44.17643519
566999000,6350,2020-03-03 08:53:32+08:00,TWKAO,2020-03-20 20:18:32+08:00,USLGB,15.54,17.47569444
566999000,6350,2021-05-23 12:41:49+08:00,CNYSN,2021-06-28 21:21:14+08:00,USLGB,12.13,36.36070602
566999000,6350,2021-07-30 11:02:22+08:00,CNXIA,2021-08-26 06:20:48+08:00,USLGB,9.91,26.80446759
636012807,8208,2022-02-17 09:54:57+08:00,CNMWN,2022-04-09 06:57:54+08:00,USLSA,7.48,50.87704861
636012807,8208,2022-10-12 03:25:17+08:00,CNDCB,2022-10-27 06:19:44+08:00,USLSA,17.89,15.12114583
636012807,8208,2022-12-11 21:44:40+08:00,CNNBO,2022-12-29 23:10:56+08:00,USLSA,16.36,18.05990741
636012808,8208,2021-11-28 16:30:48+08:00,CNYSN,2022-01-09 07:34:39+08:00,USLSA,7.85,41.62767361
636012808,8208,2022-04-20 07:21:52+08:00,CNNBO,2022-06-04 06:16:12+08:00,USLSA,11.72,44.95439815
636012808,8208,2022-07-22 06:52:30+08:00,CNDCB,2022-08-10 06:22:40+08:00,USLGB,15.14,18.97928241
636012905,2742,2022-04-05 21:14:10+08:00,CNTAI,2022-05-04 21:34:49+08:00,USLGB,9.22,29.01434028
636012905,2742,2022-06-25 20:03:05+08:00,CNNBO,2022-07-18 21:55:30+08:00,USLGB,15.45,23.07806713
636013001,4253,2021-11-01 22:38:05+08:00,CNYTN,2021-11-27 07:06:06+08:00,USLSA,15.47,25.35278935
636013437,4253,2023-05-12 20:53:24+08:00,CNNBO,2023-05-25 00:20:19+08:00,USLSA,19.93,12.14369213
636013437,4253,2023-06-23 03:30:24+08:00,CNWGQ,2023-07-05 05:59:49+08:00,USLSA,19.91,12.10376157
636013437,4253,2023-08-10 19:31:07+08:00,CNWGQ,2023-08-23 06:20:10+08:00,USLSA,19.44,12.45072917
636013437,4253,2023-09-28 23:35:09+08:00,CNWGQ,2023-10-11 21:20:00+08:00,USLSA,19.35,12.90614583
636013530,3314,2020-09-10 04:54:09+08:00,HKHKG,2020-09-25 07:38:27+08:00,USLGB,21.56,15.11409722
636013530,3314,2020-10-25 07:41:41+08:00,CNWGQ,2020-11-15 21:36:56+08:00,USLGB,11.29,21.58003472
636013530,3314,2020-12-05 03:30:53+08:00,CNWGQ,2021-01-05 08:31:28+08:00,USLGB,8.68,31.20873843
636013530,3314,2021-04-18 00:12:13+08:00,CNNBO,2021-05-10 20:16:16+08:00,USLGB,10.65,22.83614583
636013530,3314,2021-09-02 13:44:10+08:00,CNYTN,2021-10-04 20:39:15+08:00,USLSA,8.46,32.28825231
636013644,4253,2021-06-14 00:23:48+08:00,CNXIA,2021-07-07 21:38:08+08:00,USLSA,10.73,23.8849537
636013644,4253,2021-08-10 11:43:33+08:00,CNYTN,2021-09-04 01:03:32+08:00,USLSA,11,24.55554398
636013689,8241,2020-01-24 08:19:13+08:00,CNYTN,2020-02-07 21:25:41+08:00,USLSA,18.42,14.54615741
636013691,8241,2020-06-18 23:19:13+08:00,CNYTN,2020-07-04 07:07:28+08:00,USLSA,10.4,15.32517361
636013691,8241,2020-09-16 00:33:28+08:00,CNYTN,2020-09-30 05:50:21+08:00,USLSA,22.01,14.22005787
636013691,8241,2020-12-18 11:25:45+08:00,CNYTN,2021-01-10 22:20:06+08:00,USLSA,11.45,23.45440972
636013691,8241,2021-03-30 13:21:35+08:00,CNYTN,2021-04-25 21:51:29+08:00,USLSA,12.48,26.35409722
636013691,8241,2021-06-05 02:53:41+08:00,CNQIN,2021-06-20 04:47:45+08:00,USLSA,16.19,15.07921296
636013691,8241,2021-08-09 08:24:30+08:00,CNNBO,2021-08-25 21:54:41+08:00,USLSA,14.72,16.56262731
636013691,8241,2022-11-17 06:40:04+08:00,TWKEE,2022-12-03 21:49:53+08:00,USLSA,15.07,16.63181713
636013691,8241,2023-01-20 15:18:22+08:00,TWKEE,2023-02-09 22:03:12+08:00,USLSA,13.19,20.28113426
636013691,8241,2023-04-06 23:11:30+08:00,TWKEE,2023-04-23 20:58:08+08:00,USLSA,14.88,16.90738426
636013691,8241,2023-06-01 06:42:49+08:00,TWKEE,2023-06-16 22:44:11+08:00,USLSA,16.2,15.66761574
636013691,8241,2023-07-22 20:38:42+08:00,TWKEE,2023-08-05 21:21:39+08:00,USLSA,17.81,14.02982639
636013691,8241,2023-11-24 08:53:50+08:00,CNYTN,2023-12-11 21:16:38+08:00,USLSA,16.25,17.51583333
636013691,8241,2024-01-17 23:05:06+08:00,TWKEE,2024-02-03 23:23:01+08:00,USLSA,14.8,17.01244213
636013691,8241,2024-03-21 06:47:22+08:00,TWKEE,2024-04-05 21:13:10+08:00,USLSA,16.16,15.60125
636013691,8241,2024-05-07 08:11:15+08:00,TWKEE,2024-05-22 21:15:23+08:00,USLSA,16.04,15.54453704
636013691,8241,2024-06-22 06:16:03+08:00,TWKEE,2024-07-06 21:12:08+08:00,USLSA,17.05,14.62228009
636013691,8241,2024-08-16 08:47:55+08:00,TWKEE,2024-08-30 21:05:29+08:00,USLSA,17.18,14.51219907
636013691,8241,2024-10-07 07:51:37+08:00,TWKEE,2024-10-21 21:08:10+08:00,USLSA,17.26,14.55315972
636013691,8241,2024-11-25 00:15:56+08:00,TWKEE,2024-12-09 21:08:58+08:00,USLSA,16.71,14.87016204
636013691,8241,2025-01-14 08:21:06+08:00,TWKEE,2025-01-29 20:41:38+08:00,USLSA,16.03,15.51425926
636013691,8241,2025-03-08 22:19:49+08:00,CNNBO,2025-03-23 17:50:57+08:00,USLSA,16.36,14.81328704
636013691,8241,2025-04-27 07:34:38+08:00,CNNBO,2025-05-11 19:10:47+08:00,USLSA,16.96,14.4834375
636013691,8241,2025-06-20 22:35:00+08:00,TWKEE,2025-07-08 18:32:19+08:00,USLSA,13.96,17.83146991
636013692,8241,2020-01-20 19:31:30+08:00,CNWGQ,2020-02-05 07:27:34+08:00,USLSA,15.6,15.49726852
636013692,8241,2020-04-08 22:26:59+08:00,CNNBO,2020-04-22 05:56:56+08:00,USLSA,18.1,13.31246528
636013692,8241,2024-02-17 14:28:15+08:00,CNYTN,2024-03-04 21:34:21+08:00,USLSA,17.04,16.29590278
636013692,8241,2024-04-18 12:52:13+08:00,TWKEE,2024-05-03 21:05:35+08:00,USLSA,16.28,15.34261574
636013692,8241,2024-06-07 13:56:48+08:00,TWKEE,2024-06-22 07:05:56+08:00,USLSA,16.86,14.71467593
636013692,8241,2024-07-21 02:38:54+08:00,TWKEE,2024-08-04 21:32:25+08:00,USLSA,16.79,14.78716435
636013692,8241,2024-09-06 03:35:57+08:00,TWKEE,2024-09-23 21:29:11+08:00,USLSA,14.16,17.74530093
636013692,8241,2024-11-03 03:04:34+08:00,TWKEE,2024-11-18 20:20:13+08:00,USLSA,16.43,15.71920139
636013692,8241,2024-12-23 07:27:10+08:00,TWKEE,2025-01-07 18:57:19+08:00,USLSA,16.8,15.47927083
636013692,8241,2025-02-13 19:13:23+08:00,TWKEE,2025-02-28 18:57:28+08:00,USLSA,16.74,14.98894676
636013692,8241,2025-04-07 08:08:41+08:00,CNNBO,2025-04-21 17:48:55+08:00,USLSA,17.36,14.40293981
636013692,8241,2025-05-25 07:07:43+08:00,CNNBO,2025-06-09 19:51:33+08:00,USLSA,15.53,15.53043981
636013693,8241,2020-06-03 19:35:04+08:00,TWKEE,2020-06-17 20:13:17+08:00,USLSA,18.08,14.02653935
636013693,8241,2020-07-16 09:08:38+08:00,TWKEE,2020-07-29 20:02:00+08:00,USLSA,18.48,13.45372685
636013693,8241,2020-08-27 20:12:08+08:00,TWKEE,2020-09-10 06:02:16+08:00,USLSA,18.52,13.40981481
636013693,8241,2020-10-09 11:17:10+08:00,TWKEE,2020-10-24 20:47:34+08:00,USLSA,17.74,15.39611111
636013693,8241,2020-11-24 01:59:42+08:00,TWKEE,2020-12-10 22:50:21+08:00,USLSA,14.76,16.86850694
636013693,8241,2021-01-13 21:39:26+08:00,TWKEE,2021-02-04 21:03:54+08:00,USLSA,13.65,21.97532407
636013693,8241,2021-03-10 21:30:40+08:00,TWKEE,2021-04-01 22:29:40+08:00,USLSA,12.56,22.04097222
636013693,8241,2021-05-08 09:18:25+08:00,TWKEE,2021-05-31 21:17:58+08:00,USLSA,10.74,23.4996875
636013693,8241,2021-07-26 17:07:30+08:00,TWKEE,2021-08-10 20:59:50+08:00,USLSA,16.41,15.16134259
636013693,8241,2021-09-25 14:57:03+08:00,TWKEE,2021-10-29 23:15:21+08:00,USLSA,7.65,34.34604167
636013693,8241,2021-12-12 03:50:53+08:00,TWKEE,2022-01-30 21:05:00+08:00,USLSA,6.49,49.71813657
636013693,8241,2022-03-07 07:00:19+08:00,TWKEE,2022-04-14 12:27:24+08:00,USLSA,8.2,38.2271412
636013693,8241,2022-05-17 20:09:49+08:00,TWKEE,2022-06-09 13:08:18+08:00,USLSA,11.41,22.70728009
636013693,8241,2022-07-15 11:12:27+08:00,TWKEE,2022-08-04 07:15:25+08:00,USLSA,12.7,19.83539352
636013693,8241,2022-09-10 09:18:39+08:00,TWKEE,2022-09-24 21:30:30+08:00,USLSA,18.05,14.50822917
636013693,8241,2022-11-09 21:07:08+08:00,TWKEE,2022-11-25 22:25:18+08:00,USLSA,16.09,16.05428241
636013693,8241,2023-01-08 02:15:34+08:00,TWKEE,2023-01-31 19:09:30+08:00,USLSA,11.46,23.70412037
636013693,8241,2023-03-24 00:07:57+08:00,TWKEE,2023-04-08 07:00:13+08:00,USLSA,16.27,15.2862963
636013693,8241,2023-05-25 16:17:39+08:00,TWKEE,2023-06-09 18:27:28+08:00,USLSA,17.12,15.09015046
636013693,8241,2023-07-14 23:30:04+08:00,TWKEE,2023-07-29 21:15:43+08:00,USLSA,16.71,14.90670139
636013693,8241,2023-08-31 02:00:49+08:00,TWKEE,2023-09-14 07:21:57+08:00,USLSA,17.58,14.22300926
636013693,8241,2023-10-17 06:34:38+08:00,TWKEE,2023-10-31 21:00:10+08:00,USLSA,17.18,14.60106481
636013693,8241,2023-12-03 16:37:18+08:00,TWKEE,2023-12-19 22:01:11+08:00,USLSA,16.5,16.22491898
636013693,8241,2024-02-01 07:15:15+08:00,TWKEE,2024-02-17 21:09:43+08:00,USLSA,15.2,16.57949074
636013693,8241,2025-03-24 08:15:52+08:00,CNNBO,2025-04-07 16:55:58+08:00,USLSA,16.82,14.36118056
636013693,8241,2025-05-10 07:09:35+08:00,CNNBO,2025-05-25 19:02:52+08:00,USLSA,15.58,15.49533565
636013693,8241,2025-07-04 00:32:17+08:00,TWKEE,2025-07-19 18:43:18+08:00,USLSA,15.83,15.75765046
636013698,4252,2020-10-03 12:19:04+08:00,CNYTN,2020-10-18 06:16:31+08:00,USLSA,19.83,14.74822917
636013698,4252,2020-11-10 09:33:02+08:00,CNYTN,2020-11-28 19:01:04+08:00,USLSA,16.59,18.39446759
636013698,4252,2022-01-23 09:16:48+08:00,TWKAO,2022-03-07 08:11:14+08:00,USLSA,6.56,42.95446759
636013698,4252,2022-04-20 07:15:08+08:00,TWKEE,2022-05-10 21:41:35+08:00,USLSA,12.03,20.60170139
636013698,4252,2025-02-02 13:05:31+08:00,TWKAO,2025-02-18 22:14:57+08:00,USLSA,16.66,16.38155093
636013699,4252,2022-01-01 15:20:02+08:00,TWKAO,2022-02-09 08:32:40+08:00,USLSA,7.35,38.71710648
636013699,4252,2025-06-20 22:11:11+08:00,CNQIN,2025-07-08 18:28:59+08:00,USLSA,13.61,17.84569444
636014059,4360,2021-07-16 03:36:33+08:00,CNWGQ,2021-07-27 04:08:39+08:00,USLGB,21.94,11.02229167
636014059,4360,2021-08-30 12:16:31+08:00,CNNBO,2021-09-13 12:18:33+08:00,USLGB,17.64,14.00141204
636014059,4360,2021-10-14 18:49:43+08:00,CNWGQ,2021-11-03 12:35:42+08:00,USLGB,13.03,19.7402662
636014059,4360,2021-11-25 15:38:43+08:00,CNWGQ,2021-12-15 09:07:42+08:00,USLGB,13.25,19.72846065
636014059,4360,2022-01-07 17:04:18+08:00,CNNBO,2022-02-09 10:29:44+08:00,USLGB,8.91,32.72599537
636014059,4360,2022-03-03 19:49:41+08:00,CNWGQ,2022-03-17 09:06:43+08:00,USLGB,19.12,13.55349537
636014059,4360,2022-04-30 00:08:59+08:00,CNWGQ,2022-05-14 22:10:50+08:00,USLGB,16.17,14.91795139
636014059,4360,2022-06-04 14:15:42+08:00,CNWGQ,2022-06-16 05:50:14+08:00,USLGB,20.75,11.64898148
636014059,4360,2022-07-07 17:32:17+08:00,CNWGQ,2022-07-20 01:13:38+08:00,USLGB,19.71,12.32038194
636014059,4360,2022-08-19 03:23:45+08:00,CNWGQ,2022-08-30 04:23:22+08:00,USLGB,21.85,11.04140046
636014059,4360,2022-09-29 13:56:06+08:00,CNWGQ,2022-10-10 22:18:54+08:00,USLGB,21.78,11.34916667
636014059,4360,2022-11-03 07:48:17+08:00,CNWGQ,2022-11-14 22:21:58+08:00,USLGB,20.81,11.60672454
636014059,4360,2023-01-18 08:19:29+08:00,CNWGQ,2023-01-31 14:42:47+08:00,USLGB,19.6,13.26618056
636014059,4360,2023-02-23 13:17:31+08:00,CNWGQ,2023-03-07 07:55:10+08:00,USLGB,20.94,11.77614583
636014059,4360,2023-03-29 15:11:52+08:00,CNWGQ,2023-04-09 20:43:52+08:00,USLGB,21.49,11.23055556
636014059,4360,2023-05-07 11:37:49+08:00,CNWGQ,2023-05-18 20:18:16+08:00,USLGB,21.44,11.36142361
636014059,4360,2023-06-08 14:42:51+08:00,CNWGQ,2023-06-20 06:50:19+08:00,USLGB,20.86,11.67185185
636014059,4360,2023-07-13 06:51:30+08:00,CNWGQ,2023-07-24 20:40:09+08:00,USLGB,21.03,11.57545139
636014059,4360,2023-08-17 12:23:21+08:00,CNWGQ,2023-08-29 05:45:17+08:00,USLGB,20.79,11.72356481
636014059,4360,2023-09-21 14:45:31+08:00,CNWGQ,2023-10-03 07:30:10+08:00,USLGB,20.93,11.69767361
636014168,4360,2021-09-22 02:36:46+08:00,CNYTN,2021-10-25 06:22:17+08:00,USLSA,8.9,33.1566088
636014168,4360,2021-11-24 07:19:37+08:00,CNYTN,2022-01-03 01:29:07+08:00,USLSA,8.02,39.75659722
636014168,4360,2022-01-30 07:24:02+08:00,CNNBO,2022-03-04 17:34:07+08:00,USLSA,8.08,33.42366898
636014168,4360,2022-04-06 18:56:54+08:00,CNMWN,2022-05-02 09:21:18+08:00,USLSA,11.97,25.60027778
636014168,4360,2023-04-20 23:48:37+08:00,CNWGQ,2023-05-02 18:42:25+08:00,USLSA,20.6,11.78736111
636014168,4360,2023-05-27 05:31:12+08:00,CNWGQ,2023-06-08 21:46:54+08:00,USLSA,19.06,12.67756944
636014168,4360,2023-07-13 19:55:52+08:00,CNWGQ,2023-07-25 12:37:26+08:00,USLSA,20.48,11.69553241
636014168,4360,2023-08-31 13:25:46+08:00,CNWGQ,2023-09-12 13:01:58+08:00,USLSA,19.98,11.98347222
636014168,4360,2023-10-19 13:30:04+08:00,CNWGQ,2023-10-31 22:15:10+08:00,USLSA,19.59,12.36465278
636014168,4360,2023-11-30 13:09:44+08:00,CNWGQ,2023-12-13 18:00:08+08:00,USLSA,19.76,13.20166667
636014168,4360,2024-01-11 13:14:36+08:00,CNWGQ,2024-01-24 23:11:29+08:00,USLSA,18.29,13.41450231
636014169,4360,2021-07-21 00:13:08+08:00,CNXIA,2021-08-19 08:58:35+08:00,USLSA,0.24,29.36489583
636014169,4360,2021-11-05 17:00:32+08:00,CNYTN,2021-11-30 07:42:07+08:00,USLSA,11.12,24.61221065
636014169,4360,2022-11-12 11:06:52+08:00,CNYTN,2022-11-27 22:09:17+08:00,USLSA,18.04,15.46001157
636014200,4360,2022-03-14 14:13:47+08:00,CNNBO,2022-04-14 17:58:29+08:00,USLGB,9.5,31.15604167
636014200,4360,2022-05-05 12:07:55+08:00,CNTAI,2022-06-05 23:11:53+08:00,USLGB,8.67,31.46108796
636014200,4360,2022-06-26 15:18:52+08:00,CNNBO,2022-07-21 06:39:22+08:00,USLGB,10.06,24.63923611
636014557,6572,2020-01-02 01:23:37+08:00,TWKEE,2020-01-15 06:57:26+08:00,USLSA,20.66,13.23181713
636014557,6572,2020-03-11 18:15:27+08:00,TWKEE,2020-03-24 19:54:23+08:00,USLSA,19.86,13.0687037
636014558,6572,2020-01-24 01:52:01+08:00,TWKEE,2020-02-05 22:51:12+08:00,USLSA,19.25,12.87443287
636014558,6572,2020-03-05 00:49:26+08:00,TWKEE,2020-03-17 20:08:01+08:00,USLSA,20.77,12.80457176
636014558,6572,2020-04-15 16:29:00+08:00,TWKEE,2020-04-29 06:57:21+08:00,USLSA,18.74,13.60302083
636014558,6572,2025-03-25 04:43:29+08:00,CNYTN,2025-04-11 21:13:37+08:00,USLSA,16.38,17.68759259
636014558,6572,2025-06-05 03:27:38+08:00,CNYTN,2025-06-22 20:26:21+08:00,USLSA,15.15,17.70744213
636014996,6589,2020-01-09 00:03:53+08:00,TWKEE,2020-01-21 20:51:10+08:00,USLSA,21.27,12.86616898
636014996,6589,2020-02-19 23:20:52+08:00,TWKEE,2020-03-03 21:06:58+08:00,USLSA,20.52,12.90701389
636014996,6589,2020-04-01 21:51:51+08:00,TWKEE,2020-04-14 20:20:52+08:00,USLSA,19.34,12.93681713
636014996,6589,2020-05-13 22:11:32+08:00,TWKEE,2020-05-27 20:18:25+08:00,USLSA,18.02,13.92144676
636014996,6589,2020-06-24 20:49:35+08:00,TWKEE,2020-07-08 19:04:16+08:00,USLSA,17.81,13.92686343
636014996,6589,2020-08-05 23:05:16+08:00,TWKEE,2020-08-19 07:08:52+08:00,USLSA,18.79,13.33583333
636014996,6589,2020-09-17 06:00:21+08:00,TWKEE,2020-10-01 22:19:23+08:00,USLSA,22.58,14.67988426
636014996,6589,2024-08-02 21:28:13+08:00,TWKEE,2024-08-18 21:11:38+08:00,USLSA,15.61,15.9884838
636014997,6589,2020-02-05 22:34:31+08:00,TWKEE,2020-02-18 21:08:44+08:00,USLSA,19.6,12.94042824
636014997,6589,2020-03-20 02:44:36+08:00,TWKEE,2020-04-01 19:07:20+08:00,USLSA,19.8,12.6824537
636014997,6589,2020-04-29 11:47:52+08:00,TWKEE,2020-05-13 05:46:16+08:00,USLSA,18.38,13.74888889
636014997,6589,2020-07-01 21:34:32+08:00,TWKEE,2020-07-15 18:47:08+08:00,USLSA,17.82,13.88375
636014997,6589,2020-08-13 16:52:18+08:00,TWKEE,2020-08-26 21:59:39+08:00,USLSA,18.76,13.2134375
636014997,6589,2020-09-24 08:25:59+08:00,TWKEE,2020-10-07 19:58:32+08:00,USLSA,18.32,13.4809375
636014997,6589,2020-11-05 04:17:55+08:00,TWKEE,2020-11-23 23:16:27+08:00,USLSA,14.89,18.79064815
636014997,6589,2020-12-23 13:34:06+08:00,TWKEE,2021-01-09 21:22:44+08:00,USLSA,14.38,17.32543981
636014997,6589,2021-02-15 16:48:07+08:00,TWKEE,2021-03-12 21:08:42+08:00,USLSA,10.78,25.18096065
636014997,6589,2021-05-16 23:23:15+08:00,TWKEE,2021-06-11 21:46:53+08:00,USLSA,9.7,25.9330787
636014997,6589,2025-06-09 17:53:35+08:00,CNNBO,2025-06-25 21:43:08+08:00,USLGB,14.9,16.15940972
636015182,6589,2020-03-29 01:47:27+08:00,TWKEE,2020-04-10 18:05:52+08:00,USLSA,19.72,12.67945602
636015182,6589,2020-10-21 16:47:37+08:00,TWKEE,2020-11-04 06:58:59+08:00,USLSA,18.19,13.59122685
636015182,6589,2020-12-03 17:56:29+08:00,TWKEE,2020-12-22 20:39:42+08:00,USLSA,15.26,19.11334491
636015182,6589,2021-01-26 08:18:48+08:00,TWKEE,2021-02-18 21:40:47+08:00,USLSA,11.4,23.55693287
636015182,6589,2021-03-28 06:49:53+08:00,TWKEE,2021-04-17 19:51:57+08:00,USLSA,12.05,20.54310185
636015182,6589,2021-05-29 12:29:36+08:00,TWKEE,2021-06-13 20:20:48+08:00,USLSA,16.28,15.32722222
636015182,6589,2021-08-13 19:15:53+08:00,TWKEE,2021-09-07 20:00:07+08:00,USLSA,10.1,25.03071759
636015182,6589,2025-04-04 21:56:53+08:00,CNYTN,2025-04-21 20:51:56+08:00,USLSA,15.82,16.95489583
636015182,6589,2025-06-16 19:08:53+08:00,CNYTN,2025-07-03 18:13:27+08:00,USLSA,15.73,16.96150463
636015183,6589,2020-01-15 23:40:57+08:00,TWKEE,2020-01-28 21:08:02+08:00,USLSA,20.6,12.89380787
636015183,6589,2020-03-05 04:22:23+08:00,CNYTN,2020-03-21 21:31:44+08:00,USLSA,16.8,16.71482639
636015183,6589,2025-03-30 23:24:50+08:00,CNNBO,2025-04-14 18:54:35+08:00,USLSA,16.41,14.81232639
636015183,6589,2025-06-27 07:05:41+08:00,TWKEE,2025-07-12 21:28:52+08:00,USLSA,15.84,15.59943287
636015496,4992,2021-08-03 18:14:31+08:00,CNNBO,2021-08-27 20:38:06+08:00,USLSA,10.13,24.09971065
636015496,4992,2021-09-24 07:52:56+08:00,CNNBO,2021-10-22 20:53:13+08:00,USLSA,8.78,28.54186343
636015506,13102,2020-10-28 04:23:32+08:00,CNNBO,2020-11-12 21:50:03+08:00,USLSA,16.19,15.72674769
636015506,13102,2020-12-22 03:39:11+08:00,CNYSN,2021-01-22 07:16:30+08:00,USLSA,10.13,31.15091435
636015506,13102,2021-07-22 06:08:24+08:00,CNNBO,2021-08-15 19:13:39+08:00,USLGB,10.05,24.5453125
636015506,13102,2022-07-31 05:23:33+08:00,CNYSN,2022-08-13 23:29:17+08:00,USLSA,17.87,13.75398148
636015506,13102,2022-12-19 07:02:12+08:00,CNYTN,2023-01-18 06:58:33+08:00,USLGB,10.35,29.99746528
636015604,13102,2021-06-14 17:11:38+08:00,CNNBO,2021-06-27 04:02:35+08:00,USLGB,19.49,12.45204861
636015604,13102,2023-11-07 13:13:34+08:00,CNNBO,2023-11-27 22:15:08+08:00,USLSA,13.24,20.37608796
636015660,3884,2021-09-05 05:46:57+08:00,CNNBO,2021-09-28 09:11:22+08:00,USLSA,10.82,23.14195602
636015660,3884,2021-11-01 17:00:12+08:00,CNQIN,2021-11-21 22:19:18+08:00,USLSA,12.29,20.22159722
636015660,3884,2022-06-10 22:29:30+08:00,CNNBO,2022-07-01 21:21:13+08:00,USLGB,11.9,20.95258102
636015660,3884,2022-07-27 21:23:14+08:00,CNQIN,2022-08-15 00:36:45+08:00,USLGB,13.41,18.13438657
636015660,3884,2022-09-18 06:24:04+08:00,CNQIN,2022-10-03 20:43:43+08:00,USLGB,15.54,15.59697917
636015744,8266,2020-09-11 08:33:58+08:00,CNYSN,2020-09-26 23:52:11+08:00,USLSA,20.06,15.63765046
636015806,5023,2020-08-21 13:28:53+08:00,CNWGQ,2020-09-05 20:50:44+08:00,USLSA,15.94,15.30684028
636015806,5023,2020-09-27 08:09:58+08:00,CNWGQ,2020-10-11 05:52:22+08:00,USLSA,18.06,13.90444444
636015806,5023,2022-02-06 04:56:32+08:00,UYMON,2022-03-27 20:21:11+08:00,USLSA,14.44,49.64211806
636015872,6881,2020-08-22 15:38:28+08:00,CNNBO,2020-09-06 21:04:27+08:00,USLGB,16.03,15.22637731
636015872,6881,2020-10-17 14:53:14+08:00,CNNBO,2020-11-05 00:32:41+08:00,USLGB,13.77,18.40239583
636015872,6881,2020-11-29 17:54:46+08:00,CNNBO,2020-12-18 05:26:19+08:00,USLGB,14.39,18.48024306
636015897,4253,2021-06-26 03:11:11+08:00,TWKAO,2021-07-19 22:21:05+08:00,USLSA,10.85,23.79854167
636015897,4253,2021-08-25 09:49:14+08:00,TWKAO,2021-09-23 10:26:39+08:00,USLSA,8.96,29.0259838
636015897,4253,2021-10-25 17:26:59+08:00,CNYTN,2021-11-29 13:54:35+08:00,USLSA,8.22,34.8525
636015897,4253,2022-05-19 16:48:01+08:00,CNYTN,2022-06-05 13:04:59+08:00,USLSA,16.21,16.84511574
636015897,4253,2022-07-04 14:27:45+08:00,CNYTN,2022-07-17 21:29:43+08:00,USLSA,20.22,13.29303241
636015897,4253,2022-08-12 09:13:28+08:00,CNYTN,2022-08-25 13:45:44+08:00,USLSA,20.35,13.18907407
636015897,4253,2022-09-22 00:10:02+08:00,CNYTN,2022-10-05 12:27:03+08:00,USLSA,19.87,13.51181713
636015897,4253,2022-11-04 13:13:04+08:00,CNYTN,2022-11-19 02:01:03+08:00,USLSA,19.11,14.53332176
636015897,4253,2022-12-22 03:51:26+08:00,CNYTN,2023-01-06 12:26:17+08:00,USLSA,18.34,15.35753472
636015897,4253,2023-02-24 14:03:33+08:00,CNYTN,2023-03-11 00:57:19+08:00,USLSA,18.62,14.45400463
636015950,5023,2022-03-23 13:17:36+08:00,CNDCB,2022-04-20 20:19:09+08:00,USLSA,9.99,28.29274306
636015950,5023,2025-06-13 19:35:53+08:00,CNYSN,2025-06-27 19:54:29+08:00,USLGB,17.11,14.01291667
636016038,5023,2020-11-15 17:39:43+08:00,TWKAO,2021-01-12 20:22:18+08:00,USLSA,12.28,58.11290509
636016038,5023,2021-09-02 15:34:04+08:00,CNYTN,2021-09-26 04:06:14+08:00,USLSA,11.69,23.52233796
636016106,5828,2021-07-17 06:56:42+08:00,TWKAO,2021-08-05 22:28:54+08:00,USLSA,13.12,19.64736111
636016126,6622,2020-08-15 04:05:35+08:00,CNNBO,2020-08-28 20:29:21+08:00,USLGB,18.02,13.6831713
636016179,1700,2021-09-04 09:34:06+08:00,CNSHE,2021-10-07 22:28:43+08:00,USLSA,8.27,33.53792824
636016179,1700,2023-02-17 12:22:34+08:00,CNYTN,2023-03-05 21:03:00+08:00,USLSA,16.49,16.36141204
636016179,1700,2023-03-25 06:06:24+08:00,CNYTN,2023-04-09 20:12:40+08:00,USLSA,17.32,15.58768519
636016179,1700,2023-05-06 10:08:56+08:00,CNYTN,2023-05-22 06:06:06+08:00,USLSA,17.21,15.83136574
636016179,1700,2023-06-11 01:10:16+08:00,CNYTN,2023-06-28 19:56:44+08:00,USLSA,15.32,17.78226852
636016200,6350,2020-11-24 19:23:05+08:00,CNYTN,2020-12-07 22:29:28+08:00,USLSA,20.41,13.12943287
636016203,4250,2020-09-16 09:55:42+08:00,CNSHE,2020-09-29 06:01:24+08:00,USLSA,24.78,12.83729167
636016203,4250,2021-02-27 19:54:14+08:00,CNYSN,2021-03-14 02:38:27+08:00,USLSA,20.74,14.28070602
636016203,4250,2021-04-18 20:11:48+08:00,CNYSN,2021-05-01 12:41:05+08:00,USLSA,20.23,12.68700231
636016203,4250,2021-06-01 05:40:37+08:00,CNNBO,2021-06-22 21:17:47+08:00,USLSA,11.43,21.65081019
636016203,4250,2021-07-16 23:32:05+08:00,CNYTN,2021-08-08 12:00:18+08:00,USLSA,11.94,22.51959491
636016203,4250,2021-09-01 10:30:16+08:00,CNYTN,2021-10-12 22:15:26+08:00,USLSA,6.62,41.48969907
636016203,4250,2021-11-04 15:00:51+08:00,CNYTN,2021-12-21 01:13:54+08:00,USLSA,6.76,46.42572917
636016203,4250,2022-01-17 17:20:52+08:00,TWKAO,2022-02-05 03:29:39+08:00,USLSA,17.44,18.4227662
636016203,4250,2022-03-08 10:33:32+08:00,CNYTN,2022-03-23 21:24:03+08:00,USLSA,19.14,15.45174769
636016204,5018,2020-05-22 01:02:15+08:00,CNWGQ,2020-06-02 20:18:46+08:00,USLSA,20.45,11.80313657
636016204,5018,2020-06-25 15:26:02+08:00,CNWGQ,2020-07-08 06:24:00+08:00,USLSA,19.1,12.62358796
636016204,5018,2020-08-08 02:39:14+08:00,CNWGQ,2020-08-19 20:07:42+08:00,USLSA,20.4,11.72810185
636016204,5018,2020-09-17 13:02:06+08:00,CNWGQ,2020-09-29 06:12:22+08:00,USLSA,25.13,11.71546296
636016204,5018,2020-10-29 10:36:47+08:00,CNWGQ,2020-11-10 06:03:41+08:00,USLSA,21.45,11.81034722
636016204,5018,2020-12-10 07:45:07+08:00,CNWGQ,2020-12-22 22:39:49+08:00,USLSA,20.8,12.62131944
636016204,5018,2021-01-21 05:54:45+08:00,CNWGQ,2021-02-12 23:06:17+08:00,USLSA,1.05,22.71634259
636016204,5018,2021-03-18 15:55:15+08:00,CNWGQ,2021-03-31 21:18:18+08:00,USLSA,18.69,13.22434028
636016204,5018,2021-04-30 15:41:19+08:00,CNWGQ,2021-05-13 22:22:43+08:00,USLSA,18.09,13.27875
636016204,5018,2021-06-13 02:05:23+08:00,CNWGQ,2021-06-26 00:00:35+08:00,USLSA,18.57,12.91333333
636016204,5018,2021-07-28 15:19:19+08:00,CNWGQ,2021-08-09 15:22:31+08:00,USLSA,31.63,12.00222222
636016204,5018,2021-09-06 00:15:08+08:00,CNWGQ,2021-09-22 13:00:24+08:00,USLSA,14.84,16.53143519
636016242,6350,2020-08-24 21:33:31+08:00,CNYTN,2020-09-10 23:38:11+08:00,USLSA,15.86,17.08657407
636016242,6350,2024-07-05 00:03:38+08:00,CNYTN,2024-07-23 21:39:50+08:00,USLSA,14.34,18.90013889
636016242,6350,2024-09-11 05:18:28+08:00,CNYTN,2024-09-27 21:39:28+08:00,USLGB,16.3,16.68125
636016242,6350,2024-11-09 20:31:59+08:00,CNYTN,2024-11-27 22:16:52+08:00,USLSA,14.91,18.07283565
636016242,6350,2025-01-11 15:19:41+08:00,CNYTN,2025-01-31 08:41:05+08:00,USLSA,14.15,19.72319444
636016423,5043,2021-11-06 06:48:37+08:00,CNMWN,2021-12-09 22:20:41+08:00,USLSA,9.59,33.64726852
636016423,5043,2022-01-02 10:10:41+08:00,CNYSN,2022-02-19 22:14:57+08:00,USLSA,6.79,48.50296296
636016423,5043,2022-03-11 20:52:03+08:00,CNYSN,2022-04-06 06:53:49+08:00,USLSA,11.77,25.41789352
636016423,5043,2022-11-23 16:10:19+08:00,CNQIN,2022-12-27 22:03:49+08:00,USLSA,10.6,34.24548611
636016424,5043,2021-10-24 07:36:00+08:00,CNQIN,2021-11-15 21:35:53+08:00,USLGB,12.92,22.58325231
636016502,1700,2021-11-14 21:23:43+08:00,CNNBO,2021-12-11 04:23:25+08:00,USLGB,13.35,26.29145833
636016503,1700,2021-10-05 03:30:38+08:00,CNQIN,2021-10-23 20:55:09+08:00,USLGB,13.43,18.7253588
636016705,4662,2025-07-05 00:10:26+08:00,CNNBO,2025-07-19 17:52:04+08:00,USLGB,16.57,14.73724537
636016853,5043,2020-10-05 13:30:43+08:00,CNWGQ,2020-10-23 22:38:10+08:00,USLSA,14.74,18.38017361
636016853,5043,2024-08-11 03:11:54+08:00,CNNSA,2024-08-28 22:23:33+08:00,USLGB,15.36,17.79975694
636016853,5043,2024-09-23 06:13:01+08:00,CNQIN,2024-10-12 05:09:44+08:00,USLGB,12.87,18.95605324
636016895,3398,2024-10-08 18:03:23+08:00,CNNSA,2024-10-26 14:12:59+08:00,USLGB,15.57,17.84
636016895,3398,2024-12-12 01:15:14+08:00,CNQIN,2025-01-02 17:49:55+08:00,USLGB,13.37,21.69075231
636016895,3398,2025-02-09 08:06:48+08:00,CNNBO,2025-02-27 03:08:39+08:00,USLGB,13.91,17.79295139
636016895,3398,2025-03-25 15:33:39+08:00,CNNBO,2025-04-11 14:19:08+08:00,USLGB,14.55,16.94825231
636016895,3398,2025-05-05 02:10:08+08:00,CNNBO,2025-05-22 05:36:30+08:00,USLGB,14.45,17.14331019
636016985,9115,2025-04-28 05:13:47+08:00,CNYTN,2025-05-24 03:12:06+08:00,USLSA,14.91,25.91549769
636017102,9443,2022-08-07 20:55:08+08:00,CNNBO,2022-08-21 19:56:58+08:00,USLSA,17.39,13.95960648
636017102,9443,2025-04-30 09:01:36+08:00,CNYSN,2025-05-13 21:01:42+08:00,USLSA,17.8,13.50006944
636017103,9443,2020-05-30 19:10:38+08:00,CNQIN,2020-06-13 19:50:48+08:00,USLSA,17.41,14.02789352
636017103,9443,2025-03-28 03:55:19+08:00,CNYTN,2025-04-14 00:25:23+08:00,USLSA,16.62,16.85421296
636017103,9443,2025-05-22 23:47:23+08:00,CNYTN,2025-06-08 18:46:12+08:00,USLSA,16.03,16.79084491
636017104,9162,2020-07-09 15:40:03+08:00,CNNBO,2020-07-23 07:27:18+08:00,USLSA,17.77,13.6578125
636017104,9162,2020-08-19 00:26:45+08:00,CNYSN,2020-09-04 20:03:57+08:00,USLGB,14.48,16.8175
636017104,9162,2021-01-27 08:54:32+08:00,CNYSN,2021-02-15 21:25:54+08:00,USLSA,12.61,19.52178241
636017104,9162,2021-03-27 09:53:49+08:00,CNYTN,2021-04-21 18:26:36+08:00,USLGB,10.73,25.35609954
636017104,9162,2023-08-21 17:23:54+08:00,CNNBO,2023-09-05 20:40:27+08:00,USLGB,16.06,15.13649306
636017104,9162,2023-10-08 16:25:48+08:00,CNXIA,2023-10-24 19:55:06+08:00,USLGB,16.06,16.14534722
636017104,9162,2023-11-28 19:54:54+08:00,CNYSN,2023-12-13 20:50:36+08:00,USLGB,16.06,15.03868056
636017104,9162,2024-01-18 18:52:18+08:00,CNNBO,2024-02-05 21:13:00+08:00,USLGB,14.01,18.09770833
636017104,9162,2024-03-14 20:47:43+08:00,CNNBO,2024-03-31 09:51:45+08:00,USLGB,15.55,16.54446759
636017104,9162,2024-05-06 06:35:31+08:00,CNNBO,2024-05-21 19:19:36+08:00,USLGB,15.71,15.53061343
636017104,9162,2024-06-17 23:04:21+08:00,CNNBO,2024-07-06 21:24:14+08:00,USLSA,12.88,18.93047454
636017104,9162,2024-08-12 15:44:50+08:00,CNNBO,2024-08-28 18:04:43+08:00,USLGB,15.22,16.0971412
636017104,9162,2024-09-30 13:26:21+08:00,CNNBO,2024-10-15 18:50:25+08:00,USLSA,16.28,15.2250463
636017104,9162,2024-11-19 23:14:39+08:00,CNNBO,2024-12-07 04:46:06+08:00,USLSA,14.19,17.23017361
636017104,9162,2025-01-17 15:42:57+08:00,CNNBO,2025-02-08 22:24:49+08:00,USLSA,12.93,22.27907407
636017104,9162,2025-03-18 19:07:39+08:00,CNYSN,2025-04-02 23:07:21+08:00,USLSA,16.38,15.16645833
636017309,2496,2021-12-18 18:04:03+08:00,CNMWN,2022-02-06 22:27:12+08:00,USLSA,8.18,50.18274306
636017309,2496,2022-03-03 19:12:11+08:00,CNNBO,2022-03-20 03:16:07+08:00,USLSA,15.6,16.33606481
636017309,2496,2022-06-15 10:35:51+08:00,CNWGQ,2022-07-02 08:19:26+08:00,USLSA,14.23,16.9052662
636017309,2496,2022-10-07 05:01:58+08:00,CNQIN,2022-10-22 06:50:28+08:00,USLGB,17.18,15.07534722
636017309,2496,2023-01-06 22:21:11+08:00,CNNSA,2023-01-26 00:28:22+08:00,USLSA,14.93,19.08832176
636017408,16652,2020-04-19 23:12:29+08:00,CNYSN,2020-05-02 06:13:13+08:00,USLSA,20.74,12.29217593
636017408,16652,2020-08-08 01:50:43+08:00,CNXIA,2020-08-21 23:13:38+08:00,USLSA,18.67,13.89091435
636017408,16652,2020-11-30 11:16:35+08:00,CNXIA,2020-12-23 21:49:45+08:00,USLSA,12.52,23.43969907
636017408,16652,2021-04-06 15:57:08+08:00,CNXIA,2021-04-25 19:27:57+08:00,USLSA,16.32,19.14640046
636017435,19472,2024-07-30 07:50:18+08:00,CNYSN,2024-08-16 20:10:58+08:00,USLGB,13.86,17.51435185
636017435,19472,2024-09-28 12:41:41+08:00,CNYSN,2024-10-13 05:56:39+08:00,USLGB,17.34,14.71872685
636017435,19472,2025-01-14 00:19:28+08:00,CNYSN,2025-01-28 22:09:22+08:00,USLGB,18.12,14.90965278
636017505,3450,2022-03-05 06:26:19+08:00,CNYSN,2022-04-04 20:49:14+08:00,USLGB,8.86,30.59924769
636017505,3450,2022-05-08 17:39:12+08:00,CNNBO,2022-06-04 21:48:32+08:00,USLGB,9.7,27.17314815
636017505,3450,2022-07-05 20:08:00+08:00,CNQIN,2022-08-04 07:07:56+08:00,USLGB,9.11,29.45828704
636017505,3450,2024-08-02 06:40:25+08:00,CNQIN,2024-08-18 20:40:51+08:00,USLGB,14.78,16.58363426
636017505,3450,2024-09-11 21:50:10+08:00,CNQIN,2024-09-28 18:12:40+08:00,USLGB,14.54,16.84895833
636017505,3450,2025-01-20 10:18:10+08:00,CNNBO,2025-02-09 01:21:27+08:00,USLGB,12.51,19.62728009
636017505,3450,2025-03-10 18:42:14+08:00,CNNBO,2025-03-29 13:10:08+08:00,USLGB,14.54,18.769375
636017506,19224,2020-11-02 13:56:05+08:00,CNYSN,2020-11-17 00:13:12+08:00,USLGB,18.55,14.42855324
636017506,19224,2021-03-14 16:56:37+08:00,CNYTN,2021-04-03 20:04:52+08:00,USLGB,15.23,20.13072917
636017506,19224,2023-04-12 16:28:43+08:00,CNYSN,2023-04-26 06:11:55+08:00,USLGB,18.73,13.57166667
636017506,19224,2023-08-24 21:22:59+08:00,CNYSN,2023-09-09 05:05:09+08:00,USLGB,15.75,15.32094907
636017514,5100,2020-08-15 21:08:31+08:00,CNWGQ,2020-08-29 21:04:57+08:00,USLGB,18.2,13.99752315
636017514,5100,2020-09-25 00:54:01+08:00,CNYTN,2020-10-11 07:06:16+08:00,USLGB,17.02,16.25850694
636017514,5100,2020-11-27 21:41:47+08:00,CNWGQ,2020-12-13 11:38:29+08:00,USLGB,15.49,15.58104167
636017514,5100,2021-01-06 05:35:09+08:00,CNYTN,2021-01-21 09:41:55+08:00,USLGB,18.72,15.17136574
636017514,5100,2021-02-13 18:38:25+08:00,CNYTN,2021-02-27 22:07:21+08:00,USLGB,20.14,14.14509259
636017516,19224,2020-09-24 08:40:06+08:00,CNYSN,2020-10-10 22:10:04+08:00,USLGB,29.64,16.56247685
636017516,19224,2021-01-31 10:36:21+08:00,CNYTN,2021-02-24 00:35:08+08:00,USLGB,13.76,23.58248843
636017537,16652,2020-07-14 06:34:09+08:00,CNYSN,2020-07-28 23:35:44+08:00,USLGB,16.61,14.70943287
636017537,16652,2023-07-19 13:55:55+08:00,CNYSN,2023-08-02 06:25:03+08:00,USLGB,17.53,13.68689815
636017537,16652,2023-09-17 01:42:33+08:00,CNYSN,2023-10-04 19:25:04+08:00,USLGB,13.99,17.7378588
636017537,16652,2023-12-09 22:28:09+08:00,CNYSN,2023-12-29 23:40:22+08:00,USLGB,15.46,20.05015046
636017537,16652,2024-02-12 12:15:27+08:00,CNYSN,2024-03-03 00:00:25+08:00,USLGB,15.37,19.48956019
636017537,16652,2025-01-29 12:17:12+08:00,CNYTN,2025-02-23 02:04:37+08:00,USLGB,14.97,24.57459491
636017569,19224,2022-10-08 15:23:22+08:00,CNYSN,2022-10-22 23:14:24+08:00,USLSA,17.59,14.32710648
636017577,19224,2023-11-08 00:36:08+08:00,CNYSN,2023-11-21 22:25:06+08:00,USLGB,18.93,13.90900463
636017685,19472,2023-08-06 19:46:30+08:00,CNYSN,2023-08-21 22:50:57+08:00,USLGB,17.31,15.12809028
636017685,19472,2023-10-29 12:41:14+08:00,CNYSN,2023-11-13 21:15:40+08:00,USLGB,16.96,15.35724537
636017685,19472,2023-12-30 07:15:49+08:00,CNYSN,2024-01-16 21:40:07+08:00,USLGB,16.07,17.60020833
636017685,19472,2024-09-18 06:41:12+08:00,CNNBO,2024-10-08 06:14:06+08:00,USLGB,12.89,19.98118056
636017685,19472,2024-11-16 12:24:07+08:00,CNYSN,2024-12-04 23:00:43+08:00,USLGB,15.39,18.44208333
636017686,19472,2023-12-20 05:58:47+08:00,CNYSN,2024-01-08 00:10:17+08:00,USLGB,14.39,18.75798611
636017686,19472,2025-05-07 23:06:04+08:00,CNXIA,2025-05-27 21:50:04+08:00,USLGB,14.17,19.94722222
636017727,19200,2020-03-28 15:21:14+08:00,CNYSN,2020-04-10 22:43:34+08:00,USLGB,18.72,13.30717593
636017753,6966,2020-08-30 19:50:03+08:00,CNNBO,2020-09-13 04:52:14+08:00,USLGB,19.9,13.3765162
636017753,6966,2020-10-11 12:09:54+08:00,CNNBO,2020-10-27 10:59:32+08:00,USLGB,17.01,15.95113426
636017753,6966,2020-11-23 21:53:16+08:00,CNNBO,2020-12-07 06:08:53+08:00,USLGB,18.47,13.34417824
636017753,6966,2021-01-03 23:10:08+08:00,HKHKG,2021-01-18 23:51:19+08:00,USLGB,21.05,15.02859954
636017753,6966,2021-02-20 23:14:43+08:00,HKHKG,2021-03-17 20:21:32+08:00,USLGB,10.83,24.8797338
636017753,6966,2021-04-19 17:48:19+08:00,CNXIA,2021-05-04 20:03:49+08:00,USLGB,17.16,15.09409722
636017867,19224,2023-10-21 16:46:33+08:00,CNYSN,2023-11-05 22:47:56+08:00,USLGB,16.26,15.25096065
636017929,2556,2022-08-30 16:14:07+08:00,CNYTN,2022-09-17 22:07:25+08:00,USLGB,15.51,18.24534722
636017973,6655,2020-01-15 02:12:44+08:00,CNWGQ,2020-01-31 08:39:15+08:00,USLGB,15.75,16.26841435
636017973,6655,2020-03-03 16:32:16+08:00,CNWGQ,2020-03-20 07:53:25+08:00,USLGB,15.56,16.6396875
636017973,6655,2022-05-28 09:56:33+08:00,CNWGQ,2022-06-22 21:38:28+08:00,USLGB,11.17,25.48744213
636018038,9954,2025-03-16 05:01:24+08:00,CNYSN,2025-05-12 10:20:54+08:00,USLSA,11.88,57.221875
636018069,9954,2025-03-02 05:55:51+08:00,CNYSN,2025-04-28 21:24:06+08:00,USLSA,11.74,57.64461806
636018069,9954,2025-05-25 20:41:59+08:00,CNYSN,2025-07-21 20:38:40+08:00,USLSA,11.87,56.99769676
636018070,9954,2020-01-17 05:30:52+08:00,CNYTN,2020-01-31 07:12:32+08:00,USLSA,19.64,14.07060185
636018070,9954,2021-09-23 18:28:19+08:00,CNQIN,2021-11-17 23:43:50+08:00,USLSA,4.65,55.2191088
636018070,9954,2021-12-20 22:50:25+08:00,CNNBO,2022-02-12 00:17:34+08:00,USLSA,5.58,53.06052083
636018070,9954,2022-03-21 11:26:48+08:00,CNNBO,2022-04-05 20:53:41+08:00,USLSA,16.71,15.39366898
636018070,9954,2022-05-14 23:46:44+08:00,CNNBO,2022-06-11 21:39:49+08:00,USLSA,9.51,27.91186343
636018070,9954,2022-07-13 08:42:44+08:00,CNNBO,2022-08-18 23:27:37+08:00,USLSA,7.42,36.61450231
636018070,9954,2022-09-26 11:40:32+08:00,CNNBO,2022-10-11 00:52:11+08:00,USLSA,17.15,14.54975694
636018070,9954,2022-12-05 17:08:40+08:00,CNNBO,2022-12-26 19:42:37+08:00,USLSA,12.59,21.10690972
636018070,9954,2023-02-14 22:22:22+08:00,CNNBO,2023-03-06 21:59:56+08:00,USLSA,13.25,19.9844213
636018070,9954,2023-08-04 06:32:36+08:00,CNYSN,2023-08-23 20:50:07+08:00,USLGB,12.73,19.59549769
636018070,9954,2023-09-24 12:34:41+08:00,CNYSN,2023-10-08 21:25:05+08:00,USLGB,16.77,14.36833333
636018070,9954,2023-11-10 11:00:14+08:00,CNYSN,2023-11-25 20:51:06+08:00,USLGB,16.05,15.41032407
636018070,9954,2024-01-11 22:06:04+08:00,CNYSN,2024-01-25 07:56:05+08:00,USLGB,19.52,13.4097338
636018070,9954,2024-02-25 13:14:18+08:00,CNYSN,2024-03-10 21:15:27+08:00,USLSA,16.82,14.33413194
636018070,9954,2024-04-15 23:27:56+08:00,CNYSN,2024-05-02 19:50:59+08:00,USLGB,14.9,16.84934028
636018097,4253,2022-06-10 15:28:53+08:00,CNWGQ,2022-06-28 21:42:22+08:00,USLGB,13.25,18.25936343
636018097,4253,2022-07-22 19:11:49+08:00,CNWGQ,2022-08-07 20:47:23+08:00,USLGB,15.07,16.06636574
636018097,4253,2022-08-29 11:47:17+08:00,CNWGQ,2022-09-17 17:57:05+08:00,USLGB,12.68,19.25680556
636018097,4253,2022-10-16 13:54:38+08:00,CNWGQ,2022-11-02 21:44:13+08:00,USLGB,14.21,17.32609954
636018097,4253,2022-11-28 14:10:07+08:00,CNWGQ,2022-12-14 23:03:41+08:00,USLGB,15.1,16.37053241
636018097,4253,2023-01-16 08:18:15+08:00,CNWGQ,2023-01-29 08:14:29+08:00,USLGB,18.65,12.99738426
636018097,4253,2023-02-26 01:50:06+08:00,CNWGQ,2023-03-18 21:26:37+08:00,USLGB,11.92,20.81702546
636018102,8533,2020-05-14 15:11:22+08:00,CNYSN,2020-05-28 20:07:22+08:00,USLSA,17.74,14.20555556
636018222,4888,2020-02-01 16:00:48+08:00,TWKAO,2020-02-29 08:31:50+08:00,USLGB,11.51,27.68821759
636018225,6661,2020-02-26 17:19:17+08:00,CNSHE,2020-04-17 21:39:12+08:00,USLGB,12.84,51.18049769
636018225,6661,2021-06-16 14:40:07+08:00,CNNBO,2021-06-30 21:01:42+08:00,USLSA,16.99,14.26498843
636018225,6661,2021-08-15 12:59:48+08:00,CNNBO,2021-09-13 17:54:47+08:00,USLSA,8.34,29.20484954
636018225,6661,2021-10-15 08:20:31+08:00,CNNBO,2021-11-11 08:50:40+08:00,USLSA,9.41,27.0209375
636018225,6661,2021-12-08 07:53:19+08:00,CNNBO,2022-01-17 11:37:37+08:00,USLSA,6.36,40.15576389
636018225,6661,2022-02-24 17:57:38+08:00,CNNBO,2022-03-16 19:18:34+08:00,USLSA,12.68,20.0562037
636018225,6661,2022-04-25 10:55:26+08:00,CNNBO,2022-05-16 08:03:58+08:00,USLSA,12.23,20.88092593
636018225,6661,2022-06-18 13:37:13+08:00,CNNBO,2022-07-06 19:54:19+08:00,USLSA,13.26,18.261875
636018225,6661,2022-08-02 08:17:23+08:00,CNNBO,2022-08-16 20:12:41+08:00,USLSA,16.65,14.49673611
636018225,6661,2022-09-23 08:46:48+08:00,CNNBO,2022-10-22 20:44:30+08:00,USLSA,8.68,29.49840278
636018225,6661,2022-11-27 18:07:33+08:00,CNNBO,2022-12-20 08:37:20+08:00,USLSA,11.56,22.6040162
636018276,11142,2021-05-11 02:15:04+08:00,UYMON,2021-06-29 19:01:16+08:00,USLGB,12.33,49.69875
636018276,11142,2022-11-25 22:07:36+08:00,CNDCB,2022-12-12 00:06:51+08:00,USLSA,17.06,16.0828125
636018276,11142,2023-07-05 20:24:35+08:00,CNXIA,2023-07-21 07:10:08+08:00,USLSA,17.54,15.44829861
636018356,5762,2020-07-31 17:14:53+08:00,CNNBO,2020-08-14 09:18:43+08:00,USLGB,18.04,13.6693287
636018356,5762,2020-09-15 05:28:14+08:00,CNNBO,2020-09-28 17:55:17+08:00,USLGB,22.01,13.51878472
636018356,5762,2020-12-18 00:39:00+08:00,CNNBO,2021-01-08 11:17:33+08:00,USLGB,11.37,21.4434375
636018356,5762,2021-02-11 13:39:40+08:00,HKHKG,2021-03-05 22:31:55+08:00,USLGB,13.48,22.36961806
636018356,5762,2021-04-10 01:09:33+08:00,CNXIA,2021-04-27 17:28:14+08:00,USLGB,16.09,17.6796412
636018364,4730,2021-04-10 06:38:27+08:00,CNYTN,2021-04-25 13:43:43+08:00,USLSA,20.43,15.29532407
636018364,4730,2021-05-17 19:56:41+08:00,CNNBO,2021-06-01 13:04:44+08:00,USLSA,16.49,14.71392361
636018364,4730,2021-06-27 09:50:23+08:00,CNNBO,2021-07-18 00:07:01+08:00,USLSA,11.73,20.59488426
636018364,4730,2021-08-16 10:57:19+08:00,CNNBO,2021-09-11 00:16:34+08:00,USLSA,9.96,25.55503472
636018364,4730,2021-10-04 17:13:31+08:00,TWKAO,2021-10-30 22:39:26+08:00,USLSA,10.43,26.22633102
636018364,4730,2021-12-04 21:17:39+08:00,TWKAO,2022-01-19 12:24:19+08:00,USLSA,10.97,45.62962963
636018364,4730,2022-02-20 11:03:49+08:00,TWKAO,2022-03-06 01:01:37+08:00,USLSA,19.75,13.58180556
636018364,4730,2022-06-09 11:19:12+08:00,CNYTN,2022-06-22 21:02:47+08:00,USLSA,20.68,13.4052662
636018364,4730,2022-07-20 13:24:44+08:00,CNYTN,2022-08-02 23:08:29+08:00,USLSA,19.9,13.40538194
636018364,4730,2022-08-31 19:08:08+08:00,CNYTN,2022-09-14 01:13:42+08:00,USLSA,20.19,13.25386574
636018471,4330,2020-07-02 08:29:18+08:00,CNWGQ,2020-07-13 20:35:20+08:00,USLGB,20.87,11.50418981
636018471,4330,2020-08-09 06:10:11+08:00,CNWGQ,2020-08-20 20:46:03+08:00,USLGB,20.71,11.60824074
636018471,4330,2020-09-11 16:03:10+08:00,CNWGQ,2020-09-22 21:10:30+08:00,USLGB,23.17,11.21342593
636018471,4330,2020-10-17 00:37:51+08:00,CNWGQ,2020-10-28 10:15:24+08:00,USLGB,22.13,11.40107639
636018471,4330,2020-11-19 15:35:06+08:00,CNWGQ,2020-12-01 08:51:27+08:00,USLGB,21.65,11.7196875
636018471,4330,2020-12-24 20:25:57+08:00,CNWGQ,2021-01-11 07:44:40+08:00,USLGB,14.04,17.47133102
636018471,4330,2021-02-05 17:48:03+08:00,CNWGQ,2021-02-23 22:48:00+08:00,USLGB,16.22,18.20829861
636018471,4330,2021-03-18 15:41:32+08:00,CNWGQ,2021-03-30 12:32:39+08:00,USLGB,22.03,11.86883102
636018471,4330,2021-05-06 20:52:53+08:00,CNWGQ,2021-05-18 06:15:09+08:00,USLGB,21.42,11.39046296
636018471,4330,2021-06-18 05:02:14+08:00,CNWGQ,2021-06-29 09:47:35+08:00,USLGB,21.65,11.19815972
636018471,4330,2021-07-23 09:46:23+08:00,CNWGQ,2021-08-03 21:02:57+08:00,USLGB,20.96,11.46983796
636018471,4330,2021-09-09 13:08:38+08:00,CNWGQ,2021-09-29 05:38:34+08:00,USLGB,12.63,19.6874537
636018471,4330,2021-10-23 23:31:59+08:00,CNWGQ,2021-11-10 23:16:13+08:00,USLGB,14.08,17.98905093
636018471,4330,2021-12-02 23:24:34+08:00,CNWGQ,2021-12-30 08:43:22+08:00,USLGB,10.36,27.38805556
636018471,4330,2022-12-01 09:52:11+08:00,CNYTN,2022-12-14 23:00:41+08:00,USLSA,20.06,13.54756944
636018541,9448,2020-07-06 04:01:07+08:00,CNXIA,2020-07-20 16:53:26+08:00,USLSA,17.82,14.53633102
636018541,9448,2020-08-19 14:42:33+08:00,CNXIA,2020-09-02 05:55:31+08:00,USLSA,19.24,13.63400463
636018541,9448,2020-10-01 01:14:21+08:00,CNXIA,2020-10-15 05:46:58+08:00,USLSA,19.17,14.18931713
636018541,9448,2020-11-09 20:36:27+08:00,CNXIA,2020-12-02 11:46:59+08:00,USLSA,12.2,22.63231481
636018541,9448,2020-12-31 18:18:49+08:00,CNXIA,2021-01-26 20:56:46+08:00,USLSA,11.44,26.1096875
636018541,9448,2021-08-10 06:41:52+08:00,CNXIA,2021-09-01 22:52:59+08:00,USLSA,11.39,22.67438657
636018541,9448,2021-10-04 19:42:32+08:00,CNXIA,2021-11-11 22:43:40+08:00,USLSA,7.17,38.12578704
636018541,9448,2021-12-14 22:00:39+08:00,CNXIA,2022-01-15 23:14:32+08:00,USLSA,9.42,32.05130787
636018541,9448,2022-02-23 23:29:00+08:00,CNXIA,2022-03-28 14:12:49+08:00,USLSA,9.32,32.61376157
636018541,9448,2023-10-22 15:57:54+08:00,CNYTN,2023-11-08 22:00:58+08:00,USLSA,15.9,17.25212963
636018541,9448,2023-12-10 14:22:07+08:00,CNYTN,2023-12-26 20:45:51+08:00,USLSA,16.88,16.26648148
636018541,9448,2024-02-04 09:46:54+08:00,CNYTN,2024-02-21 03:50:08+08:00,USLSA,17.09,16.75224537
636018541,9448,2024-03-24 18:16:06+08:00,CNYTN,2024-04-08 05:42:28+08:00,USLSA,18.56,14.47664352
636018541,9448,2024-05-11 18:23:02+08:00,CNYTN,2024-05-28 19:44:04+08:00,USLSA,15.71,17.05627315
636018541,9448,2024-06-29 23:19:02+08:00,CNYTN,2024-07-16 07:51:13+08:00,USLSA,16.42,16.35568287
636018553,3421,2022-08-17 05:05:19+08:00,CNYTN,2022-09-01 12:33:09+08:00,USLSA,17.82,15.31099537
636018571,13092,2021-10-08 20:20:10+08:00,CNNBO,2021-11-20 23:59:35+08:00,USLGB,8.2,43.15237269
636018571,13092,2021-12-13 10:22:18+08:00,CNYSN,2022-02-01 07:42:05+08:00,USLSA,7.21,49.88873843
636018729,2702,2021-08-11 02:15:48+08:00,CNNBO,2021-09-04 19:00:57+08:00,USLSA,10.49,24.69802083
636018846,1740,2022-01-23 09:21:28+08:00,CNDCB,2022-02-23 23:34:32+08:00,USLSA,9.78,31.59240741
636018846,1740,2022-03-25 02:57:41+08:00,CNQIN,2022-04-14 20:16:27+08:00,USLSA,12.95,20.72136574
636018846,1740,2022-05-26 22:07:04+08:00,CNWGQ,2022-06-13 21:12:43+08:00,USLSA,14.12,17.96225694
636018846,1740,2022-07-06 20:30:02+08:00,CNWGQ,2022-07-24 20:43:52+08:00,USLSA,13.66,18.00960648
636019061,4330,2023-12-19 04:59:13+08:00,CNYTN,2024-01-02 19:01:53+08:00,USLSA,18.84,14.58518519
636019061,4330,2024-01-23 07:24:58+08:00,CNYTN,2024-02-06 08:16:49+08:00,USLSA,19.65,14.03600694
636019061,4330,2024-03-12 06:35:13+08:00,CNYTN,2024-03-26 05:52:19+08:00,USLGB,19.31,13.97020833
636019061,4330,2024-04-23 06:27:43+08:00,CNYTN,2024-05-07 05:59:06+08:00,USLGB,19.5,13.98012731
636019061,4330,2024-06-04 06:53:42+08:00,CNYTN,2024-06-17 19:43:33+08:00,USLGB,19.89,13.53461806
636019081,6655,2020-01-03 03:48:58+08:00,CNWGQ,2020-01-18 23:13:04+08:00,USLGB,16.15,15.80840278
636019081,6655,2020-02-21 21:41:23+08:00,CNWGQ,2020-03-08 22:09:08+08:00,USLGB,15.21,16.01927083
636019081,6655,2020-04-01 14:48:57+08:00,CNWGQ,2020-04-18 07:44:50+08:00,USLGB,14.69,16.70547454
636019081,6655,2020-06-25 17:37:51+08:00,CNNBO,2020-07-12 21:20:32+08:00,USLSA,14.29,17.1546412
636019081,6655,2020-08-28 11:32:35+08:00,CNNBO,2020-09-10 21:20:47+08:00,USLSA,17.98,13.40847222
636019081,6655,2020-10-04 19:04:25+08:00,TWTAP,2020-10-19 10:12:09+08:00,USLSA,18.54,14.63037037
636019085,6655,2020-01-29 13:08:06+08:00,CNWGQ,2020-02-17 08:57:24+08:00,USLGB,13.3,18.82590278
636019085,6655,2020-03-17 05:32:14+08:00,CNWGQ,2020-04-03 07:50:28+08:00,USLGB,14.51,17.09599537
636019086,6655,2020-01-07 21:42:02+08:00,CNWGQ,2020-01-24 08:45:07+08:00,USLGB,15.8,16.46047454
636019086,6655,2020-02-25 01:35:02+08:00,CNWGQ,2020-03-12 08:04:15+08:00,USLGB,15.53,16.27028935
636019086,6655,2020-04-07 10:29:41+08:00,CNWGQ,2020-04-24 21:31:54+08:00,USLGB,14.54,17.45987269
636019086,6655,2020-05-28 02:47:48+08:00,CNWGQ,2020-06-22 08:29:37+08:00,USLGB,11.28,25.23737269
636019086,6655,2021-05-30 18:54:30+08:00,CNYTN,2021-06-16 07:35:05+08:00,USLSA,16.59,16.52818287
636019086,6655,2021-07-19 17:15:27+08:00,CNYSN,2021-08-11 16:56:19+08:00,USLSA,10.39,22.98671296
636019086,6655,2021-09-13 07:39:47+08:00,CNYTN,2021-10-11 20:29:51+08:00,USLSA,9.7,28.53476852
636019086,6655,2021-11-16 07:19:41+08:00,CNNBO,2022-01-05 11:23:54+08:00,USLSA,6.01,50.16959491
636019087,6655,2020-03-24 11:32:01+08:00,CNWGQ,2020-04-09 08:00:08+08:00,USLGB,15.38,15.8528588
636019088,6655,2020-01-22 11:10:37+08:00,CNWGQ,2020-02-09 04:02:52+08:00,USLGB,14.1,17.70295139
636019088,6655,2020-03-10 02:36:25+08:00,CNWGQ,2020-03-28 22:18:48+08:00,USLGB,13.27,18.82109954
636019206,14336,2020-11-10 06:39:30+08:00,CNNBO,2020-11-24 04:37:14+08:00,USLGB,20.04,13.91509259
636019206,14336,2020-12-22 13:55:18+08:00,CNNBO,2021-01-15 20:00:00+08:00,USLGB,10.42,24.25326389
636019206,14336,2021-02-16 13:03:18+08:00,CNYSN,2021-03-11 21:39:38+08:00,USLGB,11.03,23.35856481
636019206,14336,2021-04-11 12:37:35+08:00,CNYSN,2021-05-02 20:32:06+08:00,USLGB,13.04,21.32952546
636019206,14336,2021-06-06 22:46:42+08:00,CNYSN,2021-06-21 00:12:25+08:00,USLSA,17.47,14.05952546
636019206,14336,2021-07-29 21:51:33+08:00,CNYSN,2021-08-18 20:42:42+08:00,USLSA,12.24,19.9521875
636019206,14336,2021-09-27 16:04:04+08:00,CNYSN,2021-10-28 20:58:12+08:00,USLSA,8.55,31.20425926
636019206,14336,2021-11-29 01:52:45+08:00,CNYSN,2022-01-11 21:26:54+08:00,USLSA,7.74,43.81538194
636019206,14336,2022-02-11 20:49:14+08:00,CNYSN,2022-03-19 06:20:28+08:00,USLSA,8.55,35.39668981
636019206,14336,2022-04-20 00:07:30+08:00,CNYSN,2022-05-18 05:35:01+08:00,USLSA,10.22,28.22744213
636019206,14336,2022-06-18 21:52:15+08:00,CNYSN,2022-07-17 03:12:07+08:00,USLSA,9.45,28.22212963
636019206,14336,2022-08-17 19:17:23+08:00,CNYSN,2022-09-04 17:37:57+08:00,USLGB,14.67,17.93094907
636019206,14336,2022-12-05 04:38:48+08:00,CNDCB,2022-12-27 21:25:40+08:00,USLGB,15.34,22.69921296
636019213,14336,2021-02-10 20:37:28+08:00,CNYTN,2021-03-13 23:51:15+08:00,USLGB,11.53,31.13457176
636019213,14336,2021-07-18 13:48:15+08:00,CNNBO,2021-08-07 21:52:45+08:00,USLGB,11.89,20.33645833
636019213,14336,2022-02-11 18:47:41+08:00,CNQIN,2022-04-08 07:10:18+08:00,USLGB,7.85,55.51570602
636019213,14336,2022-06-16 21:35:46+08:00,CNMWN,2022-07-15 21:11:44+08:00,USLGB,11.4,28.98331019
636019214,14336,2020-01-31 02:51:54+08:00,CNXIA,2020-02-13 07:26:30+08:00,USLSA,19.99,13.19069444
636019214,14336,2020-06-17 21:20:07+08:00,HKHKG,2020-07-04 20:22:00+08:00,USLGB,16.01,16.9596412
636019214,14336,2024-01-04 09:02:05+08:00,CNYSN,2024-01-18 07:10:22+08:00,USLGB,19.35,13.92241898
636019214,14336,2024-03-04 01:00:04+08:00,CNXIA,2024-03-19 19:06:59+08:00,USLGB,17.45,15.75480324
636019328,4228,2020-06-05 10:24:41+08:00,CNWGQ,2020-06-17 09:49:54+08:00,USLGB,20.56,11.97584491
636019328,4228,2020-07-17 10:04:58+08:00,CNWGQ,2020-08-02 12:33:40+08:00,USLGB,15,16.10326389
636019342,7849,2021-10-24 11:59:30+08:00,CNYSN,2021-11-30 05:33:37+08:00,USLSA,8.41,36.73202546
636019355,6648,2024-06-25 08:49:47+08:00,CNYTN,2024-07-08 22:39:48+08:00,USLGB,19.63,13.57640046
636019407,8667,2020-06-30 16:23:27+08:00,CNNBO,2020-07-15 23:03:09+08:00,USLGB,16.06,15.27756944
636019434,4249,2021-08-15 21:53:38+08:00,CNNBO,2021-09-06 11:34:21+08:00,USLSA,11.18,21.56994213
636019434,4249,2021-10-05 06:39:34+08:00,CNNBO,2021-10-30 21:57:11+08:00,USLSA,9.91,25.6372338
636019434,4249,2021-12-02 08:27:11+08:00,CNNBO,2021-12-21 20:57:33+08:00,USLSA,12.97,19.52108796
636019444,6350,2020-01-23 12:16:51+08:00,CNWGQ,2020-02-08 06:44:04+08:00,USLSA,16.66,15.76890046
636019444,6350,2020-03-05 07:09:47+08:00,CNWGQ,2020-03-20 19:49:38+08:00,USLSA,16.15,15.52767361
636019444,6350,2021-04-15 15:52:57+08:00,CNYTN,2021-05-03 20:56:13+08:00,USLSA,14.85,18.21060185
636019673,6178,2021-08-15 15:25:42+08:00,CNNBO,2021-09-13 22:22:11+08:00,USLSA,8.35,29.28922454
636019677,15000,2020-09-16 16:05:40+08:00,CNNBO,2020-10-04 12:15:01+08:00,USLGB,15.31,17.83982639
636019677,15000,2020-11-03 02:41:42+08:00,CNNBO,2020-11-17 22:25:11+08:00,USLGB,17.68,14.82186343
636019717,4254,2020-06-30 18:23:28+08:00,CNYTN,2020-07-13 20:10:21+08:00,USLSA,20.42,13.07422454
636019717,4254,2020-08-04 21:56:48+08:00,CNYTN,2020-08-17 20:10:04+08:00,USLSA,20.76,12.92587963
636019717,4254,2020-09-09 04:34:23+08:00,CNYTN,2020-09-21 20:04:44+08:00,USLSA,23.47,12.64607639
636019717,4254,2020-10-15 00:23:58+08:00,CNYTN,2020-10-27 21:21:51+08:00,USLSA,21.99,12.87353009
636019717,4254,2020-11-17 18:33:43+08:00,CNYTN,2020-11-30 21:19:59+08:00,USLSA,22.02,13.11546296
636019717,4254,2020-12-22 19:52:47+08:00,CNYTN,2021-01-06 21:05:21+08:00,USLSA,17.88,15.05039352
636019717,4254,2021-02-03 02:37:15+08:00,CNYTN,2021-02-21 05:02:12+08:00,USLSA,16.59,18.10065972
636019717,4254,2021-03-22 20:02:59+08:00,CNYSN,2021-04-03 12:55:38+08:00,USLSA,20.76,11.70322917
636019717,4254,2021-05-03 20:08:52+08:00,CNNBO,2021-05-19 11:53:58+08:00,USLSA,15.57,15.65631944
636019717,4254,2021-06-29 04:27:37+08:00,CNNBO,2021-07-25 12:55:36+08:00,USLSA,9.21,26.3527662
636019717,4254,2021-08-18 01:53:46+08:00,CNYTN,2021-09-15 10:43:11+08:00,USLSA,9.51,28.36765046
636019717,4254,2021-10-08 12:27:27+08:00,CNYTN,2021-11-18 22:23:38+08:00,USLSA,6.92,41.4140162
636019717,4254,2022-04-28 05:53:44+08:00,CNYTN,2022-05-14 21:13:02+08:00,USLSA,16.15,16.63840278
636019717,4254,2022-06-15 15:25:19+08:00,CNYTN,2022-06-29 21:32:49+08:00,USLSA,18.84,14.25520833
636019717,4254,2022-07-27 05:30:43+08:00,CNYTN,2022-08-09 21:53:15+08:00,USLSA,19.61,13.68231481
636019717,4254,2022-09-08 11:15:19+08:00,CNYTN,2022-09-20 21:34:15+08:00,USLSA,21.47,12.42981481
636019717,4254,2022-10-19 21:36:51+08:00,CNYTN,2022-11-01 21:08:19+08:00,USLSA,20.84,12.98018519
636019717,4254,2022-11-25 11:45:00+08:00,CNYTN,2022-12-08 10:02:57+08:00,USLSA,20.79,12.92913194
636019717,4254,2023-01-19 17:38:14+08:00,CNYTN,2023-02-01 16:48:17+08:00,USLSA,21.37,12.9653125
636019875,8084,2020-07-20 18:01:02+08:00,CNYTN,2020-08-05 07:16:57+08:00,USLSA,17.14,15.55271991
636019982,12726,2021-09-29 02:24:49+08:00,CNYTN,2021-11-13 20:43:14+08:00,USLSA,7.33,45.76278935
636019984,12726,2021-07-05 00:32:40+08:00,CNNBO,2021-07-23 20:58:40+08:00,USLSA,12.93,18.85138889
636019984,12726,2021-08-31 19:54:39+08:00,CNNBO,2021-09-29 22:21:10+08:00,USLSA,9,29.10174769
636019984,12726,2022-02-22 16:07:08+08:00,CNNBO,2022-03-22 02:10:56+08:00,USLSA,9.72,27.41930556
636019984,12726,2022-04-29 06:43:00+08:00,CNNBO,2022-05-21 02:34:26+08:00,USLSA,11.13,21.82738426
636019984,12726,2022-06-23 15:58:25+08:00,CNNBO,2022-07-19 16:18:41+08:00,USLSA,9.72,26.01407407
636019984,12726,2022-09-11 19:56:21+08:00,CNYSN,2022-10-13 21:11:13+08:00,USLSA,8.46,32.05199074
636019984,12726,2022-11-21 18:35:31+08:00,CNYTN,2022-12-26 21:21:53+08:00,USLSA,9.02,35.11553241
636019985,12726,2021-05-11 23:03:47+08:00,CNQIN,2021-05-26 22:34:35+08:00,USLSA,16.45,14.97972222
636019985,12726,2021-07-22 03:14:18+08:00,CNNBO,2021-08-06 21:46:41+08:00,USLSA,15.38,15.77248843
636019985,12726,2021-09-20 01:00:46+08:00,CNNBO,2021-10-30 22:08:54+08:00,USLSA,6.93,40.88064815
636019985,12726,2021-12-10 22:08:37+08:00,CNNBO,2022-01-31 21:56:54+08:00,USLSA,5.87,51.99186343
636019985,12726,2022-03-07 07:13:11+08:00,CNNBO,2022-04-04 01:15:24+08:00,USLSA,9.73,27.75153935
636019985,12726,2022-05-20 07:17:24+08:00,CNNBO,2022-06-11 21:53:36+08:00,USLGB,10.76,22.60847222
636019985,12726,2022-07-29 14:17:50+08:00,CNNBO,2022-09-15 22:07:38+08:00,USLSA,5.68,48.32625
636019985,12726,2022-10-19 15:50:20+08:00,CNNBO,2022-11-04 20:34:01+08:00,USLSA,15.21,16.19700231
636019985,12726,2023-01-08 18:07:06+08:00,CNNBO,2023-01-27 19:35:12+08:00,USLSA,13.01,19.06118056
636019985,12726,2023-03-28 19:15:18+08:00,CNNBO,2023-04-19 07:49:39+08:00,USLSA,11.63,21.52385417
636019985,12726,2023-06-04 10:26:35+08:00,CNNBO,2023-06-19 22:34:52+08:00,USLGB,15.68,15.50575231
636019985,12726,2023-07-26 15:41:29+08:00,CNNBO,2023-08-10 22:45:16+08:00,USLGB,15.88,15.29429398
636019985,12726,2023-09-12 08:20:12+08:00,CNYSN,2023-09-26 06:05:09+08:00,USLGB,17.22,13.90621528
636019985,12726,2023-10-31 06:57:14+08:00,CNYSN,2023-11-14 22:00:26+08:00,USLSA,16.62,14.62722222
636019985,12726,2023-12-22 05:41:08+08:00,CNYSN,2024-01-09 22:20:26+08:00,USLSA,13.88,18.69395833
636019985,12726,2024-02-16 20:22:53+08:00,CNYSN,2024-03-02 22:02:11+08:00,USLSA,16.08,15.06895833
636019985,12726,2024-04-11 12:41:35+08:00,CNYSN,2024-04-25 19:58:08+08:00,USLGB,16.82,14.30315972
636020157,2602,2021-08-28 16:40:54+08:00,TWKAO,2021-09-18 20:03:59+08:00,USLSA,12.33,21.14103009
636020196,5041,2021-10-18 23:19:45+08:00,CNMWN,2021-11-13 22:32:25+08:00,USLSA,12.76,25.96712963
636020371,11888,2020-12-30 13:02:27+08:00,CNYTN,2021-01-22 00:35:31+08:00,USLSA,13.8,22.4812963
636020371,11888,2021-02-20 09:34:22+08:00,CNYTN,2021-03-16 00:07:52+08:00,USLSA,11.33,23.60659722
636020371,11888,2021-04-16 20:56:22+08:00,CNYTN,2021-05-10 22:38:49+08:00,USLSA,11.14,24.07114583
636020371,11888,2021-06-21 12:15:51+08:00,CNYTN,2021-07-14 22:31:58+08:00,USLSA,11.41,23.4278588
636020371,11888,2022-02-22 00:44:45+08:00,CNNBO,2022-03-09 22:03:19+08:00,USLSA,16.34,15.88789352
636020371,11888,2022-04-15 18:28:10+08:00,CNNBO,2022-04-30 22:01:41+08:00,USLSA,16.2,15.14827546
636020371,11888,2023-06-03 00:01:08+08:00,CNNBO,2023-06-17 05:58:28+08:00,USLSA,17.04,14.24814815
636020371,11888,2023-08-12 07:23:54+08:00,TWTAP,2023-08-25 06:50:17+08:00,USLSA,19.33,12.97665509
636020371,11888,2024-01-23 02:31:47+08:00,CNYTN,2024-02-06 20:59:21+08:00,USLSA,18.16,14.76914352
636020371,11888,2024-03-28 04:31:12+08:00,CNYTN,2024-04-11 19:50:33+08:00,USLSA,18.28,14.6384375
636020371,11888,2024-05-13 18:56:09+08:00,CNYTN,2024-05-27 19:42:53+08:00,USLSA,19.12,14.0324537
636020371,11888,2024-09-17 04:45:10+08:00,CNYTN,2024-10-02 19:42:26+08:00,USLSA,17.39,15.62310185
636020371,11888,2024-11-14 19:43:41+08:00,TWKAO,2024-11-30 07:06:22+08:00,USLSA,16.74,15.47408565
636020456,11888,2021-02-21 22:35:56+08:00,CNYTN,2021-03-26 22:05:57+08:00,USLSA,8.15,32.97917824
636020456,11888,2021-04-30 01:46:57+08:00,CNYTN,2021-05-19 21:30:18+08:00,USLSA,14.05,19.82177083
636020456,11888,2021-07-03 07:00:17+08:00,CNSHE,2021-07-18 22:43:45+08:00,USLSA,17.36,15.65518519
636020456,11888,2021-11-19 15:07:28+08:00,CNNBO,2021-12-02 09:46:17+08:00,USLSA,20.11,12.77695602
636020456,11888,2022-01-08 23:18:27+08:00,CNNBO,2022-02-04 23:13:11+08:00,USLSA,10.36,26.99634259
636020456,11888,2022-03-13 15:42:01+08:00,CNNBO,2022-03-29 21:27:53+08:00,USLSA,15.64,16.24018519
636020456,11888,2022-05-03 07:18:24+08:00,CNNBO,2022-05-24 21:32:51+08:00,USLSA,11.22,21.59336806
636020456,11888,2023-04-10 20:43:55+08:00,CNYTN,2023-04-26 06:24:47+08:00,USLSA,17.67,15.40337963
636020456,11888,2024-10-11 00:26:06+08:00,CNNBO,2024-10-23 19:56:42+08:00,USLSA,18.93,12.81291667
636020456,11888,2024-11-24 18:23:47+08:00,CNNBO,2024-12-08 06:51:10+08:00,USLSA,18.05,13.5190162
636020456,11888,2025-01-11 17:26:51+08:00,CNNBO,2025-01-25 20:44:10+08:00,USLSA,17.08,14.13702546
636020475,6492,2021-03-09 09:09:35+08:00,CNYTN,2021-03-24 10:00:32+08:00,USLSA,18.67,15.03538194
636020475,6492,2022-05-28 07:02:54+08:00,CNNBO,2022-06-17 19:41:13+08:00,USLSA,11.9,20.5266088
636020476,6492,2021-06-27 03:50:11+08:00,CNNBO,2021-07-11 20:21:04+08:00,USLSA,16.41,14.68811343
636020476,6492,2021-08-11 16:49:46+08:00,CNNBO,2021-09-02 22:59:56+08:00,USLSA,11,22.25706019
636020476,6492,2021-10-02 19:00:19+08:00,CNNBO,2021-11-01 06:36:18+08:00,USLSA,8.41,29.48332176
636020476,6492,2022-07-15 12:46:15+08:00,CNNBO,2022-08-05 20:54:52+08:00,USLSA,11.4,21.33931713
636020476,6492,2022-09-09 18:07:41+08:00,CNNBO,2022-10-04 18:46:29+08:00,USLSA,10.09,25.02694444
636020476,6492,2022-11-11 12:38:30+08:00,CNNBO,2022-12-01 21:03:04+08:00,USLSA,13.58,20.35039352
636020476,6492,2023-01-21 08:26:17+08:00,CNNBO,2023-02-15 19:01:31+08:00,USLSA,10.24,25.44113426
636020476,6492,2023-04-06 02:02:39+08:00,CNNBO,2023-04-21 07:50:21+08:00,USLSA,16.01,15.24145833
636020483,4239,2024-07-07 19:50:48+08:00,CNNBO,2024-07-20 22:51:58+08:00,USLGB,18.44,13.12581019
636020501,8533,2025-03-04 09:45:35+08:00,CNXIA,2025-03-18 21:21:48+08:00,USLGB,18.5,14.4834838
636020501,8533,2025-04-28 09:50:07+08:00,CNXIA,2025-05-13 21:31:10+08:00,USLGB,17.06,15.48684028
636020501,8533,2025-06-12 23:19:03+08:00,CNYSN,2025-06-28 07:47:58+08:00,USLGB,15.81,15.35341435
636020536,11888,2021-11-24 03:36:38+08:00,CNYTN,2022-01-17 22:07:16+08:00,USLSA,12.92,54.77127315
636020536,11888,2023-08-24 03:40:06+08:00,CNYTN,2023-09-07 19:55:51+08:00,USLSA,18.4,14.67760417
636020536,11888,2023-10-26 17:40:43+08:00,CNYTN,2023-11-10 07:15:18+08:00,USLSA,19.41,14.56568287
636020536,11888,2023-12-26 19:08:36+08:00,CNYTN,2024-01-11 20:55:15+08:00,USLSA,17.21,16.0740625
636020536,11888,2024-08-19 10:56:54+08:00,CNNBO,2024-09-01 05:47:55+08:00,USLSA,18.91,12.78542824
636020609,5888,2021-10-03 12:21:00+08:00,CNYSN,2021-11-21 08:49:28+08:00,USLGB,5.3,48.85310185
636020609,5888,2021-12-21 17:10:31+08:00,CNYSN,2022-02-10 22:46:02+08:00,USLGB,6.08,51.23299769
636020609,5888,2022-03-27 06:41:29+08:00,CNWGQ,2022-04-21 21:34:44+08:00,USLGB,10.75,25.6203125
636020648,4256,2022-03-27 19:42:26+08:00,CNNBO,2022-05-03 21:27:31+08:00,USLSA,7.99,37.07297454
636020648,4256,2022-06-02 11:57:41+08:00,CNYTN,2022-06-16 22:23:08+08:00,USLSA,18.66,14.43434028
636020659,4860,2021-08-25 23:33:39+08:00,CNNBO,2021-09-22 22:04:36+08:00,USLGB,8.86,27.93815972
636020659,4860,2024-11-01 10:19:25+08:00,CNQIN,2024-11-21 07:22:12+08:00,USLGB,13.89,19.87693287
636020684,11888,2021-06-21 01:09:54+08:00,TWKAO,2021-07-10 22:14:35+08:00,USLSA,12.94,19.87825231
636020684,11888,2021-08-15 13:14:51+08:00,CNYTN,2021-09-06 06:54:47+08:00,USLSA,12.54,21.73606481
636020684,11888,2021-10-17 08:19:22+08:00,CNYTN,2021-11-04 23:05:23+08:00,USLSA,14.78,18.61528935
636020684,11888,2021-12-22 16:21:47+08:00,CNYTN,2022-01-23 21:21:21+08:00,USLSA,9.61,32.20803241
636020684,11888,2022-02-27 18:17:16+08:00,CNYTN,2022-03-15 06:51:42+08:00,USLSA,17.74,15.52391204
636020684,11888,2022-04-16 11:07:50+08:00,CNYTN,2022-05-02 21:09:18+08:00,USLSA,16.28,16.41768519
636020684,11888,2022-06-07 04:14:57+08:00,CNYTN,2022-06-22 21:44:50+08:00,USLSA,17.01,15.72908565
636020684,11888,2022-07-26 17:40:16+08:00,CNYTN,2022-08-09 19:34:56+08:00,USLSA,19,14.07962963
636020684,11888,2022-09-14 12:50:21+08:00,TWKAO,2022-09-27 20:55:23+08:00,USLSA,19.34,13.3368287
636020684,11888,2022-10-30 06:25:02+08:00,CNYTN,2022-11-13 21:28:05+08:00,USLSA,18.58,14.62711806
636020684,11888,2022-12-16 07:39:50+08:00,CNYTN,2023-01-02 22:10:29+08:00,USLSA,15.9,17.60461806
636020684,11888,2023-05-15 23:28:58+08:00,CNYTN,2023-05-30 06:10:46+08:00,USLSA,18.7,14.27902778
636020684,11888,2023-06-27 02:25:52+08:00,CNYTN,2023-07-11 06:10:04+08:00,USLSA,18.86,14.15569444
636020684,11888,2023-08-28 23:26:06+08:00,CNYTN,2023-09-13 19:45:04+08:00,USLSA,16.89,15.84650463
636020684,11888,2023-10-31 03:39:44+08:00,CNYTN,2023-11-14 07:10:45+08:00,USLSA,19.01,14.14653935
636020684,11888,2024-01-02 07:18:22+08:00,CNYTN,2024-01-17 20:40:45+08:00,USLSA,18.11,15.55721065
636020684,11888,2024-02-27 01:43:20+08:00,CNYTN,2024-03-12 19:59:27+08:00,USLSA,18.49,14.76119213
636020684,11888,2024-04-30 00:22:25+08:00,CNYTN,2024-05-14 05:51:51+08:00,USLSA,18.77,14.22877315
636020684,11888,2024-07-11 10:14:44+08:00,TWKAO,2024-07-24 21:24:36+08:00,USLSA,19.07,13.46518519
636020776,5762,2021-06-24 10:16:19+08:00,CNXIA,2021-07-20 21:01:01+08:00,USLGB,9.87,26.44770833
636020776,5762,2021-08-22 08:57:57+08:00,CNXIA,2021-09-18 23:30:11+08:00,USLGB,9.55,27.60571759
636020776,5762,2021-10-27 22:24:55+08:00,CNXIA,2021-11-18 22:33:15+08:00,USLGB,12.31,22.00578704
636020787,3534,2022-05-28 23:32:28+08:00,CNQIN,2022-06-18 21:07:56+08:00,USLGB,11.89,20.89962963
636020787,3534,2022-07-27 02:17:23+08:00,CNQIN,2022-08-20 22:24:10+08:00,USLGB,13.98,24.83804398
636020787,3534,2022-09-20 21:42:38+08:00,CNQIN,2022-10-15 17:37:14+08:00,USLGB,14.45,24.82958333
636020787,3534,2024-07-21 09:38:58+08:00,CNQIN,2024-08-07 20:20:35+08:00,USLGB,14.06,17.44556713
636020787,3534,2024-09-04 18:05:09+08:00,CNQIN,2024-09-21 06:07:23+08:00,USLGB,14.93,16.50155093
636020787,3534,2024-10-25 21:14:38+08:00,CNQIN,2024-11-14 15:15:24+08:00,USLGB,12.76,19.75053241
636020787,3534,2024-12-18 17:26:04+08:00,CNQIN,2025-01-09 21:34:09+08:00,USLGB,12.92,22.17228009
636020787,3534,2025-04-03 23:02:39+08:00,CNNBO,2025-04-21 19:57:22+08:00,USLGB,15.73,17.87133102
636020846,1740,2023-06-25 16:35:55+08:00,PGPMO,2023-08-10 21:15:35+08:00,USLGB,8.32,46.19421296
636020928,5300,2021-08-27 16:36:48+08:00,CNDCB,2021-09-24 06:05:00+08:00,USLSA,20.48,27.56125
636020928,5300,2021-10-22 22:55:46+08:00,CNDCB,2021-11-14 08:12:34+08:00,USLSA,12.45,22.38666667
636020983,5301,2021-11-03 14:07:40+08:00,CNNBO,2021-12-04 07:33:09+08:00,USLSA,8.49,30.72603009
636020984,5301,2022-09-23 07:44:52+08:00,CNNBO,2022-10-06 18:57:57+08:00,USLSA,17.86,13.46741898
636020985,5301,2021-10-11 19:34:11+08:00,CNQIN,2021-11-13 20:47:13+08:00,USLSA,8.09,33.05071759
636020994,11888,2023-04-19 00:06:22+08:00,CNYTN,2023-05-03 20:13:16+08:00,USLSA,18.03,14.838125
636020994,11888,2023-06-06 04:16:56+08:00,CNYTN,2023-06-21 06:30:26+08:00,USLSA,17.69,15.09270833
636020994,11888,2023-07-19 18:20:37+08:00,CNYTN,2023-08-04 23:20:03+08:00,USLSA,16.59,16.20793981
636020994,11888,2023-09-19 00:09:56+08:00,CNYTN,2023-10-04 06:40:15+08:00,USLSA,17.5,15.27105324
636020994,11888,2023-11-20 21:10:38+08:00,CNYTN,2023-12-05 07:25:08+08:00,USLSA,18.89,14.42673611
636020994,11888,2024-01-15 23:18:08+08:00,CNYTN,2024-01-31 21:40:18+08:00,USLSA,17.71,15.93206019
636020994,11888,2024-03-13 20:54:03+08:00,TWTAP,2024-04-02 20:05:24+08:00,USLSA,14.43,19.96621528
636021005,2824,2021-08-12 14:03:44+08:00,CNWGQ,2021-08-26 00:26:30+08:00,USLGB,18,13.43247685
636021005,2824,2021-09-16 21:51:07+08:00,CNNBO,2021-10-07 14:45:49+08:00,USLGB,12.09,20.70465278
636021005,2824,2021-10-28 17:37:43+08:00,CNWGQ,2021-11-17 12:49:33+08:00,USLGB,12.77,19.79988426
636021005,2824,2021-12-09 14:19:17+08:00,CNWGQ,2022-01-10 08:35:18+08:00,USLGB,8.73,31.76112269
636021005,2824,2022-01-31 12:47:08+08:00,CNWGQ,2022-02-15 08:39:30+08:00,USLGB,17.7,14.82803241
636021005,2824,2022-03-11 01:01:28+08:00,CNWGQ,2022-03-24 06:25:42+08:00,USLGB,18.71,13.22516204
636021005,2824,2022-04-22 15:14:46+08:00,CNWGQ,2022-05-08 05:57:46+08:00,USLGB,15.89,15.61319444
636021005,2824,2022-05-26 21:25:28+08:00,CNWGQ,2022-06-07 06:14:53+08:00,USLGB,21.33,11.36765046
636021005,2824,2022-08-12 01:20:06+08:00,CNWGQ,2022-08-23 07:08:32+08:00,USLGB,21.63,11.24196759
636021005,2824,2022-09-22 10:20:29+08:00,CNWGQ,2022-10-04 01:19:08+08:00,USLGB,21.26,11.6240625
636021005,2824,2022-11-10 13:32:06+08:00,CNWGQ,2022-11-22 22:58:50+08:00,USLGB,21.12,12.39356481
636021005,2824,2022-12-24 12:53:41+08:00,CNNBO,2023-01-08 21:55:18+08:00,USLGB,17.9,15.37612269
636021005,2824,2023-03-16 16:54:50+08:00,CNWGQ,2023-03-28 13:40:54+08:00,USLGB,20.56,11.86532407
636021005,2824,2023-04-21 07:49:41+08:00,CNNBO,2023-05-03 13:20:57+08:00,USLGB,20.45,12.2300463
636021005,2824,2023-05-25 13:46:13+08:00,CNWGQ,2023-06-06 05:56:15+08:00,USLGB,21.16,11.67363426
636021005,2824,2023-06-29 18:48:09+08:00,CNWGQ,2023-07-11 07:40:45+08:00,USLGB,21.19,11.53652778
636021005,2824,2023-08-02 12:22:14+08:00,CNWGQ,2023-08-14 20:50:02+08:00,USLGB,19.79,12.35263889
636021005,2824,2023-09-07 16:27:23+08:00,CNWGQ,2023-09-19 06:40:11+08:00,USLGB,21.03,11.59222222
636021005,2824,2023-10-12 22:06:36+08:00,CNWGQ,2023-10-25 07:30:19+08:00,USLGB,20.04,12.39146991
636021005,2824,2023-11-16 11:11:56+08:00,CNWGQ,2023-11-29 01:15:58+08:00,USLGB,20.74,12.58613426
636021005,2824,2023-12-24 21:12:29+08:00,CNWGQ,2024-01-06 06:45:12+08:00,USLGB,20.87,12.39771991
636021005,2824,2024-01-25 23:10:00+08:00,CNWGQ,2024-02-08 09:30:04+08:00,USLGB,19.28,13.43060185
636021005,2824,2024-03-28 16:43:30+08:00,CNWGQ,2024-04-10 12:04:37+08:00,USLGB,20.04,12.80633102
636021005,2824,2024-05-09 14:49:20+08:00,CNWGQ,2024-05-21 09:54:42+08:00,USLGB,20.67,11.79539352
636021005,2824,2024-07-04 11:27:20+08:00,CNWGQ,2024-07-16 08:09:19+08:00,USLGB,20.51,11.86248843
636021005,2824,2024-08-08 14:41:27+08:00,CNWGQ,2024-08-20 20:48:29+08:00,USLGB,20.25,12.25488426
636021005,2824,2024-09-12 06:06:34+08:00,CNWGQ,2024-09-24 06:36:10+08:00,USLGB,20.26,12.02055556
636021005,2824,2024-11-07 00:35:14+08:00,CNWGQ,2024-11-19 07:55:42+08:00,USLGB,19.94,12.30587963
636021013,6881,2021-08-22 22:37:15+08:00,CNYSN,2021-09-16 21:37:20+08:00,USLSA,9.81,24.9583912
636021040,6865,2022-02-28 14:50:52+08:00,CNQIN,2022-04-06 22:18:20+08:00,USLSA,7.81,37.31074074
636021123,11568,2022-01-15 12:45:40+08:00,CNMWN,2022-03-04 22:04:27+08:00,USLSA,7.64,48.38804398
636021190,11888,2022-06-20 00:28:59+08:00,CNYTN,2022-07-04 20:33:36+08:00,USLSA,17.98,14.83653935
636021190,11888,2023-03-21 09:34:25+08:00,TWTAP,2023-04-07 06:31:19+08:00,USLSA,14.92,16.87284722
636021190,11888,2023-05-22 11:46:00+08:00,TWTAP,2023-06-07 06:02:43+08:00,USLSA,15.76,15.7616088
636021190,11888,2024-12-05 21:24:28+08:00,CNNBO,2024-12-18 20:11:12+08:00,USLSA,18.88,12.94912037
636021244,11714,2021-12-14 11:55:00+08:00,CNYSN,2022-02-09 21:34:43+08:00,USLSA,6.15,57.40258102
636021266,6865,2025-02-07 23:48:55+08:00,CNQIN,2025-02-28 18:25:12+08:00,USLGB,13.99,20.77519676
636021306,6966,2022-01-30 13:16:42+08:00,CNYSN,2022-03-27 20:13:11+08:00,USLGB,12.97,56.28922454
636021321,5041,2022-02-03 13:18:35+08:00,CNNBO,2022-02-26 07:51:51+08:00,USLSA,11.33,22.77310185
636021321,5041,2022-04-08 11:02:01+08:00,CNNBO,2022-05-07 21:57:33+08:00,USLSA,9.52,29.45523148
636021321,5041,2022-06-12 22:12:39+08:00,CNNBO,2022-06-27 01:26:01+08:00,USLSA,17.04,14.13428241
636021321,5041,2022-11-29 17:28:59+08:00,CNYSN,2022-12-15 20:25:03+08:00,USLSA,17.23,16.12226852
636021321,5041,2023-01-21 12:42:34+08:00,CNYSN,2023-02-09 20:01:06+08:00,USLSA,15.54,19.30453704
636021321,5041,2023-03-21 00:07:33+08:00,CNYSN,2023-04-10 22:53:54+08:00,USLSA,12.82,20.94885417
636021321,5041,2023-05-10 15:17:41+08:00,CNYSN,2023-05-29 22:20:27+08:00,USLSA,13.82,19.29358796
636021321,5041,2023-10-30 19:45:05+08:00,CNYSN,2023-11-16 23:14:04+08:00,USLGB,15.5,17.14512731
636021321,5041,2024-01-01 18:30:18+08:00,CNYSN,2024-01-19 22:15:06+08:00,USLGB,14.63,18.15611111
636021321,5041,2024-02-09 04:21:53+08:00,CNQIN,2024-03-02 23:11:20+08:00,USLSA,11.9,22.78434028
636021321,5041,2024-04-16 02:58:28+08:00,CNYSN,2024-04-29 19:36:58+08:00,USLSA,17.61,13.69340278
636021321,5041,2024-10-17 18:14:37+08:00,CNYTN,2024-11-04 20:43:08+08:00,USLSA,15.12,18.10313657
636021321,5041,2025-03-24 06:28:58+08:00,CNNBO,2025-04-09 21:42:07+08:00,USLSA,14.52,16.63413194
636021321,5041,2025-05-12 22:39:06+08:00,CNYSN,2025-05-27 19:03:12+08:00,USLSA,16.19,14.85006944
636021323,4992,2022-01-24 01:10:57+08:00,CNWGQ,2022-03-02 23:05:15+08:00,USLGB,8.12,37.91270833
636021329,5059,2022-10-10 21:39:04+08:00,CNQIN,2022-12-05 20:55:27+08:00,USLGB,12.55,55.96971065
636021365,14428,2022-04-04 14:58:24+08:00,HKHKG,2022-05-26 21:21:36+08:00,USLGB,9.62,52.26611111
636021387,11888,2022-10-16 08:10:26+08:00,TWTAP,2022-10-29 20:46:19+08:00,USLSA,18.77,13.52491898
636021387,11888,2023-12-11 23:38:43+08:00,CNYTN,2023-12-26 20:40:14+08:00,USLSA,18.36,14.87605324
636021387,11888,2024-02-06 03:38:57+08:00,CNYTN,2024-02-21 07:22:33+08:00,USLSA,18.55,15.15527778
636021387,11888,2024-04-16 21:33:23+08:00,CNYTN,2024-05-01 06:13:10+08:00,USLSA,18.67,14.36096065
636021387,11888,2024-06-07 08:30:17+08:00,CNYTN,2024-06-21 06:06:36+08:00,USLSA,19.43,13.90021991
636021449,5527,2022-02-24 13:35:32+08:00,TWKAO,2022-03-12 19:18:48+08:00,USLGB,16.82,16.23837963
636021449,5527,2022-04-20 09:14:40+08:00,TWKAO,2022-05-11 21:11:47+08:00,USLGB,13.17,21.49799769
636021449,5527,2022-06-20 08:08:41+08:00,TWKAO,2022-07-10 00:14:16+08:00,USLGB,13.82,19.67054398
636021462,11888,2023-09-25 17:52:04+08:00,CNYTN,2023-10-11 06:00:09+08:00,USLSA,17.25,15.50561343
636021462,11888,2023-11-27 21:40:36+08:00,CNYTN,2023-12-12 21:00:32+08:00,USLSA,17.93,14.97217593
636021462,11888,2024-12-09 11:25:30+08:00,CNNBO,2024-12-27 20:51:37+08:00,USLSA,13.36,18.39313657
636021470,15934,2023-02-14 15:45:36+08:00,CNYTN,2023-03-11 21:20:35+08:00,USLGB,12.39,25.23262731
636021470,15934,2024-11-23 22:47:41+08:00,CNNBO,2024-12-10 07:04:07+08:00,USLGB,14.99,16.34474537
636021578,11714,2022-11-13 21:50:44+08:00,CNYSN,2022-12-11 20:58:35+08:00,USLSA,10,27.96378472
636021578,11714,2023-03-03 10:11:46+08:00,CNYSN,2023-04-02 20:05:41+08:00,USLSA,9.19,30.41244213
636021649,8560,2022-05-22 04:00:59+08:00,CNYTN,2022-06-09 21:01:27+08:00,USLSA,14.53,18.70865741
636021649,8560,2022-08-29 00:38:52+08:00,CNYTN,2022-09-18 21:56:52+08:00,USLSA,12.83,20.8875
636021649,8560,2022-12-11 05:44:47+08:00,CNYTN,2023-01-02 21:45:44+08:00,USLSA,12.67,22.66732639
636021649,8560,2023-03-25 12:04:51+08:00,CNYTN,2023-04-13 09:23:09+08:00,USLSA,14.19,18.88770833
636021649,8560,2023-07-06 16:35:42+08:00,CNYTN,2023-07-21 06:50:12+08:00,USLSA,18.3,14.59340278
636021665,15000,2024-05-12 11:22:01+08:00,CNYTN,2024-06-02 20:10:19+08:00,USLGB,12.8,21.366875
636021666,15000,2025-06-16 16:42:08+08:00,CNYTN,2025-07-03 22:38:43+08:00,USLGB,16.37,17.24762731
636021667,15000,2025-04-30 01:50:56+08:00,CNYSN,2025-05-14 07:06:21+08:00,USLGB,17.93,14.21903935
636021690,11714,2022-07-25 11:55:08+08:00,CNNBO,2022-08-29 22:17:41+08:00,USLSA,7.65,35.43232639
636021690,11714,2022-10-10 08:18:30+08:00,CNNBO,2022-10-28 04:33:58+08:00,USLSA,14.22,17.84407407
636021690,11714,2022-12-23 16:34:48+08:00,CNNBO,2023-01-11 23:25:07+08:00,USLSA,13.62,19.28494213
636021690,11714,2023-03-15 09:01:06+08:00,CNNBO,2023-04-01 20:32:38+08:00,USLSA,14.07,17.48023148
636021690,11714,2023-05-25 05:00:44+08:00,CNNBO,2023-06-10 05:59:21+08:00,USLGB,15.17,16.04070602
636021690,11714,2023-07-13 15:21:54+08:00,CNNBO,2023-07-28 20:20:16+08:00,USLGB,15.98,15.20719907
636021690,11714,2023-08-28 23:09:48+08:00,CNYSN,2023-09-11 23:10:12+08:00,USLGB,17.12,14.00027778
636021690,11714,2023-10-19 19:42:48+08:00,CNYSN,2023-11-03 23:37:40+08:00,USLSA,15.97,15.16310185
636021690,11714,2023-12-09 19:45:13+08:00,CNYSN,2023-12-26 22:06:06+08:00,USLSA,14.93,17.09783565
636021690,11714,2024-02-03 09:21:44+08:00,CNYSN,2024-02-23 23:28:04+08:00,USLSA,12.81,20.58773148
636021690,11714,2024-04-02 23:46:42+08:00,CNYSN,2024-04-17 21:53:27+08:00,USLGB,16.05,14.92135417
636021690,11714,2024-05-27 09:12:45+08:00,CNYSN,2024-06-10 20:43:25+08:00,USLSA,16.62,14.47962963
636021690,11714,2024-07-14 14:36:37+08:00,CNYSN,2024-07-28 21:43:21+08:00,USLSA,16.73,14.29634259
636021690,11714,2024-09-06 15:39:26+08:00,CNYSN,2024-09-24 07:40:11+08:00,USLSA,13.78,17.6671875
636021690,11714,2024-10-29 10:38:19+08:00,CNYSN,2024-11-14 22:46:37+08:00,USLSA,15.74,16.50576389
636021690,11714,2024-12-23 01:01:10+08:00,CNYSN,2025-01-12 22:27:53+08:00,USLSA,12.44,20.89355324
636021693,11714,2024-05-09 05:20:55+08:00,CNYSN,2024-05-26 19:48:56+08:00,USLGB,13.62,17.60278935
636021693,11714,2024-07-03 13:43:14+08:00,CNYSN,2024-07-17 21:35:27+08:00,USLSA,16.7,14.32792824
636021693,11714,2024-08-20 09:49:36+08:00,CNYSN,2024-09-06 21:34:13+08:00,USLSA,13.77,17.48931713
636021693,11714,2024-10-15 17:38:20+08:00,CNYSN,2024-11-01 21:38:28+08:00,USLSA,14.18,17.16675926
636021693,11714,2024-12-11 06:17:14+08:00,CNYSN,2024-12-28 19:26:13+08:00,USLSA,15.71,17.54790509
636021693,11714,2025-02-07 13:51:30+08:00,CNYSN,2025-02-24 20:20:23+08:00,USLSA,14.96,17.27005787
636021768,15264,2025-05-06 14:53:35+08:00,CNYSN,2025-05-25 21:05:53+08:00,USLGB,13.7,19.25854167
636021771,15264,2024-04-06 18:38:03+08:00,CNYTN,2024-04-23 21:32:39+08:00,USLGB,15.86,17.12125
636021771,15264,2025-01-22 05:36:24+08:00,CNYTN,2025-02-14 19:57:07+08:00,USLGB,14.42,23.59771991
636021831,2758,2025-06-25 19:24:19+08:00,CNQIN,2025-07-12 18:58:51+08:00,USLSA,14.31,16.98231481
636021855,1708,2022-09-01 21:47:44+08:00,CNQIN,2022-09-17 21:58:54+08:00,USLGB,15.07,16.00775463
636022007,5610,2024-07-08 09:25:55+08:00,CNQIN,2024-07-25 21:02:55+08:00,USLGB,13.97,17.48402778
636022007,5610,2024-08-26 05:58:38+08:00,CNQIN,2024-09-14 06:20:10+08:00,USLGB,12.83,19.0149537
636022007,5610,2024-10-14 06:14:10+08:00,CNQIN,2024-10-31 20:44:42+08:00,USLGB,14,17.60453704
636022007,5610,2024-12-02 19:03:38+08:00,CNQIN,2024-12-19 00:43:37+08:00,USLGB,15.68,16.23609954
636022007,5610,2025-01-15 08:07:57+08:00,CNNBO,2025-01-31 21:33:55+08:00,USLGB,15.36,16.55969907
636022007,5610,2025-03-05 15:56:39+08:00,CNNBO,2025-03-21 20:30:42+08:00,USLGB,15.2,16.1903125
636022007,5610,2025-04-23 19:38:54+08:00,CNNBO,2025-05-11 01:21:13+08:00,USLGB,14.22,17.23771991
636022007,5610,2025-06-19 16:09:22+08:00,CNTJN,2025-07-09 22:23:37+08:00,USLGB,12.42,20.25989583
636022173,1809,2023-03-12 03:31:27+08:00,CNNSA,2023-03-29 07:11:32+08:00,USLSA,16.14,17.15283565
636022173,1809,2023-04-22 04:32:04+08:00,CNYTN,2023-05-09 06:08:45+08:00,USLSA,16.7,17.0671412
636022174,1809,2023-04-01 06:16:37+08:00,CNYTN,2023-04-17 19:05:55+08:00,USLSA,16.29,16.53423611
636022174,1809,2023-05-13 08:44:26+08:00,CNYTN,2023-05-29 06:31:08+08:00,USLSA,16.92,15.90743056
636022174,1809,2023-06-20 00:13:39+08:00,CNYTN,2023-07-06 21:45:51+08:00,USLSA,16.08,16.89736111
636022174,1809,2024-06-22 23:15:25+08:00,CNWGQ,2024-07-10 06:25:18+08:00,USLGB,14.28,17.29853009
636022174,1809,2024-09-11 20:37:58+08:00,CNNBO,2024-09-25 17:56:42+08:00,USLSA,17.48,13.88800926
636022174,1809,2024-10-17 15:26:33+08:00,CNNBO,2024-10-31 22:53:57+08:00,USLSA,17.04,14.31069444
636022174,1809,2024-11-30 21:46:27+08:00,CNWGQ,2024-12-15 19:03:42+08:00,USLSA,17.29,14.88697917
636022174,1809,2025-01-06 00:05:12+08:00,CNWGQ,2025-01-21 19:53:09+08:00,USLSA,16.49,15.82496528
636022174,1809,2025-03-02 12:52:23+08:00,CNWGQ,2025-03-17 01:15:58+08:00,USLSA,17.61,14.51637731
636022174,1809,2025-04-06 07:12:27+08:00,CNWGQ,2025-04-20 21:02:28+08:00,USLSA,17.16,14.57640046
636022174,1809,2025-05-11 20:46:38+08:00,CNWGQ,2025-05-25 22:42:34+08:00,USLSA,17.44,14.08050926
636022174,1809,2025-06-16 18:59:50+08:00,CNWGQ,2025-06-30 20:58:43+08:00,USLSA,17.45,14.08255787
636022181,1809,2024-04-04 05:20:24+08:00,CNWGQ,2024-04-18 06:13:54+08:00,USLSA,17.04,14.03715278
636022181,1809,2024-05-09 11:52:11+08:00,CNWGQ,2024-05-23 05:09:35+08:00,USLSA,17.44,13.72041667
636022181,1809,2024-06-13 23:53:55+08:00,CNWGQ,2024-06-28 00:29:06+08:00,USLSA,17.27,14.02443287
636022181,1809,2024-07-19 05:05:40+08:00,CNWGQ,2024-08-02 20:16:36+08:00,USLSA,17,14.63259259
636022181,1809,2024-08-22 10:54:53+08:00,CNWGQ,2024-09-05 20:13:24+08:00,USLSA,17.26,14.3878588
636022181,1809,2024-09-26 17:17:52+08:00,CNWGQ,2024-10-11 06:06:49+08:00,USLSA,17.13,14.53399306
636022181,1809,2024-11-21 12:25:55+08:00,CNWGQ,2024-12-08 06:42:41+08:00,USLSA,17.36,16.76164352
636022181,1809,2024-12-30 11:15:15+08:00,CNWGQ,2025-01-16 16:52:20+08:00,USLSA,17.13,17.23408565
636022181,1809,2025-02-23 08:17:50+08:00,CNWGQ,2025-03-10 13:47:11+08:00,USLSA,17.97,15.22871528
636022181,1809,2025-03-31 00:33:53+08:00,CNWGQ,2025-04-14 05:35:52+08:00,USLSA,17.67,14.20971065
636022181,1809,2025-05-04 08:23:12+08:00,CNWGQ,2025-05-18 19:57:58+08:00,USLSA,17.16,14.48247685
636022181,1809,2025-06-09 21:21:59+08:00,CNWGQ,2025-06-23 06:18:07+08:00,USLSA,17.89,13.37231481
636022183,1809,2024-07-12 03:16:17+08:00,CNWGQ,2024-07-28 20:32:58+08:00,USLGB,15.17,16.71991898
636022349,2900,2024-08-12 05:48:14+08:00,CNWGQ,2024-08-26 05:45:28+08:00,USLSA,17.27,13.9980787
636022349,2900,2024-09-15 09:31:12+08:00,CNYTN,2024-10-01 11:41:42+08:00,USLSA,17.14,16.090625
636022450,14812,2024-09-03 04:43:26+08:00,CNYTN,2024-09-23 22:12:41+08:00,USLGB,13.1,20.72864583
636022450,14812,2025-03-10 10:34:21+08:00,CNYSN,2025-03-24 19:10:26+08:00,USLGB,18.66,14.3583912
636022451,14812,2025-06-23 06:30:51+08:00,CNYTN,2025-07-10 20:06:06+08:00,USLGB,16.14,17.56614583
636022687,1781,2024-11-07 07:50:08+08:00,CNNBO,2024-11-21 21:08:06+08:00,USLSA,17.3,14.55414352
636022687,1781,2024-12-15 16:33:53+08:00,CNWGQ,2024-12-30 07:00:06+08:00,USLSA,17.86,14.60153935
636022687,1781,2025-01-20 01:18:39+08:00,CNWGQ,2025-02-03 18:31:21+08:00,USLSA,17.61,14.71715278
636022687,1781,2025-03-23 23:25:32+08:00,CNWGQ,2025-04-06 20:01:30+08:00,USLSA,17.44,13.85831019
636022687,1781,2025-04-27 04:37:47+08:00,CNWGQ,2025-05-11 05:52:24+08:00,USLSA,17.49,14.05181713
636022687,1781,2025-06-02 22:50:09+08:00,CNWGQ,2025-06-16 06:47:51+08:00,USLSA,18.26,13.33173611
636022687,1781,2025-07-07 23:31:27+08:00,CNWGQ,2025-07-21 05:50:56+08:00,USLSA,18.23,13.26353009
636022814,1781,2025-01-21 19:24:08+08:00,CNYTN,2025-02-09 02:02:26+08:00,USLSA,15.89,18.27659722
636022814,1781,2025-03-08 22:00:39+08:00,CNYTN,2025-03-29 01:00:01+08:00,USLSA,13.92,20.12456019
636022903,7000,2024-10-02 22:17:54+08:00,CNQIN,2024-11-11 11:47:29+08:00,USLSA,9.24,39.56221065
636023175,5315,2024-09-30 16:30:29+08:00,CNNBO,2024-10-13 10:33:22+08:00,USLGB,19.06,12.75200231
636023175,5315,2024-11-05 11:29:25+08:00,CNNBO,2024-11-18 23:44:44+08:00,USLSA,17.86,13.51063657
636023175,5315,2024-12-10 20:12:38+08:00,CNYTN,2024-12-26 20:52:48+08:00,USLGB,18.85,16.02789352
636023175,5315,2025-01-22 04:24:38+08:00,CNYTN,2025-02-06 10:57:38+08:00,USLGB,18.93,15.27291667
636023175,5315,2025-03-04 23:21:38+08:00,CNYTN,2025-03-19 19:41:52+08:00,USLGB,19.06,14.84738426
636023175,5315,2025-04-16 03:10:59+08:00,CNYTN,2025-04-29 20:02:07+08:00,USLGB,19.52,13.70217593
636023175,5315,2025-06-12 20:19:55+08:00,CNNBO,2025-06-25 23:16:35+08:00,USLSA,18.44,13.12268519
636023250,14220,2023-08-22 23:06:46+08:00,CNYTN,2023-09-12 20:15:34+08:00,USLSA,12.9,20.88111111
636023250,14220,2023-11-01 14:22:37+08:00,CNYTN,2023-11-21 19:25:27+08:00,USLSA,13.48,20.21030093
636023250,14220,2024-01-15 23:33:03+08:00,CNYTN,2024-02-06 21:38:44+08:00,USLSA,13.32,21.92061343
636023250,14220,2024-05-22 15:43:44+08:00,CNYTN,2024-06-08 19:57:25+08:00,USLGB,15.98,17.17616898
636023250,14220,2024-07-25 08:30:30+08:00,CNYTN,2024-08-22 00:26:03+08:00,USLGB,10.45,27.66357639
636023250,14220,2024-10-04 18:32:50+08:00,CNYTN,2024-10-23 22:28:55+08:00,USLGB,14.57,19.16394676
636023250,14220,2024-12-03 19:15:55+08:00,CNYTN,2024-12-22 03:09:57+08:00,USLGB,15.06,18.32918981
636023252,14220,2023-11-14 05:41:03+08:00,CNYTN,2023-12-02 21:55:14+08:00,USLSA,14.47,18.6765162
636023252,14220,2024-01-21 19:43:35+08:00,CNYTN,2024-02-13 21:50:04+08:00,USLSA,11.82,23.08783565
636023266,16520,2025-02-26 11:45:57+08:00,CNYSN,2025-03-14 04:31:05+08:00,USLGB,17.47,15.69800926
636023268,16520,2024-12-19 02:48:52+08:00,CNYSN,2025-01-04 00:27:12+08:00,USLGB,18.15,15.90162037
636023269,16520,2024-02-16 08:49:02+08:00,CNNBO,2024-03-07 21:29:25+08:00,USLGB,13.95,20.52804398
636023378,16616,2024-10-06 14:17:41+08:00,CNYSN,2024-10-28 23:00:07+08:00,USLGB,12.15,22.36280093
636023379,16616,2024-08-25 17:16:40+08:00,CNYSN,2024-09-08 06:10:42+08:00,USLGB,17.78,13.53752315
636023379,16616,2024-12-24 22:44:57+08:00,CNYSN,2025-01-08 19:56:21+08:00,USLGB,19.05,14.88291667
636023747,5315,2024-09-04 00:18:31+08:00,CNYTN,2024-09-17 23:03:31+08:00,USLGB,19.25,13.94791667
636023747,5315,2024-10-15 21:14:25+08:00,CNYTN,2024-10-30 09:59:43+08:00,USLGB,18.72,14.53145833
636023747,5315,2024-11-26 22:32:16+08:00,CNYTN,2024-12-11 21:19:39+08:00,USLGB,18.97,14.94957176
636023747,5315,2025-01-08 06:31:13+08:00,CNYTN,2025-01-23 06:47:12+08:00,USLGB,19.14,15.01109954
636023747,5315,2025-02-18 21:05:31+08:00,CNYTN,2025-03-05 21:39:41+08:00,USLGB,19.65,15.02372685
636023747,5315,2025-04-01 22:33:55+08:00,CNYTN,2025-04-15 19:45:28+08:00,USLGB,19.32,13.88302083
636023758,16520,2024-08-31 12:17:14+08:00,CNYTN,2024-09-17 21:32:58+08:00,USLGB,15.63,17.38592593
636023799,4249,2024-03-26 06:28:20+08:00,CNYTN,2024-04-09 07:10:04+08:00,USLGB,19.61,14.02898148
636023799,4249,2024-05-07 07:11:00+08:00,CNYTN,2024-05-21 10:37:20+08:00,USLGB,19.44,14.14328704
636023799,4249,2024-06-18 10:22:45+08:00,CNYTN,2024-07-02 10:23:47+08:00,USLGB,19.29,14.00071759
636023799,4249,2024-07-25 18:23:20+08:00,CNNBO,2024-08-14 06:13:14+08:00,USLSA,12.66,19.49298611
636023891,13788,2025-04-06 17:02:55+08:00,CNNBO,2025-04-23 18:47:13+08:00,USLSA,14.53,17.07243056
636023891,13788,2025-06-02 15:21:57+08:00,CNNBO,2025-06-20 05:50:40+08:00,USLSA,13.98,17.60327546
636023971,13788,2025-05-21 19:14:09+08:00,CNYSN,2025-06-06 19:08:20+08:00,USLGB,15.2,15.99596065
636023972,13788,2024-05-30 22:21:24+08:00,CNYSN,2024-06-17 19:47:25+08:00,USLSA,13.68,17.89306713
636023972,13788,2024-07-23 00:10:24+08:00,CNYSN,2024-08-09 05:51:42+08:00,USLSA,14.22,17.23701389
636023972,13788,2024-09-12 15:48:29+08:00,CNYSN,2024-09-28 18:50:52+08:00,USLSA,15.68,16.12665509
636023972,13788,2024-11-04 08:27:09+08:00,CNYSN,2024-11-22 06:53:26+08:00,USLSA,14,17.93491898
636023972,13788,2024-12-29 18:29:14+08:00,CNYSN,2025-01-16 19:52:20+08:00,USLSA,14.36,18.05770833
636023972,13788,2025-02-25 13:57:15+08:00,CNNBO,2025-03-17 18:56:42+08:00,USLSA,12.85,20.20795139
636023972,13788,2025-04-26 19:57:15+08:00,CNNBO,2025-05-20 19:09:16+08:00,USLSA,10.48,23.96667824
636023972,13788,2025-06-28 08:35:08+08:00,CNYSN,2025-07-17 17:47:06+08:00,USLSA,12.59,19.38331019
636024038,13253,2025-06-30 22:34:32+08:00,CNYSN,2025-07-17 17:26:18+08:00,USLGB,14.47,16.78594907
636024119,13253,2024-06-28 14:56:16+08:00,CNYSN,2024-07-18 21:01:18+08:00,USLSA,12.32,20.25349537
636024119,13253,2024-08-24 22:20:28+08:00,CNYSN,2024-09-10 23:42:14+08:00,USLSA,14.32,17.05678241
636024119,13253,2024-10-16 17:38:58+08:00,CNYSN,2024-11-02 19:43:40+08:00,USLSA,14.52,17.08659722
636024119,13253,2024-12-03 23:20:53+08:00,CNYSN,2024-12-21 06:08:47+08:00,USLSA,14.3,17.28326389
636024119,13253,2025-01-30 07:41:12+08:00,CNYSN,2025-02-21 21:59:20+08:00,USLSA,11.28,22.59592593
636024119,13253,2025-04-08 23:47:53+08:00,CNNBO,2025-05-01 18:58:42+08:00,USLSA,11,22.79917824
636024119,13253,2025-06-11 12:12:04+08:00,CNNBO,2025-06-28 05:51:51+08:00,USLSA,14.81,16.73596065
636024187,16616,2025-02-09 02:01:39+08:00,CNYSN,2025-02-25 08:06:51+08:00,USLGB,17.98,16.25361111
636024193,7900,2024-11-11 03:07:06+08:00,CNYTN,2024-12-16 22:35:36+08:00,USLGB,12.64,35.81145833
636024201,5315,2024-07-23 07:57:43+08:00,CNYTN,2024-08-06 14:04:55+08:00,USLGB,18.89,14.255
636024201,5315,2024-09-01 18:25:48+08:00,CNNBO,2024-09-15 02:46:43+08:00,USLGB,18.21,13.3478588
636024201,5315,2024-10-08 09:00:22+08:00,CNNBO,2024-10-23 07:13:58+08:00,USLSA,17.45,14.92611111
636024201,5315,2024-11-12 16:16:14+08:00,CNNBO,2024-11-26 22:37:07+08:00,USLSA,18.02,14.26450231
636024201,5315,2024-12-24 22:13:12+08:00,CNYTN,2025-01-09 21:51:33+08:00,USLGB,18.74,15.98496528
636024201,5315,2025-02-05 14:25:08+08:00,CNYTN,2025-02-21 11:08:38+08:00,USLGB,18.96,15.86354167
636024201,5315,2025-03-19 00:22:09+08:00,CNYTN,2025-04-01 19:51:38+08:00,USLGB,19.51,13.8121412
636024201,5315,2025-05-06 20:46:55+08:00,CNYTN,2025-05-20 20:19:03+08:00,USLGB,19.41,13.98064815
636024201,5315,2025-06-26 20:37:36+08:00,CNNBO,2025-07-09 18:53:50+08:00,USLSA,18.76,12.92793981
636024217,13253,2024-08-10 09:49:14+08:00,CNYSN,2024-08-29 19:42:50+08:00,USLSA,12.63,19.41222222
636024217,13253,2024-10-03 08:12:36+08:00,CNYSN,2024-10-20 18:49:08+08:00,USLSA,14.03,17.44203704
636024217,13253,2024-11-19 21:15:14+08:00,CNYSN,2024-12-09 21:41:24+08:00,USLSA,12.27,20.0181713
636024217,13253,2025-01-21 23:54:13+08:00,CNYSN,2025-02-09 06:51:25+08:00,USLSA,13.55,18.28972222
636024217,13253,2025-03-20 15:27:54+08:00,CNNBO,2025-04-07 21:08:27+08:00,USLSA,13.49,18.23649306
636024289,5315,2024-11-18 23:12:37+08:00,CNNBO,2024-12-02 01:02:25+08:00,USLSA,19.14,13.07625
636024289,5315,2024-12-30 00:47:34+08:00,CNNBO,2025-01-14 03:15:14+08:00,USLGB,19.35,15.1025463
636024289,5315,2025-02-04 19:15:02+08:00,CNNBO,2025-02-18 23:38:20+08:00,USLSA,19.98,14.18284722
636024289,5315,2025-03-25 20:58:29+08:00,CNYTN,2025-04-09 19:44:58+08:00,USLGB,19.81,14.94894676
636024299,13788,2024-07-29 08:44:50+08:00,CNYSN,2024-08-15 06:03:42+08:00,USLSA,14.58,16.88810185
636024299,13788,2024-09-23 19:57:39+08:00,CNYSN,2024-10-09 06:12:42+08:00,USLSA,15.88,15.42711806
636024299,13788,2024-11-08 13:06:57+08:00,CNYSN,2024-11-27 22:04:39+08:00,USLSA,12.73,19.37340278
636024299,13788,2025-01-04 13:19:44+08:00,CNYSN,2025-01-23 20:10:22+08:00,USLSA,13.09,19.28516204
636024299,13788,2025-03-14 03:38:38+08:00,CNNBO,2025-03-31 18:51:02+08:00,USLSA,14.19,17.63361111
636024299,13788,2025-05-09 05:17:57+08:00,CNNBO,2025-05-26 18:49:36+08:00,USLSA,14.11,17.56364583
636024330,13253,2024-09-01 08:53:19+08:00,CNYSN,2024-09-17 19:56:55+08:00,USLSA,14.87,16.46083333
636024330,13253,2024-10-22 22:39:13+08:00,CNYSN,2024-11-09 07:04:24+08:00,USLSA,14.08,17.35082176
636024330,13253,2024-12-16 03:21:57+08:00,CNYSN,2025-01-05 21:55:13+08:00,USLSA,11.85,20.77310185
636024330,13253,2025-02-19 20:11:58+08:00,CNNBO,2025-03-09 18:54:44+08:00,USLSA,13.91,17.94636574
636024330,13253,2025-04-17 22:26:50+08:00,CNNBO,2025-05-14 21:30:10+08:00,USLSA,9.48,26.96064815
636024330,13253,2025-06-19 16:03:30+08:00,CNYSN,2025-07-11 19:54:52+08:00,USLSA,11.19,22.1606713
636024353,5315,2024-09-10 20:23:55+08:00,CNYTN,2024-09-24 23:10:29+08:00,USLGB,19.14,14.1156713
636024353,5315,2024-10-23 04:18:55+08:00,CNYTN,2024-11-07 11:26:48+08:00,USLGB,18.47,15.2971412
636024353,5315,2024-12-03 19:19:14+08:00,CNYTN,2024-12-17 22:31:38+08:00,USLGB,19.62,14.13361111
636024353,5315,2025-01-15 01:22:05+08:00,CNYTN,2025-01-29 22:44:20+08:00,USLGB,18.66,14.89045139
636024353,5315,2025-02-25 20:12:32+08:00,CNYTN,2025-03-11 23:49:22+08:00,USLGB,19.72,14.1505787
636024353,5315,2025-04-08 23:01:35+08:00,CNYTN,2025-04-22 23:45:28+08:00,USLGB,19.2,14.03047454
636024481,13253,2024-10-08 15:34:04+08:00,CNYSN,2024-10-24 18:30:25+08:00,USLSA,15.29,16.12246528
636024481,13253,2024-11-26 12:59:04+08:00,CNYSN,2024-12-13 22:46:20+08:00,USLSA,14.6,17.40782407
636024481,13253,2025-01-24 14:54:26+08:00,CNYSN,2025-02-16 19:51:35+08:00,USLSA,10.62,23.20635417
636024481,13253,2025-03-26 16:53:21+08:00,CNQIN,2025-04-14 19:02:12+08:00,USLSA,13.49,19.08947917
636024481,13253,2025-05-24 20:09:34+08:00,CNNBO,2025-06-12 05:52:04+08:00,USLSA,13.53,18.40451389
636024506,8496,2025-03-09 22:28:26+08:00,CNXIA,2025-03-25 17:07:24+08:00,USLGB,16.97,15.77706019
636024642,8496,2025-04-28 09:39:21+08:00,USMOB,2025-05-25 20:01:24+08:00,USLGB,9.04,27.43197917
636024654,5315,2024-12-18 10:08:20+08:00,CNYTN,2025-01-02 20:49:12+08:00,USLGB,18.82,15.4450463
636024654,5315,2025-01-29 15:41:10+08:00,CNYTN,2025-02-13 06:01:40+08:00,USLGB,18.62,14.59756944
636024654,5315,2025-03-11 20:38:00+08:00,CNYTN,2025-03-25 19:57:57+08:00,USLGB,19.47,13.9721875
636024654,5315,2025-04-22 23:57:07+08:00,CNYTN,2025-05-06 21:58:34+08:00,USLGB,19.36,13.91767361
636024654,5315,2025-06-19 16:26:30+08:00,CNNBO,2025-07-02 22:28:24+08:00,USLSA,18.24,13.25131944
636024673,13253,2024-12-08 08:52:33+08:00,CNYSN,2024-12-28 20:59:39+08:00,USLSA,12.32,20.50493056
636024673,13253,2025-02-05 11:22:57+08:00,CNYSN,2025-02-28 21:59:20+08:00,USLSA,10.99,23.44193287
636024673,13253,2025-04-15 23:15:56+08:00,CNNBO,2025-05-08 21:02:42+08:00,USLSA,10.91,22.90747685
636024673,13253,2025-06-15 22:05:43+08:00,CNYSN,2025-07-03 22:16:35+08:00,USLSA,13.76,18.0075463
636025061,8586,2025-05-28 06:22:43+08:00,CNYTN,2025-06-11 06:05:21+08:00,USLGB,19.13,13.98793981
636025148,4520,2025-05-13 22:23:21+08:00,CNYTN,2025-05-27 19:48:20+08:00,USLGB,19.26,13.89234954
636025252,8496,2025-06-14 11:22:58+08:00,CNNBO,2025-06-28 20:51:52+08:00,USLSA,17.8,14.39506944
636090863,4132,2022-05-24 05:15:50+08:00,CNYSN,2022-07-02 03:02:44+08:00,USLSA,7.54,38.90756944
636090899,2824,2022-05-06 06:26:31+08:00,CNSHE,2022-07-02 01:06:25+08:00,USLGB,10.44,56.77770833
636090899,2824,2022-10-16 13:25:01+08:00,CNTAI,2022-11-08 09:19:33+08:00,USLGB,12.13,22.82953704
636090967,2824,2020-11-16 09:27:38+08:00,CNWGQ,2020-12-05 05:22:46+08:00,USLGB,13.6,18.8299537
636090967,2824,2020-12-27 00:49:04+08:00,CNYTN,2021-01-24 00:56:37+08:00,USLGB,9.81,28.00524306
636090967,2824,2021-02-14 17:13:29+08:00,CNYTN,2021-03-11 14:08:05+08:00,USLGB,11.01,24.87125
636091116,5606,2020-08-20 09:27:30+08:00,CNYTN,2020-09-03 20:11:54+08:00,USLSA,18.52,14.4475
636091232,2824,2021-08-27 01:53:23+08:00,CNYTN,2021-10-25 19:00:42+08:00,USLGB,4.89,59.71341435
636091273,2702,2020-10-26 09:32:48+08:00,TWKAO,2020-11-14 00:23:28+08:00,USLGB,13.9,18.61851852
636091273,2702,2020-12-09 04:11:35+08:00,CNXIA,2020-12-30 13:24:15+08:00,USLGB,13.02,21.3837963
636091273,2702,2021-10-27 06:58:09+08:00,CNNBO,2021-11-17 22:16:07+08:00,USLSA,11.81,21.63747685
636091273,2702,2022-06-02 12:47:42+08:00,CNNBO,2022-06-21 08:31:07+08:00,USLGB,13.11,18.82181713
636091273,2702,2022-07-19 09:26:32+08:00,CNQIN,2022-08-07 05:32:52+08:00,USLGB,13.07,18.83773148
636091445,3398,2020-01-16 16:25:50+08:00,CNWGQ,2020-01-30 07:16:44+08:00,USLSA,18.13,13.61868056
636091445,3398,2020-03-05 20:18:33+08:00,CNWGQ,2020-03-19 19:38:55+08:00,USLSA,17.69,13.97247685
636091445,3398,2020-04-30 16:39:29+08:00,CNWGQ,2020-05-12 20:18:16+08:00,USLSA,19.76,12.15193287
636091473,4870,2023-10-26 13:24:36+08:00,CNWGQ,2023-11-07 04:15:51+08:00,USLGB,21.59,11.61892361
636091473,4870,2023-11-30 13:09:46+08:00,CNWGQ,2023-12-12 07:50:06+08:00,USLGB,20.84,11.77800926
636091473,4870,2024-01-11 10:48:29+08:00,CNWGQ,2024-01-23 08:10:08+08:00,USLGB,20.86,11.89003472
636091473,4870,2024-03-06 20:43:24+08:00,CNWGQ,2024-03-18 03:04:59+08:00,USLGB,22.74,11.26498843
636091473,4870,2024-04-11 00:59:21+08:00,CNWGQ,2024-04-23 06:43:39+08:00,USLGB,19.96,12.23909722
636091473,4870,2024-05-22 12:01:54+08:00,CNWGQ,2024-06-02 21:17:33+08:00,USLGB,21.84,11.38586806
636091473,4870,2024-06-26 15:44:05+08:00,CNWGQ,2024-07-07 21:07:39+08:00,USLGB,21.7,11.22469907
636091473,4870,2024-07-31 23:16:16+08:00,CNWGQ,2024-08-11 21:08:06+08:00,USLGB,22.2,10.91099537
636091473,4870,2024-09-04 14:42:50+08:00,CNWGQ,2024-09-15 21:49:24+08:00,USLGB,21.68,11.29622685
636091473,4870,2024-10-17 13:11:03+08:00,CNWGQ,2024-10-28 20:48:37+08:00,USLGB,21.49,11.31775463
636091473,4870,2024-11-27 09:15:42+08:00,CNWGQ,2024-12-08 18:16:12+08:00,USLGB,21.73,11.37534722
636091473,4870,2025-01-08 18:00:33+08:00,CNWGQ,2025-01-19 18:57:21+08:00,USLGB,22.34,11.03944444
636091473,4870,2025-02-27 12:11:28+08:00,CNWGQ,2025-03-10 20:47:58+08:00,USLGB,22.65,11.35868056
636091473,4870,2025-04-10 09:40:03+08:00,CNWGQ,2025-04-21 21:33:37+08:00,USLGB,21.08,11.49553241
636091473,4870,2025-05-28 13:06:13+08:00,CNWGQ,2025-06-09 01:17:36+08:00,USLGB,21.2,11.50790509
636091473,4870,2025-07-02 17:29:54+08:00,CNWGQ,2025-07-13 21:39:09+08:00,USLGB,22,11.17309028
636091487,2646,2024-05-16 05:07:31+08:00,CNWGQ,2024-05-29 19:12:37+08:00,USLSA,18.01,13.586875
636091487,2646,2024-06-21 00:50:39+08:00,CNWGQ,2024-07-03 20:08:28+08:00,USLSA,18.84,12.80403935
636091487,2646,2024-07-26 02:35:47+08:00,CNWGQ,2024-08-09 20:01:58+08:00,USLSA,16.48,14.7265162
636091487,2646,2024-08-30 00:10:41+08:00,CNWGQ,2024-09-12 05:58:56+08:00,USLSA,18.21,13.24184028
636091487,2646,2024-10-04 04:11:23+08:00,CNWGQ,2024-10-18 05:48:04+08:00,USLSA,18.1,14.0671412
636091487,2646,2024-11-07 15:39:01+08:00,CNWGQ,2024-11-21 21:55:50+08:00,USLSA,17.72,14.26167824
636091487,2646,2024-12-12 23:31:34+08:00,CNWGQ,2024-12-27 14:53:43+08:00,USLSA,18.72,14.64038194
636091487,2646,2025-01-16 18:56:58+08:00,CNWGQ,2025-01-30 22:00:56+08:00,USLSA,18.32,14.12775463
636091487,2646,2025-02-27 17:54:58+08:00,CNWGQ,2025-03-14 19:12:52+08:00,USLSA,17.52,15.05409722
636091487,2646,2025-04-03 03:43:24+08:00,CNWGQ,2025-04-16 02:00:59+08:00,USLSA,18.61,12.92887731
636091487,2646,2025-05-08 12:19:43+08:00,CNWGQ,2025-05-21 23:26:55+08:00,USLSA,17.93,13.46333333
636091487,2646,2025-06-12 22:47:28+08:00,CNWGQ,2025-06-25 22:53:36+08:00,USLSA,18.36,13.00425926
636091595,5085,2020-09-29 16:00:00+08:00,CNSHE,2020-11-18 21:29:22+08:00,USLGB,5.1,50.22872685
636091783,3534,2020-01-03 04:26:42+08:00,CNWGQ,2020-01-16 19:31:50+08:00,USLSA,19.75,13.62856481
636091784,3534,2021-04-24 04:42:00+08:00,CNYTN,2021-05-22 18:19:07+08:00,USLSA,10.65,28.56744213
636091893,4330,2020-06-17 21:47:14+08:00,CNWGQ,2020-06-29 17:55:42+08:00,USLGB,20.95,11.83921296
636091916,2798,2025-04-24 14:31:13+08:00,CNWGQ,2025-05-07 20:11:35+08:00,USLSA,18.24,13.23636574
636091916,2798,2025-05-29 15:46:43+08:00,CNWGQ,2025-06-11 19:50:03+08:00,USLSA,18.52,13.16898148
636091959,14036,2020-12-09 20:55:33+08:00,CNNBO,2021-01-05 00:23:17+08:00,USLGB,11.36,26.14425926
636091959,14036,2021-02-04 01:06:55+08:00,CNYSN,2021-03-01 01:00:57+08:00,USLGB,12.78,24.99585648
636091959,14036,2021-03-28 16:15:15+08:00,CNYSN,2021-04-22 18:16:01+08:00,USLGB,10.39,25.08386574
636091959,14036,2021-05-23 09:50:24+08:00,CNYSN,2021-06-08 18:47:32+08:00,USLSA,15.67,16.37300926
636091959,14036,2021-07-09 22:38:11+08:00,CNYSN,2021-08-01 18:58:59+08:00,USLSA,10.7,22.84777778
636091959,14036,2021-09-06 12:33:54+08:00,CNYSN,2021-09-28 00:58:24+08:00,USLSA,12.14,21.51701389
636091959,14036,2021-10-29 08:28:13+08:00,CNYSN,2021-12-06 20:55:22+08:00,USLSA,6.97,38.51885417
636091959,14036,2022-01-06 20:08:08+08:00,CNYSN,2022-02-22 22:11:06+08:00,USLSA,6.95,47.08539352
636091959,14036,2022-03-29 20:16:52+08:00,CNYSN,2022-04-30 22:04:52+08:00,USLSA,9.4,32.075
636091959,14036,2022-06-01 07:55:05+08:00,CNYSN,2022-06-28 03:31:30+08:00,USLSA,10.14,26.81695602
636091959,14036,2022-07-30 06:12:02+08:00,CNNBO,2022-08-21 21:31:18+08:00,USLGB,12.12,22.63837963
636091959,14036,2022-09-22 04:55:47+08:00,CNYSN,2022-10-05 22:29:27+08:00,USLSA,19.02,13.73171296
636091959,14036,2022-11-27 08:11:03+08:00,CNYSN,2022-12-11 21:34:56+08:00,USLGB,18.11,14.55825231
636091959,14036,2023-03-15 22:01:02+08:00,CNXIA,2023-04-04 19:18:48+08:00,USLGB,15.03,19.88733796
636091959,14036,2025-06-30 22:33:11+08:00,CNYSN,2025-07-20 07:00:18+08:00,USLGB,14.06,19.35216435
636092140,2524,2022-05-27 00:08:53+08:00,CNQIN,2022-06-14 20:39:37+08:00,USLGB,14.2,18.85467593
636092140,2524,2023-03-16 19:22:08+08:00,CNYTN,2023-04-03 21:34:52+08:00,USLSA,15.77,18.09217593
636092140,2524,2023-04-29 09:16:59+08:00,CNYTN,2023-05-14 20:05:10+08:00,USLSA,17.57,15.45012731
636092140,2524,2023-06-04 09:16:20+08:00,CNYTN,2023-06-21 19:55:57+08:00,USLSA,15.53,17.44417824
636092247,14036,2022-11-13 08:01:54+08:00,CNDCB,2022-12-21 23:38:33+08:00,USLSA,7.92,38.65045139
636092247,14036,2025-04-08 19:49:19+08:00,CNYTN,2025-04-23 21:47:07+08:00,USLGB,18.57,15.08180556
636092268,14036,2020-05-13 23:01:55+08:00,CNYSN,2020-05-26 07:14:40+08:00,USLGB,19.77,12.3421875
636092268,14036,2020-09-07 13:38:39+08:00,CNYSN,2020-09-22 23:17:06+08:00,USLGB,17.32,15.40170139
636092268,14036,2021-01-12 06:17:09+08:00,CNYSN,2021-02-10 14:15:55+08:00,USLGB,10.53,29.33247685
636092268,14036,2022-01-18 20:04:38+08:00,CNNBO,2022-03-13 19:26:19+08:00,USLGB,6.94,53.9733912
636092268,14036,2022-09-25 03:53:48+08:00,CNYSN,2022-10-09 06:11:20+08:00,USLGB,17.17,14.09550926
636092271,13050,2020-01-16 01:58:23+08:00,CNXIA,2020-01-29 21:03:55+08:00,USLSA,19.46,13.79550926
636092271,13050,2020-05-07 23:33:09+08:00,CNXIA,2020-05-22 06:04:43+08:00,USLSA,18.18,14.2719213
636092271,13050,2020-08-29 08:19:20+08:00,CNXIA,2020-09-12 20:01:44+08:00,USLSA,18.03,14.48777778
636092477,1740,2024-07-30 02:10:44+08:00,CNQIN,2024-08-15 20:48:29+08:00,USLGB,14.68,16.77621528
636092765,4253,2020-07-07 17:37:03+08:00,CNYTN,2020-07-20 20:13:13+08:00,USLSA,20.5,13.10844907
636092765,4253,2020-08-11 20:47:26+08:00,CNYTN,2020-08-24 20:09:47+08:00,USLSA,20.54,12.97385417
636092765,4253,2020-09-15 22:33:21+08:00,CNYTN,2020-09-28 19:58:36+08:00,USLSA,22.99,12.89253472
636092765,4253,2020-10-20 20:18:07+08:00,CNYTN,2020-11-02 20:42:28+08:00,USLSA,20.59,13.01690972
636092765,4253,2021-02-07 21:58:58+08:00,CNYSN,2021-02-23 13:49:58+08:00,USLSA,18.68,15.66041667
636092765,4253,2021-03-28 16:15:28+08:00,CNYSN,2021-04-12 13:37:57+08:00,USLSA,16.2,14.89061343
636092778,5117,2021-10-29 07:38:10+08:00,CNXIA,2021-12-14 22:35:37+08:00,USLSA,7.23,46.62322917
636092778,5117,2022-03-17 00:17:07+08:00,CNYTN,2022-04-10 22:13:56+08:00,USLSA,11.16,24.91445602
636092778,5117,2024-08-19 00:59:43+08:00,CNNBO,2024-09-03 19:54:26+08:00,USLSA,15.81,15.78799769
636092778,5117,2024-09-23 20:55:54+08:00,CNNBO,2024-10-06 19:48:42+08:00,USLGB,18.8,12.95333333
636092778,5117,2024-10-28 12:14:07+08:00,CNNBO,2024-11-12 05:44:51+08:00,USLGB,17.57,14.72967593
636092814,11219,2025-03-09 06:04:13+08:00,CNYSN,2025-05-05 21:07:58+08:00,USLSA,11.99,57.62760417
636092823,1713,2021-08-11 14:12:09+08:00,CNWGQ,2021-09-22 05:50:10+08:00,USLGB,6.11,41.65140046
636092823,1713,2021-10-20 11:35:50+08:00,CNWGQ,2021-12-09 00:06:14+08:00,USLSA,5.38,49.52111111
636092823,1713,2021-12-27 23:07:10+08:00,CNWGQ,2022-02-20 23:39:02+08:00,USLSA,5.8,55.02212963
636092823,1713,2022-03-11 15:51:33+08:00,CNWGQ,2022-04-05 07:28:56+08:00,USLSA,12.15,24.65096065
636092823,1713,2022-05-10 04:09:30+08:00,CNWGQ,2022-05-28 21:06:34+08:00,USLSA,14.34,18.7062963
636092866,4400,2021-12-14 03:56:41+08:00,CNNBO,2022-01-12 04:18:09+08:00,USLSA,10.1,29.01490741
636092911,5642,2020-09-27 10:41:41+08:00,CNNBO,2020-10-11 05:24:31+08:00,USLGB,17.42,13.77974537
636092911,5642,2021-01-04 23:22:05+08:00,CNNBO,2021-01-30 20:58:13+08:00,USLGB,11.32,25.90009259
636092953,6078,2025-06-14 11:11:41+08:00,CNQIN,2025-06-29 09:19:57+08:00,USLSA,16.25,14.92240741
636092983,2785,2021-12-03 11:57:20+08:00,CNWGQ,2022-01-25 14:24:17+08:00,USLSA,6.58,53.10204861
636092984,2742,2022-07-12 03:33:15+08:00,CNNBO,2022-07-26 22:55:11+08:00,USLGB,16.43,14.80689815
636092984,2742,2022-08-18 02:13:54+08:00,CNWGQ,2022-09-01 20:43:43+08:00,USLGB,16.36,14.77070602
636092984,2742,2022-10-01 14:28:27+08:00,CNWGQ,2022-10-19 21:32:19+08:00,USLGB,13.29,18.29435185
636092984,2742,2022-11-17 18:13:14+08:00,CNWGQ,2022-12-02 08:54:38+08:00,USLGB,16.7,14.61208333
636092984,2742,2022-12-27 01:59:57+08:00,CNWGQ,2023-01-11 22:47:40+08:00,USLGB,15.22,15.86646991
636092984,2742,2023-02-04 09:01:04+08:00,CNWGQ,2023-02-19 22:20:26+08:00,USLGB,15.73,15.55511574
636092984,2742,2024-10-02 18:56:55+08:00,CNNBO,2024-10-15 20:00:38+08:00,USLSA,18.49,13.04424769
636092984,2742,2024-11-14 07:57:39+08:00,CNWGQ,2024-11-28 07:03:09+08:00,USLSA,18.28,13.96215278
636092984,2742,2024-12-20 12:36:05+08:00,CNWGQ,2025-01-04 01:29:21+08:00,USLSA,18.36,14.53699074
636092984,2742,2025-01-23 15:46:27+08:00,CNWGQ,2025-02-08 05:54:08+08:00,USLSA,16.8,15.58866898
636092984,2742,2025-03-06 15:31:54+08:00,CNWGQ,2025-03-20 19:47:12+08:00,USLSA,18.68,14.17729167
636092984,2742,2025-04-09 09:46:03+08:00,CNWGQ,2025-04-22 21:03:52+08:00,USLSA,17.7,13.47070602
636092984,2742,2025-05-16 00:53:06+08:00,CNWGQ,2025-05-28 20:01:23+08:00,USLSA,18.81,12.79741898
636092984,2742,2025-06-19 18:26:21+08:00,CNWGQ,2025-07-02 18:55:53+08:00,USLSA,18.48,13.02050926
636093041,8084,2021-10-22 01:44:23+08:00,HKHKG,2021-12-04 06:27:46+08:00,USLSA,6.81,43.19679398
636093041,8084,2022-03-10 10:42:10+08:00,CNYTN,2022-03-24 20:42:04+08:00,USLSA,18.5,14.41659722
636093041,8084,2022-06-18 18:38:41+08:00,CNYTN,2022-07-03 19:09:23+08:00,USLSA,17.81,15.02131944
636093041,8084,2023-04-22 10:18:16+08:00,CNYTN,2023-05-07 21:12:51+08:00,USLSA,17.77,15.45457176
636093041,8084,2023-06-10 08:15:42+08:00,CNNBO,2023-06-28 07:03:27+08:00,USLSA,13.51,17.94982639
636093041,8084,2023-07-26 00:49:15+08:00,CNNBO,2023-08-10 21:15:46+08:00,USLSA,15.18,15.85174769
636093041,8084,2023-10-20 23:06:18+08:00,CNYTN,2023-11-06 08:05:33+08:00,USLSA,16.54,16.37447917
636093041,8084,2024-01-18 15:31:36+08:00,CNYTN,2024-02-05 22:29:45+08:00,USLSA,15.07,18.29038194
636093041,8084,2024-05-22 23:35:05+08:00,CNYTN,2024-06-07 22:25:55+08:00,USLSA,16.81,15.95196759
636093041,8084,2024-08-22 18:32:37+08:00,CNYTN,2024-09-10 23:16:07+08:00,USLSA,14.08,19.196875
636093041,8084,2024-11-23 12:13:34+08:00,CNYTN,2024-12-13 22:49:23+08:00,USLSA,13.11,20.44153935
636093041,8084,2025-02-19 11:23:41+08:00,CNYTN,2025-03-08 22:21:24+08:00,USLSA,15.43,17.45674769
636093041,8084,2025-04-27 02:36:31+08:00,CNYTN,2025-05-14 07:37:28+08:00,USLSA,15.53,17.20899306
636093046,3091,2021-12-21 13:27:15+08:00,CNTAI,2022-02-02 13:36:33+08:00,USLSA,7.15,43.00645833
636093046,3091,2022-03-01 13:27:16+08:00,CNTAI,2022-03-27 18:33:31+08:00,USLSA,9.89,26.21267361
636093055,1713,2022-04-30 17:56:49+08:00,CNWEN,2022-05-23 07:24:52+08:00,USLSA,12.71,22.56114583
636093055,1713,2022-06-17 08:47:00+08:00,CNWEN,2022-07-08 06:04:59+08:00,USLSA,12.39,20.88748843
636093093,8084,2022-07-10 11:50:36+08:00,CNDCB,2022-07-28 21:28:46+08:00,USLSA,15.91,18.40150463
636093094,8463,2023-01-06 15:03:56+08:00,CNYTN,2023-01-31 21:22:13+08:00,USLSA,12,25.26269676
636093094,8463,2023-03-23 05:08:51+08:00,CNNBO,2023-04-11 21:14:01+08:00,USLSA,12.33,19.67025463
636093094,8463,2023-05-10 19:34:24+08:00,CNNBO,2023-05-26 21:29:39+08:00,USLSA,14.98,16.08003472
636093094,8463,2023-06-23 16:10:55+08:00,CNNBO,2023-07-10 21:10:04+08:00,USLSA,14.02,17.20774306
636093094,8463,2023-09-10 20:48:41+08:00,CNYTN,2023-09-27 06:10:04+08:00,USLSA,16.35,16.38984954
636093094,8463,2023-12-02 23:44:45+08:00,CNYTN,2023-12-20 22:05:37+08:00,USLSA,14.97,17.93115741
636093094,8463,2024-02-29 05:58:15+08:00,CNYTN,2024-03-16 12:14:10+08:00,USLSA,16.71,16.26105324
636093094,8463,2024-05-31 13:29:59+08:00,CNYTN,2024-06-15 19:16:26+08:00,USLSA,17.5,15.24059028
636093094,8463,2024-08-31 00:25:40+08:00,CNYTN,2024-09-17 22:26:52+08:00,USLSA,14.93,17.9175
636093094,8463,2024-11-30 13:27:23+08:00,CNYTN,2024-12-18 08:19:57+08:00,USLSA,15.66,17.78650463
636093094,8463,2025-03-14 10:08:27+08:00,CNYTN,2025-03-31 07:17:20+08:00,USLSA,16.53,16.88116898
636093094,8463,2025-06-08 23:17:06+08:00,CNYTN,2025-06-26 21:22:57+08:00,USLSA,15.11,17.92072917
636093121,4890,2025-06-06 03:00:04+08:00,CNYSN,2025-06-21 20:24:21+08:00,USLSA,15.71,15.72519676
636093167,8749,2025-04-28 19:23:18+08:00,CNYSN,2025-06-22 22:18:19+08:00,USLSA,12.24,55.12153935
636093294,9954,2025-04-21 15:33:37+08:00,CNYSN,2025-06-15 21:21:05+08:00,USLSA,12.21,55.2412963
636093309,8749,2025-05-18 22:24:05+08:00,CNYSN,2025-07-13 23:08:36+08:00,USLSA,12.11,56.03091435
