"序号","时间","期货结算价:布伦特原油(美元/桶)"
"1","2025-06-13","74.23"
"2","2025-06-12","69.36"
"3","2025-06-11","69.77"
"4","2025-06-10","66.87"
"5","2025-06-09","67.04"
"6","2025-06-06","66.47"
"7","2025-06-05","65.34"
"8","2025-06-04","64.86"
"9","2025-06-03","65.63"
"10","2025-06-02","63.91"
"11","2025-05-30","63.90"
"12","2025-05-29","64.15"
"13","2025-05-28","64.90"
"14","2025-05-27","64.09"
"15","2025-05-23","64.78"
"16","2025-05-22","64.44"
"17","2025-05-21","64.91"
"18","2025-05-20","65.38"
"19","2025-05-19","65.54"
"20","2025-05-16","65.41"
"21","2025-05-15","64.53"
"22","2025-05-14","66.09"
"23","2025-05-13","66.63"
"24","2025-05-12","64.96"
"25","2025-05-09","63.91"
"26","2025-05-08","62.84"
"27","2025-05-07","61.12"
"28","2025-05-06","62.15"
"29","2025-05-05","60.23"
"30","2025-05-02","61.29"
"31","2025-05-01","63.11"
"32","2025-04-30","63.12"
"33","2025-04-29","64.25"
"34","2025-04-28","65.86"
"35","2025-04-25","66.87"
"36","2025-04-24","66.55"
"37","2025-04-23","66.12"
"38","2025-04-22","67.44"
"39","2025-04-21","66.26"
"40","2025-04-17","67.96"
"41","2025-04-16","65.85"
"42","2025-04-15","64.67"
"43","2025-04-14","64.88"
"44","2025-04-11","64.76"
"45","2025-04-10","63.33"
"46","2025-04-09","65.48"
"47","2025-04-08","62.82"
"48","2025-04-07","64.21"
"49","2025-04-04","65.58"
"50","2025-04-03","70.14"
"51","2025-04-02","74.95"
"52","2025-04-01","74.76"
"53","2025-03-31","74.74"
"54","2025-03-28","73.63"
"55","2025-03-27","74.03"
"56","2025-03-26","73.79"
"57","2025-03-25","73.02"
"58","2025-03-24","73.00"
"59","2025-03-21","72.16"
"60","2025-03-20","72.00"
"61","2025-03-19","70.78"
"62","2025-03-18","70.56"
"63","2025-03-17","71.07"
"64","2025-03-14","70.58"
"65","2025-03-13","69.88"
"66","2025-03-12","70.95"
"67","2025-03-11","69.56"
"68","2025-03-10","69.28"
"69","2025-03-07","70.36"
"70","2025-03-06","69.46"
"71","2025-03-05","69.30"
"72","2025-03-04","71.04"
"73","2025-03-03","73.18"
"74","2025-02-28","73.18"
"75","2025-02-27","74.04"
"76","2025-02-26","72.53"
"77","2025-02-25","73.02"
"78","2025-02-24","74.78"
"79","2025-02-21","74.43"
"80","2025-02-20","76.48"
"81","2025-02-19","76.04"
"82","2025-02-18","75.84"
"83","2025-02-14","74.74"
"84","2025-02-13","75.02"
"85","2025-02-12","75.18"
"86","2025-02-11","77.00"
"87","2025-02-10","75.87"
"88","2025-02-07","74.66"
"89","2025-02-06","74.29"
"90","2025-02-05","74.61"
"91","2025-02-04","76.20"
"92","2025-02-03","76.75"
"93","2025-01-31","76.76"
"94","2025-01-30","76.87"
"95","2025-01-29","76.58"
"96","2025-01-28","77.49"
"97","2025-01-27","77.08"
"98","2025-01-24","78.50"
"99","2025-01-23","78.29"
"100","2025-01-22","79.00"
"101","2025-01-21","79.29"
"102","2025-01-17","80.79"
"103","2025-01-16","81.29"
"104","2025-01-15","82.03"
"105","2025-01-14","79.92"
"106","2025-01-13","81.01"
"107","2025-01-10","79.76"
"108","2025-01-09","76.92"
"109","2025-01-08","76.16"
"110","2025-01-07","77.05"
"111","2025-01-06","76.30"
"112","2025-01-03","76.51"
"113","2025-01-02","75.93"
"114","2024-12-31","74.38"
"115","2024-12-30","74.39"
"116","2024-12-27","74.17"
"117","2024-12-26","73.26"
"118","2024-12-24","73.58"
"119","2024-12-23","72.63"
"120","2024-12-20","72.94"
"121","2024-12-19","72.88"
"122","2024-12-18","73.39"
"123","2024-12-17","73.19"
"124","2024-12-16","73.91"
"125","2024-12-13","74.49"
"126","2024-12-12","73.41"
"127","2024-12-11","73.52"
"128","2024-12-10","72.19"
"129","2024-12-09","72.14"
"130","2024-12-06","71.12"
"131","2024-12-05","72.09"
"132","2024-12-04","72.31"
"133","2024-12-03","73.62"
"134","2024-12-02","72.94"
"135","2024-11-29","72.94"
"136","2024-11-27","72.83"
"137","2024-11-26","72.81"
"138","2024-11-25","73.01"
"139","2024-11-22","75.17"
"140","2024-11-21","74.23"
"141","2024-11-20","72.81"
"142","2024-11-19","73.31"
"143","2024-11-18","73.30"
"144","2024-11-15","71.04"
"145","2024-11-14","72.56"
"146","2024-11-13","72.28"
"147","2024-11-12","71.89"
"148","2024-11-11","71.83"
"149","2024-11-08","73.87"
"150","2024-11-07","75.63"
"151","2024-11-06","74.92"
"152","2024-11-05","75.53"
"153","2024-11-04","75.08"
"154","2024-11-01","73.16"
"155","2024-10-31","73.16"
"156","2024-10-30","72.55"
"157","2024-10-29","71.12"
"158","2024-10-28","71.42"
"159","2024-10-25","76.05"
"160","2024-10-24","74.38"
"161","2024-10-23","74.96"
"162","2024-10-22","76.04"
"163","2024-10-21","74.29"
"164","2024-10-18","73.06"
"165","2024-10-17","74.45"
"166","2024-10-16","74.22"
"167","2024-10-15","74.25"
"168","2024-10-14","77.46"
"169","2024-10-11","79.04"
"170","2024-10-10","79.40"
"171","2024-10-09","76.58"
"172","2024-10-08","77.18"
"173","2024-10-07","80.93"
"174","2024-10-04","78.05"
"175","2024-10-03","77.62"
"176","2024-10-02","73.90"
"177","2024-10-01","71.80"
"178","2024-09-30","71.77"
"179","2024-09-27","71.98"
"180","2024-09-26","71.60"
"181","2024-09-25","73.46"
"182","2024-09-24","75.17"
"183","2024-09-23","73.90"
"184","2024-09-20","74.49"
"185","2024-09-19","74.88"
"186","2024-09-18","73.65"
"187","2024-09-17","73.70"
"188","2024-09-16","72.75"
"189","2024-09-13","71.61"
"190","2024-09-12","71.97"
"191","2024-09-11","70.61"
"192","2024-09-10","69.19"
"193","2024-09-09","71.84"
"194","2024-09-06","71.06"
"195","2024-09-05","72.69"
"196","2024-09-04","72.70"
"197","2024-09-03","78.77"
"198","2024-08-30","78.80"
"199","2024-08-29","79.94"
"200","2024-08-28","78.65"
"201","2024-08-27","79.55"
"202","2024-08-26","81.43"
"203","2024-08-23","79.02"
"204","2024-08-22","77.22"
"205","2024-08-21","76.05"
"206","2024-08-20","77.20"
"207","2024-08-19","77.66"
"208","2024-08-16","79.68"
"209","2024-08-15","81.04"
"210","2024-08-14","79.76"
"211","2024-08-13","80.69"
"212","2024-08-12","82.30"
"213","2024-08-09","79.66"
"214","2024-08-08","79.16"
"215","2024-08-07","78.33"
"216","2024-08-06","76.48"
"217","2024-08-05","76.30"
"218","2024-08-02","76.81"
"219","2024-08-01","80.77"
"220","2024-07-31","80.72"
"221","2024-07-30","78.63"
"222","2024-07-29","79.78"
"223","2024-07-26","81.13"
"224","2024-07-25","82.37"
"225","2024-07-24","81.71"
"226","2024-07-23","81.01"
"227","2024-07-22","82.40"
"228","2024-07-19","82.63"
"229","2024-07-18","85.11"
"230","2024-07-17","85.08"
"231","2024-07-16","83.73"
"232","2024-07-15","84.85"
"233","2024-07-12","85.03"
"234","2024-07-11","85.40"
"235","2024-07-10","85.08"
"236","2024-07-09","84.66"
"237","2024-07-08","85.75"
"238","2024-07-05","86.54"
"239","2024-07-03","87.34"
"240","2024-07-02","86.24"
"241","2024-07-01","86.40"
"242","2024-06-28","86.41"
"243","2024-06-27","86.39"
"244","2024-06-26","85.25"
"245","2024-06-25","85.01"
"246","2024-06-24","86.01"
"247","2024-06-21","85.24"
"248","2024-06-20","85.71"
"249","2024-06-18","85.33"
"250","2024-06-17","84.25"
"251","2024-06-14","82.62"
"252","2024-06-13","82.75"
"253","2024-06-12","82.60"
"254","2024-06-11","81.92"
"255","2024-06-10","81.63"
"256","2024-06-07","79.62"
"257","2024-06-06","79.87"
"258","2024-06-05","78.41"
"259","2024-06-04","77.52"
"260","2024-06-03","81.61"
"261","2024-05-31","81.62"
"262","2024-05-30","81.86"
"263","2024-05-29","83.60"
"264","2024-05-28","84.22"
"265","2024-05-24","82.12"
"266","2024-05-23","81.36"
"267","2024-05-22","81.90"
"268","2024-05-21","82.88"
"269","2024-05-20","83.71"
"270","2024-05-17","83.98"
"271","2024-05-16","83.27"
"272","2024-05-15","82.75"
"273","2024-05-14","82.38"
"274","2024-05-13","83.36"
"275","2024-05-10","82.79"
"276","2024-05-09","83.88"
"277","2024-05-08","83.58"
"278","2024-05-07","83.16"
"279","2024-05-06","83.33"
"280","2024-05-03","82.96"
"281","2024-05-02","83.67"
"282","2024-05-01","87.89"
"283","2024-04-30","87.86"
"284","2024-04-29","88.40"
"285","2024-04-26","89.50"
"286","2024-04-25","89.01"
"287","2024-04-24","88.02"
"288","2024-04-23","88.42"
"289","2024-04-22","87.00"
"290","2024-04-19","87.29"
"291","2024-04-18","87.11"
"292","2024-04-17","87.29"
"293","2024-04-16","90.02"
"294","2024-04-15","90.10"
"295","2024-04-12","90.45"
"296","2024-04-11","89.74"
"297","2024-04-10","90.48"
"298","2024-04-09","89.42"
"299","2024-04-08","90.38"
"300","2024-04-05","91.17"
"301","2024-04-04","90.65"
"302","2024-04-03","89.35"
"303","2024-04-02","88.92"
"304","2024-04-01","87.42"
"305","2024-03-28","87.48"
"306","2024-03-27","86.09"
"307","2024-03-26","86.25"
"308","2024-03-25","86.75"
"309","2024-03-22","85.43"
"310","2024-03-21","85.78"
"311","2024-03-20","85.95"
"312","2024-03-19","87.38"
"313","2024-03-18","86.89"
"314","2024-03-15","85.34"
"315","2024-03-14","85.42"
"316","2024-03-13","84.03"
"317","2024-03-12","81.92"
"318","2024-03-11","82.21"
"319","2024-03-08","82.08"
"320","2024-03-07","82.96"
"321","2024-03-06","82.96"
"322","2024-03-05","82.04"
"323","2024-03-04","82.80"
"324","2024-03-01","83.56"
"325","2024-02-29","83.62"
"326","2024-02-28","83.68"
"327","2024-02-27","83.65"
"328","2024-02-26","82.53"
"329","2024-02-23","81.62"
"330","2024-02-22","83.67"
"331","2024-02-21","83.03"
"332","2024-02-20","82.34"
"333","2024-02-16","83.47"
"334","2024-02-15","82.86"
"335","2024-02-14","81.60"
"336","2024-02-13","82.77"
"337","2024-02-12","82.00"
"338","2024-02-09","82.19"
"339","2024-02-08","81.63"
"340","2024-02-07","79.21"
"341","2024-02-06","78.59"
"342","2024-02-05","77.99"
"343","2024-02-02","77.33"
"344","2024-02-01","81.74"
"345","2024-01-31","81.71"
"346","2024-01-30","82.87"
"347","2024-01-29","82.40"
"348","2024-01-26","83.55"
"349","2024-01-25","82.43"
"350","2024-01-24","80.04"
"351","2024-01-23","79.55"
"352","2024-01-22","80.06"
"353","2024-01-19","78.56"
"354","2024-01-18","79.10"
"355","2024-01-17","77.88"
"356","2024-01-16","78.29"
"357","2024-01-12","78.29"
"358","2024-01-11","77.41"
"359","2024-01-10","76.80"
"360","2024-01-09","77.59"
"361","2024-01-08","76.12"
"362","2024-01-05","78.76"
"363","2024-01-04","77.59"
"364","2024-01-03","78.25"
"365","2024-01-02","75.89"
"366","2023-12-29","78.42"
"367","2023-12-28","78.39"
"368","2023-12-27","79.65"
"369","2023-12-26","81.07"
"370","2023-12-22","79.07"
"371","2023-12-21","79.39"
"372","2023-12-20","79.70"
"373","2023-12-19","79.23"
"374","2023-12-18","77.95"
"375","2023-12-15","76.55"
"376","2023-12-14","76.61"
"377","2023-12-13","74.26"
"378","2023-12-12","73.24"
"379","2023-12-11","76.03"
"380","2023-12-08","75.84"
"381","2023-12-07","74.05"
"382","2023-12-06","74.30"
"383","2023-12-05","77.20"
"384","2023-12-04","78.03"
"385","2023-12-01","82.83"
"386","2023-11-30","82.83"
"387","2023-11-29","83.10"
"388","2023-11-28","81.68"
"389","2023-11-27","79.98"
"390","2023-11-24","80.58"
"391","2023-11-22","81.96"
"392","2023-11-21","82.45"
"393","2023-11-20","82.32"
"394","2023-11-17","80.61"
"395","2023-11-16","77.42"
"396","2023-11-15","81.18"
"397","2023-11-14","82.47"
"398","2023-11-13","82.52"
"399","2023-11-10","81.43"
"400","2023-11-09","80.01"
"401","2023-11-08","79.54"
"402","2023-11-07","81.61"
"403","2023-11-06","85.18"
"404","2023-11-03","84.89"
"405","2023-11-02","86.85"
"406","2023-11-01","87.42"
"407","2023-10-31","87.41"
"408","2023-10-30","87.45"
"409","2023-10-27","90.48"
"410","2023-10-26","87.93"
"411","2023-10-25","90.13"
"412","2023-10-24","88.07"
"413","2023-10-23","89.83"
"414","2023-10-20","92.16"
"415","2023-10-19","92.38"
"416","2023-10-18","91.50"
"417","2023-10-17","89.90"
"418","2023-10-16","89.65"
"419","2023-10-13","90.89"
"420","2023-10-12","86.00"
"421","2023-10-11","85.82"
"422","2023-10-10","87.65"
"423","2023-10-09","88.15"
"424","2023-10-06","84.58"
"425","2023-10-05","84.07"
"426","2023-10-04","85.81"
"427","2023-10-03","90.92"
"428","2023-10-02","95.26"
"429","2023-09-29","95.31"
"430","2023-09-28","95.38"
"431","2023-09-27","96.55"
"432","2023-09-26","93.96"
"433","2023-09-25","93.29"
"434","2023-09-22","93.27"
"435","2023-09-21","93.30"
"436","2023-09-20","93.53"
"437","2023-09-19","94.34"
"438","2023-09-18","94.43"
"439","2023-09-15","93.93"
"440","2023-09-14","93.70"
"441","2023-09-13","91.88"
"442","2023-09-12","92.06"
"443","2023-09-11","90.64"
"444","2023-09-08","90.65"
"445","2023-09-07","89.92"
"446","2023-09-06","90.60"
"447","2023-09-05","90.04"
"448","2023-09-01","86.84"
"449","2023-08-31","86.86"
"450","2023-08-30","85.86"
"451","2023-08-29","85.49"
"452","2023-08-28","84.42"
"453","2023-08-25","84.48"
"454","2023-08-24","83.36"
"455","2023-08-23","83.21"
"456","2023-08-22","84.03"
"457","2023-08-21","84.46"
"458","2023-08-18","84.80"
"459","2023-08-17","84.12"
"460","2023-08-16","83.45"
"461","2023-08-15","84.89"
"462","2023-08-14","86.21"
"463","2023-08-11","86.81"
"464","2023-08-10","86.40"
"465","2023-08-09","87.55"
"466","2023-08-08","86.17"
"467","2023-08-07","85.34"
"468","2023-08-04","86.24"
"469","2023-08-03","85.14"
"470","2023-08-02","83.20"
"471","2023-08-01","85.54"
"472","2023-07-31","85.56"
"473","2023-07-28","84.99"
"474","2023-07-27","84.24"
"475","2023-07-26","82.92"
"476","2023-07-25","83.64"
"477","2023-07-24","82.74"
"478","2023-07-21","81.07"
"479","2023-07-20","79.64"
"480","2023-07-19","79.46"
"481","2023-07-18","79.63"
"482","2023-07-17","78.50"
"483","2023-07-14","79.87"
"484","2023-07-13","81.36"
"485","2023-07-12","80.11"
"486","2023-07-11","79.40"
"487","2023-07-10","77.69"
"488","2023-07-07","78.47"
"489","2023-07-06","76.52"
"490","2023-07-05","76.65"
"491","2023-06-30","74.90"
"492","2023-06-29","74.34"
"493","2023-06-28","74.03"
"494","2023-06-27","72.26"
"495","2023-06-26","74.18"
"496","2023-06-23","73.85"
"497","2023-06-22","74.14"
"498","2023-06-21","77.12"
"499","2023-06-20","75.90"
"500","2023-06-16","76.61"
"501","2023-06-15","75.67"
"502","2023-06-14","73.20"
"503","2023-06-13","74.29"
"504","2023-06-12","71.84"
"505","2023-06-09","74.79"
"506","2023-06-08","75.96"
"507","2023-06-07","76.95"
"508","2023-06-06","76.29"
"509","2023-06-05","76.71"
"510","2023-06-02","76.13"
"511","2023-06-01","72.68"
"512","2023-05-31","72.66"
"513","2023-05-30","73.54"
"514","2023-05-26","76.95"
"515","2023-05-25","76.26"
"516","2023-05-24","78.36"
"517","2023-05-23","76.84"
"518","2023-05-22","75.99"
"519","2023-05-19","75.58"
"520","2023-05-18","75.86"
"521","2023-05-17","76.96"
"522","2023-05-16","74.91"
"523","2023-05-15","75.23"
"524","2023-05-12","74.17"
"525","2023-05-11","74.98"
"526","2023-05-10","76.41"
"527","2023-05-09","77.44"
"528","2023-05-08","77.01"
"529","2023-05-05","75.30"
"530","2023-05-04","72.50"
"531","2023-05-03","72.33"
"532","2023-05-02","75.32"
"533","2023-05-01","79.54"
"534","2023-04-28","79.54"
"535","2023-04-27","78.37"
"536","2023-04-26","77.69"
"537","2023-04-25","80.77"
"538","2023-04-24","82.73"
"539","2023-04-21","81.66"
"540","2023-04-20","81.10"
"541","2023-04-19","83.12"
"542","2023-04-18","84.77"
"543","2023-04-17","84.76"
"544","2023-04-14","86.31"
"545","2023-04-13","86.09"
"546","2023-04-12","87.33"
"547","2023-04-11","85.61"
"548","2023-04-10","84.18"
"549","2023-04-06","85.12"
"550","2023-04-05","84.99"
"551","2023-04-04","84.94"
"552","2023-04-03","79.74"
"553","2023-03-31","79.77"
"554","2023-03-30","79.27"
"555","2023-03-29","78.28"
"556","2023-03-28","78.65"
"557","2023-03-27","78.12"
"558","2023-03-24","74.99"
"559","2023-03-23","75.91"
"560","2023-03-22","76.69"
"561","2023-03-21","75.32"
"562","2023-03-20","73.79"
"563","2023-03-17","72.97"
"564","2023-03-16","74.70"
"565","2023-03-15","73.69"
"566","2023-03-14","77.45"
"567","2023-03-13","80.77"
"568","2023-03-10","82.78"
"569","2023-03-09","81.59"
"570","2023-03-08","82.66"
"571","2023-03-07","83.29"
"572","2023-03-06","86.18"
"573","2023-03-03","85.83"
"574","2023-03-02","84.75"
"575","2023-03-01","83.89"
"576","2023-02-28","83.89"
"577","2023-02-27","82.45"
"578","2023-02-24","83.16"
"579","2023-02-23","82.21"
"580","2023-02-22","80.60"
"581","2023-02-21","83.05"
"582","2023-02-17","83.00"
"583","2023-02-16","85.14"
"584","2023-02-15","85.38"
"585","2023-02-14","85.58"
"586","2023-02-13","86.61"
"587","2023-02-10","86.39"
"588","2023-02-09","84.50"
"589","2023-02-08","85.09"
"590","2023-02-07","83.69"
"591","2023-02-06","80.99"
"592","2023-02-03","79.94"
"593","2023-02-02","82.17"
"594","2023-02-01","84.51"
"595","2023-01-31","84.49"
"596","2023-01-30","84.90"
"597","2023-01-27","86.66"
"598","2023-01-26","87.47"
"599","2023-01-25","86.12"
"600","2023-01-24","86.13"
"601","2023-01-23","88.19"
"602","2023-01-20","87.63"
"603","2023-01-19","86.16"
"604","2023-01-18","84.98"
"605","2023-01-17","85.92"
"606","2023-01-13","85.28"
"607","2023-01-12","84.03"
"608","2023-01-11","82.67"
"609","2023-01-10","80.10"
"610","2023-01-09","79.65"
"611","2023-01-06","78.57"
"612","2023-01-05","78.69"
"613","2023-01-04","77.84"
"614","2023-01-03","82.10"
"615","2022-12-30","82.32"
"616","2022-12-29","82.26"
"617","2022-12-28","83.26"
"618","2022-12-27","84.33"
"619","2022-12-23","83.92"
"620","2022-12-22","80.98"
"621","2022-12-21","82.20"
"622","2022-12-20","79.99"
"623","2022-12-19","79.80"
"624","2022-12-16","79.04"
"625","2022-12-15","81.21"
"626","2022-12-14","82.70"
"627","2022-12-13","80.68"
"628","2022-12-12","77.99"
"629","2022-12-09","76.10"
"630","2022-12-08","76.15"
"631","2022-12-07","77.17"
"632","2022-12-06","79.35"
"633","2022-12-05","82.68"
"634","2022-12-02","85.57"
"635","2022-12-01","85.42"
"636","2022-11-30","85.43"
"637","2022-11-29","83.03"
"638","2022-11-28","83.19"
"639","2022-11-25","83.63"
"640","2022-11-23","85.41"
"641","2022-11-22","88.36"
"642","2022-11-21","87.45"
"643","2022-11-18","87.62"
"644","2022-11-17","89.78"
"645","2022-11-16","92.86"
"646","2022-11-15","93.86"
"647","2022-11-14","93.14"
"648","2022-11-11","95.99"
"649","2022-11-10","93.67"
"650","2022-11-09","92.65"
"651","2022-11-08","95.36"
"652","2022-11-07","97.92"
"653","2022-11-04","98.57"
"654","2022-11-03","94.67"
"655","2022-11-02","96.16"
"656","2022-11-01","94.80"
"657","2022-10-31","94.83"
"658","2022-10-28","95.77"
"659","2022-10-27","96.96"
"660","2022-10-26","95.69"
"661","2022-10-25","93.52"
"662","2022-10-24","93.26"
"663","2022-10-21","93.50"
"664","2022-10-20","92.38"
"665","2022-10-19","92.41"
"666","2022-10-18","90.03"
"667","2022-10-17","91.62"
"668","2022-10-14","91.63"
"669","2022-10-13","94.57"
"670","2022-10-12","92.45"
"671","2022-10-11","94.29"
"672","2022-10-10","96.19"
"673","2022-10-07","97.92"
"674","2022-10-06","94.42"
"675","2022-10-05","93.37"
"676","2022-10-04","91.80"
"677","2022-10-03","87.91"
"678","2022-09-30","87.96"
"679","2022-09-29","88.49"
"680","2022-09-28","89.32"
"681","2022-09-27","86.27"
"682","2022-09-26","84.06"
"683","2022-09-23","86.15"
"684","2022-09-22","90.46"
"685","2022-09-21","89.83"
"686","2022-09-20","90.62"
"687","2022-09-19","92.00"
"688","2022-09-16","91.35"
"689","2022-09-15","90.84"
"690","2022-09-14","94.10"
"691","2022-09-13","93.17"
"692","2022-09-12","94.00"
"693","2022-09-09","92.84"
"694","2022-09-08","89.15"
"695","2022-09-07","88.00"
"696","2022-09-06","92.83"
"697","2022-09-02","93.02"
"698","2022-09-01","96.59"
"699","2022-08-31","96.49"
"700","2022-08-30","99.31"
"701","2022-08-29","105.09"
"702","2022-08-26","100.99"
"703","2022-08-25","99.34"
"704","2022-08-24","101.22"
"705","2022-08-23","100.22"
"706","2022-08-22","96.48"
"707","2022-08-19","96.72"
"708","2022-08-18","96.59"
"709","2022-08-17","93.65"
"710","2022-08-16","92.34"
"711","2022-08-15","95.10"
"712","2022-08-12","98.15"
"713","2022-08-11","99.60"
"714","2022-08-10","97.40"
"715","2022-08-09","96.31"
"716","2022-08-08","96.65"
"717","2022-08-05","94.92"
"718","2022-08-04","94.12"
"719","2022-08-03","96.78"
"720","2022-08-02","100.54"
"721","2022-08-01","109.90"
"722","2022-07-29","110.01"
"723","2022-07-28","107.14"
"724","2022-07-27","106.62"
"725","2022-07-26","104.40"
"726","2022-07-25","105.15"
"727","2022-07-22","103.20"
"728","2022-07-21","103.86"
"729","2022-07-20","106.92"
"730","2022-07-19","107.35"
"731","2022-07-18","106.27"
"732","2022-07-15","101.16"
"733","2022-07-14","99.10"
"734","2022-07-13","99.57"
"735","2022-07-12","99.49"
"736","2022-07-11","107.10"
"737","2022-07-08","107.02"
"738","2022-07-07","104.65"
"739","2022-07-06","100.69"
"740","2022-07-05","102.77"
"741","2022-07-01","114.79"
"742","2022-06-30","114.81"
"743","2022-06-29","116.26"
"744","2022-06-28","117.98"
"745","2022-06-27","115.09"
"746","2022-06-24","113.12"
"747","2022-06-23","110.05"
"748","2022-06-22","111.74"
"749","2022-06-21","114.65"
"750","2022-06-17","113.12"
"751","2022-06-16","119.81"
"752","2022-06-15","118.51"
"753","2022-06-14","121.17"
"754","2022-06-13","122.27"
"755","2022-06-10","122.01"
"756","2022-06-09","123.07"
"757","2022-06-08","123.58"
"758","2022-06-07","120.57"
"759","2022-06-06","119.51"
"760","2022-06-03","119.72"
"761","2022-06-02","117.61"
"762","2022-06-01","122.61"
"763","2022-05-31","122.84"
"764","2022-05-27","119.43"
"765","2022-05-26","117.40"
"766","2022-05-25","113.02"
"767","2022-05-24","113.56"
"768","2022-05-23","113.42"
"769","2022-05-20","112.55"
"770","2022-05-19","112.04"
"771","2022-05-18","109.11"
"772","2022-05-17","111.93"
"773","2022-05-16","114.24"
"774","2022-05-13","111.55"
"775","2022-05-12","107.45"
"776","2022-05-11","107.51"
"777","2022-05-10","102.46"
"778","2022-05-09","105.94"
"779","2022-05-06","112.39"
"780","2022-05-05","110.90"
"781","2022-05-04","110.14"
"782","2022-05-03","104.97"
"783","2022-05-02","109.36"
"784","2022-04-29","109.34"
"785","2022-04-28","107.59"
"786","2022-04-27","105.32"
"787","2022-04-26","104.99"
"788","2022-04-25","102.32"
"789","2022-04-22","106.65"
"790","2022-04-21","108.33"
"791","2022-04-20","106.80"
"792","2022-04-19","107.25"
"793","2022-04-18","113.16"
"794","2022-04-14","111.70"
"795","2022-04-13","108.78"
"796","2022-04-12","104.64"
"797","2022-04-11","98.48"
"798","2022-04-08","102.78"
"799","2022-04-07","100.58"
"800","2022-04-06","101.07"
"801","2022-04-05","106.64"
"802","2022-04-04","107.53"
"803","2022-04-01","107.67"
"804","2022-03-31","107.91"
"805","2022-03-30","113.45"
"806","2022-03-29","110.23"
"807","2022-03-28","112.48"
"808","2022-03-25","120.65"
"809","2022-03-24","119.03"
"810","2022-03-23","121.60"
"811","2022-03-22","115.48"
"812","2022-03-21","115.62"
"813","2022-03-18","107.93"
"814","2022-03-17","106.64"
"815","2022-03-16","98.02"
"816","2022-03-15","99.91"
"817","2022-03-14","106.90"
"818","2022-03-11","112.67"
"819","2022-03-10","109.33"
"820","2022-03-09","111.14"
"821","2022-03-08","127.98"
"822","2022-03-07","123.21"
"823","2022-03-04","118.11"
"824","2022-03-03","110.46"
"825","2022-03-02","112.93"
"826","2022-03-01","100.85"
"827","2022-02-28","100.99"
"828","2022-02-25","97.93"
"829","2022-02-24","99.08"
"830","2022-02-23","96.84"
"831","2022-02-22","96.84"
"832","2022-02-18","93.54"
"833","2022-02-17","92.97"
"834","2022-02-16","94.81"
"835","2022-02-15","93.28"
"836","2022-02-14","96.48"
"837","2022-02-11","94.44"
"838","2022-02-10","91.41"
"839","2022-02-09","91.55"
"840","2022-02-08","90.78"
"841","2022-02-07","92.69"
"842","2022-02-04","93.27"
"843","2022-02-03","91.11"
"844","2022-02-02","89.47"
"845","2022-02-01","91.29"
"846","2022-01-31","91.21"
"847","2022-01-28","90.03"
"848","2022-01-27","89.34"
"849","2022-01-26","89.96"
"850","2022-01-25","88.20"
"851","2022-01-24","86.27"
"852","2022-01-21","87.89"
"853","2022-01-20","88.38"
"854","2022-01-19","88.44"
"855","2022-01-18","87.51"
"856","2022-01-14","86.06"
"857","2022-01-13","84.47"
"858","2022-01-12","84.67"
"859","2022-01-11","83.72"
"860","2022-01-10","80.87"
"861","2022-01-07","81.75"
"862","2022-01-06","81.99"
"863","2022-01-05","80.80"
"864","2022-01-04","80.00"
"865","2022-01-03","78.98"
"866","2021-12-31","79.20"
"867","2021-12-30","79.32"
"868","2021-12-29","79.23"
"869","2021-12-28","78.94"
"870","2021-12-27","78.60"
"871","2021-12-23","76.85"
"872","2021-12-22","75.29"
"873","2021-12-21","73.98"
"874","2021-12-20","71.52"
"875","2021-12-17","73.52"
"876","2021-12-16","75.02"
"877","2021-12-15","73.88"
"878","2021-12-14","73.70"
"879","2021-12-13","74.39"
"880","2021-12-10","75.15"
"881","2021-12-09","74.42"
"882","2021-12-08","75.82"
"883","2021-12-07","75.44"
"884","2021-12-06","73.08"
"885","2021-12-03","69.88"
"886","2021-12-02","69.67"
"887","2021-12-01","70.54"
"888","2021-11-30","70.57"
"889","2021-11-29","73.44"
"890","2021-11-26","72.72"
"891","2021-11-24","82.25"
"892","2021-11-23","82.31"
"893","2021-11-22","79.70"
"894","2021-11-19","78.89"
"895","2021-11-18","81.24"
"896","2021-11-17","80.28"
"897","2021-11-16","82.43"
"898","2021-11-15","82.05"
"899","2021-11-12","82.17"
"900","2021-11-11","82.87"
"901","2021-11-10","82.64"
"902","2021-11-09","84.78"
"903","2021-11-08","83.43"
"904","2021-11-05","82.74"
"905","2021-11-04","80.54"
"906","2021-11-03","81.99"
"907","2021-11-02","84.72"
"908","2021-11-01","84.38"
"909","2021-10-29","84.38"
"910","2021-10-28","84.32"
"911","2021-10-27","84.58"
"912","2021-10-26","86.40"
"913","2021-10-25","85.99"
"914","2021-10-22","85.53"
"915","2021-10-21","84.61"
"916","2021-10-20","85.82"
"917","2021-10-19","85.08"
"918","2021-10-18","84.33"
"919","2021-10-15","84.86"
"920","2021-10-14","84.00"
"921","2021-10-13","83.18"
"922","2021-10-12","83.42"
"923","2021-10-11","83.65"
"924","2021-10-08","82.39"
"925","2021-10-07","81.95"
"926","2021-10-06","81.08"
"927","2021-10-05","82.56"
"928","2021-10-04","81.26"
"929","2021-10-01","78.49"
"930","2021-09-30","78.52"
"931","2021-09-29","78.64"
"932","2021-09-28","79.09"
"933","2021-09-27","79.53"
"934","2021-09-24","78.09"
"935","2021-09-23","77.25"
"936","2021-09-22","76.19"
"937","2021-09-21","74.36"
"938","2021-09-20","73.92"
"939","2021-09-17","75.34"
"940","2021-09-16","75.67"
"941","2021-09-15","75.46"
"942","2021-09-14","73.60"
"943","2021-09-13","73.51"
"944","2021-09-10","72.92"
"945","2021-09-09","71.45"
"946","2021-09-08","72.60"
"947","2021-09-07","71.69"
"948","2021-09-03","72.61"
"949","2021-09-02","73.03"
"950","2021-09-01","72.94"
"951","2021-08-31","72.99"
"952","2021-08-30","73.41"
"953","2021-08-27","72.70"
"954","2021-08-26","71.07"
"955","2021-08-25","72.25"
"956","2021-08-24","71.05"
"957","2021-08-23","68.75"
"958","2021-08-20","65.18"
"959","2021-08-19","66.45"
"960","2021-08-18","68.23"
"961","2021-08-17","69.03"
"962","2021-08-16","69.51"
"963","2021-08-13","70.59"
"964","2021-08-12","71.31"
"965","2021-08-11","71.44"
"966","2021-08-10","70.63"
"967","2021-08-09","69.04"
"968","2021-08-06","70.70"
"969","2021-08-05","71.29"
"970","2021-08-04","70.38"
"971","2021-08-03","72.41"
"972","2021-08-02","76.29"
"973","2021-07-30","76.33"
"974","2021-07-29","76.05"
"975","2021-07-28","74.74"
"976","2021-07-27","74.48"
"977","2021-07-26","74.50"
"978","2021-07-23","74.10"
"979","2021-07-22","73.79"
"980","2021-07-21","72.23"
"981","2021-07-20","69.35"
"982","2021-07-19","68.62"
"983","2021-07-16","73.59"
"984","2021-07-15","73.47"
"985","2021-07-14","74.76"
"986","2021-07-13","76.49"
"987","2021-07-12","75.16"
"988","2021-07-09","75.55"
"989","2021-07-08","74.12"
"990","2021-07-07","73.43"
"991","2021-07-06","74.53"
"992","2021-07-02","76.17"
"993","2021-07-01","75.11"
"994","2021-06-30","75.13"
"995","2021-06-29","74.76"
"996","2021-06-28","74.68"
"997","2021-06-25","76.18"
"998","2021-06-24","75.56"
"999","2021-06-23","75.19"
"1000","2021-06-22","74.81"
"1001","2021-06-21","74.90"
"1002","2021-06-18","73.51"
"1003","2021-06-17","73.08"
"1004","2021-06-16","74.39"
"1005","2021-06-15","73.99"
"1006","2021-06-14","72.86"
"1007","2021-06-11","72.69"
"1008","2021-06-10","72.52"
"1009","2021-06-09","72.22"
"1010","2021-06-08","72.22"
"1011","2021-06-07","71.49"
"1012","2021-06-04","71.89"
"1013","2021-06-03","71.31"
"1014","2021-06-02","71.35"
"1015","2021-06-01","69.63"
"1016","2021-05-28","69.63"
"1017","2021-05-27","69.46"
"1018","2021-05-26","68.87"
"1019","2021-05-25","68.65"
"1020","2021-05-24","68.46"
"1021","2021-05-21","66.44"
"1022","2021-05-20","65.11"
"1023","2021-05-19","66.66"
"1024","2021-05-18","68.71"
"1025","2021-05-17","69.46"
"1026","2021-05-14","68.71"
"1027","2021-05-13","67.05"
"1028","2021-05-12","69.32"
"1029","2021-05-11","68.55"
"1030","2021-05-10","68.32"
"1031","2021-05-07","68.28"
"1032","2021-05-06","68.09"
"1033","2021-05-05","68.96"
"1034","2021-05-04","68.88"
"1035","2021-05-03","67.29"
"1036","2021-04-30","67.25"
"1037","2021-04-29","68.56"
"1038","2021-04-28","67.27"
"1039","2021-04-27","66.42"
"1040","2021-04-26","65.65"
"1041","2021-04-23","66.11"
"1042","2021-04-22","65.40"
"1043","2021-04-21","65.32"
"1044","2021-04-20","66.57"
"1045","2021-04-19","67.05"
"1046","2021-04-16","66.77"
"1047","2021-04-15","66.94"
"1048","2021-04-14","66.58"
"1049","2021-04-13","63.67"
"1050","2021-04-12","63.28"
"1051","2021-04-09","62.95"
"1052","2021-04-08","63.20"
"1053","2021-04-07","63.16"
"1054","2021-04-06","62.74"
"1055","2021-04-05","62.15"
"1056","2021-04-01","63.60"
"1057","2021-03-31","63.54"
"1058","2021-03-30","64.14"
"1059","2021-03-29","64.98"
"1060","2021-03-26","64.57"
"1061","2021-03-25","61.95"
"1062","2021-03-24","64.41"
"1063","2021-03-23","60.79"
"1064","2021-03-22","64.62"
"1065","2021-03-19","64.53"
"1066","2021-03-18","63.28"
"1067","2021-03-17","68.00"
"1068","2021-03-16","68.39"
"1069","2021-03-15","68.88"
"1070","2021-03-12","69.22"
"1071","2021-03-11","69.63"
"1072","2021-03-10","67.90"
"1073","2021-03-09","67.52"
"1074","2021-03-08","68.24"
"1075","2021-03-05","69.36"
"1076","2021-03-04","66.74"
"1077","2021-03-03","64.07"
"1078","2021-03-02","62.70"
"1079","2021-03-01","65.95"
"1080","2021-02-26","66.13"
"1081","2021-02-25","66.88"
"1082","2021-02-24","67.04"
"1083","2021-02-23","65.37"
"1084","2021-02-22","65.24"
"1085","2021-02-19","62.91"
"1086","2021-02-18","63.93"
"1087","2021-02-17","64.34"
"1088","2021-02-16","63.35"
"1089","2021-02-12","62.43"
"1090","2021-02-11","61.14"
"1091","2021-02-10","61.47"
"1092","2021-02-09","61.09"
"1093","2021-02-08","60.56"
"1094","2021-02-05","59.34"
"1095","2021-02-04","58.84"
"1096","2021-02-03","58.46"
"1097","2021-02-02","57.46"
"1098","2021-02-01","55.88"
"1099","2021-01-29","55.88"
"1100","2021-01-28","55.53"
"1101","2021-01-27","55.81"
"1102","2021-01-26","55.91"
"1103","2021-01-25","55.88"
"1104","2021-01-22","55.41"
"1105","2021-01-21","56.10"
"1106","2021-01-20","56.08"
"1107","2021-01-19","55.90"
"1108","2021-01-15","55.10"
"1109","2021-01-14","56.42"
"1110","2021-01-13","56.06"
"1111","2021-01-12","56.58"
"1112","2021-01-11","55.66"
"1113","2021-01-08","55.99"
"1114","2021-01-07","54.38"
"1115","2021-01-06","54.30"
"1116","2021-01-05","53.60"
"1117","2021-01-04","51.09"
"1118","2020-12-31","51.80"
"1119","2020-12-30","51.34"
"1120","2020-12-29","51.09"
"1121","2020-12-28","50.86"
"1122","2020-12-24","51.29"
"1123","2020-12-23","51.20"
"1124","2020-12-22","50.08"
"1125","2020-12-21","50.91"
"1126","2020-12-18","52.26"
"1127","2020-12-17","51.50"
"1128","2020-12-16","51.08"
"1129","2020-12-15","50.76"
"1130","2020-12-14","50.29"
"1131","2020-12-11","49.97"
"1132","2020-12-10","50.25"
"1133","2020-12-09","48.86"
"1134","2020-12-08","48.84"
"1135","2020-12-07","48.79"
"1136","2020-12-04","49.25"
"1137","2020-12-03","48.71"
"1138","2020-12-02","48.25"
"1139","2020-12-01","47.61"
"1140","2020-11-30","47.59"
"1141","2020-11-27","48.18"
"1142","2020-11-25","48.61"
"1143","2020-11-24","47.86"
"1144","2020-11-23","46.06"
"1145","2020-11-20","44.96"
"1146","2020-11-19","44.20"
"1147","2020-11-18","44.34"
"1148","2020-11-17","43.75"
"1149","2020-11-16","43.82"
"1150","2020-11-13","42.78"
"1151","2020-11-12","43.53"
"1152","2020-11-11","43.80"
"1153","2020-11-10","43.61"
"1154","2020-11-09","42.40"
"1155","2020-11-06","39.45"
"1156","2020-11-05","40.93"
"1157","2020-11-04","41.23"
"1158","2020-11-03","39.71"
"1159","2020-11-02","37.46"
"1160","2020-10-30","37.46"
"1161","2020-10-29","37.65"
"1162","2020-10-28","39.12"
"1163","2020-10-27","41.20"
"1164","2020-10-26","40.46"
"1165","2020-10-23","41.77"
"1166","2020-10-22","42.46"
"1167","2020-10-21","41.73"
"1168","2020-10-20","43.16"
"1169","2020-10-19","42.62"
"1170","2020-10-16","42.93"
"1171","2020-10-15","43.16"
"1172","2020-10-14","43.32"
"1173","2020-10-13","42.45"
"1174","2020-10-12","41.72"
"1175","2020-10-09","42.85"
"1176","2020-10-08","43.34"
"1177","2020-10-07","41.99"
"1178","2020-10-06","42.65"
"1179","2020-10-05","41.29"
"1180","2020-10-02","39.27"
"1181","2020-10-01","40.96"
"1182","2020-09-30","40.95"
"1183","2020-09-29","41.03"
"1184","2020-09-28","42.43"
"1185","2020-09-25","41.92"
"1186","2020-09-24","41.94"
"1187","2020-09-23","41.77"
"1188","2020-09-22","41.72"
"1189","2020-09-21","41.44"
"1190","2020-09-18","43.15"
"1191","2020-09-17","43.30"
"1192","2020-09-16","42.22"
"1193","2020-09-15","40.53"
"1194","2020-09-14","39.61"
"1195","2020-09-11","39.83"
"1196","2020-09-10","40.06"
"1197","2020-09-09","40.79"
"1198","2020-09-08","39.78"
"1199","2020-09-04","42.66"
"1200","2020-09-03","44.07"
"1201","2020-09-02","44.43"
"1202","2020-09-01","45.58"
"1203","2020-08-31","45.10"
"1204","2020-08-28","45.05"
"1205","2020-08-27","45.09"
"1206","2020-08-26","45.64"
"1207","2020-08-25","45.86"
"1208","2020-08-24","45.13"
"1209","2020-08-21","44.35"
"1210","2020-08-20","44.90"
"1211","2020-08-19","45.37"
"1212","2020-08-18","45.46"
"1213","2020-08-17","45.37"
"1214","2020-08-14","44.80"
"1215","2020-08-13","44.96"
"1216","2020-08-12","45.43"
"1217","2020-08-11","44.50"
"1218","2020-08-10","44.99"
"1219","2020-08-07","44.40"
"1220","2020-08-06","45.09"
"1221","2020-08-05","45.17"
"1222","2020-08-04","44.43"
"1223","2020-08-03","43.26"
"1224","2020-07-31","43.30"
"1225","2020-07-30","42.94"
"1226","2020-07-29","43.75"
"1227","2020-07-28","43.22"
"1228","2020-07-27","43.41"
"1229","2020-07-24","43.34"
"1230","2020-07-23","43.31"
"1231","2020-07-22","44.29"
"1232","2020-07-21","44.32"
"1233","2020-07-20","43.28"
"1234","2020-07-17","43.14"
"1235","2020-07-16","43.37"
"1236","2020-07-15","43.79"
"1237","2020-07-14","42.90"
"1238","2020-07-13","42.72"
"1239","2020-07-10","43.24"
"1240","2020-07-09","42.35"
"1241","2020-07-08","43.29"
"1242","2020-07-07","43.08"
"1243","2020-07-06","43.10"
"1244","2020-07-02","43.14"
"1245","2020-07-01","41.13"
"1246","2020-06-30","41.15"
"1247","2020-06-29","41.71"
"1248","2020-06-26","41.02"
"1249","2020-06-25","41.05"
"1250","2020-06-24","40.31"
"1251","2020-06-23","42.63"
"1252","2020-06-22","43.08"
"1253","2020-06-19","42.19"
"1254","2020-06-18","41.51"
"1255","2020-06-17","40.71"
"1256","2020-06-16","40.96"
"1257","2020-06-15","39.72"
"1258","2020-06-12","38.73"
"1259","2020-06-11","38.55"
"1260","2020-06-10","41.73"
"1261","2020-06-09","41.18"
"1262","2020-06-08","40.80"
"1263","2020-06-05","42.30"
"1264","2020-06-04","39.99"
"1265","2020-06-03","39.79"
"1266","2020-06-02","39.57"
"1267","2020-06-01","35.32"
"1268","2020-05-29","35.33"
"1269","2020-05-28","35.29"
"1270","2020-05-27","34.74"
"1271","2020-05-26","36.17"
"1272","2020-05-22","35.13"
"1273","2020-05-21","36.06"
"1274","2020-05-20","35.75"
"1275","2020-05-19","34.65"
"1276","2020-05-18","34.81"
"1277","2020-05-15","32.50"
"1278","2020-05-14","31.13"
"1279","2020-05-13","29.19"
"1280","2020-05-12","29.98"
"1281","2020-05-11","29.63"
"1282","2020-05-08","30.97"
"1283","2020-05-07","29.46"
"1284","2020-05-06","29.72"
"1285","2020-05-05","30.97"
"1286","2020-05-04","27.20"
"1287","2020-05-01","25.29"
"1288","2020-04-30","25.27"
"1289","2020-04-29","22.54"
"1290","2020-04-28","20.46"
"1291","2020-04-27","19.99"
"1292","2020-04-24","21.44"
"1293","2020-04-23","21.33"
"1294","2020-04-22","20.37"
"1295","2020-04-21","19.33"
"1296","2020-04-20","25.57"
"1297","2020-04-17","28.08"
"1298","2020-04-16","27.82"
"1299","2020-04-15","27.69"
"1300","2020-04-14","29.60"
"1301","2020-04-13","31.74"
"1302","2020-04-09","31.48"
"1303","2020-04-08","32.84"
"1304","2020-04-07","31.87"
"1305","2020-04-06","33.05"
"1306","2020-04-03","34.11"
"1307","2020-04-02","29.94"
"1308","2020-04-01","22.76"
"1309","2020-03-31","22.74"
"1310","2020-03-30","22.76"
"1311","2020-03-27","24.93"
"1312","2020-03-26","26.34"
"1313","2020-03-25","27.39"
"1314","2020-03-24","27.15"
"1315","2020-03-23","27.03"
"1316","2020-03-20","26.98"
"1317","2020-03-19","28.47"
"1318","2020-03-18","24.88"
"1319","2020-03-17","28.73"
"1320","2020-03-16","30.05"
"1321","2020-03-13","33.85"
"1322","2020-03-12","33.22"
"1323","2020-03-11","35.79"
"1324","2020-03-10","37.22"
"1325","2020-03-09","34.36"
"1326","2020-03-06","45.27"
"1327","2020-03-05","49.99"
"1328","2020-03-04","51.13"
"1329","2020-03-03","51.86"
"1330","2020-03-02","50.48"
"1331","2020-02-28","50.52"
"1332","2020-02-27","52.18"
"1333","2020-02-26","53.43"
"1334","2020-02-25","54.95"
"1335","2020-02-24","56.30"
"1336","2020-02-21","58.50"
"1337","2020-02-20","59.31"
"1338","2020-02-19","59.12"
"1339","2020-02-18","57.75"
"1340","2020-02-14","57.32"
"1341","2020-02-13","56.34"
"1342","2020-02-12","55.79"
"1343","2020-02-11","54.01"
"1344","2020-02-10","53.27"
"1345","2020-02-07","54.47"
"1346","2020-02-06","54.93"
"1347","2020-02-05","55.28"
"1348","2020-02-04","53.96"
"1349","2020-02-03","58.20"
"1350","2020-01-31","58.16"
"1351","2020-01-30","58.29"
"1352","2020-01-29","59.81"
"1353","2020-01-28","59.51"
"1354","2020-01-27","59.32"
"1355","2020-01-24","60.69"
"1356","2020-01-23","62.04"
"1357","2020-01-22","63.21"
"1358","2020-01-21","64.59"
"1359","2020-01-17","64.85"
"1360","2020-01-16","64.62"
"1361","2020-01-15","64.00"
"1362","2020-01-14","64.49"
"1363","2020-01-13","64.20"
"1364","2020-01-10","64.98"
"1365","2020-01-09","65.37"
"1366","2020-01-08","65.44"
"1367","2020-01-07","68.27"
"1368","2020-01-06","68.91"
"1369","2020-01-03","68.60"
"1370","2020-01-02","66.25"
"1371","2019-12-31","68.38"
"1372","2019-12-30","68.44"
"1373","2019-12-27","68.16"
"1374","2019-12-26","67.92"
"1375","2019-12-24","67.20"
"1376","2019-12-23","66.39"
"1377","2019-12-20","66.14"
"1378","2019-12-19","66.54"
"1379","2019-12-18","66.17"
"1380","2019-12-17","66.10"
"1381","2019-12-16","65.34"
"1382","2019-12-13","65.22"
"1383","2019-12-12","64.20"
"1384","2019-12-11","63.72"
"1385","2019-12-10","64.34"
"1386","2019-12-09","64.25"
"1387","2019-12-06","64.39"
"1388","2019-12-05","63.39"
"1389","2019-12-04","63.00"
"1390","2019-12-03","60.82"
"1391","2019-12-02","62.40"
"1392","2019-11-29","62.43"
"1393","2019-11-27","64.06"
"1394","2019-11-26","64.27"
"1395","2019-11-25","63.65"
"1396","2019-11-22","63.39"
"1397","2019-11-21","63.97"
"1398","2019-11-20","62.40"
"1399","2019-11-19","60.91"
"1400","2019-11-18","62.44"
"1401","2019-11-15","63.30"
"1402","2019-11-14","62.28"
"1403","2019-11-13","62.37"
"1404","2019-11-12","62.06"
"1405","2019-11-11","62.18"
"1406","2019-11-08","62.51"
"1407","2019-11-07","62.29"
"1408","2019-11-06","61.74"
"1409","2019-11-05","62.96"
"1410","2019-11-04","62.13"
"1411","2019-11-01","60.21"
"1412","2019-10-31","60.23"
"1413","2019-10-30","60.61"
"1414","2019-10-29","61.59"
"1415","2019-10-28","61.57"
"1416","2019-10-25","62.02"
"1417","2019-10-24","61.67"
"1418","2019-10-23","61.17"
"1419","2019-10-22","59.70"
"1420","2019-10-21","58.96"
"1421","2019-10-18","59.42"
"1422","2019-10-17","59.91"
"1423","2019-10-16","59.42"
"1424","2019-10-15","58.74"
"1425","2019-10-14","59.35"
"1426","2019-10-11","60.51"
"1427","2019-10-10","59.10"
"1428","2019-10-08","58.24"
"1429","2019-10-07","58.35"
"1430","2019-10-04","58.37"
"1431","2019-10-03","57.71"
"1432","2019-10-02","57.69"
"1433","2019-10-01","60.75"
"1434","2019-09-30","60.78"
"1435","2019-09-27","61.91"
"1436","2019-09-26","62.74"
"1437","2019-09-25","62.39"
"1438","2019-09-24","63.10"
"1439","2019-09-23","64.77"
"1440","2019-09-20","64.28"
"1441","2019-09-19","64.40"
"1442","2019-09-18","63.60"
"1443","2019-09-17","64.55"
"1444","2019-09-16","69.02"
"1445","2019-09-13","60.22"
"1446","2019-09-12","60.38"
"1447","2019-09-11","60.81"
"1448","2019-09-10","62.38"
"1449","2019-09-09","62.59"
"1450","2019-09-06","61.54"
"1451","2019-09-05","60.95"
"1452","2019-09-04","60.70"
"1453","2019-09-03","60.40"
"1454","2019-08-30","60.43"
"1455","2019-08-29","61.08"
"1456","2019-08-28","60.49"
"1457","2019-08-27","59.51"
"1458","2019-08-26","58.70"
"1459","2019-08-23","59.34"
"1460","2019-08-22","59.92"
"1461","2019-08-21","60.30"
"1462","2019-08-20","60.03"
"1463","2019-08-19","59.74"
"1464","2019-08-16","58.64"
"1465","2019-08-15","58.23"
"1466","2019-08-14","59.48"
"1467","2019-08-13","61.30"
"1468","2019-08-12","58.57"
"1469","2019-08-09","58.53"
"1470","2019-08-08","57.38"
"1471","2019-08-07","56.23"
"1472","2019-08-06","58.94"
"1473","2019-08-05","59.81"
"1474","2019-08-02","61.89"
"1475","2019-08-01","65.19"
"1476","2019-07-31","65.17"
"1477","2019-07-30","64.72"
"1478","2019-07-29","63.71"
"1479","2019-07-26","63.46"
"1480","2019-07-25","63.39"
"1481","2019-07-24","63.18"
"1482","2019-07-23","63.83"
"1483","2019-07-22","63.26"
"1484","2019-07-19","62.47"
"1485","2019-07-18","61.93"
"1486","2019-07-17","63.66"
"1487","2019-07-16","64.35"
"1488","2019-07-15","66.48"
"1489","2019-07-12","66.72"
"1490","2019-07-11","66.52"
"1491","2019-07-10","67.01"
"1492","2019-07-09","64.16"
"1493","2019-07-08","64.11"
"1494","2019-07-05","64.23"
"1495","2019-07-03","63.82"
"1496","2019-07-02","62.40"
"1497","2019-07-01","66.50"
"1498","2019-06-28","66.55"
"1499","2019-06-27","66.55"
"1500","2019-06-26","66.49"
"1501","2019-06-25","65.05"
"1502","2019-06-24","64.86"
"1503","2019-06-21","65.20"
"1504","2019-06-20","64.45"
"1505","2019-06-19","61.82"
"1506","2019-06-18","62.14"
"1507","2019-06-17","60.94"
"1508","2019-06-14","62.01"
"1509","2019-06-13","61.31"
"1510","2019-06-12","59.97"
"1511","2019-06-11","62.29"
"1512","2019-06-10","62.29"
"1513","2019-06-07","63.29"
"1514","2019-06-06","61.67"
"1515","2019-06-05","60.63"
"1516","2019-06-04","61.97"
"1517","2019-06-03","64.45"
"1518","2019-05-31","64.49"
"1519","2019-05-30","66.87"
"1520","2019-05-29","69.45"
"1521","2019-05-28","70.11"
"1522","2019-05-24","68.69"
"1523","2019-05-23","67.76"
"1524","2019-05-22","70.99"
"1525","2019-05-21","72.18"
"1526","2019-05-20","71.97"
"1527","2019-05-17","72.21"
"1528","2019-05-16","72.62"
"1529","2019-05-15","71.77"
"1530","2019-05-14","71.24"
"1531","2019-05-13","70.23"
"1532","2019-05-10","70.62"
"1533","2019-05-09","70.39"
"1534","2019-05-08","70.37"
"1535","2019-05-07","69.88"
"1536","2019-05-06","71.24"
"1537","2019-05-03","70.85"
"1538","2019-05-02","70.75"
"1539","2019-05-01","72.79"
"1540","2019-04-30","72.80"
"1541","2019-04-29","72.04"
"1542","2019-04-26","72.15"
"1543","2019-04-25","74.35"
"1544","2019-04-24","74.57"
"1545","2019-04-23","74.51"
"1546","2019-04-22","74.04"
"1547","2019-04-18","71.97"
"1548","2019-04-17","71.62"
"1549","2019-04-16","71.72"
"1550","2019-04-15","71.18"
"1551","2019-04-12","71.55"
"1552","2019-04-11","70.83"
"1553","2019-04-10","71.73"
"1554","2019-04-09","70.61"
"1555","2019-04-08","71.10"
"1556","2019-04-05","70.34"
"1557","2019-04-04","69.40"
"1558","2019-04-03","69.31"
"1559","2019-04-02","69.37"
"1560","2019-04-01","68.35"
"1561","2019-03-29","68.39"
"1562","2019-03-28","67.82"
"1563","2019-03-27","67.83"
"1564","2019-03-26","67.97"
"1565","2019-03-25","67.21"
"1566","2019-03-22","67.03"
"1567","2019-03-21","67.86"
"1568","2019-03-20","68.50"
"1569","2019-03-19","67.61"
"1570","2019-03-18","67.54"
"1571","2019-03-15","67.16"
"1572","2019-03-14","67.23"
"1573","2019-03-13","67.55"
"1574","2019-03-12","66.67"
"1575","2019-03-11","66.58"
"1576","2019-03-08","65.74"
"1577","2019-03-07","66.30"
"1578","2019-03-06","65.99"
"1579","2019-03-05","65.86"
"1580","2019-03-04","65.67"
"1581","2019-03-01","66.01"
"1582","2019-02-28","66.03"
"1583","2019-02-27","66.39"
"1584","2019-02-26","65.21"
"1585","2019-02-25","64.76"
"1586","2019-02-22","67.12"
"1587","2019-02-21","67.07"
"1588","2019-02-20","67.08"
"1589","2019-02-19","66.45"
"1590","2019-02-15","66.25"
"1591","2019-02-14","64.57"
"1592","2019-02-13","63.61"
"1593","2019-02-12","62.42"
"1594","2019-02-11","61.51"
"1595","2019-02-08","62.10"
"1596","2019-02-07","61.63"
"1597","2019-02-06","62.69"
"1598","2019-02-05","61.98"
"1599","2019-02-04","62.51"
"1600","2019-02-01","61.87"
"1601","2019-01-31","61.89"
"1602","2019-01-30","61.65"
"1603","2019-01-29","61.32"
"1604","2019-01-28","59.93"
"1605","2019-01-25","61.64"
"1606","2019-01-24","61.09"
"1607","2019-01-23","61.14"
"1608","2019-01-22","61.50"
"1609","2019-01-18","62.70"
"1610","2019-01-17","61.18"
"1611","2019-01-16","61.32"
"1612","2019-01-15","60.64"
"1613","2019-01-14","58.99"
"1614","2019-01-11","60.48"
"1615","2019-01-10","61.68"
"1616","2019-01-09","61.44"
"1617","2019-01-08","58.72"
"1618","2019-01-07","57.33"
"1619","2019-01-04","57.06"
"1620","2019-01-03","55.95"
"1621","2019-01-02","54.91"
"1622","2018-12-31","52.28"
"1623","2018-12-28","52.20"
"1624","2018-12-27","52.16"
"1625","2018-12-26","54.47"
"1626","2018-12-24","50.47"
"1627","2018-12-21","53.82"
"1628","2018-12-20","54.35"
"1629","2018-12-19","57.24"
"1630","2018-12-18","56.26"
"1631","2018-12-17","59.61"
"1632","2018-12-14","60.28"
"1633","2018-12-13","61.45"
"1634","2018-12-12","60.15"
"1635","2018-12-11","60.20"
"1636","2018-12-10","59.97"
"1637","2018-12-07","61.67"
"1638","2018-12-06","60.06"
"1639","2018-12-05","61.56"
"1640","2018-12-04","62.08"
"1641","2018-12-03","58.69"
"1642","2018-11-30","58.71"
"1643","2018-11-29","59.51"
"1644","2018-11-28","58.76"
"1645","2018-11-27","60.21"
"1646","2018-11-26","60.48"
"1647","2018-11-23","58.80"
"1648","2018-11-21","63.48"
"1649","2018-11-20","62.53"
"1650","2018-11-19","66.79"
"1651","2018-11-16","66.76"
"1652","2018-11-15","66.62"
"1653","2018-11-14","66.12"
"1654","2018-11-13","65.47"
"1655","2018-11-12","70.12"
"1656","2018-11-09","70.18"
"1657","2018-11-08","70.65"
"1658","2018-11-07","72.07"
"1659","2018-11-06","72.13"
"1660","2018-11-05","73.17"
"1661","2018-11-02","72.83"
"1662","2018-11-01","75.50"
"1663","2018-10-31","75.47"
"1664","2018-10-30","75.91"
"1665","2018-10-29","77.34"
"1666","2018-10-26","77.62"
"1667","2018-10-25","76.89"
"1668","2018-10-24","76.17"
"1669","2018-10-23","76.44"
"1670","2018-10-22","79.83"
"1671","2018-10-19","79.78"
"1672","2018-10-18","79.29"
"1673","2018-10-17","80.05"
"1674","2018-10-16","81.41"
"1675","2018-10-15","80.78"
"1676","2018-10-12","80.43"
"1677","2018-10-11","80.26"
"1678","2018-10-10","83.09"
"1679","2018-10-09","85.00"
"1680","2018-10-08","83.91"
"1681","2018-10-05","84.16"
"1682","2018-10-04","84.58"
"1683","2018-10-03","86.29"
"1684","2018-10-02","84.80"
"1685","2018-10-01","82.67"
"1686","2018-09-28","82.72"
"1687","2018-09-27","81.72"
"1688","2018-09-26","81.34"
"1689","2018-09-25","81.87"
"1690","2018-09-24","81.20"
"1691","2018-09-21","78.80"
"1692","2018-09-20","78.70"
"1693","2018-09-19","79.40"
"1694","2018-09-18","79.03"
"1695","2018-09-17","78.05"
"1696","2018-09-14","78.09"
"1697","2018-09-13","78.18"
"1698","2018-09-12","79.74"
"1699","2018-09-11","79.06"
"1700","2018-09-10","77.37"
"1701","2018-09-07","76.83"
"1702","2018-09-06","76.50"
"1703","2018-09-05","77.27"
"1704","2018-09-04","77.43"
"1705","2018-08-31","77.42"
"1706","2018-08-30","77.77"
"1707","2018-08-29","77.14"
"1708","2018-08-28","75.95"
"1709","2018-08-27","76.21"
"1710","2018-08-24","75.82"
"1711","2018-08-23","74.73"
"1712","2018-08-22","74.78"
"1713","2018-08-21","72.63"
"1714","2018-08-20","72.21"
"1715","2018-08-17","71.83"
"1716","2018-08-16","71.43"
"1717","2018-08-15","70.76"
"1718","2018-08-14","72.46"
"1719","2018-08-13","72.61"
"1720","2018-08-10","72.81"
"1721","2018-08-09","72.07"
"1722","2018-08-08","72.28"
"1723","2018-08-07","74.65"
"1724","2018-08-06","73.75"
"1725","2018-08-03","73.21"
"1726","2018-08-02","73.45"
"1727","2018-08-01","72.39"
"1728","2018-07-31","74.25"
"1729","2018-07-30","74.97"
"1730","2018-07-27","74.29"
"1731","2018-07-26","74.54"
"1732","2018-07-25","73.93"
"1733","2018-07-24","73.44"
"1734","2018-07-23","73.06"
"1735","2018-07-20","73.07"
"1736","2018-07-19","72.58"
"1737","2018-07-18","72.90"
"1738","2018-07-17","72.16"
"1739","2018-07-16","71.84"
"1740","2018-07-13","75.33"
"1741","2018-07-12","74.45"
"1742","2018-07-11","73.40"
"1743","2018-07-10","78.86"
"1744","2018-07-09","78.07"
"1745","2018-07-06","77.11"
"1746","2018-07-05","77.39"
"1747","2018-07-03","77.76"
"1748","2018-07-02","79.41"
"1749","2018-06-29","79.44"
"1750","2018-06-28","77.85"
"1751","2018-06-27","77.62"
"1752","2018-06-26","76.31"
"1753","2018-06-25","74.73"
"1754","2018-06-22","75.55"
"1755","2018-06-21","73.05"
"1756","2018-06-20","74.74"
"1757","2018-06-19","75.08"
"1758","2018-06-18","75.34"
"1759","2018-06-15","73.44"
"1760","2018-06-14","75.94"
"1761","2018-06-13","76.74"
"1762","2018-06-12","75.88"
"1763","2018-06-11","76.46"
"1764","2018-06-08","76.46"
"1765","2018-06-07","77.32"
"1766","2018-06-06","75.36"
"1767","2018-06-05","75.38"
"1768","2018-06-04","75.29"
"1769","2018-06-01","77.59"
"1770","2018-05-31","77.59"
"1771","2018-05-30","77.50"
"1772","2018-05-29","75.39"
"1773","2018-05-25","76.44"
"1774","2018-05-24","78.79"
"1775","2018-05-23","79.80"
"1776","2018-05-22","79.57"
"1777","2018-05-21","79.22"
"1778","2018-05-18","78.51"
"1779","2018-05-17","79.30"
"1780","2018-05-16","79.28"
"1781","2018-05-15","78.43"
"1782","2018-05-14","78.23"
"1783","2018-05-11","77.12"
"1784","2018-05-10","77.47"
"1785","2018-05-09","77.21"
"1786","2018-05-08","74.85"
"1787","2018-05-07","76.17"
"1788","2018-05-04","74.87"
"1789","2018-05-03","73.62"
"1790","2018-05-02","73.36"
"1791","2018-05-01","75.17"
"1792","2018-04-30","75.17"
"1793","2018-04-27","74.64"
"1794","2018-04-26","74.74"
"1795","2018-04-25","74.00"
"1796","2018-04-24","73.86"
"1797","2018-04-23","74.71"
"1798","2018-04-20","74.06"
"1799","2018-04-19","73.78"
"1800","2018-04-18","73.48"
"1801","2018-04-17","71.58"
"1802","2018-04-16","71.42"
"1803","2018-04-13","72.58"
"1804","2018-04-12","72.02"
"1805","2018-04-11","72.06"
"1806","2018-04-10","71.04"
"1807","2018-04-09","68.65"
"1808","2018-04-06","67.11"
"1809","2018-04-05","68.33"
"1810","2018-04-04","68.02"
"1811","2018-04-03","68.12"
"1812","2018-04-02","70.14"
"1813","2018-03-29","70.27"
"1814","2018-03-28","69.53"
"1815","2018-03-27","70.11"
"1816","2018-03-26","70.12"
"1817","2018-03-23","70.45"
"1818","2018-03-22","68.91"
"1819","2018-03-21","69.47"
"1820","2018-03-20","67.42"
"1821","2018-03-19","66.05"
"1822","2018-03-16","66.21"
"1823","2018-03-15","65.12"
"1824","2018-03-14","64.89"
"1825","2018-03-13","64.64"
"1826","2018-03-12","64.95"
"1827","2018-03-09","65.49"
"1828","2018-03-08","63.61"
"1829","2018-03-07","64.34"
"1830","2018-03-06","65.79"
"1831","2018-03-05","65.54"
"1832","2018-03-02","64.37"
"1833","2018-03-01","65.71"
"1834","2018-02-28","65.78"
"1835","2018-02-27","66.63"
"1836","2018-02-26","67.50"
"1837","2018-02-23","67.31"
"1838","2018-02-22","66.39"
"1839","2018-02-21","65.42"
"1840","2018-02-20","65.25"
"1841","2018-02-16","64.84"
"1842","2018-02-15","64.33"
"1843","2018-02-14","64.36"
"1844","2018-02-13","62.72"
"1845","2018-02-12","62.59"
"1846","2018-02-09","62.79"
"1847","2018-02-08","64.81"
"1848","2018-02-07","65.51"
"1849","2018-02-06","66.86"
"1850","2018-02-05","67.62"
"1851","2018-02-02","68.58"
"1852","2018-02-01","69.08"
"1853","2018-01-31","69.05"
"1854","2018-01-30","69.02"
"1855","2018-01-29","69.46"
"1856","2018-01-26","70.52"
"1857","2018-01-25","70.42"
"1858","2018-01-24","70.53"
"1859","2018-01-23","69.96"
"1860","2018-01-22","69.03"
"1861","2018-01-19","68.61"
"1862","2018-01-18","69.31"
"1863","2018-01-17","69.38"
"1864","2018-01-16","69.15"
"1865","2018-01-12","69.87"
"1866","2018-01-11","69.26"
"1867","2018-01-10","69.20"
"1868","2018-01-09","68.82"
"1869","2018-01-08","67.78"
"1870","2018-01-05","67.62"
"1871","2018-01-04","68.07"
"1872","2018-01-03","67.84"
"1873","2018-01-02","66.57"
"1874","2017-12-29","66.60"
"1875","2017-12-28","66.72"
"1876","2017-12-27","66.44"
"1877","2017-12-26","67.02"
"1878","2017-12-22","65.25"
"1879","2017-12-21","64.90"
"1880","2017-12-20","64.56"
"1881","2017-12-19","63.80"
"1882","2017-12-18","63.41"
"1883","2017-12-15","63.23"
"1884","2017-12-14","63.31"
"1885","2017-12-13","63.31"
"1886","2017-12-12","63.34"
"1887","2017-12-11","64.69"
"1888","2017-12-08","63.40"
"1889","2017-12-07","62.20"
"1890","2017-12-06","61.22"
"1891","2017-12-05","62.86"
"1892","2017-12-04","62.45"
"1893","2017-12-01","63.49"
"1894","2017-11-30","63.57"
"1895","2017-11-29","63.11"
"1896","2017-11-28","63.61"
"1897","2017-11-27","63.84"
"1898","2017-11-24","63.86"
"1899","2017-11-22","63.32"
"1900","2017-11-21","62.57"
"1901","2017-11-20","62.22"
"1902","2017-11-17","62.72"
"1903","2017-11-16","61.36"
"1904","2017-11-15","61.87"
"1905","2017-11-14","62.21"
"1906","2017-11-13","63.16"
"1907","2017-11-10","63.52"
"1908","2017-11-09","63.93"
"1909","2017-11-08","63.49"
"1910","2017-11-07","63.69"
"1911","2017-11-06","64.27"
"1912","2017-11-03","62.07"
"1913","2017-11-02","60.62"
"1914","2017-11-01","61.29"
"1915","2017-10-31","61.37"
"1916","2017-10-30","60.90"
"1917","2017-10-27","60.44"
"1918","2017-10-26","59.30"
"1919","2017-10-25","58.44"
"1920","2017-10-24","58.33"
"1921","2017-10-23","57.37"
"1922","2017-10-20","57.75"
"1923","2017-10-19","57.23"
"1924","2017-10-18","58.15"
"1925","2017-10-17","57.88"
"1926","2017-10-16","57.82"
"1927","2017-10-13","57.17"
"1928","2017-10-12","56.25"
"1929","2017-10-11","56.94"
"1930","2017-10-10","56.61"
"1931","2017-10-09","55.79"
"1932","2017-10-06","55.62"
"1933","2017-10-05","57.00"
"1934","2017-10-04","55.80"
"1935","2017-10-03","56.00"
"1936","2017-10-02","57.46"
"1937","2017-09-29","57.54"
"1938","2017-09-28","57.41"
"1939","2017-09-27","57.90"
"1940","2017-09-26","58.44"
"1941","2017-09-25","59.02"
"1942","2017-09-22","56.86"
"1943","2017-09-21","56.43"
"1944","2017-09-20","56.29"
"1945","2017-09-19","55.14"
"1946","2017-09-18","55.48"
"1947","2017-09-15","55.62"
"1948","2017-09-14","55.47"
"1949","2017-09-13","55.16"
"1950","2017-09-12","54.27"
"1951","2017-09-11","53.84"
"1952","2017-09-08","53.78"
"1953","2017-09-07","54.49"
"1954","2017-09-06","54.20"
"1955","2017-09-05","53.38"
"1956","2017-09-01","52.32"
"1957","2017-08-31","52.38"
"1958","2017-08-30","50.86"
"1959","2017-08-29","52.00"
"1960","2017-08-28","51.89"
"1961","2017-08-25","52.41"
"1962","2017-08-24","2.95"
"1963","2017-08-23","52.57"
"1964","2017-08-22","51.87"
"1965","2017-08-21","51.66"
"1966","2017-08-18","52.72"
"1967","2017-08-17","51.03"
"1968","2017-08-16","50.27"
"1969","2017-08-15","50.80"
"1970","2017-08-14","50.73"
"1971","2017-08-11","52.10"
"1972","2017-08-10","51.90"
"1973","2017-08-09","52.70"
"1974","2017-08-08","52.14"
"1975","2017-08-07","52.37"
"1976","2017-08-04","52.42"
"1977","2017-08-03","52.01"
"1978","2017-08-02","52.36"
"1979","2017-08-01","52.63"
"1980","2017-07-31","52.65"
"1981","2017-07-28","52.52"
"1982","2017-07-27","51.49"
"1983","2017-07-26","50.97"
"1984","2017-07-25","50.20"
"1985","2017-07-24","48.60"
"1986","2017-07-21","48.06"
"1987","2017-07-20","49.30"
"1988","2017-07-19","49.70"
"1989","2017-07-18","48.84"
"1990","2017-07-17","48.42"
"1991","2017-07-14","48.91"
"1992","2017-07-13","48.42"
"1993","2017-07-12","47.74"
"1994","2017-07-11","47.52"
"1995","2017-07-10","46.88"
"1996","2017-07-07","46.71"
"1997","2017-07-06","48.11"
"1998","2017-07-05","47.79"
"1999","2017-07-03","47.87"
"2000","2017-06-30","47.92"
"2001","2017-06-29","47.42"
"2002","2017-06-28","47.31"
"2003","2017-06-27","46.65"
"2004","2017-06-26","45.83"
"2005","2017-06-23","45.54"
"2006","2017-06-22","45.22"
"2007","2017-06-21","44.82"
"2008","2017-06-20","46.02"
"2009","2017-06-19","46.91"
"2010","2017-06-16","47.37"
"2011","2017-06-15","46.92"
"2012","2017-06-14","47.00"
"2013","2017-06-13","48.72"
"2014","2017-06-12","48.29"
"2015","2017-06-09","48.15"
"2016","2017-06-08","47.86"
"2017","2017-06-07","48.06"
"2018","2017-06-06","3.04"
"2019","2017-06-05","49.47"
"2020","2017-06-02","49.95"
"2021","2017-06-01","50.33"
"2022","2017-05-31","50.31"
"2023","2017-05-30","51.84"
"2024","2017-05-26","52.15"
"2025","2017-05-25","51.46"
"2026","2017-05-24","53.96"
"2027","2017-05-23","54.15"
"2028","2017-05-22","53.87"
"2029","2017-05-19","53.61"
"2030","2017-05-18","52.51"
"2031","2017-05-17","52.21"
"2032","2017-05-16","51.65"
"2033","2017-05-15","51.82"
"2034","2017-05-12","50.84"
"2035","2017-05-11","50.77"
"2036","2017-05-10","50.22"
"2037","2017-05-09","48.73"
"2038","2017-05-08","49.34"
"2039","2017-05-05","49.10"
"2040","2017-05-04","48.38"
"2041","2017-05-03","50.79"
"2042","2017-05-02","50.46"
"2043","2017-05-01","51.66"
"2044","2017-04-28","51.73"
"2045","2017-04-27","51.44"
"2046","2017-04-26","51.82"
"2047","2017-04-25","52.10"
"2048","2017-04-24","51.60"
"2049","2017-04-21","51.96"
"2050","2017-04-20","52.99"
"2051","2017-04-19","52.93"
"2052","2017-04-18","54.89"
"2053","2017-04-17","55.36"
"2054","2017-04-13","55.89"
"2055","2017-04-12","55.86"
"2056","2017-04-11","56.23"
"2057","2017-04-10","55.98"
"2058","2017-04-07","55.24"
"2059","2017-04-06","54.89"
"2060","2017-04-05","54.36"
"2061","2017-04-04","54.17"
"2062","2017-04-03","52.73"
"2063","2017-03-31","52.83"
"2064","2017-03-30","52.96"
"2065","2017-03-29","52.42"
"2066","2017-03-28","51.33"
"2067","2017-03-27","50.75"
"2068","2017-03-24","50.80"
"2069","2017-03-23","50.56"
"2070","2017-03-22","50.64"
"2071","2017-03-21","50.96"
"2072","2017-03-20","51.62"
"2073","2017-03-17","51.76"
"2074","2017-03-16","51.74"
"2075","2017-03-15","51.81"
"2076","2017-03-14","50.92"
"2077","2017-03-13","51.35"
"2078","2017-03-10","51.37"
"2079","2017-03-09","52.19"
"2080","2017-03-08","53.11"
"2081","2017-03-07","55.92"
"2082","2017-03-06","56.01"
"2083","2017-03-03","55.90"
"2084","2017-03-02","55.08"
"2085","2017-03-01","55.60"
"2086","2017-02-28","55.59"
"2087","2017-02-27","55.93"
"2088","2017-02-24","55.99"
"2089","2017-02-23","56.58"
"2090","2017-02-22","55.84"
"2091","2017-02-21","56.66"
"2092","2017-02-17","55.81"
"2093","2017-02-16","55.65"
"2094","2017-02-15","55.75"
"2095","2017-02-14","55.97"
"2096","2017-02-13","55.59"
"2097","2017-02-10","56.70"
"2098","2017-02-09","55.63"
"2099","2017-02-08","55.12"
"2100","2017-02-07","55.05"
"2101","2017-02-06","55.72"
"2102","2017-02-03","56.81"
"2103","2017-02-02","56.56"
"2104","2017-02-01","55.66"
"2105","2017-01-31","55.70"
"2106","2017-01-30","55.23"
"2107","2017-01-27","55.52"
"2108","2017-01-26","56.24"
"2109","2017-01-25","55.08"
"2110","2017-01-24","55.44"
"2111","2017-01-23","55.23"
"2112","2017-01-20","55.49"
"2113","2017-01-19","54.16"
"2114","2017-01-18","53.92"
"2115","2017-01-17","55.47"
"2116","2017-01-13","55.45"
"2117","2017-01-12","56.01"
"2118","2017-01-11","55.10"
"2119","2017-01-10","53.64"
"2120","2017-01-09","54.94"
"2121","2017-01-06","57.10"
"2122","2017-01-05","56.89"
"2123","2017-01-04","56.46"
"2124","2017-01-03","55.47"
"2125","2016-12-30","56.13"
"2126","2016-12-29","56.14"
"2127","2016-12-28","56.22"
"2128","2016-12-27","56.09"
"2129","2016-12-23","55.16"
"2130","2016-12-22","55.05"
"2131","2016-12-21","54.46"
"2132","2016-12-20","55.35"
"2133","2016-12-19","54.92"
"2134","2016-12-16","55.21"
"2135","2016-12-15","54.02"
"2136","2016-12-14","53.90"
"2137","2016-12-13","55.72"
"2138","2016-12-12","55.69"
"2139","2016-12-09","54.33"
"2140","2016-12-08","53.89"
"2141","2016-12-07","53.00"
"2142","2016-12-06","53.93"
"2143","2016-12-05","54.94"
"2144","2016-12-02","54.46"
"2145","2016-12-01","50.46"
"2146","2016-11-30","50.47"
"2147","2016-11-29","46.38"
"2148","2016-11-28","48.24"
"2149","2016-11-25","47.24"
"2150","2016-11-23","48.95"
"2151","2016-11-22","49.12"
"2152","2016-11-21","48.90"
"2153","2016-11-18","46.86"
"2154","2016-11-17","46.49"
"2155","2016-11-16","46.63"
"2156","2016-11-15","46.95"
"2157","2016-11-14","44.43"
"2158","2016-11-11","44.75"
"2159","2016-11-10","45.84"
"2160","2016-11-09","46.36"
"2161","2016-11-08","46.04"
"2162","2016-11-07","46.15"
"2163","2016-11-04","45.58"
"2164","2016-11-03","46.35"
"2165","2016-11-02","46.86"
"2166","2016-11-01","48.33"
"2167","2016-10-31","48.30"
"2168","2016-10-28","49.71"
"2169","2016-10-27","50.47"
"2170","2016-10-26","49.98"
"2171","2016-10-25","50.79"
"2172","2016-10-24","51.46"
"2173","2016-10-21","51.78"
"2174","2016-10-20","51.38"
"2175","2016-10-19","52.67"
"2176","2016-10-18","51.68"
"2177","2016-10-17","51.52"
"2178","2016-10-14","51.95"
"2179","2016-10-13","52.03"
"2180","2016-10-12","51.81"
"2181","2016-10-11","52.41"
"2182","2016-10-10","53.14"
"2183","2016-10-07","51.93"
"2184","2016-10-06","52.51"
"2185","2016-10-05","51.86"
"2186","2016-10-04","50.87"
"2187","2016-10-03","49.10"
"2188","2016-09-30","49.06"
"2189","2016-09-29","49.24"
"2190","2016-09-28","48.69"
"2191","2016-09-27","45.97"
"2192","2016-09-26","3.00"
"2193","2016-09-23","45.89"
"2194","2016-09-22","47.65"
"2195","2016-09-21","46.83"
"2196","2016-09-20","45.88"
"2197","2016-09-19","45.95"
"2198","2016-09-16","45.77"
"2199","2016-09-15","46.59"
"2200","2016-09-14","45.85"
"2201","2016-09-13","47.10"
"2202","2016-09-12","48.32"
"2203","2016-09-09","48.01"
"2204","2016-09-08","49.99"
"2205","2016-09-07","47.98"
"2206","2016-09-06","47.26"
"2207","2016-09-02","46.83"
"2208","2016-09-01","47.05"
"2209","2016-08-31","47.04"
"2210","2016-08-30","48.37"
"2211","2016-08-29","49.26"
"2212","2016-08-26","49.92"
"2213","2016-08-25","49.67"
"2214","2016-08-24","49.05"
"2215","2016-08-23","49.96"
"2216","2016-08-22","49.16"
"2217","2016-08-19","50.88"
"2218","2016-08-18","50.89"
"2219","2016-08-17","49.85"
"2220","2016-08-16","49.23"
"2221","2016-08-15","48.35"
"2222","2016-08-12","46.97"
"2223","2016-08-11","46.04"
"2224","2016-08-10","44.05"
"2225","2016-08-09","44.98"
"2226","2016-08-08","45.39"
"2227","2016-08-05","44.27"
"2228","2016-08-04","44.29"
"2229","2016-08-03","43.10"
"2230","2016-08-02","41.80"
"2231","2016-08-01","42.45"
"2232","2016-07-29","42.46"
"2233","2016-07-28","42.70"
"2234","2016-07-27","43.47"
"2235","2016-07-26","44.87"
"2236","2016-07-25","44.72"
"2237","2016-07-22","45.69"
"2238","2016-07-21","46.20"
"2239","2016-07-20","47.17"
"2240","2016-07-19","46.66"
"2241","2016-07-18","46.96"
"2242","2016-07-15","47.61"
"2243","2016-07-14","47.37"
"2244","2016-07-13","46.26"
"2245","2016-07-12","48.47"
"2246","2016-07-11","46.25"
"2247","2016-07-08","46.76"
"2248","2016-07-07","46.40"
"2249","2016-07-06","48.80"
"2250","2016-07-05","47.96"
"2251","2016-07-01","49.84"
"2252","2016-06-30","49.68"
"2253","2016-06-29","50.61"
"2254","2016-06-28","48.58"
"2255","2016-06-27","47.16"
"2256","2016-06-24","48.41"
"2257","2016-06-23","50.91"
"2258","2016-06-22","49.88"
"2259","2016-06-21","50.62"
"2260","2016-06-20","50.65"
"2261","2016-06-17","49.17"
"2262","2016-06-16","47.19"
"2263","2016-06-15","48.97"
"2264","2016-06-14","49.83"
"2265","2016-06-13","50.35"
"2266","2016-06-10","50.54"
"2267","2016-06-09","51.95"
"2268","2016-06-08","52.51"
"2269","2016-06-07","51.44"
"2270","2016-06-06","50.55"
"2271","2016-06-03","49.64"
"2272","2016-06-02","50.04"
"2273","2016-06-01","49.71"
"2274","2016-05-31","49.69"
"2275","2016-05-27","49.32"
"2276","2016-05-26","49.59"
"2277","2016-05-25","49.74"
"2278","2016-05-24","48.61"
"2279","2016-05-23","48.35"
"2280","2016-05-20","48.72"
"2281","2016-05-19","48.81"
"2282","2016-05-18","48.93"
"2283","2016-05-17","49.28"
"2284","2016-05-16","48.97"
"2285","2016-05-13","47.83"
"2286","2016-05-12","48.08"
"2287","2016-05-11","47.60"
"2288","2016-05-10","45.52"
"2289","2016-05-09","43.63"
"2290","2016-05-06","45.37"
"2291","2016-05-05","45.01"
"2292","2016-05-04","44.62"
"2293","2016-05-03","46.75"
"2294","2016-05-02","48.10"
"2295","2016-04-29","48.13"
"2296","2016-04-28","48.14"
"2297","2016-04-27","47.18"
"2298","2016-04-26","45.74"
"2299","2016-04-25","44.48"
"2300","2016-04-22","45.11"
"2301","2016-04-21","44.53"
"2302","2016-04-20","45.80"
"2303","2016-04-19","44.03"
"2304","2016-04-18","42.91"
"2305","2016-04-15","43.10"
"2306","2016-04-14","43.84"
"2307","2016-04-13","44.18"
"2308","2016-04-12","44.69"
"2309","2016-04-11","42.83"
"2310","2016-04-08","41.94"
"2311","2016-04-07","39.43"
"2312","2016-04-06","39.84"
"2313","2016-04-05","37.87"
"2314","2016-04-04","37.69"
"2315","2016-04-01","39.66"
"2316","2016-03-31","39.60"
"2317","2016-03-30","39.26"
"2318","2016-03-29","39.14"
"2319","2016-03-28","40.27"
"2320","2016-03-24","40.44"
"2321","2016-03-23","40.47"
"2322","2016-03-22","41.79"
"2323","2016-03-21","41.54"
"2324","2016-03-18","41.20"
"2325","2016-03-17","41.54"
"2326","2016-03-16","40.33"
"2327","2016-03-15","38.74"
"2328","2016-03-14","39.53"
"2329","2016-03-11","40.39"
"2330","2016-03-10","40.05"
"2331","2016-03-09","41.07"
"2332","2016-03-08","39.65"
"2333","2016-03-07","40.84"
"2334","2016-03-04","38.72"
"2335","2016-03-03","37.07"
"2336","2016-03-02","36.93"
"2337","2016-03-01","35.96"
"2338","2016-02-29","35.97"
"2339","2016-02-26","35.10"
"2340","2016-02-25","35.29"
"2341","2016-02-24","34.41"
"2342","2016-02-23","33.27"
"2343","2016-02-22","34.69"
"2344","2016-02-19","33.01"
"2345","2016-02-18","34.28"
"2346","2016-02-17","34.50"
"2347","2016-02-16","32.18"
"2348","2016-02-12","33.36"
"2349","2016-02-11","30.06"
"2350","2016-02-10","30.84"
"2351","2016-02-09","30.32"
"2352","2016-02-08","32.88"
"2353","2016-02-05","34.06"
"2354","2016-02-04","34.46"
"2355","2016-02-03","35.04"
"2356","2016-02-02","32.72"
"2357","2016-02-01","34.69"
"2358","2016-01-29","34.74"
"2359","2016-01-28","33.89"
"2360","2016-01-27","33.10"
"2361","2016-01-26","31.80"
"2362","2016-01-25","30.50"
"2363","2016-01-22","32.18"
"2364","2016-01-21","29.25"
"2365","2016-01-20","27.88"
"2366","2016-01-19","28.76"
"2367","2016-01-15","31.01"
"2368","2016-01-14","31.03"
"2369","2016-01-13","30.31"
"2370","2016-01-12","30.86"
"2371","2016-01-11","31.55"
"2372","2016-01-08","33.55"
"2373","2016-01-07","33.75"
"2374","2016-01-06","34.23"
"2375","2016-01-05","36.42"
"2376","2016-01-04","37.22"
"2377","2015-12-31","37.28"
"2378","2015-12-30","36.46"
"2379","2015-12-29","37.79"
"2380","2015-12-28","36.62"
"2381","2015-12-24","37.89"
"2382","2015-12-23","37.36"
"2383","2015-12-22","36.11"
"2384","2015-12-21","36.35"
"2385","2015-12-18","36.88"
"2386","2015-12-17","37.18"
"2387","2015-12-16","37.19"
"2388","2015-12-15","38.45"
"2389","2015-12-14","37.92"
"2390","2015-12-11","37.93"
"2391","2015-12-10","39.73"
"2392","2015-12-09","40.11"
"2393","2015-12-08","40.26"
"2394","2015-12-07","40.73"
"2395","2015-12-04","43.00"
"2396","2015-12-03","43.84"
"2397","2015-12-02","42.49"
"2398","2015-12-01","44.44"
"2399","2015-11-30","44.61"
"2400","2015-11-27","44.86"
"2401","2015-11-25","46.17"
"2402","2015-11-24","46.12"
"2403","2015-11-23","44.83"
"2404","2015-11-20","44.66"
"2405","2015-11-19","44.18"
"2406","2015-11-18","44.14"
"2407","2015-11-17","43.57"
"2408","2015-11-16","43.58"
"2409","2015-11-13","43.61"
"2410","2015-11-12","44.06"
"2411","2015-11-11","45.81"
"2412","2015-11-10","47.44"
"2413","2015-11-09","47.19"
"2414","2015-11-06","47.42"
"2415","2015-11-05","47.98"
"2416","2015-11-04","48.58"
"2417","2015-11-03","50.54"
"2418","2015-11-02","48.79"
"2419","2015-10-30","49.56"
"2420","2015-10-29","48.80"
"2421","2015-10-28","49.05"
"2422","2015-10-27","46.81"
"2423","2015-10-26","47.54"
"2424","2015-10-23","47.99"
"2425","2015-10-22","48.08"
"2426","2015-10-21","47.85"
"2427","2015-10-20","48.71"
"2428","2015-10-19","48.61"
"2429","2015-10-16","48.73"
"2430","2015-10-15","48.71"
"2431","2015-10-14","49.15"
"2432","2015-10-13","49.24"
"2433","2015-10-12","49.86"
"2434","2015-10-09","52.65"
"2435","2015-10-08","53.05"
"2436","2015-10-07","51.33"
"2437","2015-10-06","51.92"
"2438","2015-10-05","49.25"
"2439","2015-10-02","48.13"
"2440","2015-10-01","47.69"
"2441","2015-09-30","48.37"
"2442","2015-09-29","48.23"
"2443","2015-09-28","47.34"
"2444","2015-09-25","48.60"
"2445","2015-09-24","48.17"
"2446","2015-09-23","47.75"
"2447","2015-09-22","49.08"
"2448","2015-09-21","48.92"
"2449","2015-09-18","47.47"
"2450","2015-09-17","49.08"
"2451","2015-09-16","46.61"
"2452","2015-09-15","46.63"
"2453","2015-09-14","46.37"
"2454","2015-09-11","48.14"
"2455","2015-09-10","48.89"
"2456","2015-09-09","47.58"
"2457","2015-09-08","49.52"
"2458","2015-09-04","49.61"
"2459","2015-09-03","50.68"
"2460","2015-09-02","50.50"
"2461","2015-09-01","49.56"
"2462","2015-08-31","54.15"
"2463","2015-08-28","50.05"
"2464","2015-08-27","47.56"
"2465","2015-08-26","43.14"
"2466","2015-08-25","43.21"
"2467","2015-08-24","42.69"
"2468","2015-08-21","45.46"
"2469","2015-08-20","46.62"
"2470","2015-08-19","47.16"
"2471","2015-08-18","48.81"
"2472","2015-08-17","49.03"
"2473","2015-08-14","49.03"
"2474","2015-08-13","49.22"
"2475","2015-08-12","49.66"
"2476","2015-08-11","49.18"
"2477","2015-08-10","50.41"
"2478","2015-08-07","48.61"
"2479","2015-08-06","49.52"
"2480","2015-08-05","49.59"
"2481","2015-08-04","49.99"
"2482","2015-08-03","49.52"
"2483","2015-07-31","52.21"
"2484","2015-07-30","53.31"
"2485","2015-07-29","53.38"
"2486","2015-07-28","53.30"
"2487","2015-07-27","53.47"
"2488","2015-07-24","54.62"
"2489","2015-07-23","55.27"
"2490","2015-07-22","56.13"
"2491","2015-07-21","57.04"
"2492","2015-07-20","56.65"
"2493","2015-07-17","57.72"
"2494","2015-07-16","57.51"
"2495","2015-07-15","57.05"
"2496","2015-07-14","58.51"
"2497","2015-07-13","57.85"
"2498","2015-07-10","58.73"
"2499","2015-07-09","58.61"
"2500","2015-07-08","57.05"
"2501","2015-07-07","56.85"
"2502","2015-07-06","56.54"
"2503","2015-07-02","62.07"
"2504","2015-07-01","62.01"
"2505","2015-06-30","63.59"
"2506","2015-06-29","62.01"
"2507","2015-06-26","63.26"
"2508","2015-06-25","63.20"
"2509","2015-06-24","63.49"
"2510","2015-06-23","64.45"
"2511","2015-06-22","63.34"
"2512","2015-06-19","63.02"
"2513","2015-06-18","64.26"
"2514","2015-06-17","63.87"
"2515","2015-06-16","62.63"
"2516","2015-06-15","62.61"
"2517","2015-06-12","63.87"
"2518","2015-06-11","65.11"
"2519","2015-06-10","65.70"
"2520","2015-06-09","64.88"
"2521","2015-06-08","62.69"
"2522","2015-06-05","63.31"
"2523","2015-06-04","62.03"
"2524","2015-06-03","63.80"
"2525","2015-06-02","65.49"
"2526","2015-06-01","64.88"
"2527","2015-05-29","65.56"
"2528","2015-05-28","62.58"
"2529","2015-05-27","62.06"
"2530","2015-05-26","63.72"
"2531","2015-05-22","65.37"
"2532","2015-05-21","66.54"
"2533","2015-05-20","65.03"
"2534","2015-05-19","64.02"
"2535","2015-05-18","66.27"
"2536","2015-05-15","66.57"
"2537","2015-05-14","66.59"
"2538","2015-05-13","66.81"
"2539","2015-05-12","66.86"
"2540","2015-05-11","64.91"
"2541","2015-05-08","65.39"
"2542","2015-05-07","65.54"
"2543","2015-05-06","67.77"
"2544","2015-05-05","67.52"
"2545","2015-05-04","66.45"
"2546","2015-05-01","66.46"
"2547","2015-04-30","66.78"
"2548","2015-04-29","65.84"
"2549","2015-04-28","64.64"
"2550","2015-04-27","64.83"
"2551","2015-04-24","65.28"
"2552","2015-04-23","64.85"
"2553","2015-04-22","62.73"
"2554","2015-04-21","62.08"
"2555","2015-04-20","63.45"
"2556","2015-04-17","63.45"
"2557","2015-04-16","60.40"
"2558","2015-04-15","60.32"
"2559","2015-04-14","58.43"
"2560","2015-04-13","57.93"
"2561","2015-04-10","57.87"
"2562","2015-04-09","56.57"
"2563","2015-04-08","55.55"
"2564","2015-04-07","59.10"
"2565","2015-04-06","58.12"
"2566","2015-04-03","54.95"
"2567","2015-04-02","54.95"
"2568","2015-04-01","57.10"
"2569","2015-03-31","55.11"
"2570","2015-03-30","56.29"
"2571","2015-03-27","56.41"
"2572","2015-03-26","59.19"
"2573","2015-03-25","56.48"
"2574","2015-03-24","55.11"
"2575","2015-03-23","55.92"
"2576","2015-03-20","55.32"
"2577","2015-03-19","54.43"
"2578","2015-03-18","55.91"
"2579","2015-03-17","53.43"
"2580","2015-03-16","53.44"
"2581","2015-03-13","54.67"
"2582","2015-03-12","57.08"
"2583","2015-03-11","57.54"
"2584","2015-03-10","56.39"
"2585","2015-03-09","58.53"
"2586","2015-03-06","59.73"
"2587","2015-03-05","60.48"
"2588","2015-03-04","60.55"
"2589","2015-03-03","61.02"
"2590","2015-03-02","59.54"
"2591","2015-02-27","62.58"
"2592","2015-02-26","60.05"
"2593","2015-02-25","61.63"
"2594","2015-02-24","58.66"
"2595","2015-02-23","58.90"
"2596","2015-02-20","60.22"
"2597","2015-02-19","60.21"
"2598","2015-02-18","60.53"
"2599","2015-02-17","62.53"
"2600","2015-02-13","57.39"
"2601","2015-02-12","57.05"
"2602","2015-02-11","54.66"
"2603","2015-02-10","56.43"
"2604","2015-02-09","58.34"
"2605","2015-02-06","57.80"
"2606","2015-02-05","56.57"
"2607","2015-02-04","54.16"
"2608","2015-02-03","57.91"
"2609","2015-02-02","54.75"
"2610","2015-01-30","52.99"
"2611","2015-01-29","49.13"
"2612","2015-01-28","48.47"
"2613","2015-01-27","49.60"
"2614","2015-01-26","48.16"
"2615","2015-01-23","48.79"
"2616","2015-01-22","48.52"
"2617","2015-01-21","49.03"
"2618","2015-01-20","47.99"
"2619","2015-01-16","47.69"
"2620","2015-01-15","47.67"
"2621","2015-01-14","48.69"
"2622","2015-01-13","46.59"
"2623","2015-01-12","47.43"
"2624","2015-01-09","50.11"
"2625","2015-01-08","50.96"
"2626","2015-01-07","51.15"
"2627","2015-01-06","51.10"
"2628","2015-01-05","53.11"
"2629","2015-01-02","56.42"
"2630","2014-12-31","57.33"
"2631","2014-12-30","57.90"
"2632","2014-12-29","57.88"
"2633","2014-12-26","59.45"
"2634","2014-12-24","60.24"
"2635","2014-12-23","61.69"
"2636","2014-12-22","60.11"
"2637","2014-12-19","61.38"
"2638","2014-12-18","59.27"
"2639","2014-12-17","59.80"
"2640","2014-12-16","59.86"
"2641","2014-12-15","61.06"
"2642","2014-12-12","61.85"
"2643","2014-12-11","63.68"
"2644","2014-12-10","64.24"
"2645","2014-12-09","66.84"
"2646","2014-12-08","66.19"
"2647","2014-12-05","69.07"
"2648","2014-12-04","69.64"
"2649","2014-12-03","69.92"
"2650","2014-12-02","70.54"
"2651","2014-12-01","72.54"
"2652","2014-11-28","70.15"
"2653","2014-11-27","72.58"
"2654","2014-11-26","77.75"
"2655","2014-11-25","78.33"
"2656","2014-11-24","79.68"
"2657","2014-11-21","80.36"
"2658","2014-11-20","79.33"
"2659","2014-11-19","78.10"
"2660","2014-11-18","78.47"
"2661","2014-11-17","79.31"
"2662","2014-11-14","77.74"
"2663","2014-11-13","77.92"
"2664","2014-11-12","80.38"
"2665","2014-11-11","81.67"
"2666","2014-11-10","82.34"
"2667","2014-11-07","83.39"
"2668","2014-11-06","82.86"
"2669","2014-11-05","82.95"
"2670","2014-11-04","82.82"
"2671","2014-11-03","84.78"
"2672","2014-10-31","85.86"
"2673","2014-10-30","86.24"
"2674","2014-10-29","87.12"
"2675","2014-10-28","86.03"
"2676","2014-10-27","85.83"
"2677","2014-10-24","86.13"
"2678","2014-10-23","86.83"
"2679","2014-10-22","84.71"
"2680","2014-10-21","86.22"
"2681","2014-10-20","85.40"
"2682","2014-10-17","84.54"
"2683","2014-10-16","84.47"
"2684","2014-10-15","83.78"
"2685","2014-10-14","85.04"
"2686","2014-10-13","88.89"
"2687","2014-10-10","90.21"
"2688","2014-10-09","90.05"
"2689","2014-10-08","91.38"
"2690","2014-10-07","92.11"
"2691","2014-10-06","92.79"
"2692","2014-10-03","92.31"
"2693","2014-10-02","93.42"
"2694","2014-10-01","94.16"
"2695","2014-09-30","94.67"
"2696","2014-09-29","97.20"
"2697","2014-09-26","97.00"
"2698","2014-09-25","97.00"
"2699","2014-09-24","96.95"
"2700","2014-09-23","96.85"
"2701","2014-09-22","96.97"
"2702","2014-09-19","98.39"
"2703","2014-09-18","97.70"
"2704","2014-09-17","98.97"
"2705","2014-09-16","96.63"
"2706","2014-09-15","96.65"
"2707","2014-09-12","97.11"
"2708","2014-09-11","98.08"
"2709","2014-09-10","98.04"
"2710","2014-09-09","99.16"
"2711","2014-09-08","100.20"
"2712","2014-09-05","100.82"
"2713","2014-09-04","101.83"
"2714","2014-09-03","102.77"
"2715","2014-09-02","100.34"
"2716","2014-09-01","102.79"
"2717","2014-08-29","103.19"
"2718","2014-08-28","102.46"
"2719","2014-08-27","102.72"
"2720","2014-08-26","102.50"
"2721","2014-08-25","102.65"
"2722","2014-08-22","102.29"
"2723","2014-08-21","102.63"
"2724","2014-08-20","102.28"
"2725","2014-08-19","101.56"
"2726","2014-08-18","101.60"
"2727","2014-08-15","101.95"
"2728","2014-08-14","102.01"
"2729","2014-08-13","104.28"
"2730","2014-08-12","103.02"
"2731","2014-08-11","104.68"
"2732","2014-08-08","105.02"
"2733","2014-08-07","105.44"
"2734","2014-08-06","104.59"
"2735","2014-08-05","104.61"
"2736","2014-08-04","105.41"
"2737","2014-08-01","104.84"
"2738","2014-07-31","106.02"
"2739","2014-07-30","106.51"
"2740","2014-07-29","107.72"
"2741","2014-07-28","107.57"
"2742","2014-07-25","108.39"
"2743","2014-07-24","107.07"
"2744","2014-07-23","108.03"
"2745","2014-07-22","107.33"
"2746","2014-07-21","107.68"
"2747","2014-07-18","107.24"
"2748","2014-07-17","105.96"
"2749","2014-07-16","105.85"
"2750","2014-07-15","106.02"
"2751","2014-07-14","106.98"
"2752","2014-07-11","106.66"
"2753","2014-07-10","108.67"
"2754","2014-07-09","108.28"
"2755","2014-07-08","108.94"
"2756","2014-07-07","110.24"
"2757","2014-07-03","111.00"
"2758","2014-07-02","111.24"
"2759","2014-07-01","112.29"
"2760","2014-06-30","112.36"
"2761","2014-06-27","113.30"
"2762","2014-06-26","113.21"
"2763","2014-06-25","114.00"
"2764","2014-06-24","114.46"
"2765","2014-06-23","114.12"
"2766","2014-06-20","114.81"
"2767","2014-06-19","115.06"
"2768","2014-06-18","114.26"
"2769","2014-06-17","113.45"
"2770","2014-06-16","113.22"
"2771","2014-06-13","113.41"
"2772","2014-06-12","113.02"
"2773","2014-06-11","109.95"
"2774","2014-06-10","109.52"
"2775","2014-06-09","109.99"
"2776","2014-06-06","108.61"
"2777","2014-06-05","108.79"
"2778","2014-06-04","108.40"
"2779","2014-06-03","108.82"
"2780","2014-06-02","108.83"
"2781","2014-05-30","109.41"
"2782","2014-05-29","109.97"
"2783","2014-05-28","109.81"
"2784","2014-05-27","110.02"
"2785","2014-05-23","110.54"
"2786","2014-05-22","110.36"
"2787","2014-05-21","110.55"
"2788","2014-05-20","109.69"
"2789","2014-05-19","109.37"
"2790","2014-05-16","110.42"
"2791","2014-05-15","110.44"
"2792","2014-05-14","110.19"
"2793","2014-05-13","109.24"
"2794","2014-05-12","108.41"
"2795","2014-05-09","107.89"
"2796","2014-05-08","108.04"
"2797","2014-05-07","108.13"
"2798","2014-05-06","107.06"
"2799","2014-05-05","107.72"
"2800","2014-05-02","108.59"
"2801","2014-05-01","107.76"
"2802","2014-04-30","108.07"
"2803","2014-04-29","108.98"
"2804","2014-04-28","108.12"
"2805","2014-04-25","109.58"
"2806","2014-04-24","110.33"
"2807","2014-04-23","109.11"
"2808","2014-04-22","109.27"
"2809","2014-04-21","109.95"
"2810","2014-04-17","109.53"
"2811","2014-04-16","108.80"
"2812","2014-04-15","108.74"
"2813","2014-04-14","109.07"
"2814","2014-04-11","107.33"
"2815","2014-04-10","107.46"
"2816","2014-04-09","107.98"
"2817","2014-04-08","107.67"
"2818","2014-04-07","105.82"
"2819","2014-04-04","106.72"
"2820","2014-04-03","106.15"
"2821","2014-04-02","104.79"
"2822","2014-04-01","105.62"
"2823","2014-03-31","107.76"
"2824","2014-03-28","108.07"
"2825","2014-03-27","107.83"
"2826","2014-03-26","107.03"
"2827","2014-03-25","106.99"
"2828","2014-03-24","106.81"
"2829","2014-03-21","106.92"
"2830","2014-03-20","106.45"
"2831","2014-03-19","105.85"
"2832","2014-03-18","106.79"
"2833","2014-03-17","108.54"
"2834","2014-03-14","108.57"
"2835","2014-03-13","107.39"
"2836","2014-03-12","108.02"
"2837","2014-03-11","108.55"
"2838","2014-03-10","108.08"
"2839","2014-03-07","109.00"
"2840","2014-03-06","108.10"
"2841","2014-03-05","107.76"
"2842","2014-03-04","109.30"
"2843","2014-03-03","111.20"
"2844","2014-02-28","109.07"
"2845","2014-02-27","108.96"
"2846","2014-02-26","109.52"
"2847","2014-02-25","109.51"
"2848","2014-02-24","110.64"
"2849","2014-02-21","109.85"
"2850","2014-02-20","110.30"
"2851","2014-02-19","110.47"
"2852","2014-02-18","110.46"
"2853","2014-02-14","108.73"
"2854","2014-02-13","108.73"
"2855","2014-02-12","108.79"
"2856","2014-02-11","108.68"
"2857","2014-02-10","108.63"
"2858","2014-02-07","109.57"
"2859","2014-02-06","107.19"
"2860","2014-02-05","106.25"
"2861","2014-02-04","105.78"
"2862","2014-02-03","106.04"
"2863","2014-01-31","106.40"
"2864","2014-01-30","107.95"
"2865","2014-01-29","107.85"
"2866","2014-01-28","107.41"
"2867","2014-01-27","106.69"
"2868","2014-01-24","107.88"
"2869","2014-01-23","107.58"
"2870","2014-01-22","108.27"
"2871","2014-01-21","106.73"
"2872","2014-01-17","107.06"
"2873","2014-01-16","107.09"
"2874","2014-01-15","107.13"
"2875","2014-01-14","106.39"
"2876","2014-01-13","106.75"
"2877","2014-01-10","107.25"
"2878","2014-01-09","106.39"
"2879","2014-01-08","107.15"
"2880","2014-01-07","107.35"
"2881","2014-01-06","106.73"
"2882","2014-01-03","106.89"
"2883","2014-01-02","107.78"
"2884","2013-12-31","110.80"
"2885","2013-12-30","111.21"
"2886","2013-12-27","112.18"
"2887","2013-12-26","111.98"
"2888","2013-12-24","111.90"
"2889","2013-12-23","111.56"
"2890","2013-12-20","111.77"
"2891","2013-12-19","110.29"
"2892","2013-12-18","109.63"
"2893","2013-12-17","110.41"
"2894","2013-12-16","110.47"
"2895","2013-12-13","108.83"
"2896","2013-12-12","108.67"
"2897","2013-12-11","109.70"
"2898","2013-12-10","109.38"
"2899","2013-12-09","109.39"
"2900","2013-12-06","111.61"
"2901","2013-12-05","110.98"
"2902","2013-12-04","111.88"
"2903","2013-12-03","112.62"
"2904","2013-12-02","111.45"
"2905","2013-11-29","109.69"
"2906","2013-11-27","111.31"
"2907","2013-11-26","110.88"
"2908","2013-11-25","111.00"
"2909","2013-11-22","111.05"
"2910","2013-11-21","110.08"
"2911","2013-11-20","108.06"
"2912","2013-11-19","106.92"
"2913","2013-11-18","108.47"
"2914","2013-11-15","108.55"
"2915","2013-11-14","108.54"
"2916","2013-11-13","107.12"
"2917","2013-11-12","105.81"
"2918","2013-11-11","106.40"
"2919","2013-11-08","105.12"
"2920","2013-11-07","103.46"
"2921","2013-11-06","105.24"
"2922","2013-11-05","105.33"
"2923","2013-11-04","106.23"
"2924","2013-11-01","105.91"
"2925","2013-10-31","108.84"
"2926","2013-10-30","109.86"
"2927","2013-10-29","109.01"
"2928","2013-10-28","109.61"
"2929","2013-10-25","106.93"
"2930","2013-10-24","106.99"
"2931","2013-10-23","107.80"
"2932","2013-10-22","109.97"
"2933","2013-10-21","109.64"
"2934","2013-10-18","109.94"
"2935","2013-10-17","110.97"
"2936","2013-10-16","110.86"
"2937","2013-10-15","109.96"
"2938","2013-10-14","111.04"
"2939","2013-10-11","111.28"
"2940","2013-10-10","111.80"
"2941","2013-10-09","109.06"
"2942","2013-10-08","110.16"
"2943","2013-10-07","109.68"
"2944","2013-10-04","109.46"
"2945","2013-10-03","109.00"
"2946","2013-10-02","109.19"
"2947","2013-10-01","107.94"
"2948","2013-09-30","108.37"
"2949","2013-09-27","108.63"
"2950","2013-09-26","109.21"
"2951","2013-09-25","108.32"
"2952","2013-09-24","108.64"
"2953","2013-09-23","108.16"
"2954","2013-09-20","109.22"
"2955","2013-09-19","108.76"
"2956","2013-09-18","110.60"
"2957","2013-09-17","108.19"
"2958","2013-09-16","112.32"
"2959","2013-09-13","112.78"
"2960","2013-09-12","112.63"
"2961","2013-09-11","111.50"
"2962","2013-09-10","111.25"
"2963","2013-09-09","113.72"
"2964","2013-09-06","116.12"
"2965","2013-09-05","115.26"
"2966","2013-09-04","114.91"
"2967","2013-09-03","115.68"
"2968","2013-08-30","114.01"
"2969","2013-08-29","115.16"
"2970","2013-08-28","116.61"
"2971","2013-08-27","114.36"
"2972","2013-08-26","110.73"
"2973","2013-08-23","111.04"
"2974","2013-08-22","109.90"
"2975","2013-08-21","106.61"
"2976","2013-08-20","106.85"
"2977","2013-08-19","106.72"
"2978","2013-08-16","107.04"
"2979","2013-08-15","111.11"
"2980","2013-08-14","110.20"
"2981","2013-08-13","109.82"
"2982","2013-08-12","108.97"
"2983","2013-08-09","108.22"
"2984","2013-08-08","106.68"
"2985","2013-08-07","107.44"
"2986","2013-08-06","108.18"
"2987","2013-08-05","108.70"
"2988","2013-08-02","108.95"
"2989","2013-08-01","109.54"
"2990","2013-07-31","105.75"
"2991","2013-07-30","106.12"
"2992","2013-07-29","105.33"
"2993","2013-07-26","104.52"
"2994","2013-07-25","105.08"
"2995","2013-07-24","105.21"
"2996","2013-07-23","106.13"
"2997","2013-07-22","107.21"
"2998","2013-07-19","106.53"
"2999","2013-07-18","106.15"
"3000","2013-07-17","107.28"
"3001","2013-07-16","107.36"
"3002","2013-07-15","106.72"
"3003","2013-07-12","107.93"
"3004","2013-07-11","105.37"
"3005","2013-07-10","105.77"
"3006","2013-07-09","105.34"
"3007","2013-07-08","105.47"
"3008","2013-07-05","105.61"
"3009","2013-07-04","105.54"
"3010","2013-07-03","105.23"
"3011","2013-07-02","102.94"
"3012","2013-07-01","101.98"
"3013","2013-06-28","101.26"
"3014","2013-06-27","102.43"
"3015","2013-06-26","101.31"
"3016","2013-06-25","100.52"
"3017","2013-06-24","100.79"
"3018","2013-06-21","100.54"
"3019","2013-06-20","101.81"
"3020","2013-06-19","105.08"
"3021","2013-06-18","106.02"
"3022","2013-06-17","104.42"
"3023","2013-06-14","105.16"
"3024","2013-06-13","104.62"
"3025","2013-06-12","102.91"
"3026","2013-06-11","102.97"
"3027","2013-06-10","103.58"
"3028","2013-06-07","103.95"
"3029","2013-06-06","103.33"
"3030","2013-06-05","102.73"
"3031","2013-06-04","102.89"
"3032","2013-06-03","101.81"
"3033","2013-05-31","100.39"
"3034","2013-05-30","101.70"
"3035","2013-05-29","101.90"
"3036","2013-05-28","103.99"
"3037","2013-05-27","102.62"
"3038","2013-05-24","101.72"
"3039","2013-05-23","102.44"
"3040","2013-05-22","102.18"
"3041","2013-05-21","103.78"
"3042","2013-05-20","104.80"
"3043","2013-05-17","104.46"
"3044","2013-05-16","103.33"
"3045","2013-05-15","103.50"
"3046","2013-05-14","102.51"
"3047","2013-05-13","102.82"
"3048","2013-05-10","103.65"
"3049","2013-05-09","104.20"
"3050","2013-05-08","104.34"
"3051","2013-05-07","104.07"
"3052","2013-05-06","105.46"
"3053","2013-05-03","104.19"
"3054","2013-05-02","102.85"
"3055","2013-05-01","99.95"
"3056","2013-04-30","102.37"
"3057","2013-04-29","103.81"
"3058","2013-04-26","103.16"
"3059","2013-04-25","103.41"
"3060","2013-04-24","101.67"
"3061","2013-04-23","100.31"
"3062","2013-04-22","100.39"
"3063","2013-04-19","99.47"
"3064","2013-04-18","99.13"
"3065","2013-04-17","97.69"
"3066","2013-04-16","99.91"
"3067","2013-04-15","100.63"
"3068","2013-04-12","103.04"
"3069","2013-04-11","104.38"
"3070","2013-04-10","105.78"
"3071","2013-04-09","106.15"
"3072","2013-04-08","104.77"
"3073","2013-04-05","104.12"
"3074","2013-04-04","106.15"
"3075","2013-04-03","106.95"
"3076","2013-04-02","110.53"
"3077","2013-04-01","110.81"
"3078","2013-03-28","109.79"
"3079","2013-03-27","109.43"
"3080","2013-03-26","109.09"
"3081","2013-03-25","107.83"
"3082","2013-03-22","107.25"
"3083","2013-03-21","107.04"
"3084","2013-03-20","108.21"
"3085","2013-03-19","106.97"
"3086","2013-03-18","109.03"
"3087","2013-03-15","109.26"
"3088","2013-03-14","108.41"
"3089","2013-03-13","107.80"
"3090","2013-03-12","109.23"
"3091","2013-03-11","109.11"
"3092","2013-03-08","109.58"
"3093","2013-03-07","109.56"
"3094","2013-03-06","110.11"
"3095","2013-03-05","110.68"
"3096","2013-03-04","108.13"
"3097","2013-03-01","109.41"
"3098","2013-02-28","111.38"
"3099","2013-02-27","110.16"
"3100","2013-02-26","111.07"
"3101","2013-02-25","114.44"
"3102","2013-02-22","114.10"
"3103","2013-02-21","113.53"
"3104","2013-02-20","115.60"
"3105","2013-02-19","117.52"
"3106","2013-02-15","117.66"
"3107","2013-02-14","116.35"
"3108","2013-02-13","117.00"
"3109","2013-02-12","117.75"
"3110","2013-02-11","116.36"
"3111","2013-02-08","117.85"
"3112","2013-02-07","117.24"
"3113","2013-02-06","115.84"
"3114","2013-02-05","115.57"
"3115","2013-02-04","112.46"
"3116","2013-02-01","115.80"
"3117","2013-01-31","115.55"
"3118","2013-01-30","114.90"
"3119","2013-01-29","114.36"
"3120","2013-01-28","112.38"
"3121","2013-01-25","113.28"
"3122","2013-01-24","113.28"
"3123","2013-01-23","110.82"
"3124","2013-01-22","111.37"
"3125","2013-01-18","110.89"
"3126","2013-01-17","110.27"
"3127","2013-01-16","108.29"
"3128","2013-01-15","109.63"
"3129","2013-01-14","110.95"
"3130","2013-01-11","108.60"
"3131","2013-01-10","111.12"
"3132","2013-01-09","110.87"
"3133","2013-01-08","111.02"
"3134","2013-01-07","111.40"
"3135","2013-01-04","111.31"
"3136","2013-01-03","112.14"
"3137","2013-01-02","112.47"
"3138","2013-01-01","110.47"
"3139","2012-12-31","108.47"
"3140","2012-12-28","108.14"
"3141","2012-12-27","109.13"
"3142","2012-12-26","111.07"
"3143","2012-12-25","109.94"
"3144","2012-12-24","108.80"
"3145","2012-12-21","107.02"
"3146","2012-12-20","109.36"
"3147","2012-12-19","108.16"
"3148","2012-12-18","107.21"
"3149","2012-12-17","107.64"
"3150","2012-12-14","106.02"
"3151","2012-12-13","106.46"
"3152","2012-12-12","109.50"
"3153","2012-12-11","108.01"
"3154","2012-12-10","107.33"
"3155","2012-12-07","107.02"
"3156","2012-12-06","107.03"
"3157","2012-12-05","106.77"
"3158","2012-12-04","108.93"
"3159","2012-12-03","110.92"
"3160","2012-11-30","110.25"
"3161","2012-11-29","108.26"
"3162","2012-11-28","109.51"
"3163","2012-11-27","108.53"
"3164","2012-11-26","110.92"
"3165","2012-11-23","111.38"
"3166","2012-11-22","111.12"
"3167","2012-11-21","110.86"
"3168","2012-11-20","109.83"
"3169","2012-11-19","108.74"
"3170","2012-11-16","108.95"
"3171","2012-11-15","110.98"
"3172","2012-11-14","106.18"
"3173","2012-11-13","108.26"
"3174","2012-11-12","109.07"
"3175","2012-11-09","109.40"
"3176","2012-11-08","107.25"
"3177","2012-11-07","106.82"
"3178","2012-11-06","111.07"
"3179","2012-11-05","104.64"
"3180","2012-11-02","105.68"
"3181","2012-11-01","107.34"
"3182","2012-10-31","106.11"
"3183","2012-10-30","107.07"
"3184","2012-10-29","108.18"
"3185","2012-10-26","107.75"
"3186","2012-10-25","107.48"
"3187","2012-10-24","105.72"
"3188","2012-10-23","107.44"
"3189","2012-10-22","103.40"
"3190","2012-10-19","110.14"
"3191","2012-10-18","112.42"
"3192","2012-10-17","113.22"
"3193","2012-10-16","115.07"
"3194","2012-10-15","114.40"
"3195","2012-10-12","113.61"
"3196","2012-10-11","115.71"
"3197","2012-10-10","113.18"
"3198","2012-10-09","113.41"
"3199","2012-10-08","110.92"
"3200","2012-10-05","111.18"
"3201","2012-10-04","111.70"
"3202","2012-10-03","107.43"
"3203","2012-10-02","110.26"
"3204","2012-10-01","110.73"
"3205","2012-09-28","111.58"
"3206","2012-09-27","111.19"
"3207","2012-09-26","109.23"
"3208","2012-09-25","109.67"
"3209","2012-09-24","109.16"
"3210","2012-09-21","110.62"
"3211","2012-09-20","110.03"
"3212","2012-09-19","107.56"
"3213","2012-09-18","112.03"
"3214","2012-09-17","113.79"
"3215","2012-09-14","116.19"
"3216","2012-09-13","115.41"
"3217","2012-09-12","114.88"
"3218","2012-09-11","114.77"
"3219","2012-09-10","113.84"
"3220","2012-09-07","114.25"
"3221","2012-09-06","113.09"
"3222","2012-09-05","112.70"
"3223","2012-09-04","113.13"
"3224","2012-09-03","113.85"
"3225","2012-08-31","114.57"
"3226","2012-08-30","112.21"
"3227","2012-08-29","111.66"
"3228","2012-08-28","111.81"
"3229","2012-08-27","112.26"
"3230","2012-08-24","113.01"
"3231","2012-08-23","114.26"
"3232","2012-08-22","114.36"
"3233","2012-08-21","113.57"
"3234","2012-08-20","113.70"
"3235","2012-08-17","112.53"
"3236","2012-08-16","114.45"
"3237","2012-08-15","114.31"
"3238","2012-08-14","112.15"
"3239","2012-08-13","111.72"
"3240","2012-08-10","111.11"
"3241","2012-08-09","111.67"
"3242","2012-08-08","110.57"
"3243","2012-08-07","112.00"
"3244","2012-08-06","109.55"
"3245","2012-08-03","107.45"
"3246","2012-08-02","104.39"
"3247","2012-08-01","104.69"
"3248","2012-07-31","103.29"
"3249","2012-07-30","104.64"
"3250","2012-07-27","105.38"
"3251","2012-07-26","104.19"
"3252","2012-07-25","103.50"
"3253","2012-07-24","102.55"
"3254","2012-07-23","103.26"
"3255","2012-07-20","106.14"
"3256","2012-07-19","107.04"
"3257","2012-07-18","104.45"
"3258","2012-07-17","103.10"
"3259","2012-07-16","102.81"
"3260","2012-07-13","101.42"
"3261","2012-07-12","100.28"
"3262","2012-07-11","99.69"
"3263","2012-07-10","97.57"
"3264","2012-07-09","99.73"
"3265","2012-07-06","97.79"
"3266","2012-07-05","100.32"
"3267","2012-07-04","100.24"
"3268","2012-07-03","100.15"
"3269","2012-07-02","97.14"
"3270","2012-06-29","97.88"
"3271","2012-06-28","91.45"
"3272","2012-06-27","93.50"
"3273","2012-06-26","93.02"
"3274","2012-06-25","91.33"
"3275","2012-06-22","91.26"
"3276","2012-06-21","89.61"
"3277","2012-06-20","92.69"
"3278","2012-06-19","95.89"
"3279","2012-06-18","96.08"
"3280","2012-06-15","97.55"
"3281","2012-06-14","97.14"
"3282","2012-06-13","96.66"
"3283","2012-06-12","97.03"
"3284","2012-06-11","97.65"
"3285","2012-06-08","99.01"
"3286","2012-06-07","99.21"
"3287","2012-06-06","100.13"
"3288","2012-06-05","98.36"
"3289","2012-06-04","98.37"
"3290","2012-06-01","97.67"
"3291","2012-05-31","101.11"
"3292","2012-05-30","102.72"
"3293","2012-05-29","105.41"
"3294","2012-05-25","105.95"
"3295","2012-05-24","105.45"
"3296","2012-05-23","104.56"
"3297","2012-05-22","107.16"
"3298","2012-05-21","107.52"
"3299","2012-05-18","106.52"
"3300","2012-05-17","106.96"
"3301","2012-05-16","109.27"
"3302","2012-05-15","111.45"
"3303","2012-05-14","111.00"
"3304","2012-05-11","111.77"
"3305","2012-05-10","112.35"
"3306","2012-05-09","112.79"
"3307","2012-05-08","112.73"
"3308","2012-05-07","112.81"
"3309","2012-05-04","112.85"
"3310","2012-05-03","115.84"
"3311","2012-05-02","117.90"
"3312","2012-05-01","119.32"
"3313","2012-04-30","119.47"
"3314","2012-04-27","119.83"
"3315","2012-04-26","119.92"
"3316","2012-04-25","118.80"
"3317","2012-04-24","117.94"
"3318","2012-04-23","118.71"
"3319","2012-04-20","118.76"
"3320","2012-04-19","117.83"
"3321","2012-04-18","117.84"
"3322","2012-04-17","118.67"
"3323","2012-04-16","118.68"
"3324","2012-04-13","120.79"
"3325","2012-04-12","121.52"
"3326","2012-04-11","119.87"
"3327","2012-04-10","119.50"
"3328","2012-04-09","122.13"
"3329","2012-04-06","122.48"
"3330","2012-04-05","122.83"
"3331","2012-04-04","121.86"
"3332","2012-04-03","124.38"
"3333","2012-04-02","124.77"
"3334","2012-03-30","122.08"
"3335","2012-03-29","121.63"
"3336","2012-03-28","123.46"
"3337","2012-03-27","124.77"
"3338","2012-03-26","124.98"
"3339","2012-03-23","124.39"
"3340","2012-03-22","123.14"
"3341","2012-03-21","119.99"
"3342","2012-03-20","123.72"
"3343","2012-03-19","125.24"
"3344","2012-03-16","125.28"
"3345","2012-03-15","122.60"
"3346","2012-03-14","124.58"
"3347","2012-03-13","125.21"
"3348","2012-03-12","124.26"
"3349","2012-03-09","125.35"
"3350","2012-03-08","124.47"
"3351","2012-03-07","123.55"
"3352","2012-03-06","121.41"
"3353","2012-03-05","122.94"
"3354","2012-03-02","122.61"
"3355","2012-03-01","124.96"
"3356","2012-02-29","121.56"
"3357","2012-02-28","120.63"
"3358","2012-02-27","118.64"
"3359","2012-02-24","125.47"
"3360","2012-02-23","121.83"
"3361","2012-02-22","120.98"
"3362","2012-02-21","120.29"
"3363","2012-02-20","120.05"
"3364","2012-02-17","114.46"
"3365","2012-02-16","120.11"
"3366","2012-02-15","117.57"
"3367","2012-02-14","117.35"
"3368","2012-02-13","117.39"
"3369","2012-02-10","116.75"
"3370","2012-02-09","117.23"
"3371","2012-02-08","113.21"
"3372","2012-02-07","112.54"
"3373","2012-02-06","115.63"
"3374","2012-02-03","114.24"
"3375","2012-02-02","111.69"
"3376","2012-02-01","111.21"
"3377","2012-01-31","110.69"
"3378","2012-01-30","110.10"
"3379","2012-01-27","111.14"
"3380","2012-01-26","110.61"
"3381","2012-01-25","109.67"
"3382","2012-01-24","110.00"
"3383","2012-01-23","110.42"
"3384","2012-01-20","109.71"
"3385","2012-01-19","108.85"
"3386","2012-01-18","110.66"
"3387","2012-01-17","111.53"
"3388","2012-01-16","111.20"
"3389","2012-01-13","110.44"
"3390","2012-01-12","111.26"
"3391","2012-01-11","112.24"
"3392","2012-01-10","113.28"
"3393","2012-01-09","112.45"
"3394","2012-01-06","113.06"
"3395","2012-01-05","112.74"
"3396","2012-01-04","113.70"
"3397","2012-01-03","112.13"
"3398","2012-01-02","109.76"
"3399","2011-12-30","107.38"
"3400","2011-12-29","108.01"
"3401","2011-12-28","107.56"
"3402","2011-12-27","109.27"
"3403","2011-12-23","107.96"
"3404","2011-12-22","107.89"
"3405","2011-12-21","107.71"
"3406","2011-12-20","106.73"
"3407","2011-12-19","105.76"
"3408","2011-12-16","103.35"
"3409","2011-12-15","105.09"
"3410","2011-12-14","105.02"
"3411","2011-12-13","109.50"
"3412","2011-12-12","107.26"
"3413","2011-12-09","108.62"
"3414","2011-12-08","108.11"
"3415","2011-12-07","109.53"
"3416","2011-12-06","110.81"
"3417","2011-12-05","109.81"
"3418","2011-12-02","109.94"
"3419","2011-12-01","108.99"
"3420","2011-11-30","110.52"
"3421","2011-11-29","110.82"
"3422","2011-11-28","109.00"
"3423","2011-11-25","106.40"
"3424","2011-11-24","107.78"
"3425","2011-11-23","107.02"
"3426","2011-11-22","109.03"
"3427","2011-11-21","106.88"
"3428","2011-11-18","107.56"
"3429","2011-11-17","108.22"
"3430","2011-11-16","111.88"
"3431","2011-11-15","112.39"
"3432","2011-11-14","111.89"
"3433","2011-11-11","114.16"
"3434","2011-11-10","113.71"
"3435","2011-11-09","112.31"
"3436","2011-11-08","115.00"
"3437","2011-11-07","114.56"
"3438","2011-11-04","111.97"
"3439","2011-11-03","110.83"
"3440","2011-11-02","109.34"
"3441","2011-11-01","109.54"
"3442","2011-10-31","109.56"
"3443","2011-10-28","109.91"
"3444","2011-10-27","112.08"
"3445","2011-10-26","108.91"
"3446","2011-10-25","110.92"
"3447","2011-10-24","111.45"
"3448","2011-10-21","109.56"
"3449","2011-10-20","109.76"
"3450","2011-10-19","108.39"
"3451","2011-10-18","111.15"
"3452","2011-10-17","110.16"
"3453","2011-10-14","114.68"
"3454","2011-10-13","111.11"
"3455","2011-10-12","111.36"
"3456","2011-10-11","110.73"
"3457","2011-10-10","108.95"
"3458","2011-10-07","105.88"
"3459","2011-10-06","105.73"
"3460","2011-10-05","102.73"
"3461","2011-10-04","99.79"
"3462","2011-10-03","101.71"
"3463","2011-09-30","102.76"
"3464","2011-09-29","103.95"
"3465","2011-09-28","103.81"
"3466","2011-09-27","107.14"
"3467","2011-09-26","103.94"
"3468","2011-09-23","103.97"
"3469","2011-09-22","105.49"
"3470","2011-09-21","110.36"
"3471","2011-09-20","110.54"
"3472","2011-09-19","109.14"
"3473","2011-09-16","112.22"
"3474","2011-09-15","115.34"
"3475","2011-09-14","112.40"
"3476","2011-09-13","111.89"
"3477","2011-09-12","112.25"
"3478","2011-09-09","112.77"
"3479","2011-09-08","114.55"
"3480","2011-09-07","115.80"
"3481","2011-09-06","112.89"
"3482","2011-09-05","110.08"
"3483","2011-09-02","112.33"
"3484","2011-09-01","114.29"
"3485","2011-08-31","114.85"
"3486","2011-08-30","114.02"
"3487","2011-08-29","111.88"
"3488","2011-08-26","111.36"
"3489","2011-08-25","110.62"
"3490","2011-08-24","110.15"
"3491","2011-08-23","109.31"
"3492","2011-08-22","108.36"
"3493","2011-08-20","108.62"
"3494","2011-08-19","108.62"
"3495","2011-08-18","106.99"
"3496","2011-08-17","110.60"
"3497","2011-08-16","109.47"
"3498","2011-08-15","109.91"
"3499","2011-08-12","108.03"
"3500","2011-08-11","108.02"
"3501","2011-08-10","106.68"
"3502","2011-08-09","102.57"
"3503","2011-08-08","103.74"
"3504","2011-08-05","109.37"
"3505","2011-08-04","107.25"
"3506","2011-08-03","113.23"
"3507","2011-08-02","116.46"
"3508","2011-08-01","116.81"
"3509","2011-07-29","116.74"
"3510","2011-07-28","117.36"
"3511","2011-07-27","117.43"
"3512","2011-07-26","118.28"
"3513","2011-07-25","117.94"
"3514","2011-07-22","118.67"
"3515","2011-07-21","117.51"
"3516","2011-07-20","118.15"
"3517","2011-07-19","117.06"
"3518","2011-07-18","116.05"
"3519","2011-07-15","117.26"
"3520","2011-07-14","118.32"
"3521","2011-07-13","118.78"
"3522","2011-07-12","117.75"
"3523","2011-07-11","117.24"
"3524","2011-07-08","118.33"
"3525","2011-07-07","118.59"
"3526","2011-07-06","113.62"
"3527","2011-07-05","113.61"
"3528","2011-07-04","111.39"
"3529","2011-07-01","111.77"
"3530","2011-06-30","112.48"
"3531","2011-06-29","112.40"
"3532","2011-06-28","108.78"
"3533","2011-06-27","105.99"
"3534","2011-06-24","105.12"
"3535","2011-06-23","107.26"
"3536","2011-06-22","114.21"
"3537","2011-06-21","110.95"
"3538","2011-06-20","111.69"
"3539","2011-06-17","113.21"
"3540","2011-06-16","114.02"
"3541","2011-06-15","117.10"
"3542","2011-06-14","120.16"
"3543","2011-06-13","119.10"
"3544","2011-06-10","118.78"
"3545","2011-06-09","119.57"
"3546","2011-06-08","117.85"
"3547","2011-06-07","116.78"
"3548","2011-06-06","114.48"
"3549","2011-06-03","115.84"
"3550","2011-06-02","115.54"
"3551","2011-06-01","114.53"
"3552","2011-05-31","116.73"
"3553","2011-05-30","114.68"
"3554","2011-05-27","115.03"
"3555","2011-05-26","115.05"
"3556","2011-05-25","114.93"
"3557","2011-05-24","112.53"
"3558","2011-05-23","110.10"
"3559","2011-05-20","112.39"
"3560","2011-05-19","111.42"
"3561","2011-05-18","112.30"
"3562","2011-05-17","109.99"
"3563","2011-05-16","112.73"
"3564","2011-05-13","113.83"
"3565","2011-05-12","112.98"
"3566","2011-05-11","112.57"
"3567","2011-05-10","117.63"
"3568","2011-05-09","115.90"
"3569","2011-05-06","109.13"
"3570","2011-05-05","110.80"
"3571","2011-05-04","121.19"
"3572","2011-05-03","122.45"
"3573","2011-05-02","125.12"
"3574","2011-04-29","125.89"
"3575","2011-04-28","125.02"
"3576","2011-04-27","125.13"
"3577","2011-04-26","124.14"
"3578","2011-04-25","123.66"
"3579","2011-04-22","123.83"
"3580","2011-04-21","123.99"
"3581","2011-04-20","123.85"
"3582","2011-04-19","121.33"
"3583","2011-04-18","121.61"
"3584","2011-04-15","123.45"
"3585","2011-04-14","122.36"
"3586","2011-04-13","122.88"
"3587","2011-04-12","120.92"
"3588","2011-04-11","123.98"
"3589","2011-04-08","126.65"
"3590","2011-04-07","122.67"
"3591","2011-04-06","122.30"
"3592","2011-04-05","122.22"
"3593","2011-04-04","121.06"
"3594","2011-04-01","118.70"
"3595","2011-03-31","117.36"
"3596","2011-03-30","115.13"
"3597","2011-03-29","115.16"
"3598","2011-03-28","114.80"
"3599","2011-03-26","114.80"
"3600","2011-03-25","115.59"
"3601","2011-03-24","115.72"
"3602","2011-03-23","115.55"
"3603","2011-03-22","115.70"
"3604","2011-03-21","114.96"
"3605","2011-03-18","113.93"
"3606","2011-03-17","114.90"
"3607","2011-03-16","110.62"
"3608","2011-03-15","108.52"
"3609","2011-03-14","113.67"
"3610","2011-03-11","113.84"
"3611","2011-03-10","115.43"
"3612","2011-03-09","115.94"
"3613","2011-03-08","113.06"
"3614","2011-03-07","115.04"
"3615","2011-03-04","115.97"
"3616","2011-03-03","114.79"
"3617","2011-03-02","116.35"
"3618","2011-03-01","115.42"
"3619","2011-02-28","111.80"
"3620","2011-02-25","112.14"
"3621","2011-02-24","111.36"
"3622","2011-02-23","111.25"
"3623","2011-02-22","105.78"
"3624","2011-02-21","105.74"
"3625","2011-02-18","102.52"
"3626","2011-02-17","102.59"
"3627","2011-02-16","103.78"
"3628","2011-02-15","101.64"
"3629","2011-02-14","103.08"
"3630","2011-02-11","101.43"
"3631","2011-02-10","100.87"
"3632","2011-02-09","101.82"
"3633","2011-02-08","99.92"
"3634","2011-02-07","99.25"
"3635","2011-02-04","99.83"
"3636","2011-02-03","101.76"
"3637","2011-02-02","102.34"
"3638","2011-02-01","101.74"
"3639","2011-01-31","101.01"
"3640","2011-01-28","99.42"
"3641","2011-01-27","97.39"
"3642","2011-01-26","97.91"
"3643","2011-01-25","95.25"
"3644","2011-01-24","96.61"
"3645","2011-01-21","97.60"
"3646","2011-01-20","96.58"
"3647","2011-01-19","98.16"
"3648","2011-01-18","97.80"
"3649","2011-01-17","97.43"
"3650","2011-01-14","98.68"
"3651","2011-01-13","98.06"
"3652","2011-01-12","98.12"
"3653","2011-01-11","97.61"
"3654","2011-01-10","95.70"
"3655","2011-01-07","93.33"
"3656","2011-01-06","94.52"
"3657","2011-01-05","95.50"
"3658","2011-01-04","93.53"
"3659","2011-01-03","94.84"
"3660","2010-12-31","94.75"
"3661","2010-12-30","93.09"
"3662","2010-12-29","94.14"
"3663","2010-12-28","94.38"
"3664","2010-12-27","93.85"
"3665","2010-12-24","93.77"
"3666","2010-12-23","94.25"
"3667","2010-12-22","93.65"
"3668","2010-12-21","93.20"
"3669","2010-12-20","92.74"
"3670","2010-12-17","91.67"
"3671","2010-12-16","91.71"
"3672","2010-12-15","92.20"
"3673","2010-12-14","91.21"
"3674","2010-12-13","91.19"
"3675","2010-12-10","90.48"
"3676","2010-12-09","90.99"
"3677","2010-12-08","90.77"
"3678","2010-12-07","91.39"
"3679","2010-12-06","91.45"
"3680","2010-12-03","91.42"
"3681","2010-12-02","90.69"
"3682","2010-12-01","88.87"
"3683","2010-11-30","85.92"
"3684","2010-11-29","87.34"
"3685","2010-11-26","85.58"
"3686","2010-11-25","86.10"
"3687","2010-11-24","85.84"
"3688","2010-11-23","83.25"
"3689","2010-11-22","83.96"
"3690","2010-11-19","84.34"
"3691","2010-11-18","85.05"
"3692","2010-11-17","83.28"
"3693","2010-11-16","84.73"
"3694","2010-11-15","86.70"
"3695","2010-11-12","86.34"
"3696","2010-11-11","88.81"
"3697","2010-11-10","88.96"
"3698","2010-11-09","88.33"
"3699","2010-11-08","88.46"
"3700","2010-11-05","88.11"
"3701","2010-11-04","88.00"
"3702","2010-11-03","86.38"
"3703","2010-11-02","85.41"
"3704","2010-11-01","84.62"
"3705","2010-10-29","83.15"
"3706","2010-10-28","83.59"
"3707","2010-10-27","83.23"
"3708","2010-10-26","83.66"
"3709","2010-10-25","83.54"
"3710","2010-10-22","82.96"
"3711","2010-10-21","81.83"
"3712","2010-10-20","83.60"
"3713","2010-10-19","81.10"
"3714","2010-10-18","84.37"
"3715","2010-10-15","82.45"
"3716","2010-10-14","84.53"
"3717","2010-10-13","84.64"
"3718","2010-10-12","83.50"
"3719","2010-10-11","83.72"
"3720","2010-10-08","84.03"
"3721","2010-10-07","83.43"
"3722","2010-10-06","85.06"
"3723","2010-10-05","84.82"
"3724","2010-10-04","83.28"
"3725","2010-10-01","83.75"
"3726","2010-09-30","82.31"
"3727","2010-09-29","80.77"
"3728","2010-09-28","78.71"
"3729","2010-09-27","78.57"
"3730","2010-09-24","78.87"
"3731","2010-09-23","78.11"
"3732","2010-09-22","77.95"
"3733","2010-09-21","78.42"
"3734","2010-09-20","79.32"
"3735","2010-09-17","78.21"
"3736","2010-09-16","78.48"
"3737","2010-09-15","78.91"
"3738","2010-09-14","79.16"
"3739","2010-09-13","79.03"
"3740","2010-09-10","78.16"
"3741","2010-09-09","77.47"
"3742","2010-09-08","78.17"
"3743","2010-09-07","77.74"
"3744","2010-09-06","76.87"
"3745","2010-09-03","76.67"
"3746","2010-09-02","76.93"
"3747","2010-09-01","76.35"
"3748","2010-08-31","74.64"
"3749","2010-08-30","76.60"
"3750","2010-08-27","76.65"
"3751","2010-08-26","75.02"
"3752","2010-08-25","73.48"
"3753","2010-08-24","72.38"
"3754","2010-08-23","73.62"
"3755","2010-08-20","74.26"
"3756","2010-08-19","75.30"
"3757","2010-08-18","76.47"
"3758","2010-08-17","76.93"
"3759","2010-08-16","74.85"
"3760","2010-08-13","75.11"
"3761","2010-08-12","75.52"
"3762","2010-08-11","77.64"
"3763","2010-08-10","79.60"
"3764","2010-08-09","80.99"
"3765","2010-08-06","80.16"
"3766","2010-08-05","81.61"
"3767","2010-08-04","82.20"
"3768","2010-08-03","82.68"
"3769","2010-08-02","80.82"
"3770","2010-07-30","78.18"
"3771","2010-07-29","77.59"
"3772","2010-07-28","76.06"
"3773","2010-07-27","76.13"
"3774","2010-07-26","77.50"
"3775","2010-07-23","77.45"
"3776","2010-07-22","77.82"
"3777","2010-07-21","75.37"
"3778","2010-07-20","76.62"
"3779","2010-07-19","75.62"
"3780","2010-07-16","75.37"
"3781","2010-07-15","76.19"
"3782","2010-07-14","76.77"
"3783","2010-07-13","76.65"
"3784","2010-07-12","74.37"
"3785","2010-07-09","75.42"
"3786","2010-07-08","74.71"
"3787","2010-07-07","73.51"
"3788","2010-07-06","71.45"
"3789","2010-07-05","71.47"
"3790","2010-07-02","71.65"
"3791","2010-07-01","72.34"
"3792","2010-06-30","75.01"
"3793","2010-06-29","75.44"
"3794","2010-06-28","77.59"
"3795","2010-06-25","78.12"
"3796","2010-06-24","76.47"
"3797","2010-06-23","76.27"
"3798","2010-06-22","78.04"
"3799","2010-06-21","78.82"
"3800","2010-06-18","78.22"
"3801","2010-06-17","78.68"
"3802","2010-06-16","78.14"
"3803","2010-06-15","76.20"
"3804","2010-06-14","75.20"
"3805","2010-06-11","74.35"
"3806","2010-06-10","75.29"
"3807","2010-06-09","74.27"
"3808","2010-06-08","72.30"
"3809","2010-06-07","72.12"
"3810","2010-06-04","72.09"
"3811","2010-06-03","75.41"
"3812","2010-06-02","73.75"
"3813","2010-06-01","72.71"
"3814","2010-05-31","74.65"
"3815","2010-05-28","74.02"
"3816","2010-05-27","74.66"
"3817","2010-05-26","71.74"
"3818","2010-05-25","69.55"
"3819","2010-05-24","71.17"
"3820","2010-05-21","71.68"
"3821","2010-05-20","71.84"
"3822","2010-05-19","73.69"
"3823","2010-05-18","74.43"
"3824","2010-05-17","75.10"
"3825","2010-05-14","77.18"
"3826","2010-05-13","80.11"
"3827","2010-05-12","81.20"
"3828","2010-05-11","80.49"
"3829","2010-05-10","80.12"
"3830","2010-05-07","78.27"
"3831","2010-05-06","79.83"
"3832","2010-05-05","82.61"
"3833","2010-05-04","85.67"
"3834","2010-05-03","88.94"
"3835","2010-04-30","87.44"
"3836","2010-04-29","86.90"
"3837","2010-04-28","86.16"
"3838","2010-04-27","85.78"
"3839","2010-04-26","86.83"
"3840","2010-04-23","87.25"
"3841","2010-04-22","85.67"
"3842","2010-04-21","85.70"
"3843","2010-04-20","84.80"
"3844","2010-04-19","84.23"
"3845","2010-04-16","85.99"
"3846","2010-04-15","87.17"
"3847","2010-04-14","86.15"
"3848","2010-04-13","84.72"
"3849","2010-04-12","84.77"
"3850","2010-04-09","84.83"
"3851","2010-04-08","87.44"
"3852","2010-04-07","85.59"
"3853","2010-04-06","86.15"
"3854","2010-04-05","85.88"
"3855","2010-04-02","84.94"
"3856","2010-04-01","84.01"
"3857","2010-03-31","82.70"
"3858","2010-03-30","81.28"
"3859","2010-03-29","81.17"
"3860","2010-03-26","79.29"
"3861","2010-03-25","79.61"
"3862","2010-03-24","79.62"
"3863","2010-03-23","80.70"
"3864","2010-03-22","80.54"
"3865","2010-03-19","79.88"
"3866","2010-03-18","81.48"
"3867","2010-03-17","81.96"
"3868","2010-03-16","79.02"
"3869","2010-03-15","77.89"
"3870","2010-03-12","79.39"
"3871","2010-03-11","80.28"
"3872","2010-03-10","80.48"
"3873","2010-03-09","79.91"
"3874","2010-03-08","80.47"
"3875","2010-03-05","79.89"
"3876","2010-03-04","78.54"
"3877","2010-03-03","79.25"
"3878","2010-03-02","78.18"
"3879","2010-03-01","76.89"
"3880","2010-02-26","77.59"
"3881","2010-02-25","76.29"
"3882","2010-02-24","78.09"
"3883","2010-02-23","77.25"
"3884","2010-02-22","78.61"
"3885","2010-02-19","78.19"
"3886","2010-02-18","77.78"
"3887","2010-02-17","76.27"
"3888","2010-02-16","75.68"
"3889","2010-02-15","72.51"
"3890","2010-02-12","72.90"
"3891","2010-02-11","73.05"
"3892","2010-02-10","72.54"
"3893","2010-02-09","72.13"
"3894","2010-02-08","70.11"
"3895","2010-02-05","69.59"
"3896","2010-02-04","72.13"
"3897","2010-02-03","75.92"
"3898","2010-02-02","76.06"
"3899","2010-02-01","73.11"
"3900","2010-01-29","71.46"
"3901","2010-01-28","72.13"
"3902","2010-01-27","72.24"
"3903","2010-01-26","73.29"
"3904","2010-01-25","73.69"
"3905","2010-01-22","72.83"
"3906","2010-01-21","74.58"
"3907","2010-01-20","76.32"
"3908","2010-01-19","77.63"
"3909","2010-01-18","77.10"
"3910","2010-01-15","77.11"
"3911","2010-01-14","77.82"
"3912","2010-01-13","78.31"
"3913","2010-01-12","79.30"
"3914","2010-01-11","80.97"
"3915","2010-01-08","81.37"
"3916","2010-01-07","81.51"
"3917","2010-01-06","81.89"
"3918","2010-01-05","80.59"
"3919","2010-01-04","80.12"
"3920","2010-01-01","77.93"
"3921","2009-12-31","77.93"
"3922","2009-12-30","78.03"
"3923","2009-12-29","77.64"
"3924","2009-12-28","77.32"
"3925","2009-12-25","76.31"
"3926","2009-12-24","76.31"
"3927","2009-12-23","75.45"
"3928","2009-12-22","73.46"
"3929","2009-12-21","72.99"
"3930","2009-12-18","73.75"
"3931","2009-12-17","73.37"
"3932","2009-12-16","73.55"
"3933","2009-12-15","72.05"
"3934","2009-12-14","71.89"
"3935","2009-12-11","71.88"
"3936","2009-12-10","71.86"
"3937","2009-12-09","72.39"
"3938","2009-12-08","75.19"
"3939","2009-12-07","76.43"
"3940","2009-12-04","77.52"
"3941","2009-12-03","78.36"
"3942","2009-12-02","77.88"
"3943","2009-12-01","79.35"
"3944","2009-11-30","78.47"
"3945","2009-11-27","77.18"
"3946","2009-11-26","76.99"
"3947","2009-11-25","78.44"
"3948","2009-11-24","76.46"
"3949","2009-11-23","77.46"
"3950","2009-11-20","77.20"
"3951","2009-11-19","77.64"
"3952","2009-11-18","79.47"
"3953","2009-11-17","78.97"
"3954","2009-11-16","78.76"
"3955","2009-11-13","75.55"
"3956","2009-11-12","76.02"
"3957","2009-11-11","77.95"
"3958","2009-11-10","77.50"
"3959","2009-11-09","77.77"
"3960","2009-11-06","75.87"
"3961","2009-11-05","77.99"
"3962","2009-11-04","78.89"
"3963","2009-11-03","78.11"
"3964","2009-11-02","76.55"
"3965","2009-10-30","75.20"
"3966","2009-10-29","78.04"
"3967","2009-10-28","75.86"
"3968","2009-10-27","77.92"
"3969","2009-10-26","77.26"
"3970","2009-10-23","78.92"
"3971","2009-10-22","79.51"
"3972","2009-10-21","79.69"
"3973","2009-10-20","77.24"
"3974","2009-10-19","77.77"
"3975","2009-10-16","76.99"
"3976","2009-10-15","74.45"
"3977","2009-10-14","73.10"
"3978","2009-10-13","72.40"
"3979","2009-10-12","71.36"
"3980","2009-10-09","70.00"
"3981","2009-10-08","69.77"
"3982","2009-10-07","67.20"
"3983","2009-10-06","68.56"
"3984","2009-10-05","68.04"
"3985","2009-10-02","68.07"
"3986","2009-10-01","69.19"
"3987","2009-09-30","69.07"
"3988","2009-09-29","65.49"
"3989","2009-09-28","65.54"
"3990","2009-09-25","65.11"
"3991","2009-09-24","64.82"
"3992","2009-09-23","67.99"
"3993","2009-09-22","70.53"
"3994","2009-09-21","68.69"
"3995","2009-09-18","71.32"
"3996","2009-09-17","71.55"
"3997","2009-09-16","71.67"
"3998","2009-09-15","67.35"
"3999","2009-09-14","67.44"
"4000","2009-09-11","67.29"
"4001","2009-09-10","69.86"
"4002","2009-09-09","69.83"
"4003","2009-09-08","69.42"
"4004","2009-09-07","66.53"
"4005","2009-09-04","66.82"
"4006","2009-09-03","67.12"
"4007","2009-09-02","67.66"
"4008","2009-09-01","67.73"
"4009","2009-08-31","69.65"
"4010","2009-08-28","72.79"
"4011","2009-08-27","72.51"
"4012","2009-08-26","71.65"
"4013","2009-08-25","71.82"
"4014","2009-08-24","74.26"
"4015","2009-08-22","74.19"
"4016","2009-08-21","73.33"
"4017","2009-08-20","74.59"
"4018","2009-08-19","72.37"
"4019","2009-08-18","70.54"
"4020","2009-08-17","70.54"
"4021","2009-08-15","72.41"
"4022","2009-08-14","72.41"
"4023","2009-08-13","73.48"
"4024","2009-08-12","72.89"
"4025","2009-08-11","72.46"
"4026","2009-08-10","73.50"
"4027","2009-08-07","73.59"
"4028","2009-08-06","74.83"
"4029","2009-08-05","75.51"
"4030","2009-08-04","74.28"
"4031","2009-08-03","73.55"
"4032","2009-07-31","71.70"
"4033","2009-07-30","70.11"
"4034","2009-07-29","66.53"
"4035","2009-07-28","69.88"
"4036","2009-07-27","70.81"
"4037","2009-07-24","70.32"
"4038","2009-07-23","69.25"
"4039","2009-07-22","67.21"
"4040","2009-07-21","66.87"
"4041","2009-07-20","66.44"
"4042","2009-07-17","65.38"
"4043","2009-07-16","62.75"
"4044","2009-07-15","63.09"
"4045","2009-07-14","60.86"
"4046","2009-07-13","60.69"
"4047","2009-07-10","60.53"
"4048","2009-07-09","61.10"
"4049","2009-07-08","60.43"
"4050","2009-07-07","63.23"
"4051","2009-07-06","64.05"
"4052","2009-07-03","65.61"
"4053","2009-07-02","66.65"
"4054","2009-07-01","68.79"
"4055","2009-06-30","69.30"
"4056","2009-06-29","70.99"
"4057","2009-06-26","68.92"
"4058","2009-06-25","69.78"
"4059","2009-06-24","68.33"
"4060","2009-06-23","68.80"
"4061","2009-06-22","66.98"
"4062","2009-06-19","69.19"
"4063","2009-06-18","71.06"
"4064","2009-06-17","70.85"
"4065","2009-06-16","70.24"
"4066","2009-06-15","69.44"
"4067","2009-06-12","70.92"
"4068","2009-06-11","71.79"
"4069","2009-06-10","70.80"
"4070","2009-06-09","69.62"
"4071","2009-06-08","67.88"
"4072","2009-06-05","68.34"
"4073","2009-06-04","68.71"
"4074","2009-06-03","65.88"
"4075","2009-06-02","68.17"
"4076","2009-06-01","67.97"
"4077","2009-05-29","65.52"
"4078","2009-05-28","64.39"
"4079","2009-05-27","62.50"
"4080","2009-05-26","61.24"
"4081","2009-05-25","60.21"
"4082","2009-05-22","60.78"
"4083","2009-05-21","59.93"
"4084","2009-05-20","60.59"
"4085","2009-05-19","58.92"
"4086","2009-05-18","58.47"
"4087","2009-05-15","55.98"
"4088","2009-05-14","56.69"
"4089","2009-05-13","57.34"
"4090","2009-05-12","57.94"
"4091","2009-05-11","57.48"
"4092","2009-05-08","58.14"
"4093","2009-05-07","56.47"
"4094","2009-05-06","56.15"
"4095","2009-05-05","54.12"
"4096","2009-05-04","54.58"
"4097","2009-05-01","52.85"
"4098","2009-04-30","50.80"
"4099","2009-04-29","50.78"
"4100","2009-04-28","49.99"
"4101","2009-04-27","50.32"
"4102","2009-04-24","51.67"
"4103","2009-04-23","50.11"
"4104","2009-04-22","49.81"
"4105","2009-04-21","49.82"
"4106","2009-04-20","49.86"
"4107","2009-04-17","53.35"
"4108","2009-04-16","53.06"
"4109","2009-04-15","51.79"
"4110","2009-04-14","51.96"
"4111","2009-04-13","52.14"
"4112","2009-04-10","54.06"
"4113","2009-04-09","54.06"
"4114","2009-04-08","51.59"
"4115","2009-04-07","51.22"
"4116","2009-04-06","52.24"
"4117","2009-04-03","53.47"
"4118","2009-04-02","52.75"
"4119","2009-04-01","48.44"
"4120","2009-03-31","49.23"
"4121","2009-03-30","47.99"
"4122","2009-03-27","51.98"
"4123","2009-03-26","53.46"
"4124","2009-03-25","51.75"
"4125","2009-03-24","53.50"
"4126","2009-03-23","53.47"
"4127","2009-03-20","51.22"
"4128","2009-03-19","50.67"
"4129","2009-03-18","47.66"
"4130","2009-03-17","48.24"
"4131","2009-03-16","43.98"
"4132","2009-03-13","44.93"
"4133","2009-03-12","45.09"
"4134","2009-03-11","41.40"
"4135","2009-03-10","43.96"
"4136","2009-03-09","44.13"
"4137","2009-03-06","44.85"
"4138","2009-03-05","43.64"
"4139","2009-03-04","46.12"
"4140","2009-03-03","43.70"
"4141","2009-03-02","42.21"
"4142","2009-02-27","46.35"
"4143","2009-02-26","46.51"
"4144","2009-02-25","44.29"
"4145","2009-02-24","42.50"
"4146","2009-02-23","40.99"
"4147","2009-02-20","41.89"
"4148","2009-02-19","41.99"
"4149","2009-02-18","39.55"
"4150","2009-02-17","41.03"
"4151","2009-02-16","43.28"
"4152","2009-02-13","44.81"
"4153","2009-02-12","44.65"
"4154","2009-02-11","44.28"
"4155","2009-02-10","44.61"
"4156","2009-02-09","46.02"
"4157","2009-02-06","46.21"
"4158","2009-02-05","46.46"
"4159","2009-02-04","44.15"
"4160","2009-02-03","44.08"
"4161","2009-02-02","43.82"
"4162","2009-01-30","45.88"
"4163","2009-01-29","45.40"
"4164","2009-01-28","44.90"
"4165","2009-01-27","43.73"
"4166","2009-01-26","46.96"
"4167","2009-01-25","48.37"
"4168","2009-01-24","48.37"
"4169","2009-01-23","48.37"
"4170","2009-01-22","45.39"
"4171","2009-01-21","45.02"
"4172","2009-01-20","43.62"
"4173","2009-01-19","44.50"
"4174","2009-01-16","46.57"
"4175","2009-01-15","44.69"
"4176","2009-01-14","45.08"
"4177","2009-01-13","44.83"
"4178","2009-01-12","42.91"
"4179","2009-01-09","44.42"
"4180","2009-01-08","44.67"
"4181","2009-01-07","45.86"
"4182","2009-01-06","50.53"
"4183","2009-01-05","49.62"
"4184","2009-01-03","46.91"
"4185","2009-01-02","46.91"
"4186","2008-12-31","45.59"
"4187","2008-12-30","40.15"
"4188","2008-12-29","40.55"
"4189","2008-12-26","38.37"
"4190","2008-12-24","36.61"
"4191","2008-12-23","40.36"
"4192","2008-12-22","41.45"
"4193","2008-12-19","44.00"
"4194","2008-12-18","43.36"
"4195","2008-12-17","45.53"
"4196","2008-12-16","44.56"
"4197","2008-12-15","44.60"
"4198","2008-12-12","46.41"
"4199","2008-12-11","47.39"
"4200","2008-12-10","42.40"
"4201","2008-12-09","41.53"
"4202","2008-12-08","43.42"
"4203","2008-12-05","39.74"
"4204","2008-12-04","42.28"
"4205","2008-12-03","45.44"
"4206","2008-12-02","45.44"
"4207","2008-12-01","47.97"
"4208","2008-11-28","53.49"
"4209","2008-11-27","53.13"
"4210","2008-11-26","53.92"
"4211","2008-11-25","50.35"
"4212","2008-11-24","53.93"
"4213","2008-11-21","49.19"
"4214","2008-11-20","48.08"
"4215","2008-11-19","51.72"
"4216","2008-11-18","51.84"
"4217","2008-11-17","52.31"
"4218","2008-11-14","54.25"
"4219","2008-11-13","51.99"
"4220","2008-11-12","52.37"
"4221","2008-11-11","55.71"
"4222","2008-11-10","59.08"
"4223","2008-11-07","57.35"
"4224","2008-11-06","57.43"
"4225","2008-11-05","61.87"
"4226","2008-11-04","66.44"
"4227","2008-11-03","60.48"
"4228","2008-10-31","65.32"
"4229","2008-10-30","63.71"
"4230","2008-10-29","65.45"
"4231","2008-10-28","60.29"
"4232","2008-10-27","61.41"
"4233","2008-10-24","62.05"
"4234","2008-10-23","65.92"
"4235","2008-10-22","64.52"
"4236","2008-10-21","69.72"
"4237","2008-10-20","72.03"
"4238","2008-10-17","69.60"
"4239","2008-10-16","66.32"
"4240","2008-10-15","70.80"
"4241","2008-10-14","74.53"
"4242","2008-10-13","77.46"
"4243","2008-10-10","74.09"
"4244","2008-10-09","82.66"
"4245","2008-10-08","84.36"
"4246","2008-10-07","84.66"
"4247","2008-10-06","83.68"
"4248","2008-10-03","90.25"
"4249","2008-10-02","90.56"
"4250","2008-10-01","95.33"
"4251","2008-09-30","98.17"
"4252","2008-09-29","93.98"
"4253","2008-09-26","103.54"
"4254","2008-09-25","104.60"
"4255","2008-09-24","102.45"
"4256","2008-09-23","103.08"
"4257","2008-09-22","106.04"
"4258","2008-09-19","99.61"
"4259","2008-09-18","95.19"
"4260","2008-09-17","94.84"
"4261","2008-09-16","89.22"
"4262","2008-09-15","92.38"
"4263","2008-09-12","97.58"
"4264","2008-09-11","97.64"
"4265","2008-09-10","98.97"
"4266","2008-09-09","100.34"
"4267","2008-09-08","103.44"
"4268","2008-09-05","104.09"
"4269","2008-09-04","106.30"
"4270","2008-09-03","108.06"
"4271","2008-09-02","108.34"
"4272","2008-09-01","109.41"
"4273","2008-08-29","114.05"
"4274","2008-08-28","114.17"
"4275","2008-08-27","116.22"
"4276","2008-08-26","114.63"
"4277","2008-08-25","114.03"
"4278","2008-08-22","113.92"
"4279","2008-08-21","120.16"
"4280","2008-08-20","114.36"
"4281","2008-08-19","113.25"
"4282","2008-08-18","111.94"
"4283","2008-08-15","112.55"
"4284","2008-08-14","112.64"
"4285","2008-08-13","113.47"
"4286","2008-08-12","111.15"
"4287","2008-08-11","112.67"
"4288","2008-08-08","113.33"
"4289","2008-08-07","117.86"
"4290","2008-08-06","117.00"
"4291","2008-08-05","117.17"
"4292","2008-08-04","120.68"
"4293","2008-08-01","124.18"
"4294","2008-07-31","123.98"
"4295","2008-07-30","127.10"
"4296","2008-07-29","122.71"
"4297","2008-07-28","125.84"
"4298","2008-07-25","124.52"
"4299","2008-07-24","126.44"
"4300","2008-07-23","125.29"
"4301","2008-07-22","129.55"
"4302","2008-07-21","132.61"
"4303","2008-07-18","130.19"
"4304","2008-07-17","131.07"
"4305","2008-07-16","136.19"
"4306","2008-07-15","138.75"
"4307","2008-07-14","143.92"
"4308","2008-07-11","144.49"
"4309","2008-07-10","142.03"
"4310","2008-07-09","136.58"
"4311","2008-07-08","136.43"
"4312","2008-07-07","141.87"
"4313","2008-07-04","144.42"
"4314","2008-07-03","146.08"
"4315","2008-07-02","144.26"
"4316","2008-07-01","140.67"
"4317","2008-06-30","139.83"
"4318","2008-06-27","140.31"
"4319","2008-06-26","139.83"
"4320","2008-06-25","134.33"
"4321","2008-06-24","136.46"
"4322","2008-06-23","135.91"
"4323","2008-06-20","134.86"
"4324","2008-06-19","132.00"
"4325","2008-06-18","136.44"
"4326","2008-06-17","133.72"
"4327","2008-06-16","134.71"
"4328","2008-06-13","134.71"
"4329","2008-06-12","136.09"
"4330","2008-06-11","135.02"
"4331","2008-06-10","131.02"
"4332","2008-06-09","133.91"
"4333","2008-06-06","137.69"
"4334","2008-06-05","127.54"
"4335","2008-06-04","122.10"
"4336","2008-06-03","124.58"
"4337","2008-06-02","128.02"
"4338","2008-05-30","127.78"
"4339","2008-05-29","126.89"
"4340","2008-05-28","130.93"
"4341","2008-05-27","128.31"
"4342","2008-05-26","132.37"
"4343","2008-05-23","131.57"
"4344","2008-05-22","130.51"
"4345","2008-05-21","132.70"
"4346","2008-05-20","127.84"
"4347","2008-05-19","125.06"
"4348","2008-05-16","124.99"
"4349","2008-05-15","121.25"
"4350","2008-05-14","121.86"
"4351","2008-05-13","124.10"
"4352","2008-05-12","122.91"
"4353","2008-05-09","125.40"
"4354","2008-05-08","122.84"
"4355","2008-05-07","122.32"
"4356","2008-05-06","120.31"
"4357","2008-05-05","117.99"
"4358","2008-05-02","114.56"
"4359","2008-05-01","110.50"
"4360","2008-04-30","111.36"
"4361","2008-04-29","113.43"
"4362","2008-04-28","116.74"
"4363","2008-04-25","116.34"
"4364","2008-04-24","114.34"
"4365","2008-04-23","116.46"
"4366","2008-04-22","115.95"
"4367","2008-04-21","114.43"
"4368","2008-04-18","113.92"
"4369","2008-04-17","112.43"
"4370","2008-04-16","112.66"
"4371","2008-04-15","111.31"
"4372","2008-04-14","109.84"
"4373","2008-04-11","108.75"
"4374","2008-04-10","108.20"
"4375","2008-04-09","108.47"
"4376","2008-04-08","106.34"
"4377","2008-04-07","107.14"
"4378","2008-04-04","104.90"
"4379","2008-04-03","102.52"
"4380","2008-04-02","103.75"
"4381","2008-04-01","100.17"
"4382","2008-03-31","100.30"
"4383","2008-03-28","103.77"
"4384","2008-03-27","105.00"
"4385","2008-03-26","103.99"
"4386","2008-03-25","100.60"
"4387","2008-03-24","99.86"
"4388","2008-03-21","100.38"
"4389","2008-03-20","100.72"
"4390","2008-03-19","100.72"
"4391","2008-03-18","105.56"
"4392","2008-03-17","101.75"
"4393","2008-03-14","107.55"
"4394","2008-03-13","107.54"
"4395","2008-03-12","106.27"
"4396","2008-03-11","105.25"
"4397","2008-03-10","104.16"
"4398","2008-03-07","102.38"
"4399","2008-03-06","102.61"
"4400","2008-03-05","101.64"
"4401","2008-03-04","97.52"
"4402","2008-03-03","100.48"
"4403","2008-02-29","100.90"
"4404","2008-02-28","100.90"
"4405","2008-02-27","98.27"
"4406","2008-02-26","99.47"
"4407","2008-02-25","97.69"
"4408","2008-02-22","97.01"
"4409","2008-02-21","96.24"
"4410","2008-02-20","98.43"
"4411","2008-02-19","98.56"
"4412","2008-02-18","94.91"
"4413","2008-02-15","94.63"
"4414","2008-02-14","95.09"
"4415","2008-02-13","93.32"
"4416","2008-02-12","92.86"
"4417","2008-02-11","93.53"
"4418","2008-02-08","91.94"
"4419","2008-02-07","88.51"
"4420","2008-02-06","87.78"
"4421","2008-02-05","88.82"
"4422","2008-02-04","90.47"
"4423","2008-02-01","89.44"
"4424","2008-01-31","92.21"
"4425","2008-01-30","92.53"
"4426","2008-01-29","92.00"
"4427","2008-01-28","91.38"
"4428","2008-01-25","90.90"
"4429","2008-01-24","89.07"
"4430","2008-01-23","86.62"
"4431","2008-01-22","88.45"
"4432","2008-01-21","87.51"
"4433","2008-01-18","89.23"
"4434","2008-01-17","88.75"
"4435","2008-01-16","89.50"
"4436","2008-01-15","90.98"
"4437","2008-01-14","92.92"
"4438","2008-01-11","91.07"
"4439","2008-01-10","92.22"
"4440","2008-01-09","94.37"
"4441","2008-01-08","95.54"
"4442","2008-01-07","94.39"
"4443","2008-01-04","96.79"
"4444","2008-01-03","97.60"
"4445","2008-01-02","97.84"
"4446","2007-12-31","93.85"
"4447","2007-12-28","93.88"
"4448","2007-12-27","94.78"
"4449","2007-12-26","93.94"
"4450","2007-12-25","92.70"
"4451","2007-12-24","92.70"
"4452","2007-12-23","92.46"
"4453","2007-12-21","92.46"
"4454","2007-12-20","90.88"
"4455","2007-12-19","91.48"
"4456","2007-12-18","90.12"
"4457","2007-12-17","91.29"
"4458","2007-12-14","92.67"
"4459","2007-12-13","92.12"
"4460","2007-12-12","94.02"
"4461","2007-12-11","89.99"
"4462","2007-12-10","88.04"
"4463","2007-12-07","88.64"
"4464","2007-12-06","90.18"
"4465","2007-12-05","88.49"
"4466","2007-12-04","89.53"
"4467","2007-12-03","89.80"
"4468","2007-11-30","88.26"
"4469","2007-11-29","90.22"
"4470","2007-11-28","89.81"
"4471","2007-11-27","92.52"
"4472","2007-11-26","95.32"
"4473","2007-11-23","95.76"
"4474","2007-11-22","94.50"
"4475","2007-11-21","94.84"
"4476","2007-11-20","95.49"
"4477","2007-11-19","92.28"
"4478","2007-11-16","91.62"
"4479","2007-11-15","90.94"
"4480","2007-11-14","91.36"
"4481","2007-11-13","88.83"
"4482","2007-11-12","91.98"
"4483","2007-11-09","93.18"
"4484","2007-11-08","92.79"
"4485","2007-11-07","93.24"
"4486","2007-11-06","93.26"
"4487","2007-11-05","90.49"
"4488","2007-11-02","92.08"
"4489","2007-11-01","89.72"
"4490","2007-10-31","90.63"
"4491","2007-10-30","87.44"
"4492","2007-10-29","90.32"
"4493","2007-10-26","88.69"
"4494","2007-10-25","87.48"
"4495","2007-10-24","84.37"
"4496","2007-10-23","82.85"
"4497","2007-10-22","83.27"
"4498","2007-10-19","83.79"
"4499","2007-10-18","84.60"
"4500","2007-10-17","83.13"
"4501","2007-10-16","84.16"
"4502","2007-10-15","82.75"
"4503","2007-10-12","80.55"
"4504","2007-10-11","80.15"
"4505","2007-10-10","78.60"
"4506","2007-10-09","77.49"
"4507","2007-10-08","76.58"
"4508","2007-10-05","78.90"
"4509","2007-10-04","78.97"
"4510","2007-10-03","77.19"
"4511","2007-10-02","77.38"
"4512","2007-10-01","77.64"
"4513","2007-09-28","79.17"
"4514","2007-09-27","80.03"
"4515","2007-09-26","77.43"
"4516","2007-09-25","77.62"
"4517","2007-09-24","78.91"
"4518","2007-09-21","79.30"
"4519","2007-09-20","79.09"
"4520","2007-09-19","78.47"
"4521","2007-09-18","77.59"
"4522","2007-09-17","76.98"
"4523","2007-09-14","76.22"
"4524","2007-09-13","77.40"
"4525","2007-09-12","77.68"
"4526","2007-09-11","76.38"
"4527","2007-09-10","77.49"
"4528","2007-09-07","75.07"
"4529","2007-09-06","74.77"
"4530","2007-09-05","74.34"
"4531","2007-09-04","73.92"
"4532","2007-09-03","73.41"
"4533","2007-08-31","72.69"
"4534","2007-08-30","71.90"
"4535","2007-08-29","72.13"
"4536","2007-08-28","70.55"
"4537","2007-08-27","70.95"
"4538","2007-08-24","70.62"
"4539","2007-08-23","69.86"
"4540","2007-08-22","68.70"
"4541","2007-08-21","68.69"
"4542","2007-08-20","69.85"
"4543","2007-08-17","70.44"
"4544","2007-08-16","69.42"
"4545","2007-08-15","71.64"
"4546","2007-08-14","70.51"
"4547","2007-08-13","70.23"
"4548","2007-08-10","70.39"
"4549","2007-08-09","70.21"
"4550","2007-08-08","70.99"
"4551","2007-08-07","71.80"
"4552","2007-08-06","71.17"
"4553","2007-08-03","74.75"
"4554","2007-08-02","75.76"
"4555","2007-08-01","75.35"
"4556","2007-07-31","77.05"
"4557","2007-07-30","75.74"
"4558","2007-07-27","76.26"
"4559","2007-07-26","75.18"
"4560","2007-07-25","76.32"
"4561","2007-07-24","75.08"
"4562","2007-07-23","76.86"
"4563","2007-07-20","77.64"
"4564","2007-07-19","77.67"
"4565","2007-07-18","76.76"
"4566","2007-07-17","75.53"
"4567","2007-07-16","77.33"
"4568","2007-07-13","77.57"
"4569","2007-07-12","76.40"
"4570","2007-07-11","75.44"
"4571","2007-07-10","76.40"
"4572","2007-07-09","75.78"
"4573","2007-07-06","75.62"
"4574","2007-07-05","74.75"
"4575","2007-07-04","73.05"
"4576","2007-07-03","72.93"
"4577","2007-07-02","72.63"
"4578","2007-06-29","71.41"
"4579","2007-06-28","70.52"
"4580","2007-06-27","70.53"
"4581","2007-06-26","70.17"
"4582","2007-06-25","71.36"
"4583","2007-06-22","71.18"
"4584","2007-06-21","70.22"
"4585","2007-06-20","70.42"
"4586","2007-06-19","71.84"
"4587","2007-06-18","72.18"
"4588","2007-06-15","71.47"
"4589","2007-06-14","70.96"
"4590","2007-06-13","69.94"
"4591","2007-06-12","68.79"
"4592","2007-06-11","69.56"
"4593","2007-06-08","68.60"
"4594","2007-06-07","71.22"
"4595","2007-06-06","71.02"
"4596","2007-06-05","70.45"
"4597","2007-06-04","70.40"
"4598","2007-06-01","69.07"
"4599","2007-05-31","68.04"
"4600","2007-05-30","67.84"
"4601","2007-05-29","68.13"
"4602","2007-05-28","69.71"
"4603","2007-05-25","70.69"
"4604","2007-05-24","70.72"
"4605","2007-05-23","69.52"
"4606","2007-05-22","69.52"
"4607","2007-05-21","70.49"
"4608","2007-05-18","69.42"
"4609","2007-05-17","70.27"
"4610","2007-05-16","68.01"
"4611","2007-05-15","68.11"
"4612","2007-05-14","66.83"
"4613","2007-05-11","66.83"
"4614","2007-05-10","65.79"
"4615","2007-05-09","65.20"
"4616","2007-05-08","65.54"
"4617","2007-05-07","64.44"
"4618","2007-05-04","65.31"
"4619","2007-05-03","66.05"
"4620","2007-05-02","66.25"
"4621","2007-05-01","67.00"
"4622","2007-04-30","67.65"
"4623","2007-04-27","68.41"
"4624","2007-04-26","67.65"
"4625","2007-04-25","68.57"
"4626","2007-04-24","67.16"
"4627","2007-04-23","68.15"
"4628","2007-04-20","66.49"
"4629","2007-04-19","65.94"
"4630","2007-04-18","66.04"
"4631","2007-04-17","65.93"
"4632","2007-04-16","67.25"
"4633","2007-04-13","68.97"
"4634","2007-04-12","68.72"
"4635","2007-04-11","67.84"
"4636","2007-04-10","67.42"
"4637","2007-04-09","66.59"
"4638","2007-04-06","68.24"
"4639","2007-04-05","68.24"
"4640","2007-04-04","68.40"
"4641","2007-04-03","67.81"
"4642","2007-04-02","68.74"
"4643","2007-03-30","68.10"
"4644","2007-03-29","67.88"
"4645","2007-03-28","65.78"
"4646","2007-03-27","64.60"
"4647","2007-03-26","64.41"
"4648","2007-03-23","63.18"
"4649","2007-03-22","62.51"
"4650","2007-03-21","60.77"
"4651","2007-03-20","60.20"
"4652","2007-03-19","60.52"
"4653","2007-03-16","60.30"
"4654","2007-03-15","60.98"
"4655","2007-03-14","61.06"
"4656","2007-03-13","60.90"
"4657","2007-03-12","60.74"
"4658","2007-03-09","61.13"
"4659","2007-03-08","62.33"
"4660","2007-03-07","62.50"
"4661","2007-03-06","61.39"
"4662","2007-03-05","60.54"
"4663","2007-03-02","62.08"
"4664","2007-03-01","62.11"
"4665","2007-02-28","61.89"
"4666","2007-02-27","61.36"
"4667","2007-02-26","61.33"
"4668","2007-02-23","60.88"
"4669","2007-02-22","60.62"
"4670","2007-02-21","59.35"
"4671","2007-02-20","57.98"
"4672","2007-02-19","58.14"
"4673","2007-02-16","58.95"
"4674","2007-02-15","57.60"
"4675","2007-02-14","57.43"
"4676","2007-02-13","57.03"
"4677","2007-02-12","56.60"
"4678","2007-02-09","59.01"
"4679","2007-02-08","59.03"
"4680","2007-02-07","57.23"
"4681","2007-02-06","58.42"
"4682","2007-02-05","58.10"
"4683","2007-02-02","58.41"
"4684","2007-02-01","56.72"
"4685","2007-01-31","58.40"
"4686","2007-01-30","56.39"
"4687","2007-01-29","53.68"
"4688","2007-01-26","55.29"
"4689","2007-01-25","54.12"
"4690","2007-01-24","55.43"
"4691","2007-01-23","55.10"
"4692","2007-01-22","52.70"
"4693","2007-01-19","53.44"
"4694","2007-01-18","51.75"
"4695","2007-01-17","52.78"
"4696","2007-01-16","52.26"
"4697","2007-01-15","53.12"
"4698","2007-01-12","52.95"
"4699","2007-01-11","51.70"
"4700","2007-01-10","53.69"
"4701","2007-01-09","55.18"
"4702","2007-01-08","55.60"
"4703","2007-01-05","55.64"
"4704","2007-01-04","55.11"
"4705","2007-01-03","57.96"
"4706","2007-01-02","60.44"
"4707","2007-01-01","60.86"
"4708","2006-12-29","60.86"
"4709","2006-12-28","60.67"
"4710","2006-12-27","60.52"
"4711","2006-12-26","61.10"
"4712","2006-12-22","62.42"
"4713","2006-12-21","62.46"
"4714","2006-12-20","63.23"
"4715","2006-12-19","62.81"
"4716","2006-12-18","62.13"
"4717","2006-12-15","63.49"
"4718","2006-12-14","62.12"
"4719","2006-12-13","61.33"
"4720","2006-12-12","61.54"
"4721","2006-12-11","61.84"
"4722","2006-12-08","62.20"
"4723","2006-12-07","62.57"
"4724","2006-12-06","63.07"
"4725","2006-12-05","63.32"
"4726","2006-12-04","63.45"
"4727","2006-12-01","64.62"
"4728","2006-11-30","64.26"
"4729","2006-11-29","63.07"
"4730","2006-11-28","61.21"
"4731","2006-11-27","60.44"
"4732","2006-11-24","60.03"
"4733","2006-11-23","59.35"
"4734","2006-11-22","59.49"
"4735","2006-11-21","60.39"
"4736","2006-11-20","58.98"
"4737","2006-11-17","58.99"
"4738","2006-11-16","58.54"
"4739","2006-11-15","59.46"
"4740","2006-11-14","58.84"
"4741","2006-11-13","59.05"
"4742","2006-11-10","59.71"
"4743","2006-11-09","61.32"
"4744","2006-11-08","59.59"
"4745","2006-11-07","58.48"
"4746","2006-11-06","59.75"
"4747","2006-11-03","59.15"
"4748","2006-11-02","57.87"
"4749","2006-11-01","58.98"
"4750","2006-10-31","59.03"
"4751","2006-10-30","58.68"
"4752","2006-10-27","61.08"
"4753","2006-10-26","60.77"
"4754","2006-10-25","62.05"
"4755","2006-10-24","59.86"
"4756","2006-10-23","59.21"
"4757","2006-10-20","59.68"
"4758","2006-10-19","60.87"
"4759","2006-10-18","59.58"
"4760","2006-10-17","60.94"
"4761","2006-10-16","59.96"
"4762","2006-10-13","59.52"
"4763","2006-10-12","58.76"
"4764","2006-10-11","58.65"
"4765","2006-10-10","59.34"
"4766","2006-10-09","60.54"
"4767","2006-10-06","59.83"
"4768","2006-10-05","60.00"
"4769","2006-10-04","59.22"
"4770","2006-10-03","58.43"
"4771","2006-10-02","60.45"
"4772","2006-09-29","62.48"
"4773","2006-09-28","62.54"
"4774","2006-09-27","62.21"
"4775","2006-09-26","60.12"
"4776","2006-09-25","60.80"
"4777","2006-09-22","60.41"
"4778","2006-09-21","61.34"
"4779","2006-09-20","60.47"
"4780","2006-09-19","62.17"
"4781","2006-09-18","64.05"
"4782","2006-09-15","63.33"
"4783","2006-09-14","62.24"
"4784","2006-09-13","62.99"
"4785","2006-09-12","62.99"
"4786","2006-09-11","64.55"
"4787","2006-09-08","65.33"
"4788","2006-09-07","66.53"
"4789","2006-09-06","66.93"
"4790","2006-09-05","68.09"
"4791","2006-09-04","67.71"
"4792","2006-09-01","69.15"
"4793","2006-08-31","70.25"
"4794","2006-08-30","70.18"
"4795","2006-08-29","66.33"
"4796","2006-08-28","70.82"
"4797","2006-08-25","72.70"
"4798","2006-08-24","72.68"
"4799","2006-08-23","72.02"
"4800","2006-08-22","73.24"
"4801","2006-08-21","73.38"
"4802","2006-08-18","72.30"
"4803","2006-08-17","71.58"
"4804","2006-08-16","73.08"
"4805","2006-08-15","73.80"
"4806","2006-08-14","74.30"
"4807","2006-08-11","75.63"
"4808","2006-08-10","75.28"
"4809","2006-08-09","77.28"
"4810","2006-08-08","77.55"
"4811","2006-08-07","78.30"
"4812","2006-08-04","76.17"
"4813","2006-08-03","76.56"
"4814","2006-08-02","76.89"
"4815","2006-08-01","75.89"
"4816","2006-07-31","75.15"
"4817","2006-07-28","73.39"
"4818","2006-07-27","75.01"
"4819","2006-07-26","74.00"
"4820","2006-07-25","73.28"
"4821","2006-07-24","74.61"
"4822","2006-07-21","73.75"
"4823","2006-07-20","73.72"
"4824","2006-07-19","73.90"
"4825","2006-07-18","74.36"
"4826","2006-07-17","75.92"
"4827","2006-07-14","77.27"
"4828","2006-07-13","76.69"
"4829","2006-07-12","74.39"
"4830","2006-07-11","73.67"
"4831","2006-07-10","72.89"
"4832","2006-07-07","73.85"
"4833","2006-07-06","74.08"
"4834","2006-07-05","73.98"
"4835","2006-07-04","72.51"
"4836","2006-07-03","73.39"
"4837","2006-06-30","73.51"
"4838","2006-06-29","72.88"
"4839","2006-06-28","71.41"
"4840","2006-06-27","70.98"
"4841","2006-06-26","70.73"
"4842","2006-06-23","69.93"
"4843","2006-06-22","69.95"
"4844","2006-06-21","69.17"
"4845","2006-06-20","68.08"
"4846","2006-06-19","68.11"
"4847","2006-06-16","68.80"
"4848","2006-06-15","67.43"
"4849","2006-06-14","66.98"
"4850","2006-06-13","66.92"
"4851","2006-06-12","68.93"
"4852","2006-06-09","70.48"
"4853","2006-06-08","69.05"
"4854","2006-06-07","69.19"
"4855","2006-06-06","70.81"
"4856","2006-06-05","71.37"
"4857","2006-06-02","71.03"
"4858","2006-06-01","69.39"
"4859","2006-05-31","70.41"
"4860","2006-05-30","71.05"
"4861","2006-05-29","70.59"
"4862","2006-05-26","70.59"
"4863","2006-05-25","70.71"
"4864","2006-05-24","69.22"
"4865","2006-05-23","71.00"
"4866","2006-05-22","69.35"
"4867","2006-05-19","68.68"
"4868","2006-05-18","69.67"
"4869","2006-05-17","69.04"
"4870","2006-05-16","70.34"
"4871","2006-05-15","69.67"
"4872","2006-05-12","72.32"
"4873","2006-05-11","73.43"
"4874","2006-05-10","72.44"
"4875","2006-05-09","71.08"
"4876","2006-05-08","70.21"
"4877","2006-05-05","70.95"
"4878","2006-05-04","70.29"
"4879","2006-05-03","72.65"
"4880","2006-05-02","74.64"
"4881","2006-05-01","73.89"
"4882","2006-04-28","72.02"
"4883","2006-04-27","70.91"
"4884","2006-04-26","72.09"
"4885","2006-04-25","73.21"
"4886","2006-04-24","73.00"
"4887","2006-04-21","74.57"
"4888","2006-04-20","73.18"
"4889","2006-04-19","73.73"
"4890","2006-04-18","72.51"
"4891","2006-04-17","71.46"
"4892","2006-04-14","70.57"
"4893","2006-04-13","70.57"
"4894","2006-04-12","69.42"
"4895","2006-04-11","69.37"
"4896","2006-04-10","68.75"
"4897","2006-04-07","67.29"
"4898","2006-04-06","67.84"
"4899","2006-04-05","67.10"
"4900","2006-04-04","66.39"
"4901","2006-04-03","66.84"
"4902","2006-03-31","65.91"
"4903","2006-03-30","66.46"
"4904","2006-03-29","65.55"
"4905","2006-03-28","64.97"
"4906","2006-03-27","63.61"
"4907","2006-03-24","63.51"
"4908","2006-03-23","63.27"
"4909","2006-03-22","61.50"
"4910","2006-03-21","62.13"
"4911","2006-03-20","61.34"
"4912","2006-03-17","63.26"
"4913","2006-03-16","62.91"
"4914","2006-03-15","62.94"
"4915","2006-03-14","63.97"
"4916","2006-03-13","62.20"
"4917","2006-03-10","60.83"
"4918","2006-03-09","61.06"
"4919","2006-03-08","60.03"
"4920","2006-03-07","61.17"
"4921","2006-03-06","62.34"
"4922","2006-03-03","64.18"
"4923","2006-03-02","64.07"
"4924","2006-03-01","62.45"
"4925","2006-02-28","61.76"
"4926","2006-02-27","60.99"
"4927","2006-02-24","62.60"
"4928","2006-02-23","60.54"
"4929","2006-02-22","60.44"
"4930","2006-02-21","61.60"
"4931","2006-02-20","61.54"
"4932","2006-02-17","59.89"
"4933","2006-02-16","59.79"
"4934","2006-02-15","58.15"
"4935","2006-02-14","59.52"
"4936","2006-02-13","59.38"
"4937","2006-02-10","59.64"
"4938","2006-02-09","60.75"
"4939","2006-02-08","61.06"
"4940","2006-02-07","61.56"
"4941","2006-02-06","63.33"
"4942","2006-02-03","63.39"
"4943","2006-02-02","62.88"
"4944","2006-02-01","65.03"
"4945","2006-01-31","65.99"
"4946","2006-01-30","66.59"
"4947","2006-01-27","66.24"
"4948","2006-01-26","64.92"
"4949","2006-01-25","64.23"
"4950","2006-01-24","65.34"
"4951","2006-01-23","66.16"
"4952","2006-01-20","66.43"
"4953","2006-01-19","65.23"
"4954","2006-01-18","64.19"
"4955","2006-01-17","64.90"
"4956","2006-01-16","62.93"
"4957","2006-01-13","62.26"
"4958","2006-01-12","62.62"
"4959","2006-01-11","62.17"
"4960","2006-01-10","61.92"
"4961","2006-01-09","62.01"
"4962","2006-01-06","62.72"
"4963","2006-01-05","61.13"
"4964","2006-01-04","61.68"
"4965","2006-01-03","61.35"
"4966","2006-01-02","58.98"
"4967","2005-12-30","58.98"
"4968","2005-12-29","58.07"
"4969","2005-12-28","57.64"
"4970","2005-12-27","56.29"
"4971","2005-12-26","56.69"
"4972","2005-12-23","56.69"
"4973","2005-12-22","56.55"
"4974","2005-12-21","56.72"
"4975","2005-12-20","56.17"
"4976","2005-12-19","56.11"
"4977","2005-12-16","57.13"
"4978","2005-12-15","59.85"
"4979","2005-12-14","59.60"
"4980","2005-12-13","59.52"
"4981","2005-12-12","59.44"
"4982","2005-12-09","57.31"
"4983","2005-12-08","58.67"
"4984","2005-12-07","56.98"
"4985","2005-12-06","57.61"
"4986","2005-12-05","57.73"
"4987","2005-12-02","57.05"
"4988","2005-12-01","56.15"
"4989","2005-11-30","55.05"
"4990","2005-11-29","56.50"
"4991","2005-11-28","54.88"
"4992","2005-11-25","55.01"
"4993","2005-11-24","55.30"
"4994","2005-11-23","56.21"
"4995","2005-11-22","56.41"
"4996","2005-11-21","55.34"
"4997","2005-11-18","54.88"
"4998","2005-11-17","54.85"
"4999","2005-11-16","56.00"
"5000","2005-11-15","54.05"
"5001","2005-11-14","54.73"
"5002","2005-11-11","54.99"
"5003","2005-11-10","55.68"
"5004","2005-11-09","56.88"
"5005","2005-11-08","57.81"
"5006","2005-11-07","58.04"
"5007","2005-11-04","59.25"
"5008","2005-11-03","60.52"
"5009","2005-11-02","58.38"
"5010","2005-11-01","58.37"
"5011","2005-10-31","58.10"
"5012","2005-10-28","59.42"
"5013","2005-10-27","59.14"
"5014","2005-10-26","58.87"
"5015","2005-10-25","60.24"
"5016","2005-10-24","58.24"
"5017","2005-10-21","58.48"
"5018","2005-10-20","57.91"
"5019","2005-10-19","58.60"
"5020","2005-10-18","59.28"
"5021","2005-10-17","60.57"
"5022","2005-10-14","59.35"
"5023","2005-10-13","60.14"
"5024","2005-10-12","60.57"
"5025","2005-10-11","60.08"
"5026","2005-10-10","58.78"
"5027","2005-10-07","59.21"
"5028","2005-10-06","58.37"
"5029","2005-10-05","60.12"
"5030","2005-10-04","61.22"
"5031","2005-10-03","62.80"
"5032","2005-09-30","63.48"
"5033","2005-09-29","63.84"
"5034","2005-09-28","63.93"
"5035","2005-09-27","62.97"
"5036","2005-09-26","63.93"
"5037","2005-09-23","62.44"
"5038","2005-09-22","64.60"
"5039","2005-09-21","64.73"
"5040","2005-09-20","64.20"
"5041","2005-09-19","65.61"
"5042","2005-09-16","61.81"
"5043","2005-09-15","63.16"
"5044","2005-09-14","63.37"
"5045","2005-09-13","61.61"
"5046","2005-09-12","61.80"
"5047","2005-09-09","62.84"
"5048","2005-09-08","63.08"
"5049","2005-09-07","62.89"
"5050","2005-09-06","64.67"
"5051","2005-09-05","64.85"
"5052","2005-09-02","66.06"
"5053","2005-09-01","67.72"
"5054","2005-08-31","67.02"
"5055","2005-08-30","67.57"
"5056","2005-08-29","64.87"
"5057","2005-08-26","64.87"
"5058","2005-08-25","66.27"
"5059","2005-08-24","64.65"
"5060","2005-08-23","64.65"
"5061","2005-08-22","64.50"
"5062","2005-08-19","64.36"
"5063","2005-08-18","62.40"
"5064","2005-08-17","62.56"
"5065","2005-08-16","65.41"
"5066","2005-08-15","65.58"
"5067","2005-08-12","66.45"
"5068","2005-08-11","65.38"
"5069","2005-08-10","63.99"
"5070","2005-08-09","61.98"
"5071","2005-08-08","62.70"
"5072","2005-08-05","61.07"
"5073","2005-08-04","60.12"
"5074","2005-08-03","59.65"
"5075","2005-08-02","60.62"
"5076","2005-08-01","60.44"
"5077","2005-07-29","59.37"
"5078","2005-07-28","58.76"
"5079","2005-07-27","58.01"
"5080","2005-07-26","58.03"
"5081","2005-07-25","57.86"
"5082","2005-07-22","57.58"
"5083","2005-07-21","55.72"
"5084","2005-07-20","56.65"
"5085","2005-07-19","57.36"
"5086","2005-07-18","56.99"
"5087","2005-07-15","57.60"
"5088","2005-07-14","57.31"
"5089","2005-07-13","58.27"
"5090","2005-07-12","58.82"
"5091","2005-07-11","57.44"
"5092","2005-07-08","58.20"
"5093","2005-07-07","59.28"
"5094","2005-07-06","59.85"
"5095","2005-07-05","58.29"
"5096","2005-07-04","57.94"
"5097","2005-07-01","57.54"
"5098","2005-06-30","55.58"
"5099","2005-06-29","56.15"
"5100","2005-06-28","57.18"
"5101","2005-06-27","59.30"
"5102","2005-06-24","58.36"
"5103","2005-06-23","57.96"
"5104","2005-06-22","56.58"
"5105","2005-06-21","57.50"
"5106","2005-06-20","58.32"
"5107","2005-06-17","57.76"
"5108","2005-06-16","56.22"
"5109","2005-06-15","54.50"
"5110","2005-06-14","53.73"
"5111","2005-06-13","54.78"
"5112","2005-06-10","52.67"
"5113","2005-06-09","53.82"
"5114","2005-06-08","52.11"
"5115","2005-06-07","53.13"
"5116","2005-06-06","53.67"
"5117","2005-06-03","54.17"
"5118","2005-06-02","52.40"
"5119","2005-06-01","53.27"
"5120","2005-05-31","50.73"
"5121","2005-05-30","50.70"
"5122","2005-05-27","50.70"
"5123","2005-05-26","50.16"
"5124","2005-05-25","50.07"
"5125","2005-05-24","48.82"
"5126","2005-05-23","48.37"
"5127","2005-05-20","48.03"
"5128","2005-05-19","47.88"
"5129","2005-05-18","48.15"
"5130","2005-05-17","49.34"
"5131","2005-05-16","48.05"
"5132","2005-05-13","48.66"
"5133","2005-05-12","48.34"
"5134","2005-05-11","50.07"
"5135","2005-05-10","51.43"
"5136","2005-05-09","51.29"
"5137","2005-05-06","50.77"
"5138","2005-05-05","51.13"
"5139","2005-05-04","50.91"
"5140","2005-05-03","50.52"
"5141","2005-05-02","51.09"
"5142","2005-04-29","51.79"
"5143","2005-04-28","52.48"
"5144","2005-04-27","52.29"
"5145","2005-04-26","54.14"
"5146","2005-04-25","54.40"
"5147","2005-04-22","54.97"
"5148","2005-04-21","54.01"
"5149","2005-04-20","53.78"
"5150","2005-04-19","52.94"
"5151","2005-04-18","50.78"
"5152","2005-04-15","51.61"
"5153","2005-04-14","50.91"
"5154","2005-04-13","50.48"
"5155","2005-04-12","51.98"
"5156","2005-04-11","53.21"
"5157","2005-04-08","52.89"
"5158","2005-04-07","54.04"
"5159","2005-04-06","55.44"
"5160","2005-04-05","55.44"
"5161","2005-04-04","56.23"
"5162","2005-04-01","56.51"
"5163","2005-03-31","54.29"
"5164","2005-03-30","52.09"
"5165","2005-03-29","53.03"
"5166","2005-03-28","53.93"
"5167","2005-03-25","53.93"
"5168","2005-03-24","53.93"
"5169","2005-03-23","54.03"
"5170","2005-03-22","54.59"
"5171","2005-03-21","55.06"
"5172","2005-03-18","55.59"
"5173","2005-03-17","55.06"
"5174","2005-03-16","54.80"
"5175","2005-03-15","53.85"
"5176","2005-03-14","53.66"
"5177","2005-03-11","53.01"
"5178","2005-03-10","52.66"
"5179","2005-03-09","53.38"
"5180","2005-03-08","52.84"
"5181","2005-03-07","52.09"
"5182","2005-03-04","51.80"
"5183","2005-03-03","51.95"
"5184","2005-03-02","51.22"
"5185","2005-03-01","50.11"
"5186","2005-02-28","50.06"
"5187","2005-02-25","49.61"
"5188","2005-02-24","49.44"
"5189","2005-02-23","48.51"
"5190","2005-02-22","48.62"
"5191","2005-02-21","46.73"
"5192","2005-02-18","46.34"
"5193","2005-02-17","45.82"
"5194","2005-02-16","46.15"
"5195","2005-02-15","45.39"
"5196","2005-02-14","45.53"
"5197","2005-02-11","44.80"
"5198","2005-02-10","44.48"
"5199","2005-02-09","43.13"
"5200","2005-02-08","43.07"
"5201","2005-02-07","43.04"
"5202","2005-02-04","43.89"
"5203","2005-02-03","43.85"
"5204","2005-02-02","44.01"
"5205","2005-02-01","44.82"
"5206","2005-01-31","45.92"
"5207","2005-01-28","44.95"
"5208","2005-01-27","46.44"
"5209","2005-01-26","46.51"
"5210","2005-01-25","46.96"
"5211","2005-01-24","46.01"
"5212","2005-01-21","45.73"
"5213","2005-01-20","44.32"
"5214","2005-01-19","44.71"
"5215","2005-01-18","45.39"
"5216","2005-01-17","45.03"
"5217","2005-01-14","45.15"
"5218","2005-01-13","45.21"
"5219","2005-01-12","43.68"
"5220","2005-01-11","43.12"
"5221","2005-01-10","42.92"
"5222","2005-01-07","43.18"
"5223","2005-01-06","42.85"
"5224","2005-01-05","40.51"
"5225","2005-01-04","41.04"
"5226","2005-01-03","40.37"
"5227","2004-12-31","40.41"
"5228","2004-12-30","40.37"
"5229","2004-12-29","39.17"
"5230","2004-12-28","40.07"
"5231","2004-12-27","40.07"
"5232","2004-12-24","40.07"
"5233","2004-12-23","40.71"
"5234","2004-12-22","40.64"
"5235","2004-12-21","42.37"
"5236","2004-12-20","42.45"
"5237","2004-12-17","43.39"
"5238","2004-12-16","41.45"
"5239","2004-12-15","42.22"
"5240","2004-12-14","39.25"
"5241","2004-12-13","37.84"
"5242","2004-12-10","37.38"
"5243","2004-12-09","39.67"
"5244","2004-12-08","38.69"
"5245","2004-12-07","38.27"
"5246","2004-12-06","39.65"
"5247","2004-12-03","39.36"
"5248","2004-12-02","40.15"
"5249","2004-12-01","42.31"
"5250","2004-11-30","45.51"
"5251","2004-11-29","45.75"
"5252","2004-11-26","44.57"
"5253","2004-11-25","44.66"
"5254","2004-11-24","44.82"
"5255","2004-11-23","44.45"
"5256","2004-11-22","44.38"
"5257","2004-11-19","44.89"
"5258","2004-11-18","42.72"
"5259","2004-11-17","42.76"
"5260","2004-11-16","42.29"
"5261","2004-11-15","40.34"
"5262","2004-11-12","42.31"
"5263","2004-11-11","43.02"
"5264","2004-11-10","44.75"
"5265","2004-11-09","43.71"
"5266","2004-11-08","45.92"
"5267","2004-11-05","46.42"
"5268","2004-11-04","46.01"
"5269","2004-11-03","47.56"
"5270","2004-11-02","46.55"
"5271","2004-11-01","47.06"
"5272","2004-10-29","48.98"
"5273","2004-10-28","48.37"
"5274","2004-10-27","49.45"
"5275","2004-10-26","51.56"
"5276","2004-10-25","50.78"
"5277","2004-10-22","51.22"
"5278","2004-10-21","50.72"
"5279","2004-10-20","50.52"
"5280","2004-10-19","48.77"
"5281","2004-10-18","48.91"
"5282","2004-10-15","49.93"
"5283","2004-10-14","50.84"
"5284","2004-10-13","50.05"
"5285","2004-10-12","49.60"
"5286","2004-10-11","50.71"
"5287","2004-10-08","49.76"
"5288","2004-10-07","48.90"
"5289","2004-10-06","47.99"
"5290","2004-10-05","46.57"
"5291","2004-10-04","45.59"
"5292","2004-10-01","45.97"
"5293","2004-09-30","46.38"
"5294","2004-09-29","46.08"
"5295","2004-09-28","46.45"
"5296","2004-09-27","45.93"
"5297","2004-09-24","45.33"
"5298","2004-09-23","45.13"
"5299","2004-09-22","44.93"
"5300","2004-09-21","43.39"
"5301","2004-09-20","42.91"
"5302","2004-09-17","42.45"
"5303","2004-09-16","40.75"
"5304","2004-09-15","41.85"
"5305","2004-09-14","41.73"
"5306","2004-09-13","41.06"
"5307","2004-09-10","40.20"
"5308","2004-09-09","42.22"
"5309","2004-09-08","40.39"
"5310","2004-09-07","40.76"
"5311","2004-09-06","40.62"
"5312","2004-09-03","41.23"
"5313","2004-09-02","41.57"
"5314","2004-09-01","41.47"
"5315","2004-08-31","39.61"
"5316","2004-08-30","40.64"
"5317","2004-08-27","40.64"
"5318","2004-08-26","40.33"
"5319","2004-08-25","40.68"
"5320","2004-08-24","42.32"
"5321","2004-08-23","43.03"
"5322","2004-08-20","43.54"
"5323","2004-08-19","44.33"
"5324","2004-08-18","43.03"
"5325","2004-08-17","42.99"
"5326","2004-08-16","43.67"
"5327","2004-08-13","43.88"
"5328","2004-08-12","42.29"
"5329","2004-08-11","41.57"
"5330","2004-08-10","41.28"
"5331","2004-08-09","41.56"
"5332","2004-08-06","40.63"
"5333","2004-08-05","41.12"
"5334","2004-08-04","39.70"
"5335","2004-08-03","40.64"
"5336","2004-08-02","39.97"
"5337","2004-07-30","40.03"
"5338","2004-07-29","39.25"
"5339","2004-07-28","39.53"
"5340","2004-07-27","38.54"
"5341","2004-07-26","38.11"
"5342","2004-07-23","38.27"
"5343","2004-07-22","38.01"
"5344","2004-07-21","37.16"
"5345","2004-07-20","37.01"
"5346","2004-07-19","37.01"
"5347","2004-07-16","38.00"
"5348","2004-07-15","38.11"
"5349","2004-07-14","38.54"
"5350","2004-07-13","36.69"
"5351","2004-07-12","36.63"
"5352","2004-07-09","37.05"
"5353","2004-07-08","37.77"
"5354","2004-07-07","36.61"
"5355","2004-07-06","37.18"
"5356","2004-07-05","36.33"
"5357","2004-07-02","35.92"
"5358","2004-07-01","36.07"
"5359","2004-06-30","34.50"
"5360","2004-06-29","33.11"
"5361","2004-06-28","33.70"
"5362","2004-06-25","34.97"
"5363","2004-06-24","35.30"
"5364","2004-06-23","35.03"
"5365","2004-06-22","35.61"
"5366","2004-06-21","35.13"
"5367","2004-06-18","36.21"
"5368","2004-06-17","36.21"
"5369","2004-06-16","35.20"
"5370","2004-06-15","35.29"
"5371","2004-06-14","35.49"
"5372","2004-06-11","35.44"
"5373","2004-06-10","35.74"
"5374","2004-06-09","35.29"
"5375","2004-06-08","35.05"
"5376","2004-06-07","35.96"
"5377","2004-06-04","35.67"
"5378","2004-06-03","36.40"
"5379","2004-06-02","36.86"
"5380","2004-06-01","39.08"
"5381","2004-05-31","36.58"
"5382","2004-05-28","36.58"
"5383","2004-05-27","36.25"
"5384","2004-05-26","37.08"
"5385","2004-05-25","37.44"
"5386","2004-05-24","38.17"
"5387","2004-05-21","36.51"
"5388","2004-05-20","37.26"
"5389","2004-05-19","37.90"
"5390","2004-05-18","36.95"
"5391","2004-05-17","37.91"
"5392","2004-05-14","38.76"
"5393","2004-05-13","38.49"
"5394","2004-05-12","37.95"
"5395","2004-05-11","37.36"
"5396","2004-05-10","35.97"
"5397","2004-05-07","37.00"
"5398","2004-05-06","36.53"
"5399","2004-05-05","36.72"
"5400","2004-05-04","35.93"
"5401","2004-05-03","34.48"
"5402","2004-04-30","34.48"
"5403","2004-04-29","34.38"
"5404","2004-04-28","34.31"
"5405","2004-04-27","34.28"
"5406","2004-04-26","33.58"
"5407","2004-04-23","33.09"
"5408","2004-04-22","33.39"
"5409","2004-04-21","32.46"
"5410","2004-04-20","33.11"
"5411","2004-04-19","33.46"
"5412","2004-04-16","33.64"
"5413","2004-04-15","33.12"
"5414","2004-04-14","33.45"
"5415","2004-04-13","33.19"
"5416","2004-04-12","33.34"
"5417","2004-04-09","33.19"
"5418","2004-04-08","33.34"
"5419","2004-04-07","32.45"
"5420","2004-04-06","31.35"
"5421","2004-04-05","30.69"
"5422","2004-04-02","30.21"
"5423","2004-04-01","31.55"
"5424","2004-03-31","31.51"
"5425","2004-03-30","32.45"
"5426","2004-03-29","31.74"
"5427","2004-03-26","31.99"
"5428","2004-03-25","31.83"
"5429","2004-03-24","33.01"
"5430","2004-03-23","33.31"
"5431","2004-03-22","32.80"
"5432","2004-03-19","33.26"
"5433","2004-03-18","33.13"
"5434","2004-03-17","33.53"
"5435","2004-03-16","33.45"
"5436","2004-03-15","33.80"
"5437","2004-03-12","32.24"
"5438","2004-03-11","32.83"
"5439","2004-03-10","31.99"
"5440","2004-03-09","32.23"
"5441","2004-03-08","32.77"
"5442","2004-03-05","33.35"
"5443","2004-03-04","32.89"
"5444","2004-03-03","32.23"
"5445","2004-03-02","33.15"
"5446","2004-03-01","33.34"
"5447","2004-02-27","32.23"
"5448","2004-02-26","31.57"
"5449","2004-02-25","31.57"
"5450","2004-02-24","30.81"
"5451","2004-02-23","30.81"
"5452","2004-02-20","30.69"
"5453","2004-02-19","30.82"
"5454","2004-02-18","30.99"
"5455","2004-02-17","30.69"
"5456","2004-02-16","30.32"
"5457","2004-02-13","30.57"
"5458","2004-02-12","30.07"
"5459","2004-02-11","29.87"
"5460","2004-02-10","30.04"
"5461","2004-02-09","30.04"
"5462","2004-02-06","28.83"
"5463","2004-02-05","29.27"
"5464","2004-02-04","28.88"
"5465","2004-02-03","29.50"
"5466","2004-02-02","30.23"
"5467","2004-01-30","29.18"
"5468","2004-01-29","29.13"
"5469","2004-01-28","29.77"
"5470","2004-01-27","30.23"
"5471","2004-01-26","30.45"
"5472","2004-01-23","30.96"
"5473","2004-01-22","31.11"
"5474","2004-01-21","30.86"
"5475","2004-01-20","31.23"
"5476","2004-01-19","30.57"
"5477","2004-01-16","30.08"
"5478","2004-01-15","31.56"
"5479","2004-01-14","31.03"
"5480","2004-01-13","31.37"
"5481","2004-01-12","31.76"
"5482","2004-01-09","31.37"
"5483","2004-01-08","31.08"
"5484","2004-01-07","30.76"
"5485","2004-01-06","30.82"
"5486","2004-01-05","30.89"
"5487","2004-01-02","29.32"
"5488","2003-12-31","30.17"
"5489","2003-12-30","29.74"
"5490","2003-12-29","29.31"
"5491","2003-12-26","29.06"
"5492","2003-12-24","29.06"
"5493","2003-12-23","29.04"
"5494","2003-12-22","28.99"
"5495","2003-12-19","30.05"
"5496","2003-12-18","30.80"
"5497","2003-12-17","30.59"
"5498","2003-12-16","30.38"
"5499","2003-12-15","30.12"
"5500","2003-12-12","30.37"
"5501","2003-12-11","29.57"
"5502","2003-12-10","29.66"
"5503","2003-12-09","29.63"
"5504","2003-12-08","29.98"
"5505","2003-12-05","28.74"
"5506","2003-12-04","29.23"
"5507","2003-12-03","29.14"
"5508","2003-12-02","28.94"
"5509","2003-12-01","28.25"
"5510","2003-11-28","28.45"
"5511","2003-11-27","28.70"
"5512","2003-11-26","28.47"
"5513","2003-11-25","27.94"
"5514","2003-11-24","27.86"
"5515","2003-11-21","29.36"
"5516","2003-11-20","29.56"
"5517","2003-11-19","29.78"
"5518","2003-11-18","30.47"
"5519","2003-11-17","29.05"
"5520","2003-11-14","29.56"
"5521","2003-11-13","29.21"
"5522","2003-11-12","29.20"
"5523","2003-11-11","29.09"
"5524","2003-11-10","28.99"
"5525","2003-11-07","28.91"
"5526","2003-11-06","28.41"
"5527","2003-11-05","28.60"
"5528","2003-11-04","27.16"
"5529","2003-11-03","27.36"
"5530","2003-10-31","27.70"
"5531","2003-10-30","27.10"
"5532","2003-10-29","27.44"
"5533","2003-10-28","28.04"
"5534","2003-10-27","28.39"
"5535","2003-10-24","28.58"
"5536","2003-10-23","28.63"
"5537","2003-10-22","28.28"
"5538","2003-10-21","28.63"
"5539","2003-10-20","28.60"
"5540","2003-10-17","29.03"
"5541","2003-10-16","31.11"
"5542","2003-10-15","30.87"
"5543","2003-10-14","30.69"
"5544","2003-10-13","30.67"
"5545","2003-10-10","30.90"
"5546","2003-10-09","30.14"
"5547","2003-10-08","28.73"
"5548","2003-10-07","29.03"
"5549","2003-10-06","28.89"
"5550","2003-10-03","28.71"
"5551","2003-10-02","28.27"
"5552","2003-10-01","27.88"
"5553","2003-09-30","27.61"
"5554","2003-09-29","26.83"
"5555","2003-09-26","26.64"
"5556","2003-09-25","26.81"
"5557","2003-09-24","26.77"
"5558","2003-09-23","25.52"
"5559","2003-09-22","25.53"
"5560","2003-09-19","25.32"
"5561","2003-09-18","25.59"
"5562","2003-09-17","25.67"
"5563","2003-09-16","25.99"
"5564","2003-09-15","26.70"
"5565","2003-09-12","26.77"
"5566","2003-09-11","27.02"
"5567","2003-09-10","27.52"
"5568","2003-09-09","27.37"
"5569","2003-09-08","27.17"
"5570","2003-09-05","27.21"
"5571","2003-09-04","27.31"
"5572","2003-09-03","27.74"
"5573","2003-09-02","27.52"
"5574","2003-09-01","29.25"
"5575","2003-08-29","29.49"
"5576","2003-08-28","29.44"
"5577","2003-08-27","29.18"
"5578","2003-08-26","29.77"
"5579","2003-08-25","29.70"
"5580","2003-08-22","29.70"
"5581","2003-08-21","29.71"
"5582","2003-08-20","28.84"
"5583","2003-08-19","28.47"
"5584","2003-08-18","28.66"
"5585","2003-08-15","28.81"
"5586","2003-08-14","28.83"
"5587","2003-08-13","29.01"
"5588","2003-08-12","29.87"
"5589","2003-08-11","29.91"
"5590","2003-08-08","29.99"
"5591","2003-08-07","30.25"
"5592","2003-08-06","29.48"
"5593","2003-08-05","29.93"
"5594","2003-08-04","29.53"
"5595","2003-08-01","29.99"
"5596","2003-07-31","28.37"
"5597","2003-07-30","28.50"
"5598","2003-07-29","28.10"
"5599","2003-07-28","28.03"
"5600","2003-07-25","28.18"
"5601","2003-07-24","28.16"
"5602","2003-07-23","27.78"
"5603","2003-07-22","27.49"
"5604","2003-07-21","28.69"
"5605","2003-07-18","28.93"
"5606","2003-07-17","28.62"
"5607","2003-07-16","28.72"
"5608","2003-07-15","29.17"
"5609","2003-07-14","28.96"
"5610","2003-07-11","29.19"
"5611","2003-07-10","28.88"
"5612","2003-07-09","28.71"
"5613","2003-07-08","27.97"
"5614","2003-07-07","27.82"
"5615","2003-07-04","27.63"
"5616","2003-07-03","28.20"
"5617","2003-07-02","27.97"
"5618","2003-07-01","28.31"
"5619","2003-06-30","28.33"
"5620","2003-06-27","27.30"
"5621","2003-06-26","27.04"
"5622","2003-06-25","27.65"
"5623","2003-06-24","26.62"
"5624","2003-06-23","26.93"
"5625","2003-06-20","27.02"
"5626","2003-06-19","26.29"
"5627","2003-06-18","26.26"
"5628","2003-06-17","26.67"
"5629","2003-06-16","26.65"
"5630","2003-06-13","27.46"
"5631","2003-06-12","27.83"
"5632","2003-06-11","28.39"
"5633","2003-06-10","28.08"
"5634","2003-06-09","27.85"
"5635","2003-06-06","27.78"
"5636","2003-06-05","27.44"
"5637","2003-06-04","26.81"
"5638","2003-06-03","27.28"
"5639","2003-06-02","27.38"
"5640","2003-05-30","26.32"
"5641","2003-05-29","26.03"
"5642","2003-05-28","25.59"
"5643","2003-05-27","26.34"
"5644","2003-05-26","26.24"
"5645","2003-05-23","26.24"
"5646","2003-05-22","25.97"
"5647","2003-05-21","26.21"
"5648","2003-05-20","25.65"
"5649","2003-05-19","25.61"
"5650","2003-05-16","26.70"
"5651","2003-05-15","26.73"
"5652","2003-05-14","26.75"
"5653","2003-05-13","25.90"
"5654","2003-05-12","24.89"
"5655","2003-05-09","25.10"
"5656","2003-05-08","24.65"
"5657","2003-05-07","24.11"
"5658","2003-05-06","23.57"
"5659","2003-05-05","23.52"
"5660","2003-05-02","23.52"
"5661","2003-05-01","23.82"
"5662","2003-04-30","23.68"
"5663","2003-04-29","23.26"
"5664","2003-04-28","23.50"
"5665","2003-04-25","24.09"
"5666","2003-04-24","24.30"
"5667","2003-04-23","24.26"
"5668","2003-04-22","25.46"
"5669","2003-04-21","25.88"
"5670","2003-04-18","25.81"
"5671","2003-04-17","25.88"
"5672","2003-04-16","25.02"
"5673","2003-04-15","25.21"
"5674","2003-04-14","24.99"
"5675","2003-04-11","24.75"
"5676","2003-04-10","24.47"
"5677","2003-04-09","25.25"
"5678","2003-04-08","24.61"
"5679","2003-04-07","24.58"
"5680","2003-04-04","24.68"
"5681","2003-04-03","25.50"
"5682","2003-04-02","25.21"
"5683","2003-04-01","26.36"
"5684","2003-03-31","27.18"
"5685","2003-03-28","26.35"
"5686","2003-03-27","26.82"
"5687","2003-03-26","25.29"
"5688","2003-03-25","24.81"
"5689","2003-03-24","26.09"
"5690","2003-03-21","24.35"
"5691","2003-03-20","25.50"
"5692","2003-03-19","26.75"
"5693","2003-03-18","27.25"
"5694","2003-03-17","29.48"
"5695","2003-03-14","30.13"
"5696","2003-03-13","32.43"
"5697","2003-03-12","33.91"
"5698","2003-03-11","33.29"
"5699","2003-03-10","33.69"
"5700","2003-03-07","34.10"
"5701","2003-03-06","33.53"
"5702","2003-03-05","33.00"
"5703","2003-03-04","33.09"
"5704","2003-03-03","32.48"
"5705","2003-02-28","32.79"
"5706","2003-02-27","33.04"
"5707","2003-02-26","33.07"
"5708","2003-02-25","32.32"
"5709","2003-02-24","33.15"
"5710","2003-02-21","32.27"
"5711","2003-02-20","31.56"
"5712","2003-02-19","32.33"
"5713","2003-02-18","32.54"
"5714","2003-02-17","31.92"
"5715","2003-02-14","32.50"
"5716","2003-02-13","33.06"
"5717","2003-02-12","32.45"
"5718","2003-02-11","32.37"
"5719","2003-02-10","31.70"
"5720","2003-02-07","32.34"
"5721","2003-02-06","31.44"
"5722","2003-02-05","31.96"
"5723","2003-02-04","31.09"
"5724","2003-02-03","30.25"
"5725","2003-01-31","31.10"
"5726","2003-01-30","31.21"
"5727","2003-01-29","31.02"
"5728","2003-01-28","30.27"
"5729","2003-01-27","29.86"
"5730","2003-01-24","30.49"
"5731","2003-01-23","29.72"
"5732","2003-01-22","30.60"
"5733","2003-01-21","30.74"
"5734","2003-01-20","30.65"
"5735","2003-01-17","30.54"
"5736","2003-01-16","31.66"
"5737","2003-01-15","31.22"
"5738","2003-01-14","30.61"
"5739","2003-01-13","30.20"
"5740","2003-01-10","29.67"
"5741","2003-01-09","29.64"
"5742","2003-01-08","28.85"
"5743","2003-01-07","29.35"
"5744","2003-01-06","30.20"
"5745","2003-01-03","30.77"
"5746","2003-01-02","29.43"
"5747","2002-12-31","28.66"
"5748","2002-12-30","29.66"
"5749","2002-12-27","30.16"
"5750","2002-12-26","29.61"
"5751","2002-12-25","29.61"
"5752","2002-12-24","29.61"
"5753","2002-12-23","29.72"
"5754","2002-12-20","28.34"
"5755","2002-12-19","28.22"
"5756","2002-12-18","28.49"
"5757","2002-12-17","27.92"
"5758","2002-12-16","28.38"
"5759","2002-12-13","27.21"
"5760","2002-12-12","26.87"
"5761","2002-12-11","26.25"
"5762","2002-12-10","26.42"
"5763","2002-12-09","25.76"
"5764","2002-12-06","25.46"
"5765","2002-12-05","25.80"
"5766","2002-12-04","25.18"
"5767","2002-12-03","25.85"
"5768","2002-12-02","25.62"
"5769","2002-11-29","25.16"
"5770","2002-11-28","25.01"
"5771","2002-11-27","25.25"
"5772","2002-11-26","24.85"
"5773","2002-11-25","24.67"
"5774","2002-11-22","25.21"
"5775","2002-11-21","24.83"
"5776","2002-11-20","24.53"
"5777","2002-11-19","24.08"
"5778","2002-11-18","24.28"
"5779","2002-11-15","23.35"
"5780","2002-11-14","22.81"
"5781","2002-11-13","22.70"
"5782","2002-11-12","23.72"
"5783","2002-11-11","23.79"
"5784","2002-11-08","23.58"
"5785","2002-11-07","23.48"
"5786","2002-11-06","23.70"
"5787","2002-11-05","24.12"
"5788","2002-11-04","25.02"
"5789","2002-11-01","25.41"
"5790","2002-10-31","25.74"
"5791","2002-10-30","25.30"
"5792","2002-10-29","25.31"
"5793","2002-10-28","25.68"
"5794","2002-10-25","25.46"
"5795","2002-10-24","26.46"
"5796","2002-10-23","26.51"
"5797","2002-10-22","26.43"
"5798","2002-10-21","26.59"
"5799","2002-10-18","27.84"
"5800","2002-10-17","27.97"
"5801","2002-10-16","28.58"
"5802","2002-10-15","28.50"
"5803","2002-10-14","28.50"
"5804","2002-10-11","27.99"
"5805","2002-10-10","27.74"
"5806","2002-10-09","28.13"
"5807","2002-10-08","28.09"
"5808","2002-10-07","28.23"
"5809","2002-10-04","28.12"
"5810","2002-10-03","28.26"
"5811","2002-10-02","28.82"
"5812","2002-10-01","29.01"
"5813","2002-09-30","28.75"
"5814","2002-09-27","28.88"
"5815","2002-09-26","28.89"
"5816","2002-09-25","29.06"
"5817","2002-09-24","29.11"
"5818","2002-09-23","29.13"
"5819","2002-09-20","28.43"
"5820","2002-09-19","28.38"
"5821","2002-09-18","28.32"
"5822","2002-09-17","27.97"
"5823","2002-09-16","28.52"
"5824","2002-09-13","28.31"
"5825","2002-09-12","27.73"
"5826","2002-09-11","28.39"
"5827","2002-09-10","28.58"
"5828","2002-09-09","28.49"
"5829","2002-09-06","28.29"
"5830","2002-09-05","27.66"
"5831","2002-09-04","27.10"
"5832","2002-09-03","26.57"
"5833","2002-09-02","27.54"
"5834","2002-08-30","27.47"
"5835","2002-08-29","27.52"
"5836","2002-08-28","26.95"
"5837","2002-08-27","27.22"
"5838","2002-08-26","26.99"
"5839","2002-08-23","26.99"
"5840","2002-08-22","27.02"
"5841","2002-08-21","27.41"
"5842","2002-08-20","27.10"
"5843","2002-08-19","27.26"
"5844","2002-08-16","27.00"
"5845","2002-08-15","26.80"
"5846","2002-08-14","26.38"
"5847","2002-08-13","26.15"
"5848","2002-08-12","26.04"
"5849","2002-08-09","25.34"
"5850","2002-08-08","25.11"
"5851","2002-08-07","24.95"
"5852","2002-08-06","25.53"
"5853","2002-08-05","24.89"
"5854","2002-08-02","25.31"
"5855","2002-08-01","25.01"
"5856","2002-07-31","25.44"
"5857","2002-07-30","25.68"
"5858","2002-07-29","25.00"
"5859","2002-07-26","25.03"
"5860","2002-07-25","25.26"
"5861","2002-07-24","25.33"
"5862","2002-07-23","25.04"
"5863","2002-07-22","25.42"
"5864","2002-07-19","26.43"
"5865","2002-07-18","26.28"
"5866","2002-07-17","26.44"
"5867","2002-07-16","26.28"
"5868","2002-07-15","26.06"
"5869","2002-07-12","26.32"
"5870","2002-07-11","25.96"
"5871","2002-07-10","25.93"
"5872","2002-07-09","25.17"
"5873","2002-07-08","25.08"
"5874","2002-07-05","25.73"
"5875","2002-07-04","25.55"
"5876","2002-07-03","25.84"
"5877","2002-07-02","25.75"
"5878","2002-07-01","25.64"
"5879","2002-06-28","25.58"
"5880","2002-06-27","25.45"
"5881","2002-06-26","25.24"
"5882","2002-06-25","25.20"
"5883","2002-06-24","25.27"
"5884","2002-06-21","24.75"
"5885","2002-06-20","25.07"
"5886","2002-06-19","24.55"
"5887","2002-06-18","24.79"
"5888","2002-06-17","25.24"
"5889","2002-06-14","24.99"
"5890","2002-06-13","24.06"
"5891","2002-06-12","23.51"
"5892","2002-06-11","23.30"
"5893","2002-06-10","23.66"
"5894","2002-06-07","23.99"
"5895","2002-06-06","24.22"
"5896","2002-06-05","24.18"
"5897","2002-06-04","24.45"
"5898","2002-06-03","24.45"
"5899","2002-05-31","24.51"
"5900","2002-05-30","24.05"
"5901","2002-05-29","25.12"
"5902","2002-05-28","24.76"
"5903","2002-05-27","24.94"
"5904","2002-05-24","25.18"
"5905","2002-05-23","25.39"
"5906","2002-05-22","25.50"
"5907","2002-05-21","25.60"
"5908","2002-05-20","26.38"
"5909","2002-05-17","26.36"
"5910","2002-05-16","26.38"
"5911","2002-05-15","26.17"
"5912","2002-05-14","27.25"
"5913","2002-05-13","26.58"
"5914","2002-05-10","26.38"
"5915","2002-05-09","25.94"
"5916","2002-05-08","26.03"
"5917","2002-05-07","25.41"
"5918","2002-05-06","25.75"
"5919","2002-05-03","25.75"
"5920","2002-05-02","25.43"
"5921","2002-05-01","25.87"
"5922","2002-04-30","26.47"
"5923","2002-04-29","26.68"
"5924","2002-04-26","26.19"
"5925","2002-04-25","25.93"
"5926","2002-04-24","25.76"
"5927","2002-04-23","26.00"
"5928","2002-04-22","25.88"
"5929","2002-04-19","25.85"
"5930","2002-04-18","25.77"
"5931","2002-04-17","25.38"
"5932","2002-04-16","24.58"
"5933","2002-04-15","24.70"
"5934","2002-04-12","24.39"
"5935","2002-04-11","25.04"
"5936","2002-04-10","26.01"
"5937","2002-04-09","26.08"
"5938","2002-04-08","27.02"
"5939","2002-04-05","25.99"
"5940","2002-04-04","27.31"
"5941","2002-04-03","27.28"
"5942","2002-04-02","27.63"
"5943","2002-04-01","25.92"
"5944","2002-03-29","25.92"
"5945","2002-03-28","25.70"
"5946","2002-03-27","25.45"
"5947","2002-03-26","25.29"
"5948","2002-03-25","25.17"
"5949","2002-03-22","25.35"
"5950","2002-03-21","25.38"
"5951","2002-03-20","24.63"
"5952","2002-03-19","24.91"
"5953","2002-03-18","25.08"
"5954","2002-03-15","24.55"
"5955","2002-03-14","24.06"
"5956","2002-03-13","23.80"
"5957","2002-03-12","23.70"
"5958","2002-03-11","23.89"
"5959","2002-03-08","23.33"
"5960","2002-03-07","23.30"
"5961","2002-03-06","22.72"
"5962","2002-03-05","22.79"
"5963","2002-03-04","21.95"
"5964","2002-03-01","21.89"
"5965","2002-02-28","21.33"
"5966","2002-02-27","20.85"
"5967","2002-02-26","20.86"
"5968","2002-02-25","19.98"
"5969","2002-02-22","20.37"
"5970","2002-02-21","20.39"
"5971","2002-02-20","19.91"
"5972","2002-02-19","20.52"
"5973","2002-02-18","20.33"
"5974","2002-02-15","20.87"
"5975","2002-02-14","20.82"
"5976","2002-02-13","20.70"
"5977","2002-02-12","20.46"
"5978","2002-02-11","21.44"
"5979","2002-02-08","19.72"
"5980","2002-02-07","19.21"
"5981","2002-02-06","19.31"
"5982","2002-02-05","19.55"
"5983","2002-02-04","19.81"
"5984","2002-02-01","19.98"
"5985","2002-01-31","19.18"
"5986","2002-01-30","18.80"
"5987","2002-01-29","19.24"
"5988","2002-01-28","19.65"
"5989","2002-01-25","19.37"
"5990","2002-01-24","19.13"
"5991","2002-01-23","19.19"
"5992","2002-01-22","18.75"
"5993","2002-01-21","18.57"
"5994","2002-01-18","18.45"
"5995","2002-01-17","18.41"
"5996","2002-01-16","19.36"
"5997","2002-01-15","18.98"
"5998","2002-01-14","19.78"
"5999","2002-01-11","20.86"
"6000","2002-01-10","21.29"
"6001","2002-01-09","20.89"
"6002","2002-01-08","22.02"
"6003","2002-01-07","22.03"
"6004","2002-01-04","22.18"
"6005","2002-01-03","20.66"
"6006","2002-01-02","21.00"
"6007","2002-01-01","19.90"
"6008","2001-12-31","19.90"
"6009","2001-12-28","20.30"
"6010","2001-12-27","20.34"
"6011","2001-12-26","19.34"
"6012","2001-12-24","19.34"
"6013","2001-12-21","19.36"
"6014","2001-12-20","19.13"
"6015","2001-12-19","19.47"
"6016","2001-12-18","19.18"
"6017","2001-12-17","19.06"
"6018","2001-12-14","19.15"
"6019","2001-12-13","18.17"
"6020","2001-12-12","18.44"
"6021","2001-12-11","17.91"
"6022","2001-12-10","18.17"
"6023","2001-12-07","19.03"
"6024","2001-12-06","18.39"
"6025","2001-12-05","19.22"
"6026","2001-12-04","19.29"
"6027","2001-12-03","19.71"
"6028","2001-11-30","19.14"
"6029","2001-11-29","18.41"
"6030","2001-11-28","18.69"
"6031","2001-11-27","19.02"
"6032","2001-11-26","18.36"
"6033","2001-11-23","19.28"
"6034","2001-11-22","19.90"
"6035","2001-11-21","18.73"
"6036","2001-11-20","18.75"
"6037","2001-11-19","18.01"
"6038","2001-11-16","17.75"
"6039","2001-11-15","17.33"
"6040","2001-11-14","19.17"
"6041","2001-11-13","20.99"
"6042","2001-11-12","20.58"
"6043","2001-11-09","21.38"
"6044","2001-11-08","20.28"
"6045","2001-11-07","19.33"
"6046","2001-11-06","19.07"
"6047","2001-11-05","19.44"
"6048","2001-11-02","19.77"
"6049","2001-11-01","19.62"
"6050","2001-10-31","20.37"
"6051","2001-10-30","20.91"
"6052","2001-10-29","21.10"
"6053","2001-10-26","21.02"
"6054","2001-10-25","21.01"
"6055","2001-10-24","21.26"
"6056","2001-10-23","20.94"
"6057","2001-10-22","21.05"
"6058","2001-10-19","21.35"
"6059","2001-10-18","20.62"
"6060","2001-10-17","20.99"
"6061","2001-10-16","21.36"
"6062","2001-10-15","21.72"
"6063","2001-10-12","21.80"
"6064","2001-10-11","22.58"
"6065","2001-10-10","22.16"
"6066","2001-10-09","21.88"
"6067","2001-10-08","21.81"
"6068","2001-10-05","21.63"
"6069","2001-10-04","22.15"
"6070","2001-10-03","21.52"
"6071","2001-10-02","22.05"
"6072","2001-10-01","22.89"
"6073","2001-09-28","23.26"
"6074","2001-09-27","22.79"
"6075","2001-09-26","23.00"
"6076","2001-09-25","22.38"
"6077","2001-09-24","22.02"
"6078","2001-09-21","25.44"
"6079","2001-09-20","25.92"
"6080","2001-09-19","26.32"
"6081","2001-09-18","27.27"
"6082","2001-09-17","28.38"
"6083","2001-09-14","29.43"
"6084","2001-09-13","28.37"
"6085","2001-09-12","28.23"
"6086","2001-09-11","29.06"
"6087","2001-09-10","27.45"
"6088","2001-09-07","27.69"
"6089","2001-09-06","26.96"
"6090","2001-09-05","26.32"
"6091","2001-09-04","26.26"
"6092","2001-09-03","26.54"
"6093","2001-08-31","26.41"
"6094","2001-08-30","26.09"
"6095","2001-08-29","26.53"
"6096","2001-08-28","26.47"
"6097","2001-08-27","25.95"
"6098","2001-08-24","25.95"
"6099","2001-08-23","25.60"
"6100","2001-08-22","25.34"
"6101","2001-08-21","25.49"
"6102","2001-08-20","25.05"
"6103","2001-08-17","24.73"
"6104","2001-08-16","25.63"
"6105","2001-08-15","25.74"
"6106","2001-08-14","26.19"
"6107","2001-08-13","26.10"
"6108","2001-08-10","26.19"
"6109","2001-08-09","25.68"
"6110","2001-08-08","25.70"
"6111","2001-08-07","26.08"
"6112","2001-08-06","25.83"
"6113","2001-08-03","25.69"
"6114","2001-08-02","26.13"
"6115","2001-08-01","24.96"
"6116","2001-07-31","24.69"
"6117","2001-07-30","24.96"
"6118","2001-07-27","25.19"
"6119","2001-07-26","25.14"
"6120","2001-07-25","25.25"
"6121","2001-07-24","24.90"
"6122","2001-07-23","24.92"
"6123","2001-07-20","24.64"
"6124","2001-07-19","24.05"
"6125","2001-07-18","24.22"
"6126","2001-07-17","24.89"
"6127","2001-07-16","25.17"
"6128","2001-07-13","25.40"
"6129","2001-07-12","25.48"
"6130","2001-07-11","25.52"
"6131","2001-07-10","25.93"
"6132","2001-07-09","26.15"
"6133","2001-07-06","26.81"
"6134","2001-07-05","25.84"
"6135","2001-07-03","25.36"
"6136","2001-07-02","25.64"
"6137","2001-06-29","26.08"
"6138","2001-06-28","25.40"
"6139","2001-06-27","25.66"
"6140","2001-06-26","26.99"
"6141","2001-06-25","27.07"
"6142","2001-06-22","26.59"
"6143","2001-06-21","26.30"
"6144","2001-06-20","26.09"
"6145","2001-06-19","26.98"
"6146","2001-06-18","27.01"
"6147","2001-06-15","28.12"
"6148","2001-06-14","28.32"
"6149","2001-06-13","28.07"
"6150","2001-06-12","28.34"
"6151","2001-06-11","28.31"
"6152","2001-06-08","28.04"
"6153","2001-06-07","27.40"
"6154","2001-06-06","27.87"
"6155","2001-06-05","28.44"
"6156","2001-06-04","29.26"
"6157","2001-06-01","29.07"
"6158","2001-05-31","29.34"
"6159","2001-05-30","29.14"
"6160","2001-05-29","29.17"
"6161","2001-05-25","28.48"
"6162","2001-05-24","29.24"
"6163","2001-05-23","29.24"
"6164","2001-05-22","29.36"
"6165","2001-05-21","29.42"
"6166","2001-05-18","29.39"
"6167","2001-05-17","28.46"
"6168","2001-05-16","28.43"
"6169","2001-05-15","28.47"
"6170","2001-05-14","28.36"
"6171","2001-05-11","28.32"
"6172","2001-05-10","28.63"
"6173","2001-05-09","28.10"
"6174","2001-05-08","27.88"
"6175","2001-05-07","28.19"
"6176","2001-05-04","28.19"
"6177","2001-05-03","28.07"
"6178","2001-05-02","27.59"
"6179","2001-05-01","28.33"
"6180","2001-04-30","27.89"
"6181","2001-04-27","27.79"
"6182","2001-04-26","27.60"
"6183","2001-04-25","26.82"
"6184","2001-04-24","26.32"
"6185","2001-04-23","26.55"
"6186","2001-04-20","26.39"
"6187","2001-04-19","26.83"
"6188","2001-04-18","27.29"
"6189","2001-04-17","27.63"
"6190","2001-04-16","27.37"
"6191","2001-04-13","27.37"
"6192","2001-04-12","27.37"
"6193","2001-04-11","26.96"
"6194","2001-04-10","27.12"
"6195","2001-04-09","25.83"
"6196","2001-04-06","25.61"
"6197","2001-04-05","25.32"
"6198","2001-04-04","25.32"
"6199","2001-04-03","24.77"
"6200","2001-04-02","24.11"
"6201","2001-03-30","24.74"
"6202","2001-03-29","24.50"
"6203","2001-03-28","25.27"
"6204","2001-03-27","25.89"
"6205","2001-03-26","25.40"
"6206","2001-03-23","25.38"
"6207","2001-03-22","24.63"
"6208","2001-03-21","25.00"
"6209","2001-03-20","24.62"
"6210","2001-03-19","24.81"
"6211","2001-03-16","25.05"
"6212","2001-03-15","25.01"
"6213","2001-03-14","24.84"
"6214","2001-03-13","25.82"
"6215","2001-03-12","25.90"
"6216","2001-03-09","26.53"
"6217","2001-03-08","26.68"
"6218","2001-03-07","27.23"
"6219","2001-03-06","26.48"
"6220","2001-03-05","26.71"
"6221","2001-03-02","26.00"
"6222","2001-03-01","25.85"
"6223","2001-02-28","25.57"
"6224","2001-02-27","26.02"
"6225","2001-02-26","26.11"
"6226","2001-02-23","26.52"
"6227","2001-02-22","26.46"
"6228","2001-02-21","26.37"
"6229","2001-02-20","26.62"
"6230","2001-02-19","27.31"
"6231","2001-02-16","26.89"
"6232","2001-02-15","26.64"
"6233","2001-02-14","27.28"
"6234","2001-02-13","27.84"
"6235","2001-02-12","27.65"
"6236","2001-02-09","28.27"
"6237","2001-02-08","28.75"
"6238","2001-02-07","28.59"
"6239","2001-02-06","27.44"
"6240","2001-02-05","27.26"
"6241","2001-02-02","29.19"
"6242","2001-02-01","28.10"
"6243","2001-01-31","26.66"
"6244","2001-01-30","26.89"
"6245","2001-01-29","26.60"
"6246","2001-01-26","26.98"
"6247","2001-01-25","26.46"
"6248","2001-01-24","26.26"
"6249","2001-01-23","26.67"
"6250","2001-01-22","26.53"
"6251","2001-01-19","27.04"
"6252","2001-01-18","25.62"
"6253","2001-01-17","24.79"
"6254","2001-01-16","25.52"
"6255","2001-01-15","26.06"
"6256","2001-01-12","25.56"
"6257","2001-01-11","25.36"
"6258","2001-01-10","25.08"
"6259","2001-01-09","24.59"
"6260","2001-01-08","24.43"
"6261","2001-01-05","25.18"
"6262","2001-01-04","25.35"
"6263","2001-01-03","25.03"
"6264","2001-01-02","24.30"
"6265","2000-12-29","23.87"
"6266","2000-12-28","23.71"
"6267","2000-12-27","24.04"
"6268","2000-12-26","23.66"
"6269","2000-12-25","23.66"
"6270","2000-12-22","23.66"
"6271","2000-12-21","23.61"
"6272","2000-12-20","22.97"
"6273","2000-12-19","25.00"
"6274","2000-12-18","26.24"
"6275","2000-12-15","25.89"
"6276","2000-12-14","25.53"
"6277","2000-12-13","25.93"
"6278","2000-12-12","27.37"
"6279","2000-12-11","27.46"
"6280","2000-12-08","26.56"
"6281","2000-12-07","27.47"
"6282","2000-12-06","28.01"
"6283","2000-12-05","27.79"
"6284","2000-12-04","29.34"
"6285","2000-12-01","30.17"
"6286","2000-11-30","31.88"
"6287","2000-11-29","32.68"
"6288","2000-11-28","32.19"
"6289","2000-11-27","33.06"
"6290","2000-11-24","33.12"
"6291","2000-11-23","33.28"
"6292","2000-11-22","33.24"
"6293","2000-11-21","33.10"
"6294","2000-11-20","33.07"
"6295","2000-11-17","33.08"
"6296","2000-11-16","32.77"
"6297","2000-11-15","33.17"
"6298","2000-11-14","32.15"
"6299","2000-11-13","31.65"
"6300","2000-11-10","32.02"
"6301","2000-11-09","32.16"
"6302","2000-11-08","31.32"
"6303","2000-11-07","31.68"
"6304","2000-11-06","31.29"
"6305","2000-11-03","30.85"
"6306","2000-11-02","30.78"
"6307","2000-11-01","31.31"
"6308","2000-10-31","30.76"
"6309","2000-10-30","31.14"
"6310","2000-10-27","30.95"
"6311","2000-10-26","31.96"
"6312","2000-10-25","31.36"
"6313","2000-10-24","31.59"
"6314","2000-10-23","32.09"
"6315","2000-10-20","31.62"
"6316","2000-10-19","30.74"
"6317","2000-10-18","31.10"
"6318","2000-10-17","31.13"
"6319","2000-10-16","30.88"
"6320","2000-10-13","32.58"
"6321","2000-10-12","34.47"
"6322","2000-10-11","32.17"
"6323","2000-10-10","32.13"
"6324","2000-10-09","31.00"
"6325","2000-10-06","30.22"
"6326","2000-10-05","29.89"
"6327","2000-10-04","30.52"
"6328","2000-10-03","31.05"
"6329","2000-10-02","31.08"
"6330","2000-09-29","29.84"
"6331","2000-09-28","29.26"
"6332","2000-09-27","30.54"
"6333","2000-09-26","30.42"
"6334","2000-09-25","30.24"
"6335","2000-09-22","31.25"
"6336","2000-09-21","32.73"
"6337","2000-09-20","33.74"
"6338","2000-09-19","33.63"
"6339","2000-09-18","34.46"
"6340","2000-09-15","33.98"
"6341","2000-09-14","32.29"
"6342","2000-09-13","32.00"
"6343","2000-09-12","32.68"
"6344","2000-09-11","33.62"
"6345","2000-09-08","32.78"
"6346","2000-09-07","34.55"
"6347","2000-09-06","34.28"
"6348","2000-09-05","32.98"
"6349","2000-09-04","32.84"
"6350","2000-09-01","31.85"
"6351","2000-08-31","31.72"
"6352","2000-08-30","31.98"
"6353","2000-08-29","31.36"
"6354","2000-08-28","30.39"
"6355","2000-08-25","30.39"
"6356","2000-08-24","30.35"
"6357","2000-08-23","30.69"
"6358","2000-08-22","29.93"
"6359","2000-08-21","30.60"
"6360","2000-08-18","30.44"
"6361","2000-08-17","30.16"
"6362","2000-08-16","29.74"
"6363","2000-08-15","29.51"
"6364","2000-08-14","29.41"
"6365","2000-08-11","28.99"
"6366","2000-08-10","29.38"
"6367","2000-08-09","28.64"
"6368","2000-08-08","27.78"
"6369","2000-08-07","27.62"
"6370","2000-08-04","29.37"
"6371","2000-08-03","28.31"
"6372","2000-08-02","27.59"
"6373","2000-08-01","27.14"
"6374","2000-07-31","26.93"
"6375","2000-07-28","27.36"
"6376","2000-07-27","27.15"
"6377","2000-07-26","26.83"
"6378","2000-07-25","26.94"
"6379","2000-07-24","26.92"
"6380","2000-07-21","27.52"
"6381","2000-07-20","28.27"
"6382","2000-07-19","28.88"
"6383","2000-07-18","29.32"
"6384","2000-07-17","28.56"
"6385","2000-07-14","29.23"
"6386","2000-07-13","29.17"
"6387","2000-07-12","28.59"
"6388","2000-07-11","28.16"
"6389","2000-07-10","28.85"
"6390","2000-07-07","29.70"
"6391","2000-07-06","29.67"
"6392","2000-07-05","29.38"
"6393","2000-07-04","29.58"
"6394","2000-07-03","31.10"
"6395","2000-06-30","30.57"
"6396","2000-06-29","30.80"
"6397","2000-06-28","30.11"
"6398","2000-06-27","30.24"
"6399","2000-06-26","29.75"
"6400","2000-06-23","30.39"
"6401","2000-06-22","30.15"
"6402","2000-06-21","29.33"
"6403","2000-06-20","29.02"
"6404","2000-06-19","27.98"
"6405","2000-06-16","28.35"
"6406","2000-06-15","29.39"
"6407","2000-06-14","29.50"
"6408","2000-06-13","29.85"
"6409","2000-06-12","29.33"
"6410","2000-06-09","28.08"
"6411","2000-06-08","29.07"
"6412","2000-06-07","29.22"
"6413","2000-06-06","28.59"
"6414","2000-06-05","28.37"
"6415","2000-06-02","29.05"
"6416","2000-06-01","29.19"
"6417","2000-05-31","28.31"
"6418","2000-05-30","28.96"
"6419","2000-05-29","29.22"
"6420","2000-05-26","29.22"
"6421","2000-05-25","29.19"
"6422","2000-05-24","28.61"
"6423","2000-05-23","27.50"
"6424","2000-05-22","27.43"
"6425","2000-05-19","28.59"
"6426","2000-05-18","28.92"
"6427","2000-05-17","27.89"
"6428","2000-05-16","28.10"
"6429","2000-05-15","27.89"
"6430","2000-05-12","27.61"
"6431","2000-05-11","27.20"
"6432","2000-05-10","26.27"
"6433","2000-05-09","26.82"
"6434","2000-05-08","25.77"
"6435","2000-05-05","25.29"
"6436","2000-05-04","24.66"
"6437","2000-05-03","25.00"
"6438","2000-05-02","25.08"
"6439","2000-05-01","23.89"
"6440","2000-04-28","23.89"
"6441","2000-04-27","23.76"
"6442","2000-04-26","22.98"
"6443","2000-04-25","23.33"
"6444","2000-04-24","23.83"
"6445","2000-04-21","23.83"
"6446","2000-04-20","23.83"
"6447","2000-04-19","23.77"
"6448","2000-04-18","23.05"
"6449","2000-04-17","22.74"
"6450","2000-04-14","22.41"
"6451","2000-04-13","22.79"
"6452","2000-04-12","23.12"
"6453","2000-04-11","21.83"
"6454","2000-04-10","21.58"
"6455","2000-04-07","22.58"
"6456","2000-04-06","23.45"
"6457","2000-04-05","23.75"
"6458","2000-04-04","23.65"
"6459","2000-04-03","24.51"
"6460","2000-03-31","24.77"
"6461","2000-03-30","24.63"
"6462","2000-03-29","24.40"
"6463","2000-03-28","25.51"
"6464","2000-03-27","25.68"
"6465","2000-03-24","25.91"
"6466","2000-03-23","25.48"
"6467","2000-03-22","25.40"
"6468","2000-03-21","25.72"
"6469","2000-03-20","25.21"
"6470","2000-03-17","26.56"
"6471","2000-03-16","26.78"
"6472","2000-03-15","26.47"
"6473","2000-03-14","28.34"
"6474","2000-03-13","27.44"
"6475","2000-03-10","27.41"
"6476","2000-03-09","29.29"
"6477","2000-03-08","27.47"
"6478","2000-03-07","31.90"
"6479","2000-03-06","29.63"
"6480","2000-03-03","28.99"
"6481","2000-03-02","29.22"
"6482","2000-03-01","29.06"
"6483","2000-02-29","28.09"
"6484","2000-02-28","27.41"
"6485","2000-02-25","27.48"
"6486","2000-02-24","27.37"
"6487","2000-02-23","27.06"
"6488","2000-02-22","26.58"
"6489","2000-02-21","25.93"
"6490","2000-02-18","26.22"
"6491","2000-02-17","26.67"
"6492","2000-02-16","27.37"
"6493","2000-02-15","27.13"
"6494","2000-02-14","27.13"
"6495","2000-02-11","26.39"
"6496","2000-02-10","27.48"
"6497","2000-02-09","26.92"
"6498","2000-02-08","26.37"
"6499","2000-02-07","26.88"
"6500","2000-02-04","27.07"
"6501","2000-02-03","26.66"
"6502","2000-02-02","25.93"
"6503","2000-02-01","26.39"
"6504","2000-01-31","25.97"
"6505","2000-01-28","25.68"
"6506","2000-01-27","25.62"
"6507","2000-01-26","26.13"
"6508","2000-01-25","26.54"
"6509","2000-01-24","26.06"
"6510","2000-01-21","26.35"
"6511","2000-01-20","26.10"
"6512","2000-01-19","25.84"
"6513","2000-01-18","26.05"
"6514","2000-01-14","25.17"
"6515","2000-01-13","24.53"
"6516","2000-01-12","24.81"
"6517","2000-01-11","24.62"
"6518","2000-01-10","23.78"
"6519","2000-01-07","23.09"
"6520","2000-01-06","23.62"
"6521","2000-01-05","23.73"
"6522","2000-01-04","24.39"
"6523","2000-01-03","25.08"
"6524","1999-12-31","25.08"
"6525","1999-12-30","25.08"
"6526","1999-12-29","25.45"
"6527","1999-12-28","25.21"
"6528","1999-12-27","25.21"
"6529","1999-12-24","25.21"
"6530","1999-12-23","25.19"
"6531","1999-12-22","24.65"
"6532","1999-12-21","25.29"
"6533","1999-12-20","25.30"
"6534","1999-12-17","25.52"
"6535","1999-12-16","25.45"
"6536","1999-12-15","24.85"
"6537","1999-12-14","24.40"
"6538","1999-12-13","24.58"
"6539","1999-12-10","24.46"
"6540","1999-12-09","25.05"
"6541","1999-12-08","25.69"
"6542","1999-12-07","25.40"
"6543","1999-12-06","25.79"
"6544","1999-12-02","24.96"
"6545","1999-12-01","24.03"
"6546","1999-11-30","23.64"
"6547","1999-11-29","24.85"
"6548","1999-11-26","25.36"
"6549","1999-11-25","25.52"
"6550","1999-11-24","25.61"
"6551","1999-11-23","25.15"
"6552","1999-11-22","25.78"
"6553","1999-11-19","25.07"
"6554","1999-11-18","24.36"
"6555","1999-11-17","24.92"
"6556","1999-11-16","24.54"
"6557","1999-11-15","24.36"
"6558","1999-11-12","24.12"
"6559","1999-11-11","23.64"
"6560","1999-11-10","23.78"
"6561","1999-11-09","24.13"
"6562","1999-11-08","22.56"
"6563","1999-11-05","22.83"
"6564","1999-11-04","22.85"
"6565","1999-11-02","22.08"
"6566","1999-11-01","22.35"
"6567","1999-10-29","21.69"
"6568","1999-10-28","21.42"
"6569","1999-10-27","22.59"
"6570","1999-10-26","22.70"
"6571","1999-10-25","22.82"
"6572","1999-10-22","22.93"
"6573","1999-10-21","22.11"
"6574","1999-10-20","21.87"
"6575","1999-10-19","21.76"
"6576","1999-10-18","22.02"
"6577","1999-10-15","22.50"
"6578","1999-10-14","21.89"
"6579","1999-10-13","22.45"
"6580","1999-10-12","22.03"
"6581","1999-10-11","21.23"
"6582","1999-10-08","20.60"
"6583","1999-10-07","22.08"
"6584","1999-10-06","22.76"
"6585","1999-10-05","22.93"
"6586","1999-10-04","22.98"
"6587","1999-10-01","23.67"
"6588","1999-09-30","23.58"
"6589","1999-09-29","23.81"
"6590","1999-09-28","23.76"
"6591","1999-09-27","24.07"
"6592","1999-09-24","23.90"
"6593","1999-09-23","23.82"
"6594","1999-09-22","22.93"
"6595","1999-09-21","22.68"
"6596","1999-09-20","22.66"
"6597","1999-09-17","22.80"
"6598","1999-09-16","22.72"
"6599","1999-09-15","22.78"
"6600","1999-09-14","22.81"
"6601","1999-09-13","22.89"
"6602","1999-09-10","23.44"
"6603","1999-09-09","23.04"
"6604","1999-09-08","22.27"
"6605","1999-09-07","21.98"
"6606","1999-09-06","21.36"
"6607","1999-09-02","20.80"
"6608","1999-09-01","21.11"
"6609","1999-08-31","21.33"
"6610","1999-08-30","20.76"
"6611","1999-08-27","20.76"
"6612","1999-08-26","20.57"
