"rid","berth_id","port_id","terminal_id","berth_name","berth_operator","berth_type","berth_status","facility_type","latitude_indicator","longitude_indicator","dec_latitude","dec_longitude","berth_length_flat_side","berth_length_incl_dolphins","berth_length_continuous","depth_alongside_lw","draught_hw_max","draught_lw_max","berth_ukc_min","tidal_range_spring","tidal_range_neap","night_berthing","night_berthing_note","night_unberthing","ship_loa_max","ship_loa_min","ship_loa_note","ship_dwt_max","ship_dwt_min","ship_dwt_note","ship_disp_max","ship_disp_min","ship_disp_note","gas_capacity_min","gas_capacity_max","gas_capacity_note","ship_beam_max","ship_beam_note","berth_disp_max","gt_max","teu","total_pbl_min","manifold_bcm_max","manifold_bcm_min","manifold_scm_max","manifold_scm_min","manifold_height_max","manifold_height_min","derrick_swl_min","wl_masthead_height_max","manifold_pbl_min_fwd","manifold_pbl_min_aft","manifold_used","ro_ro","passenger","ramp_width","ramp_swl","breakbulk","naval","coastal","timber_products","fishing","container","transhipment","offshore","project_heavy","steel_products","twin_span","cranes_note","all_weather_berth","cold_ironing","side_alongside","bunkers_hfo","delivery_hfo","gangway_used","bunkers_do_go","delivery_do_go","moorings_fwd","moorings_aft","bunkers_lng","delivery_lng","fresh_water","delivery_fw","cow","berth_additional_info","reefer","livestock","waterline_height_hw_max_decimal","dry_bulk_cargo","sdc_berth_line","sdc_berth_type","is_confirmed","sdc_berth_name","lastupdatedate","remark"
"20663","97085","14635","53381","USCG","USCG","Pier","Active","Dry Cargo","N","W","33.724717","-118.26905","382",,,,,,,,,,,,,,,,,,,,,,,,,,,,,,,,,,,,,,,,,,,,,,,,,,,,,,,,,,,,,,,,,,,,,,,,,,,,,,,,,"22/3/2022 14:58:53+08",
"270906","61421","14635","41539","206","Port of Los Angeles/Pasha Stevedoring & Terminals","Quay","Closed","Dry Cargo","N","W","33.763517","-118.246533",,,"665","12.1","9.8",,,,,,,,"180",,,"38000",,,,,,,,,"28.6",,,"23000",,,,,,,,,,,,,,,,,,"True",,,,,"True",,,,,,,,"True","Port or Starboard",,,,,,,,,,,,,"19/04/2021 - No vessel visits in one year.",,,,,,,,"POLA Container Terminal_206","19/4/2021 14:01:14+08",
"270908","61423","14635","41539","207","Port of Los Angeles/Pasha Stevedoring & Terminals","Quay","Active","Dry Cargo","N","W","33.763083","-118.247817",,,"665","12.1",,,,,,"All vessels",,"All vessels","200",,,"62000",,,,,,,,,"32.26",,,"38000",,,,,,,,,,,,,,,,,,"True",,,,,"True",,,,,,"Vessels use their own gear.",,"True","Starboard",,,,,,,,,,,,,,,,,,,,,"POLA Container Terminal_207","19/4/2021 14:00:22+08",
"270909","61424","14635","41539","208","Port of Los Angeles/Pasha Stevedoring & Terminals","Quay","Active","Dry Cargo","N","W","33.762533","-118.24935",,,"665","12.1","9.9",,,,,"All vessels",,"All vessels","205",,,"64000",,,,,,,,,"32.26",,,"38000",,,,,,,,,,,,,,,,,,"True",,,,,"True",,,,,,"Vessels use their own gear.",,"True","Port or Starboard",,,,,,,,,,,,,,,,,,,,,"POLA Container Terminal_208","19/4/2021 13:18:12+08",
"270910","61425","14635","41539","209","Port of Los Angeles/Pasha Stevedoring & Terminals","Quay","Active","Dry Cargo","N","W","33.762","-118.250867",,,"665","12.1",,,,,,"All vessels",,"All vessels","225",,,"74717",,,,,,,,,"32.26",,,"40562",,,,,,,,,,,,,,,,,,"True",,,,,"True",,,,,,"Vessels use their own gear.",,"True","Port or Starboard",,,,,,,,,,,,,,,,,,,,,"POLA Container Terminal_209","19/4/2021 13:02:09+08",
"270828","61413","14635","41538","No 135","Trans Pacific Service Corp (TraPac)","Alongside","Never Existed","Dry Cargo","N","W","33.768033","-118.277667","247",,"1234",,,,,,,,,,,,,,,,,,,,,,,,,,,,,,,,,,,,,,,,,,,,,,,,"True",,,,,,"11 post Panamax with 30m gauge, 40t capacity.",,,,,,,,,,,,,,,,"Depths from 10.6 - 16.1m",,,,,,,,"TraPac Container Terminal_No 135","6/1/2016 12:51:22+08",
"270829","61414","14635","41538","136 and 137","TraPac LLC","Quay","Active","Dry Cargo","N","W","33.76645","-118.2755","315",,"630","13.7","12.6",,,,,"All vessels",,"All vessels","336",,,"105376",,,,,,,,,"45.8",,,"105644","9592",,,,,,,,,,,,,,,,,,,,,,"True",,,,,,"10 x Post- Panamax cranes with 30m gauge, 40t capacity available at the terminal.",,"True","Port",,,,,,,,,,,,,"Depths from 13.7 - 16.1m. ","True",,,,,,,"TraPac Container Terminal_136 and 137","20/4/2021 12:16:45+08",
"270830","61415","14635","41538","138 and 139","TraPac LLC","Quay","Active","Dry Cargo","N","W","33.766867","-118.271933","315",,"630","13.7","12.6",,,,,"All vessels",,"All vessels","336.3",,,"115997",,,,,,,,,"48.4",,,"93811","8749",,,,,,,,,,,,,,,,,,,,,,"True",,,,,,"10 x Post- Panamax cranes with 30m gauge, 40t capacity available at the terminal.",,"True","Port",,,,,,,,,,,,,"Depths from 13.7 - 16.1m.","True",,,,,,,"TraPac Container Terminal_138 and 139","20/4/2021 12:14:44+08",
"270831","61416","14635","41538","No 138","trans Pacific Service Corp (TraPac)","Quay","Never Existed","Dry Cargo","N","W","33.7661","-118.270983","247",,"1234",,,,,,,,,,,,,,,,,,,,,,,,,,,,,,,,,,,,,,,,,,,,,,,,"True",,,,,,"11 post Panamax with 30m gauge, 40t capacity",,,,,,,,,,,,,,,,"Depths frm 10.6 - 16.1m",,,,,,,,"TraPac Container Terminal_No 138","6/1/2016 12:54:43+08",
"270907","61418","14635","41538","No 139","Trans Pacific Service Corp (TraPac)","Quay","Never Existed","Dry Cargo","N","W","33.763883","-118.271817","247",,"1234",,,,,,,,,,,,,,,,,,,,,,,,,,,,,,,,,,,,,,,,,,,,,,,,"True",,,,,,"11 post Panamax with 30m gauge, 40t capacity",,,,,,,,,,,,,,,,"Depths from 10.6 - 16.1m",,,,,,,,"TraPac Container Terminal_No 139","6/1/2016 12:54:48+08",
"270832","61241","14635","40062","195","Wallenius Wilhelmsen Solutions (WWS)","Quay","Active","Dry Cargo","N","W","33.766583","-118.254333",,,"600","9.7",,,,,,"All vessels",,"All vessels","200",,,"22747",,,,,,,,,"38",,,"75126",,,,,,,,,,,,,,"PTCC",,,,,,,,,,,,,,,,,,"Port",,,"Ship",,,,,,,,,,"Depths from 9.7-10.3m.",,,,,,,,"Automobile Terminal_195","19/4/2021 14:31:22+08",
"270833","61242","14635","40062","196","Wallenius Wilhelmsen Solutions (WWS)","Quay","Active","Dry Cargo","N","W","33.76745","-118.253517",,,"600","9.7",,,,,,"All vessels",,"All vessels","199.94",,,"21120",,,,,,,,,"32.26",,,"57718",,,,,,,,,,,,,,"PTCC",,,,,,,,,,,,,,,,,,"Port",,,"Ship",,,,,,,,,,"Depths from 9.7-10.3m.",,,,,,,,"Automobile Terminal_196","19/4/2021 14:27:12+08",
"270834","61243","14635","40062","197","Wallenius Wilhelmsen Solutions (WWS)","Quay","Closed","Dry Cargo","N","W","33.7683","-118.2527",,,"600","9.7",,,,,,,,,,,,,,,,,,,,,,,,,,,,,,,,,,,,,,"PTCC",,,,,,,,,,,,,,,,,,"Starboard",,,"Ship",,,,,,,,,,"Depths 9.7-10.3m. 19/04/2021 - No vessel visits in one year.",,,,,,,,"Automobile Terminal_197","19/4/2021 14:23:14+08",
"270835","61244","14635","40062","198","Wallenius Wilhelmsen Solutions (WWS)","Quay","Active","Dry Cargo","N","W","33.769183","-118.251883",,,"600","9.7","8.7",,,,,"All vessels",,"All vessels","200",,,"21523",,,,,,,,,"32.26",,,"59447",,,,,,,,,,,,,,"PTCC",,,,,,,,,,,,,,,,,,"Starboard",,,"Ship",,,,,,,,,,"Depths 9.7-10.3m.",,,,,,,,"Automobile Terminal_198","19/4/2021 14:15:13+08",
"270836","61245","14635","40062","199","Wallenius Wilhelmsen Solutions (WWS)","Quay","Active","Dry Cargo","N","W","33.76995","-118.251183",,,"600","9.7",,,,,,,,,"210.92",,,"24750",,,,,,,,,"32.26",,,"42769",,,,,,,,,,,,,,"PTCC",,,,"True",,,,,,,,,,,,,,,,,"Ship",,,,,,,,,,"Depths 9.7-10.3m.",,,,,,,,"Automobile Terminal_199","19/4/2021 14:10:14+08",
"270837","61246","14635","40062","200A/B","Wallenius Wilhelmsen Solutions (WWS)","Quay","Closed","Dry Cargo","N","W","33.7713","-118.2502","224",,,"7.6",,,,,,,,,,,,,,,,,,,,,,,,,,,,,,,,,,,,,,"PCC",,,,,,,,,,,,,,,,,,,,,,,,,,,,,,,"19/04/2021 - No vessel visits in one year.",,,,,,,,"Automobile Terminal_200A/B","19/4/2021 14:08:00+08",
"270823","61322","14635","47469","049","USMMVWWII (Port of Los Angeles)","Quay","Never Existed","Dry Cargo","N","W","33.7169","-118.273133","107",,"775","15.5",,,,,,,,,,,,,,,,,,,,,,,,,,,,,,,,,,,,,,,,,,,,,,,,,,,,,,,,,,,,,,,,,,,,,"Used by SS Lane Victory. Historic ship from WWII, Korean and Vietnam wars. Owned and operated by United States Merchant Marine Veterans of World War II (USMMVWWII).",,,,,,,,"Port of Los Angeles_49","17/5/2019 12:00:40+08",
"270824","61323","14635","47469","050","USMMVWWII (Port of Los Angeles)","Quay","Never Existed","Dry Cargo","N","W","33.717933","-118.273517","107",,"775","15.5",,,,,,,,,,,,,,,,,,,,,,,,,,,,,,,,,,,,,,,,,,,,,,,,,,,,,,,,,,,,,,,,,,,,,"Used by SS Lane Victory. Historic ship from WWII, Korean and Vietnam wars. Owned and operated by United States Merchant Marine Veterans of World War II (USMMVWWII).",,,,,,,,"Port of Los Angeles_5","17/5/2019 12:00:40+08",
"270825","61324","14635","47469","051","Port of Los Angeles","Quay","Never Existed","Dry Cargo","N","W","33.718467","-118.27375","187",,"775","10.6",,,,,,,,,,,,,,,,,,,,,,,,,,,,,,,,,,,,,,,,,,"True",,,,,,,,,,,,,,,,,,,,,,,,,,,"Used by public service and speciality vessels.",,,,,,,,"Port of Los Angeles_51","17/5/2019 12:00:40+08",
"270826","61325","14635","47469","052","Port of Los Angeles","Quay","Never Existed","Dry Cargo","N","W","33.719717","-118.2742","187",,"775","10.6",,,,,,,,,,,,,,,,,,,,,,,,,,,,,,,,,,,,,,,,,,"True",,,,,,,,,,,,,,,,,,,,,,,,,,,"Used by public service and speciality vessels.",,,,,,,,"Port of Los Angeles_52","17/5/2019 12:00:40+08",
"270827","61326","14635","47469","053","Port of Los Angeles","Quay","Never Existed","Dry Cargo","N","W","33.72225","-118.275183","187",,"775","10.6",,,,,,,,,,,,,,,,,,,,,,,,,,,,,,,,,,,,,,,,,,"True",,,,,,,,,,,,,,,,,,,,,,,,,,,"Used by public service and speciality vessels.",,,,,,,,"Port of Los Angeles_53","17/5/2019 12:00:40+08",
"270838","61329","14635","41534","54","SSA Pacific","Quay","Active","Dry Cargo","N","W","33.72395","-118.275767","204",,"408","10.98","8.7",,,,,"All vessels",,"All vessels","294.13",,,"16950",,,,,,,,,"38",,,"93502",,,,,,,,,,,,,,,"Cruise",,,"True",,,,,,,,,,,,,,"Port or Starboard","IFO",,,,,,,,,"Available",,,,"True",,,,,,,"SSA Pacific - Outer Harbour_54","19/4/2021 07:48:19+08",
"270839","61330","14635","41534","55","SSA Pacific","Quay","Active","Dry Cargo","N","W","33.725167","-118.276233","204",,"408","10.52","8.8",,,,,"All vessels",,"All vessels","178.5",,,"16950",,,,,,,,,"38",,,"14406",,,,,,,,,,,,,,,,,,"True",,,,,,,,,,,,,,"Starboard",,,,,,,,,,,,,"May 2025 - completed the transition of its fleet of 44 small-capacity and heavy duty forklifts from propane-fueled to battery-electric powered.","True",,,,,,,"SSA Pacific - Outer Harbour_55","13/5/2025 10:15:49+08",
"270840","61331","14635","41535","174","Pasha Stevedoring & Terminals LP","Quay","Active","Dry Cargo","N","W","33.757233","-118.263067",,,"300","14.7","12.8",,,,,"All vessels",,"All vessels","212.5",,,"64000",,,,,,,,,"32.26",,,"39258",,,,,,,,,,,,,,,,,,"True",,,"True",,"True",,,"True","True",,"3 x gantry cranes available at berths 174 - 176.",,,"Port",,,,,,,,,,,,,,,,,,,,,"Pasha Terminal I (Slip 5)_174","20/4/2021 08:12:50+08",
"270841","61332","14635","41535","175","Pasha Stevedoring & Terminals","Quay","Active","Dry Cargo","N","W","33.75795","-118.2624",,,"300","14.75","12.8",,,,,"All vessels",,"All vessels","208.78",,,"64000",,,,,,,,,"32.26",,,"37158",,,,,,,,,,,,,,,,,,"True",,,"True",,"True",,,"True","True",,"3 x gantry cranes available at berths 174 - 176.",,,"Port",,,,,,,,,,,,,,,,,,,,,"Pasha Terminal I (Slip 5)_175","20/4/2021 08:09:49+08",
"270842","61333","14635","41535","176","Pasha Stevedoring & Terminals","Quay","Active","Dry Cargo","N","W","33.758783","-118.261633",,,"300","14.75","12.8",,,,,"All vessels",,"All vessels","208.78",,,"64000",,,,,,,,,"32.26",,,"40250",,,,,,,,,,,,,,,,,,"True",,,"True",,"True",,,"True","True",,"3 x gantry cranes available at berths 174 - 176.",,,"Port",,,,,,,,,,,,,,,,,,,,,"Pasha Terminal I (Slip 5)_176","19/4/2021 15:26:05+08",
"270843","61334","14635","41535","177","Pasha Stevedoring & Terminals LP","Quay","Damaged","Dry Cargo","N","W","33.76015","-118.261133",,,"432","10.7",,,,,,,,,,,,,,,,,,,,,,,,,,,,,,,,,,,,,,,,,,"True",,,"True",,"False",,,"True","True",,,,,,,,,,,,,,,,,,,,,,,,,,"Pasha Terminal I (Slip 5)_177","17/5/2019 11:06:06+08",
"270844","61335","14635","41535","178","Pasha Stevedoring & Terminals LP","Quay","Damaged","Dry Cargo","N","W","33.761433","-118.2612",,,"432","10.7",,,,,,,,,,,,,,,,,,,,,,,,,,,,,,,,,,,,,,,,,,"True",,,"True",,"False",,,"True","True",,,,,,,,,,,,,,,,,,,,,,,,,,"Pasha Terminal I (Slip 5)_178","17/5/2019 11:06:13+08",
"270845","61336","14635","41535","179","Pasha Stevedoring & Terminals LP","Quay","Closed","Dry Cargo","N","W","33.762667","-118.261367",,,"432","10.7",,,,,,,,,,,,,,,,,,,,,,,,,,,,,,,,,,,,,,,,,,"True",,,"True",,"False",,,"True","True",,,,,,,,,,,,,,,,,,"19/04/2021 - No vessel visits in one year.",,,,,,,,"Pasha Terminal I (Slip 5)_179","19/4/2021 15:23:38+08",
"270846","61337","14635","41535","180","Pasha Stevedoring & Terminals LP","Quay","Closed","Dry Cargo","N","W","33.763767","-118.262117","140",,"280","10.7",,,,,,,,,,,,,,,,,,,,,,,,,,,,,,,,,,,,,,,,,,"True",,,"True",,"False",,,"True","True",,,,,,,,,,,,,,,,,,"19/04/2021 - No vessel visits in one year.",,,,,,,,"Pasha Terminal I (Slip 5)_18","19/4/2021 15:20:30+08",
"270847","61338","14635","41535","181","Pasha Stevedoring & Terminals LP","Quay","Closed","Dry Cargo","N","W","33.764467","-118.26305","140",,"280","10.7",,,,,,,,,,,,,,,,,,,,,,,,,,,,,,,,,,,,,,,,,,"True",,,"True",,"False",,,"True","True",,,,,,,,,,,,,,,,,,"19/04/2021 - No vessel visits in one year.",,,,,,,,"Pasha Terminal I (Slip 5)_181","19/4/2021 15:16:47+08",
"270848","61339","14635","41535","No 87","Pasha Stevedoring & Terminals","Alongside","Never Existed","Dry Cargo",,,,,"244",,,"10.6",,,,,,,,,,,,,,,,,,,,,,,,,,,,,,,,,,,,,,"Freight",,,,,,,,,,,,,,,,,,,,,,,,,,,,,,,,,,,,,,,"Pasha Terminal I (Slip 5)_No 87","17/8/2016 16:07:39+08",
"270849","61340","14635","40086","153","Pasha Stevedoring & Terminals LP","Quay","Closed","Dry Cargo","N","W","33.75475","-118.269783","175",,"524",,"9.9",,,,,,,,"190",,,"56546",,,,,,,,,"32.26",,,,,,,,,,,,,,,,,,,,,"True",,,"True",,"False",,,"True",,,,,,,,,,,,,,,,,,,"20/04/2021 - No vessel visits in one year.",,,,,,,,"Pasha Stevedoring Terminal (Slip 1)_153","20/4/2021 10:06:39+08",
"270850","61341","14635","40086","154","Pasha Stevedoring & Terminals LP","Quay","Closed","Dry Cargo","N","W","33.756333","-118.2699","175",,"525","9.75",,,,,,,,,,,,,,,,,,,,,,,,,,,,,,,,,,,,,,,,,,"True",,,"True",,"False",,,"True",,,,,,,,,,,,,,,,,,,"20/04/2021 - No vessel visits in one year.",,,,,,,,"Pasha Stevedoring Terminal (Slip 1)_154","20/4/2021 09:54:14+08",
"270851","61342","14635","40086","155","Pasha Stevedoring & Terminals LP","Quay","Closed","Dry Cargo","N","W","33.758","-118.27","175",,"525","9.75",,,,,,,,,,,,,,,,,,,,,,,,,,,,,,,,,,,,,,,,,,"True",,,"True",,"False",,,"True",,,,,,,,,,,,,,,,,,,"20/04/2021 - No vessel visits in one year.",,,,,,,,"Pasha Stevedoring Terminal (Slip 1)_155","20/4/2021 09:52:52+08",
"270852","61343","14635","41536","100 (and 101)","China Shipping North America","Quay","Active","Dry Cargo","N","W","33.75195","-118.274217","381",,"762","16.15","14",,,,,"All vessels",,"All vessels","366.46",,,"165977",,,,,,,,,"51.2",,,"153666","15000",,,,,,,,,,,,,,,,,,,,,,"True",,,,,,"5 x 50t Post- Panamax cranes and 10 x 100t Super Post- Panamax cranes available at the terminal.",,"True","Port",,,,,,,,,,,,,,,,,,,,,"China Shipping Container Terminal (WBCT)_100 (and 101)","20/4/2021 14:15:12+08",
"270853","61344","14635","41537","121","West basin Container Terminal","Alongside","Never Existed","Dry Cargo","N","W","33.759183","-118.276983","97",,"1066","10.6",,,,,,,,,,,,,,,,,,,,,,,,,,,,,,,,,,,,,,,,,,,,,,,"True",,,,,,"5 post Panamax & 3 Panamax",,,,,,,,,,,,,,,,"Depths from 10.6 - 13.7m",,,,,,,,"Yang Ming Marine Transport (WBCT)_121","18/8/2016 10:34:01+08",
"270854","61345","14635","41537","No 122","West Basin Container Terminal","Alongside","Never Existed","Dry Cargo","N","W","33.760133","-118.2761","97",,"1066","10.6",,,,,,,,,,,,,,,,,,,,,,,,,,,,,,,,,,,,,,,,,,,,,,,"True",,,,,,"5 post Panamax & 3 Panamax",,,,,,,,,,,,,,,,"Depths from 10.6 - 13.7m",,,,,,,,"Yang Ming Marine Transport (WBCT)_No 122","18/8/2016 10:34:32+08",
"270855","61346","14635","41537","No 123","West Basin Container Terminal","Alongside","Never Existed","Dry Cargo","N","W","33.761217","-118.275833","97",,"1066","10.6",,,,,,,,,,,,,,,,,,,,,,,,,,,,,,,,,,,,,,,,,,,,,,,"True",,,,,,"5 post Panamaz & 3 Panamax",,,,,,,,,,,,,,,,"Depths from 10.6 - 13.7m",,,,,,,,"Yang Ming Marine Transport (WBCT)_No 123","18/8/2016 10:34:42+08",
"270856","61347","14635","41537","No 124","West Basin Container Terminal","Alongside","Never Existed","Dry Cargo","N","W","33.761833","-118.276183","97",,"1066","10.6",,,,,,,,,,,,,,,,,,,,,,,,,,,,,,,,,,,,,,,,,,,,,,,"True",,,,,,"5 post Panamax & 3 Panamax",,,,,,,,,,,,,,,,"Depths from 10.6 - 13.7m",,,,,,,,"Yang Ming Marine Transport (WBCT)_No 124","18/8/2016 10:35:24+08",
"270857","61348","14635","41537","121 to 124","Yang Ming Marine Transport","Quay","Active","Dry Cargo","N","W","33.759733","-118.276583",,,"294","13.7","10.3",,,,,"All vessels",,"All vessels","312",,,"63014",,,,,,,,,"37.4",,,"52467","5071",,,,,,,,,,,,,"Freight",,,,,,,,,"True",,,,,,"5 x Post- Panamax gantry cranes available at the terminal.",,"True","Port or Starboard",,,,,,,,,,,,,,,,,,,,,"Yang Ming Marine Transport (WBCT)_121 to 124","20/4/2021 13:32:01+08",
"270858","61349","14635","41537","126","Yang Ming Marine Transport","Quay","Active","Dry Cargo","N","W","33.76145","-118.27595",,,"921","13.7","11.7",,,,,"All vessels",,"All vessels","294.12",,,"72982",,,,,,,,,"40",,,"71821","6350",,,,,,,,,,,,,,,,,,,,,,"True",,,,,,"5 x Post- Panamax gantry cranes available at the terminal.",,"True","Port",,,,,,,,,,,,,,,,,,,,,"Yang Ming Marine Transport (WBCT)_126","20/4/2021 12:46:15+08",
"270859","61350","14635","41537","127","Yang Ming Marine Transport","Quay","Active","Dry Cargo","N","W","33.76275","-118.2767",,,"921","13.7",,"9",,,,"All vessels",,"All vessels","294",,,"67000",,,,,,,,,"32.26",,,"53453","4992",,,,,,,,,,,,,"Freight",,,,,,,,,"True",,,,,,"5 x Post- Panamax gantry cranes available at the terminal.",,"True","Starboard",,,,,,,,,,,,,,,,,,,,,"Yang Ming Marine Transport (WBCT)_127","20/4/2021 12:44:10+08",
"270860","61351","14635","41537","128","Yang Ming Marine Transport","Quay","Active","Dry Cargo","N","W","33.764033","-118.277433",,,"921","13.7","11.9",,,,,"All vessels",,"All vessels","294",,,"65600",,,,,,,,,"32.2",,,"55534","2646",,,,,,,,,,,,,,,,,,,,,,"True",,,,,,"5 x Post- Panamax gantry cranes available at the terminal.",,"True","Port",,,,,,,,,,,,,,,,,,,,,"Yang Ming Marine Transport (WBCT)_128","20/4/2021 12:42:56+08",
"270861","61352","14635","41537","129","Yang Ming Marine Transport","Quay","Active","Dry Cargo","N","W","33.765283","-118.278183",,,"921","13.7",,,,,,"All vessels",,"All vessels","277",,,"67987",,,,,,,,,"40",,,"65792","5510",,,,,,,,,,,,,,,,,,,,,,"True",,,,,,"5 x Post- Panamax gantry cranes available at the terminal.",,"True","Port or Starboard",,,,,,,,,,,,,,,,,,,,,"Yang Ming Marine Transport (WBCT)_129","20/4/2021 12:40:02+08",
"270862","61353","14635","41537","130","Yang Ming Marine Transport","Quay","Closed","Dry Cargo","N","W","33.766517","-118.278883",,,"921","13.7",,,,,,,,,,,,,,,,,,,,,,,,,,,,,,,,,,,,,,,,,,,,,,,"True",,,,,,"5 x Post- Panamax gantry cranes available at the terminal.",,"True","Port",,,,,,,,,,,,,"20/04/2021 - No vessel visits in one year.",,,,,,,,"Yang Ming Marine Transport (WBCT)_13","20/4/2021 12:38:37+08",
"270863","61354","14635","41537","131","Yang Ming Marine Transport","Quay","Closed","Dry Cargo","N","W","33.76775","-118.279567",,,"921","10.6",,,,,,,,,,,,,,,,,,,,,,,,,,,,,,,,,,,,,,,,,,,,,,,"True",,,,,,"5 x Post- Panamax gantry cranes available at the terminal.",,"True","Port",,,,,,,,,,,,,"Depths from 10.6 - 13.7m. 20/04/2021 - No vessel visits in one year.",,,,,,,,"Yang Ming Marine Transport (WBCT)_131","20/4/2021 12:37:56+08",
"270864","61505","14635","40115","091","Ports America","Quay","Closed","Dry Cargo","N","W","33.744833","-118.276067","150",,"450","11.2",,,,,,,,,,,,,,,,,,,,,,,,,,,,,,,,,,,,,,,"Cruise",,,,,,,,,,,,,,,,"True",,,,"Passenger",,,,,,,,,,"Fendered quay. 20/04/2021 - No vessel visits in one year.",,,,,,,,"World Cruise Centre (Inner Harbour)_91","20/4/2021 14:42:26+08",
"270865","61506","14635","40115","092","Ports America","Quay","Active","Dry Cargo","N","W","33.746183","-118.275283","150",,"450","11.2",,,,,,,,,"330",,,"12512",,,,,,,,,"38.4",,,"144216",,,,,,,,,,,,,,,"Cruise",,,,,,,,,,,,,,,,"True","Port",,,"Passenger",,,,,,,,,,"Fendered quay.",,,,,,,,"World Cruise Centre (Inner Harbour)_92","20/4/2021 14:39:50+08",
"270866","61507","14635","40115","093A","Ports America","Quay","Active","Dry Cargo","N","W","33.747367","-118.2759","180",,"360","11.2",,,,,,"All vessels",,"All vessels","299.5",,,"10965",,,,,,,,,"36",,,"113561",,,,,,,,,,,,,,,"Cruise",,,,,,,,,,,,,,,,"True","Port",,,"Passenger",,,,,,,,,,"Fendered quay.",,,,,,,,"World Cruise Centre (Inner Harbour)_093A","20/4/2021 14:26:29+08",
"270867","61508","14635","40115","093B","Ports America","Quay","Active","Dry Cargo","N","W","33.748183","-118.277533","180",,"360","11.2",,,,,,"All vessels",,"All vessels","299.5",,,"10965",,,,,,,,,"36",,,"113561",,,,,,,,,,,,,,,"Cruise",,,,,,,,,,,,,,,,"True","Port",,,"Passenger",,,,,,,,,,"Fendered quay.",,,,,,,,"World Cruise Centre (Inner Harbour)_093B","20/4/2021 14:17:55+08",
"270868","61496","14635","40112","210 and 211","SA Recycling LLC","Quay","Active","Dry Cargo","N","W","33.761233","-118.2531","115","327",,"10.6",,,,,,"All vessels",,"All vessels","225",,,"75000",,,,,,,,,"32.26",,,"41000",,,,,,,,,,,,,,,,,,,,,,,,,,,,,"Vessels can also use their own gear.",,,"Starboard",,,,,,,,,,,,,,,,,"Scrap Metal",,,,"SA Recycling Terminal_210 and 211","19/4/2021 10:46:32+08",
"270869","61497","14635","40112","No 211","Hugo Neu-Proler Co","Quay","Never Existed","Dry Cargo","N","W","33.76135","-118.252533","228",,"457","10.6",,,,,,,,,,,,,,,,,,,,,,,,,,,,,,,,,,,,,,,,,,,,,,,,,,,,,"Crand & 2,000t onsite shredder",,,,,,,,,,,,,,,,,,,,"Scrap Metal",,,,"SA Recycling Terminal_No 211","14/11/2017 08:38:30+08",
"270871","61489","14635","41543","404","APM Terminals","Quay","Active","Dry Cargo","N","W","33.7295","-118.25645","405",,"1620","16.76",,,,,,,,,"366",,,"148992",,,,,,,,,"48.4",,,"140872","20000",,,,,,,,,,,,,,,,,,,,,,"True",,,,,,"19 x STS Super Post- Panamax Cranes available at the terminal.",,,"Starboard",,,,,,,,,,,,,,"True",,,,,,,"APM Terminals_404","6/12/2022 10:49:20+08",
"270872","61490","14635","41543","405","APM Terminals","Quay","Active","Dry Cargo","N","W","33.727567","-118.2589","305",,"610","16.76",,,,,,,,,"395.47",,,"199273",,,,,,,,,"59",,,"192237","19224",,,,,,,,,,,,,,,,,"True",,,,,"True",,,"True",,,"19 x STS Super Post- Panamax Cranes available at the terminal.",,,"Port or Starboard",,,,,,,,,,,,,,,,,,,,,"California United Terminals_405","6/12/2022 10:49:28+08",
"270873","61491","14635","41543","406","APM Terminals","Quay","Active","Dry Cargo","N","W","33.725917","-118.259667","305",,"610","16.76",,,,,,,,,"366.44",,,"140973",,,,,,,,,"48.4",,,"141754","13092",,,,,,,,,,,,,,,,,"True",,,,,"True",,,,,,"19 x STS Super Post- Panamax Cranes available at the terminal.",,,"Starboard",,,,,,,,,,,,,,,,,,,,,"California United Terminals_406","6/12/2022 10:49:34+08",
"270874","61492","14635","41542","306","Eagle Marine Services, Ltd.","Quay","Under Construction","Dry Cargo","N","W","33.735567","-118.246233","380",,,,,,,,,,,,,,,,,,,,,,,,,,,,,,,,,,,,,,,,,,,,,,,,,,"True",,,,,,"8 x Post- Panamax cranes and 8 x Super Post- Panamax cranes available at the terminal.",,,,,,,,,,,,,,,,,"True",,,,,,,"Fenix Marine Services Terminal_306","16/5/2019 09:51:16+08",
"270875","61485","14635","41543","401","APM Terminals","Quay","Active","Dry Cargo","N","W","33.733117","-118.243867","405",,"1620","16.76",,,,,,,,,"395.47",,,"199273",,,,,,,,,"59",,,"192237","20000",,,,,,,,,,,,,,,,,,,,,,"True",,,,,,"19 x STS Super Post- Panamax Cranes available at the terminal.",,,"Port or Starboard",,,,,,,,,,,,,,"True",,,,,,,"APM Terminals_401","6/12/2022 10:48:58+08",
"270876","61486","14635","41543","402","APM Terminals","Quay","Active","Dry Cargo","N","W","33.731917","-118.24795","405",,"1620","16.76",,,,,,,,,"399.99",,,"228149",,,,,,,,,"61.51",,,"232618","23756",,,,,,,,,,,,,,,,,,,,,,"True",,,,,,"19 x STS Super Post- Panamax Cranes available at the terminal.",,,"Starboard",,,,,,,,,,,,,,"True",,,,,,,"APM Terminals_402","6/12/2022 10:49:05+08",
"270877","61450","14635","41540","220","Yusen Terminals LLC","Quay","Closed","Dry Cargo","N","W","33.753083","-118.26435","155",,"620","13.7","12.8",,,,,,,,"338.17",,,"103310",,,,,,,,,"45.6",,,"97825",,,,,,,,,,,,,,,,,,,,,,,"True",,,,,,"4 x 61t Super Post- Panamax cranes, 4 x 41t Post- Panamax cranes and 4 x 41t Panamax cranes available at the terminal.",,,"Starboard",,,,,,,,,,,,,"19/04/2021 - No vessel visits in one year.",,,,,,,,"Yusen Container Terminal_22","19/4/2021 08:40:04+08",
"270878","61451","14635","41540","221","Yusen Terminals LLC","Quay","Active","Dry Cargo","N","W","33.752567","-118.264917","155",,"620","13.7",,,,,,,,,"213",,,,,,,,,,,,,,,,,,,,,,,,,,,,,,,,,,,,,,"True",,,,,,"4 x 61t Super Post- Panamax cranes, 4 x 41t Post- Panamax cranes and 4 x 41t Panamax cranes available at the terminal.",,,"Starboard",,,,,,,,,,,,,"19/04/2021 - No vessel visits in one year.",,,,,,,,"Yusen Container Terminal_221","19/4/2021 08:22:17+08",
"270879","61468","14635","41541","226 (202)","Everport Terminal Services","Quay","Active","Dry Cargo","N","W","33.749167","-118.2693","130",,"1432","16.25",,,,,,,,,,,,,,,,,,,,,,,,,,,,,,,,,,,,,,,,,,,,,,,"True",,,,,,"11 x 51t Post- Panamax cranes available at the terminal.",,,,,,,,,,,,,,,,"This berth area used for storage and  lorry trailer parking, directly under Vincent Thomas Bridge. ","True",,,,,,,"Everport Container Terminal_226 (202)","8/4/2022 09:59:12+08",
"270880","61469","14635","41541","227","Everport Terminal Services","Quay","Active","Dry Cargo","N","W","33.7479","-118.270467",,,"980","16.25","12.9",,,,,,,,"335",,,"108827",,,,,,,,,"45.8",,,"100000",,,,,,,,,,,,,,,,,,,,,,,"True",,,,,,"11 x 51t Post- Panamax cranes available at the terminal.",,,"Port",,,,,,,,,,,,,,"True",,,,,,,"Everport Container Terminal_227","8/4/2022 09:59:59+08",
"270881","61470","14635","41541","228","Everport Terminal Services","Quay","Active","Dry Cargo","N","W","33.746533","-118.271283",,,"980","16.25","13.2",,,,,"All vessels",,"All vessels","369",,,"153520",,,,,,,,,"51.2",,,"153014","13656",,,,,,,,,,,,,,,,,,,,,,"True",,,,,,"6 x Post- Panamax cranes available at berths 227 - 232.",,,"Port",,,,,,,,,,,,,,"True",,,,,,,"Everport Container Terminal_228","8/4/2022 10:00:08+08",
"270882","61471","14635","41541","229","Everport Terminal Services","Quay","Active","Dry Cargo","N","W","33.74525","-118.27205",,,"980","16.25","13.5",,,,,"All vessels",,"All vessels","369",,,"153520",,,,,,,,,"51.2",,,"153014","13806",,,,,,,,,,,,,,,,,,,,,,"True",,,,,,"11 x 51t Post- Panamax cranes available at the terminal.",,,"Port",,,,,,,,,,,,,,"True",,,,,,,"Everport Container Terminal_229","8/4/2022 10:00:17+08",
"270883","61472","14635","41541","230","Everport Terminal Services","Quay","Active","Dry Cargo","N","W","33.744317","-118.272617",,,"980","14.32","13.5",,,,,,,,"335",,,"105000",,,,,,,,,"45.8",,,"100000",,,,,,,,,,,,,,,,,,,,,,,"True",,,,,,"6 x Post- Panamax cranes available at berths 227 - 232.",,"True","Port",,,,,,,,,,,,,,"True",,,,,,,"Everport Container Terminal_23","8/4/2022 09:57:29+08",
"270884","61473","14635","41541","231","Everport Terminal Services","Quay","Active","Dry Cargo","N","W","33.743283","-118.27325",,,"980","14.32","13.5",,,,,"All vessels",,"All vessels","335",,,"130573",,,,,,,,,"48.4",,,"117340","12118",,,,,,,,,,,,,,,,,,,,,,"True",,,,,,"6 x Post- Panamax cranes available at berths 227 - 232.",,,"Port",,,,,,,,,,,,,,"True",,,,,,,"Everport Container Terminal_231","8/4/2022 09:58:08+08",
"270885","61474","14635","41541","232","Everport Terminal Services","Quay","Active","Dry Cargo","N","W","33.741933","-118.27405",,,"980","14.32","11.1",,,,,,,,"335",,,"130573",,,,,,,,,"48.4",,,"116295","11850",,,,,,,,,,,,,,,,,,,,,,"True",,,,,,"6 x Post- Panamax cranes available at berths 227 - 232.",,,"Port",,,,,,,,,,,,,,"True",,,,,,,"Everport Container Terminal_232","8/4/2022 09:58:31+08",
"270886","61475","14635","41541","233","Everport Terminal Services","Quay","Closed","Dry Cargo","N","W","33.740017","-118.274717",,,"528","13.7",,,,,,,,,,,,,,,,,,,,,,,,,,,,,,,,,,,,,,,,,,,,,,,"True",,,,,,,,,,,,,,,,,,,,,,"16/04/21 - No vessel visits in one year.",,,,,,,,"Everport Container Terminal_233","16/4/2021 14:56:30+08",
"270887","61476","14635","41541","234","Everport Terminal Services","Quay","Closed","Dry Cargo","N","W","33.738983","-118.27465",,,"528","13.7",,,,,,,,,,,,,,,,,,,,,,,,,,,,,,,,,,,,,,,,,,,,,,,"True",,,,,,,,,,,,,,,,,,,,,,"16/04/21 - No vessel visits in one year.",,,,,,,,"Everport Container Terminal_234","16/4/2021 14:56:25+08",
"270888","61477","14635","41541","235","Everport Terminal Services","Quay","Closed","Dry Cargo","N","W","33.737967","-118.2746",,,"528","13.7",,,,,,,,,,,,,,,,,,,,,,,,,,,,,,,,,,,,,,,,,,,,,,,"True",,,,,,,,,,,,,,,,,,,,,,"16/04/21 - No vessel visits in one year.",,,,,,,,"Everport Container Terminal_235","16/4/2021 14:56:19+08",
"270889","61478","14635","41541","236","Everport Terminal Services","Quay","Closed","Dry Cargo","N","W","33.737083","-118.27455",,,"528","13.7",,,,,,,,,,,,,,,,,,,,,,,,,,,,,,,,,,,,,,,,,,,,,,,"True",,,,,,,,,,,,,,,,,,,,,,"16/04/21 - No vessel visits in one year.","True",,,,,,,"Everport Container Terminal_236","16/4/2021 14:56:13+08",
"270890","61479","14635","41542","302","Eagle Marine Services, Ltd.","Quay","Active","Dry Cargo","N","W","33.73155","-118.2593","304",,"1219","15.24","14.6",,,,,"All vessels",,"All vessels","400",,,"187625",,,,,,,,,"53.6",,,"176546","16022",,,,,,,,,,,,,,,,,,,,,,"True",,,,,,"8 x Post- Panamax cranes and 8 x Super Post- Panamax cranes available at the terminal.",,,"Starboard",,,,,,,,,,,,,,"True",,,,,,,"Fenix Marine Services Terminal_302","15/4/2021 14:52:31+08",
"270891","61480","14635","41542","303","Eagle Marine Services, Ltd.","Quay","Active","Dry Cargo","N","W","33.732467","-118.2562","304",,"1219","15.24","14.6",,,,,"All vessels",,"All vessels","400",,,"187625",,,,,,,,,"53.6",,,"176546","17292",,,,,,,,,,,,,,,,,,,,,,"True",,,,,,"8 x Post- Panamax cranes and 8 x Super Post- Panamax cranes available at the terminal.",,,"Starboard",,,,,,,,,,,,,,"True",,,,,,,"Fenix Marine Services Terminal_303","15/4/2021 14:44:44+08",
"270892","61481","14635","41542","304","Eagle Marine Services, Ltd.","Quay","Active","Dry Cargo","N","W","33.733367","-118.253117","304",,"1219","15.24","14.6",,,,,"All vessels",,"All vessels","400",,,"187625",,,,,,,,,"53.6",,,"176546","16022",,,,,,,,,,,,,,,,,,,,,,"True",,,,,,"8 x Post- Panamax cranes and 8 x Super Post- Panamax cranes available at the terminal.",,,"Starboard",,,,,,,,,,,,,,"True",,,,,,,"Fenix Marine Services Terminal_304","15/4/2021 14:08:48+08",
"270893","61482","14635","41542","305","Eagle Marine Services, Ltd.","Quay","Active","Dry Cargo","N","W","33.734317","-118.249783","304",,"1219","15.24","14.6",,,,,"All vessels",,"All vessels","400",,,"180000",,,,,,,,,"51.2",,,"168000","14000",,,,,,,,,,,,,,,,,,,,,,"True",,,,,,"8 x Post- Panamax cranes and 8 x Super Post- Panamax cranes available at the terminal.",,,"Port or Starboard",,,,,,,,,,,,,,"True",,,,,,,"Fenix Marine Services Terminal_305","15/4/2021 13:59:57+08",
"270894","61441","14635","41540","212","Yusen Terminals LLC","Quay","Active","Dry Cargo","N","W","33.76045","-118.25535","165",,"330","13.7",,,,,,"All vessels",,"All vessels","294.1",,,"63157",,,,,,,,,"32.2",,,"53100","4728",,,,,,,,,,,,,,,,,,,,,,"True",,,,,,"4 x 61t Super Post- Panamax cranes, 4 x 41t Post- Panamax cranes and 4 x 41t Panamax cranes available at the terminal.",,"True","Port",,,,,,,,,,,,,,"True",,,,,,,"Yusen Container Terminal_212","19/4/2021 09:46:54+08",
"270895","61442","14635","41540","213","Yusen Terminals LLC","Quay","Active","Dry Cargo","N","W","33.759883","-118.25685","165",,"330","13.7","11.2",,,,,"All vessels",,"All vessels","304",,,"81171",,,,,,,,,"43.4",,,"78316","6763",,,,,,,,,,,,,,,,,,,,,,"True",,,,,,"4 x 61t Super Post- Panamax cranes, 4 x 41t Post- Panamax cranes and 4 x 41t Panamax cranes available at the terminal.",,"True","Starboard",,,,,,,,,,,,,,"True",,,,,,,"Yusen Container Terminal_213","19/4/2021 09:45:28+08",
"270896","61443","14635","41540","214","Yusen Terminals LLC","Quay","Closed","Dry Cargo","N","W","33.759017","-118.25835","130",,"520","13.7",,,,,,,,,,,,,,,,,,,,,,,,,,,,,,,,,,,,,,,,,,,,,,,"True",,,,,,"4 x 61t Super Post- Panamax cranes, 4 x 41t Post- Panamax cranes and 4 x 41t Panamax cranes available at the terminal.",,"True","Starboard",,,,,,,,,,,,,"19/04/2021 - No vessel visits in one year.",,,,,,,,"Yusen Container Terminal_214","19/4/2021 09:43:15+08",
"270897","61444","14635","41540","215","Yusen Terminals LLC","Quay","Active","Dry Cargo","N","W","33.758133","-118.259167","130",,"520","13.7","12.2",,,,,"All vessels",,"All vessels","338.17",,,"104525",,,,,,,,,"45.8",,,"98799","9040",,,,,,,,,,,,,,,,,,,,,,"True",,,,,,"4 x 61t Super Post- Panamax cranes, 4 x 41t Post- Panamax cranes and 4 x 41t Panamax cranes available at the terminal.",,"True","Starboard",,,,,,,,,,,,,,"True",,,,,,,"Yusen Container Terminal_215","19/4/2021 09:42:52+08",
"270898","61445","14635","41540","216","Yusen Terminals LLC","Quay","Active","Dry Cargo","N","W","33.75715","-118.260083","130",,"520","13.7","13.5",,,,,"All vessels",,"All vessels","349",,,"122962",,,,,,,,,"45.8",,,"113973","9592",,,,,,,,,,,,,,,,,,,,,,"True",,,,,,"4 x 61t Super Post- Panamax cranes, 4 x 41t Post- Panamax cranes and 4 x 41t Panamax cranes available at the terminal.",,"True","Starboard",,,,,,,,,,,,,,"True",,,,,,,"Yusen Container Terminal_216","19/4/2021 09:42:45+08",
"270899","61446","14635","41540","217","Yusen Terminals LLC","Quay","Closed","Dry Cargo","N","W","33.756183","-118.26095","130",,"520","13.7",,,,,,,,,"213",,,,,,,,,,,,,,,,,,,,,,,,,,,,,,,,,,,,,,"True",,,,,,"4 x 61t Super Post- Panamax cranes, 4 x 41t Post- Panamax cranes and 4 x 41t Panamax cranes available at the terminal.",,,"Starboard",,,,,,,,,,,,,"19/04/2021 - No vessel visits in one year.",,,,,,,,"Yusen Container Terminal_217","19/4/2021 09:19:35+08",
"270900","61447","14635","41540","218","Yusen Terminals LLC","Quay","Active","Dry Cargo","N","W","33.755133","-118.261983","155",,"620","13.7",,,,,,"All vessels",,"All vessels","335.47",,,"103800",,,,,,,,,"42.8",,,"93750","8749",,,,,,,,,,,,,,,,,,,,,,"True",,,,,,"4 x 61t Super Post- Panamax cranes, 4 x 41t Post- Panamax cranes and 4 x 41t Panamax cranes available at the terminal.",,,"Port or Starboard",,,,,,,,,,,,,,"True",,,,,,,"Yusen Container Terminal_218","19/4/2021 08:49:01+08",
"270901","61448","14635","41540","219","Yusen Terminals LLC","Quay","Active","Dry Cargo","N","W","33.754133","-118.263183","155",,"620","13.7","13.2",,,,,"All vessels",,"All vessels","349.65",,,"122962",,,,,,,,,"45.8",,,"113973","10114",,,,,,,,,,,,,,,,,,,,,,"True",,,,,,"4 x 61t Super Post- Panamax cranes, 4 x 41t Post- Panamax cranes and 4 x 41t Panamax cranes available at the terminal.",,,"Starboard",,,,,,,,,,,,,,"True",,,,,,,"Yusen Container Terminal_219","19/4/2021 08:44:00+08",
"270902","61453","14635","41540","222 and 223","Yusen Terminals LLC","Quay","Closed","Dry Cargo","N","W","33.751033","-118.2668","150",,"300","13.7",,,,,,,,,"213",,,,,,,,,,,,,,,,,,,,,,,,,,,,,,,,,,,,,,"True",,,,,,"4 x 61t Super Post- Panamax cranes, 4 x 41t Post- Panamax cranes and 4 x 41t Panamax cranes available at the terminal.",,,,,,,,,,,,,,,,"19/04/2021 - No vessel visits in one year.",,,,,,,,"Yusen Container Terminal_222 and 223","19/4/2021 08:17:00+08",
"270903","61454","14635","41540","224 and 225","Yusen Terminals LLC","Quay","Closed","Dry Cargo","N","W","33.750067","-118.268083","150",,"300","13.7",,,,,,,,,"213",,,,,,,,,,,,,,,,,,,,,,,,,,,,,,,,,,,,,,"True",,,,,,"4 x 61t Super Post- Panamax cranes, 4 x 41t Post- Panamax cranes and 4 x 41t Panamax cranes available at the terminal.",,,,,,,,,,,,,,,,"19/04/2021 - No vessel visits in one year.",,,,,,,,"Yusen Container Terminal_224 and 225","19/4/2021 08:15:32+08",
"270904","61455","14635","41540","No 224","Yusen Terminals Inc (YTI)","Alongside","Never Existed","Dry Cargo","N","W","33.7499","-118.268283","136",,"1768",,,,,,,,,,"213",,,,,,,,,,,,,,,,,,,,,,,,,,,,,,,,,,,,,,"True",,,,,,"4 super post Panamax 31m gauge each with 61t capacity, 4 post Panamax 31m gauge each with 41t capacity, 2 Panamax 31m gauge each with 41t capacity and 2 Panamax 15m gauge each with 41t capacity.",,,,,,,,,,,,,,,,"Depths from 10.6 - 13.7m",,,,,,,,"Yusen Container Terminal_No 224","16/8/2016 13:04:44+08",
"270905","61456","14635","41540","No 225","Yusen Terminals Inc","Alongside","Never Existed","Dry Cargo","N","W","33.749017","-118.26945","136",,"1768",,,,,,,,,,"213",,,,,,,,,,,,,,,,,,,,,,,,,,,,,,,,,,,,,,"True",,,,,,"4 super post Panamax 31m gauge each with 61t capacity, 4 post Panamax 31m gauge each with 41t capacity, 2 Panamax 31m gauge each with 41t capacity and 2 Panamax 15m gauge each with 41t capacity.",,,,,,,,,,,,,,,,"Depths from 10.6 - 13.7m",,,,,,,,"Yusen Container Terminal_No 225","16/8/2016 13:04:56+08",
"270911","62754","14635","41536","102 (and 101)","China Shipping North America","Quay","Active","Dry Cargo","N","W","33.754833","-118.276217","381",,"762","16.15","13.9",,,,,"All vessels",,"All vessels","349.07",,,"121824",,,,,,,,,"48.58",,,"116603","10060",,,,,,,,,,,,,,,,,,,,,,"True",,,,,,"5 x 50t Post- Panamax cranes and 10 x 100t Super Post- Panamax cranes available at the terminal.",,"True","Port",,,,,,,,,,,,,,,,,,,,,"China Shipping Container Terminal (WBCT)_102 (and 101)","20/4/2021 14:09:25+08",
"270912","61859","14635","19592","240c","Torrance Logistics Co.","Quay","Closed","Tanker","N","W","33.735067","-118.271633","68",,,"11.2","10.3",,,,,,,,"228",,,,,,,,,,,,,,,,,,,,,,,,,,,,,,,,,,,,,,,,,,,,,,,,,,,,,,,,,,,,,,,,,,,,"Torrance Logistics Co. South Western Marine Terminal_240c","16/4/2021 14:01:09+08",
"270913","35231","14635","19588","163","Nustar Energy LP","Jetty","Active","Tanker","N","W","33.760467","-118.267167","150",,,,,,,,,"All vessels",,"All vessels","228.6",,,"74875",,,,,,,,,"32.26",,,,,,,,,,,,,,,,"Port",,,,,,,,,,,,,,,,,,,"Port",,,"Ship",,,"Min 2+2+2","Min 2+2+2",,,,,,,,,,,,,,"NuStar - Shore Terminals_163","20/4/2021 09:41:58+08",
"270914","35234","14635","20163","120","Kinder Morgan","Jetty","Closed","Tanker","N","W","33.756767","-118.27905","122",,,"9.94",,,,,,,,,"244",,,,,,"50802",,,,,,,,,,,,,,,,,,,"55.47",,,"Port",,,,,,,,,,,,,,,,,,,"Port",,,"Ship",,,,,,,,,,"20/04/2021 - No vessel visits in one year.",,,,,,,,"Kinder Morgan - Carson Terminal_12","20/4/2021 13:33:33+08",
"270915","35235","14635","19592","240b","Torrance Logistics Co.","Quay","Closed","Tanker","N","W","33.733417","-118.2719","68",,,"11.06","9.75",,,,,,,,"198.12",,,"60000",,,"25401",,,,,,,,,,,,,,,,,,,,,,"Starboard",,,,,,,,,,,,,,,,,,,"Starboard",,,"Ship",,,"3+2+2","3+2+2",,,"Available",,,,,,,,,,,"Torrance Logistics Co. South Western Marine Terminal_240b","16/4/2021 13:43:48+08",
"270916","35688","14635","20163","118","Kinder Morgan","Jetty","Active","Tanker","N","W","33.7561","-118.28065","250",,,"10.6","9.7",,,,,"All vessels",,"All vessels","186",,,"53116",,,,,,,,,"32.26",,,,,,,,,,,,,"55.47",,,"Port",,,,,,,,,,,,,,,,,,,"Port",,,"Ship",,,,,,,,,,,,,,,,,,"Kinder Morgan - Carson Terminal_118","20/4/2021 13:35:38+08",
"270917","32428","14635","20135","150 and 151","ConocoPhillips","Platform Berth","Closed","Tanker","N","W","33.75415","-118.27105","202",,,"10.63",,,"0.6",,,,,,"350",,,"75000",,,,,,,,,,,,,,,,,,,,,,,,,"Either P/S",,,,,,,,,,,,,,,,,,,"Port or Starboard",,,"Ship",,,"2+2+2","2+2+2",,,,,,"20/04/2021 - No vessel visits in one year.",,,,,,,,"ConocoPhillips_150 and 151","20/4/2021 11:04:48+08",
"270918","32317","14635","19591","189 and 190  ","Vopak","Quay","Active","Tanker","N","W","33.7628","-118.259767","287",,,"11.5","13",,,,,"All vessels",,"All vessels","250",,,"109000",,,,,,,,,"43.98",,,,,,,,,,,,,,,,"Port",,,,,,,,,,,,,,,,,,,"Port",,,"Ship",,,,,,,,,,"Fendered quayside.",,,,,,,,"Vopak Terminal Los Angeles_189 and 190","19/4/2021 15:12:04+08",
"270919","32021","14635","19592","239","Torrance Logistics Co.","Quay","Closed","Tanker","N","W","33.733083","-118.2728","69","215",,"11.4","10.3",,,,,,,,"192",,,,,,"55883",,,,,,,,,,,,,,,,,,,,,,"Port",,,,,,,,,,,,,,,,,,,"PORT",,,,,,,,,,"Available",,,,,,,,,,,"Torrance Logistics Co. South Western Marine Terminal_239","16/5/2019 09:18:56+08",
"270920","32039","14635","19589","169  ","Shell Oil Co.","Quay","Active","Tanker","N","W","33.75415","-118.26785","180",,"380","11.64","11.32",,,,,,,,"259",,,"86364",,,,,,,,,"38",,,,,,,,,,"15.24",,,,,,"Port",,,,,,,,,,,,,,,,,,,"Port","HFO",,"Ship","Available",,,,,,"Available",,,,,,,,,,,"Shell - Mormon Island Marine Facility_169","20/4/2021 09:00:46+08",
"270921","34660","14635","48783","164  ","Valero","Jetty","Active","Tanker","N","W","33.759483","-118.267833","150",,,"11.52",,,,,,"All vessels",,"All vessels","259",,,"83315",,,,,,,,,"32.2",,,,,,,,,,,,,"55.47",,,"Port",,,,,,,,,,,,,,,,,,,"Port",,,"Ship",,,,,,,,,,,,,,,,,,"Valero - Wilmington Terminal_164","20/4/2021 09:42:23+08",
"270922","34661","14635","19589","167 and 168  ","Shell Oil Co.","Quay","Closed","Tanker","N","W","33.75565","-118.26795","200",,"380","12.19","9.14",,,,,,,,"259",,,"86364",,,,,,,,,"32.61",,,,,,,,,,"10.97",,,,,,"Port",,,,,,,,,,,,,,,,,,,"Port","HFO",,"Ship","Available",,,,,,"Available",,,"20/04/2021 - No vessel visits in one year.",,,,,,,,"Shell - Mormon Island Marine Facility_167 and 168","20/4/2021 08:34:49+08",
"270923","34662","14635","19591","187 and 188","Vopak","Quay","Active","Tanker","N","W","33.765017","-118.259867","287",,,"10.95","10.1",,,,,"All vessels",,"All vessels","184.33",,,"50000",,,,,,,,,"32.25",,,,,,,,,,,,,,,,"Port",,,,,,,,,,,,,,,,,,,"Port","HFO",,,"Available",,,,,,"Available",,,,,,,,,,,"Vopak Terminal Los Angeles_187 and 188","19/4/2021 15:14:53+08",
"270925","34567","14635","20152","Westway No 70/71",,"Jetty","Never Existed","Tanker","N","W","33.7249","-118.272567",,,,"10.7",,,,,,,,,"228.6",,,"60000",,,,,,,,,,,,,,,,,,,,,,,,,,,,,,,,,,,,,,,,,,,,,"HFO",,"Shore (crew)","Available",,,,,,"Available",,,"Total length 70 + 71 = 210m",,,,,,,,"Westway_Westway No 70/71","21/5/2019 11:21:20+08",
"270926","34569","14635","20135","148 and 149","ConocoPhillips","Jetty","Active","Tanker","N","W","33.755933","-118.27365","186",,,"10.67","9.9",,"0.6",,,"All vessels",,"All vessels","249",,,"75000",,,,,,,,,"32.24",,,,,,,,,,,,,"55.47",,,"Port",,,,,,,,,,,,,,,,,,,"Port",,,"Ship",,,"2+2+2","2+2+2",,,,,,,,,,,,,,"ConocoPhillips_148 and 149","20/4/2021 12:00:24+08",
"270932","63541","14635","41545","165","Borax Inc.","Quay","Active","Dry Cargo","N","W","33.758383","-118.26805",,,"240","11.27",,,,,,"All vessels",,"All vessels","200",,,"48000",,,,,,,,,"30.5",,,"30000",,,,,,,,,,,,,,,,,,,,,,,,,,,,,,,,"Starboard",,,,,,,,,,,,,"This berth handles borate.",,,,"Mineral Ore",,,,"Rio Tinto - Wilmington Operations_165","20/4/2021 09:14:53+08",
"270933","63542","14635","41545","166","Borax Inc.","Quay","Active","Dry Cargo","N","W","33.757267","-118.267717",,,"240","11.27",,,,,,"All vessels",,"All vessels","200",,,"57000",,,,,,,,,"32.26",,,"37499",,,,,,,,,,,,,,,,,,,,,,,,,,,,,,,,"Starboard",,,,,,,,,,,,,"This berth handles borate.",,,,"Mineral Ore",,,,"Rio Tinto - Wilmington Operations_166","20/4/2021 09:11:49+08",
"270934","63543","14635","19591","La 210",,"Alongside","Never Existed","Dry Cargo","N","W","33.76135","-118.252533","228",,,"10.6",,,,,,,,,,,,,,,,,,,,,,,,,,,,,,,,,,,,,,,,,,,,,,,,,,,,,,,,,,,,,,,,,,,,,,,,,"Scrap Metal",,,,"Vopak Terminal Los Angeles_La 21","14/11/2017 08:38:27+08",
"270935","63544","14635","19591","La 211",,"Alongside","Never Existed","Dry Cargo","N","W","33.76135","-118.252533","228",,,"10.6",,,,,,,,,,,,,,,,,,,,,,,,,,,,,,,,,,,,,,,,,,,,,,,,,,,,,,,,,,,,,,,,,,,,,,,,,"Scrap Metal",,,,"Vopak Terminal Los Angeles_La 211","14/11/2017 08:38:27+08",
"270927","63532","14635","41538","140 and 141","TraPac LLC","Quay","Closed","Dry Cargo","N","W","33.765617","-118.2712","300",,"1022","13.7","12",,,,,,,,"320.58",,,"100003",,,,,,,,,"42.8",,,"88493",,,,,,,,,,,,,,,,,,,,,,,"True",,,,,,"10 x Post- Panamax cranes with 30m gauge, 40t capacity available at the terminal.",,"True","Port",,,,,,,,,,,,,"Depths from 13.7 - 16.1m. 20/04/2021 - No vessel visits in one year.","True",,,,,,,"TraPac Container Terminal_140 and 141","20/4/2021 12:06:33+08",
"270928","63533","14635","41538","142 and 143","TraPac LLC","Quay","Active","Dry Cargo","N","W","33.763267","-118.2721","300",,"1022","13.7","13.3",,,,,"All vessels",,"All vessels","336.3",,,"103800",,,,,,,,,"46",,,"105644","9592",,,,,,,,,,,,,,,,,,,,,,"True",,,,,,"10 x Post- Panamax cranes with 30m gauge, 40t capacity available at the terminal.",,"True","Port",,,,,,,,,,,,,"Depths from 13.7 - 16.1m. ","True",,,,,,,"TraPac Container Terminal_142 and 143","20/4/2021 12:05:54+08",
"270930","63535","14635","41538","No 146",,"Quay","Never Existed","Dry Cargo",,,,,"160",,,,,,,,,,,,,,,,,,,,,,,,,,,,,,,,,,,,,,,,,,,,,,,,,,"True",,,,,,,,,,,,,,,,,,,,,,"Depth 10.6-13.7m",,,,,,,,"TraPac Container Terminal_No 146","6/1/2016 13:05:59+08",
"270931","63536","14635","41538","No 147",,"Quay","Never Existed","Dry Cargo",,,,,"160",,,,,,,,,,,,,,,,,,,,,,,,,,,,,,,,,,,,,,,,,,,,,,,,,,"True",,,,,,,,,,,,,,,,,,,,,,"Depth 10.6-13.7m",,,,,,,,"TraPac Container Terminal_No 147","6/1/2016 13:06:04+08",
"270940","85615","14635","47469","087 to 089","Pacific Battleship Center (Port of Los Angeles)","Quay","Never Existed","Dry Cargo","N","W","33.742183","-118.277467","287",,,,,,,,,,,,,,,,,,,,,,,,,,,,,,,,,,,,,,,,,,,,,,,,,,,,,,,,,,,,,,,,,,,,,,,,"Battleship USS Iowa Museum.",,,,,,,,"Port of Los Angeles_087 to 089","17/5/2019 12:00:40+08",
"270936","85589","14635","41538","145 and 146","TraPac LLC","Quay","Active","Dry Cargo","N","W","33.760417","-118.273183","422",,"1022","13.7","12.6",,,,,"All vessels",,"All vessels","336.3",,,"114175",,,,,,,,,"46",,,"105644","9592",,,,,,,,,,,,,,,,,,,,,,"True",,,,,,"10 x Post- Panamax cranes with 30m gauge, 40t capacity available at the terminal.",,"True","Port",,,,,,,,,,,,,"Depths from 13.7 - 16.1m. ","True",,,,,,,"TraPac Container Terminal_145 and 146","20/4/2021 12:04:03+08",
"270937","85670","14635","48794","301","Millennium Maritime and Harley Marine Services","Pier","Never Existed","Dry Cargo","N","W","33.730883","-118.262217","300","326",,,,,,,,,,,,,,,,,,,,,,,,,,,,,,,,,,,,,,,,,,,,"True",,,,,,,,"True","True",,,,,,,,,,,,,,,,,,"Tugs and barges.",,,,,,,,"Millennium Maritime/Harley Marine Services_301","16/5/2019 10:16:36+08",
"270938","85671","14635","40115","090","Ports America","Quay","Active","Dry Cargo","N","W","33.743917","-118.276583","150",,"450","11.2",,,,,,"All vessels",,"All vessels","333.46",,,"12512",,,,,,,,,"41.4",,,"167725",,,,,,,,,,,,,,,"Cruise",,,,,,,,,,,,,,,,"True","Starboard",,,"Passenger",,,,,,,,,,"Fendered quay. ",,,,,,,,"World Cruise Centre (Inner Harbour)_9","20/4/2021 14:44:46+08",
"270939","85672","14635","48795","095","Catalina Express","Pier","Never Existed","Dry Cargo","N","W","33.748617","-118.274017","80",,,"6",,,,,,,,,,,,,,,,,,,,,,,,,,,,,,,,,,,,,,"Fast ferries",,,,,,,,,,,,,,,,,,,,,,,,,,,,,,,,,,,,,,,"Catalina Sea and Air Terminal_95","14/5/2019 15:00:28+08",
"270870","61488","14635","41543","403","APM Terminals","Quay","Active","Dry Cargo","N","W","33.730717","-118.252017","405",,"1620","16.76","15",,,,,,,,"399.76",,,"224999",,,,,,,,,"60.99",,,"228741","23656",,,,,,,,,,,,,,,,,,,,,,"True",,,,,,"19 x STS Super Post- Panamax Cranes available at the terminal.",,,"Starboard",,,,,,,,,,,,,,"True",,,,,,,"APM Terminals_403","6/12/2022 10:49:13+08",
"270924","34663","14635","19592","238","Torrance Logistics Co.","Quay","Active","Tanker","N","W","33.734283","-118.2735","69","293",,"11.2","10.3",,"0.3",,,"All Vessels",,"All vessels","228.6",,,"106192",,,"45722",,,,,,"42",,,,,,,,,,,,,,,,"Port",,,,,,,,,,,,,,,,,,,"PORT",,,"Shore (crew)",,,"Vessels gerater than 25,000 DWT 3 Head , 2 breast, 2 springs.","Vessels greater than 25,000 DWT   3 Stern, 2 breast, 2 springs",,,"Available",,,,,,,,,,,"Torrance Logistics Co. South Western Marine Terminal_238","16/4/2021 13:45:00+08",
"270929","63534","14635","41538","No 145",,"Quay","Never Existed","Dry Cargo",,,,,"160",,,,,,,,,,,,,,,,,,,,,,,,,,,,,,,,,,,,,,,,,,,,,,,,,,"True",,,,,,,,,,,,,,,,,,,,,,"Depth 10.6-13.7m",,,,,,,,"TraPac Container Terminal_No 145","6/1/2016 13:05:53+08",
"272127","61052","15401","40015","Pier 08 (North)","Port Authority of New York and New Jersey ","Pier","Never Existed","Dry Cargo","N","W","40.6906","-74.00365","300",,,"9",,,,,,,,,,,,,,,,,,,,,,,,,,,,,,,,,,,,,,,,,,"True",,,,,,,,,,,,,,,,,,,,,,,,,,,"Depths from 9.0 to 10.0m",,,,,,,,"Brooklyn Piers_Pier 08 (North)","2/5/2019 13:47:49+08",
"271993","55976","15401","37017","B Dock P Amboy 906",,"Jetty","Never Existed","Tanker",,,,,"130",,,"6.4",,,,,,,,,,,,,,,,,,,,,,,,,,,,,,,,,,,,,,,,,,,,,,,,,,,,,,,,,,,,,,,,,,,,,,,,,,,,,"Stolt Outerbridge- P Amboy_B Dock P Amboy 906","27/6/2011 15:24:38+08",
"271994","55977","15401","36996","New England",,"Quay","Never Existed","Tanker",,,,,,,,"10.67","10.21",,,,,,,,"244",,,,,,"35000",,,,,,,,,,,,,,,,,,,,,,,,,,,,,,,,,,,,,,,,,,,,,,,,,,,,,,,,,,,,,,"Brooklyn- New England_New England","20/7/2012 09:28:20+08",
"271988","55963","15401","37032","South Sewaren Berth","Shell","L Jetty","Active","Tanker","N","W","40.541183","-74.253367","26","200",,"11.58","11.26",,"0.32","1.52","1.37","All vessels",,"All vessels","243.82","38.09",,"80000",,,,,,,,,"36",,,,,,"121.19",,"121.19",,"15.23",,,"43.59",,,"Either P/S",,,,,,,,,,,,,,,,,,,"Port or Starboard",,,"Shore (crew)",,,,,,,"Not Available",,,,,,,,,,,"Shell - Sewaren Terminal_South Sewaren Berth","4/5/2021 09:36:40+08",
"271989","55964","15401","37013","Port Mobil",,"Pier","Never Existed","Tanker",,,,,,,,,"11.58",,,,,,,,"205",,,,,,,,,,,,,,,,,,,,,,,,,,,,,,,,,,,,,,,,,,,,,,,,,,,,,,,,,,,,,,,,,,,,"Port Mobil_Port Mobil","7/7/2011 14:37:04+08",
"271990","55965","15401","36994","Linden n/ Vill",,"Pier","Never Existed","Tanker",,,,,,,,"10.66","10.36",,,,,,,,"259.08",,,"50000",,,,,,,,,"34.1",,,,,,,,,,,,,,,,,,,,,,,,,,,,,,,,,,,,,,,,,,,,,,,,,,,,,,,,"Linden City_Linden n/ Vill","20/7/2012 09:43:12+08",
"271992","55967","15401","37023","Archer Daniel",,"Pier","Never Existed","Tanker","N","W","40.6385","-74.196717",,,,"9.75","9.44",,,,,,,,"183",,,,,,,,,,,,,,,,,,,,,,,,,,,,,,,,,,,,,,,,,,,,,,,,,,,,,,,,,,,,,,,,,,,,"CITGO Petroleum Tremley Point Terminal_Archer Daniel","8/7/2011 13:13:20+08",
"271995","55950","15401","36997","Amerada Hess","Duplicate","Jetty","Never Existed","Tanker",,,,,,,,"0","10.36",,,,,,,,"246.88",,,"100000",,,,,,,,,,,,,,,,,,,,,,,,,,,,,,,,,,,,,,,,,,,,,,,,,,,,,,,,,,,,,,,,,"Bayonne (NJ)_Amerada Hess","15/4/2011 11:56:25+08",
"271996","55951","15401","36997","Belcher/STA",,"Pier","Never Existed","Tanker",,,,,,,,"10.66","10.36",,,,,,,,"253",,,"90000",,,,,,,,,,,,,,,"105.76",,,,,,,,,,,,,,,,,,,,,,,,,,,,,,,,,,,,,,,,,,,,,,,,,,"Bayonne (NJ)_Belcher/STA","7/7/2011 10:57:40+08",
"271997","55952","15401","36997","Constable  H","Sea Land Terminal","Pier","Never Existed","Tanker",,,,,,,,"10.36","10.05",,,,,,,,"243.84",,,"76000",,,"73000",,,,,,"29",,,,,,"101",,,,,,,,,,,,,,,,,,,,,,,,,,,,,,,,,,,,,,,,,,,,,,,,,,"Bayonne (NJ)_Constable  H","20/7/2012 09:57:01+08",
"271998","55953","15401","36997","Constable  T",,"Jetty","Never Existed","Tanker",,,,,,,,,"9.14",,,,,,,,"176.78",,,,,,,,,,,,"30.5",,,,,,,,,,,,,,,,,,,,,,,,,,,,,,,,,,,,,,,,,,,,,,,,,,,,,,,,"Bayonne (NJ)_Constable  T","20/7/2012 09:50:44+08",
"271999","55954","15401","36997","Exxon pier  6",,"Pier","Never Existed","Tanker",,,,,,,,"10.36","10.05",,,,,,,,"218",,,"40000",,,,,,,,,"28.9",,,,,,"100",,,,,,,,,,,,,,,,,,,,,,,,,,,,,,,,,,,,,,,,,,,,,,,,,,"Bayonne (NJ)_Exxon pier  6","5/7/2011 12:48:41+08",
"272000","55955","15401","36997","Gordon Main Dock","Gordon Terminal's","T Jetty","Never Existed","Tanker","N","W","40.64905","-74.101917",,,,,"10.97",,,,,,,,"242.3",,,,,,,,,,,,"36.57",,,,,,,,,,,,,,,,,,,,,,,,,,,,,,,,,,,,,,,,,,,,,,,,,,,,,,,,"Bayonne (NJ)_Gordon Main Dock","18/4/2016 13:29:57+08",
"272001","55956","15401","36997","IMMT - Pier  1",,"Jetty","Never Existed","Tanker",,,,,,,,,"8.53",,,,,,,,"204",,,,,,,,,,,,"35.1",,,,,,"107",,,,,,,,,,,,,,,,,,,,,,,,,,,,,,,,,,,,,,,,,,,,,,,,,,"Bayonne (NJ)_IMMT - Pier  1","23/6/2011 14:34:56+08",
"272002","55957","15401","36997","IMMT  Pier  3",,"Jetty","Never Existed","Tanker",,,,,,,,,"9.14",,,,,,,,"170",,,"30000",,,,,,,,,"25.9",,,,,,"96",,,,,,,,,,,,,,,,,,,,,,,,,,,,,,,,,,,,,,,,,,,,,,,,,,"Bayonne (NJ)_IMMT  Pier  3","23/6/2011 14:39:46+08",
"272003","55958","15401","36997","IMMT  Pier  A",,"Jetty","Never Existed","Tanker",,,,,,,,,"11.27",,,,,,,,"274",,,"100000",,,,,,,,,,,,,,,"134",,,,,,,,,,,,,,,,,,,,,,,,,,,,,,,,,,,,,,,,,,,,,,,,,,"Bayonne (NJ)_IMMT  Pier  A","22/6/2011 15:55:32+08",
"272004","55959","15401","36997","Powell Duffryn",,"Jetty","Never Existed","Tanker",,,,,,,,"10.66","10.63",,,,,,,,"246.88",,,,,,,,,,,,,,,,,,,,,,,,,,,,,,,,,,,,,,,,,,,,,,,,,,,,,,,,,,,,,,,,,,,,"Bayonne (NJ)_Powell Duffryn","23/6/2011 15:32:58+08",
"272005","55960","15401","36997","Rollins",,"Jetty","Never Existed","Tanker",,,,,,,,,"9.75",,,,,,,,,,,"243",,,,,,,,,,,,,,,,,,,,,,,,,,,,,,,,,,,,,,,,,,,,,,,,,,,,,,,,,,,,,,,,,"Bayonne (NJ)_Rollins","6/7/2011 15:59:29+08",
"272010","55869","15401","37002","Oceana -Ciril",,"Jetty","Never Existed","Tanker",,,,,,,,,"10.97",,,,,,,,"243",,,"80000",,,,,,,,,,,,,,,"122",,,,,,,,,,,,,,,,,,,,,,,,,,,,,,,,,,,,,,,,,,,,,,,,,,"Bayway Terminal_Oceana -Ciril","20/7/2012 10:09:22+08",
"272011","55870","15401","37003","BP Berth 17/1",,"Pier","Never Existed","Tanker",,,,,,,,"10.67","10.36",,,,,,,,"228.6",,,"50000",,,,,,,,,,,,,,,,,,,,,,,,,,,,,,,,,,,,,,,,,,,,,,,,,,,,,,,,,,,,,,,,,"BP Terminal_BP Berth 17/1","11/7/2011 14:48:54+08",
"272013","55872","15401","36999","Keasby- Hess",,"Pier","Never Existed","Tanker",,,,,,,,,,,,,,,,,"183",,,"50000",,,,,,,,,"27.4",,,,,,,,,,,,,,,,,,,,,,,,,,,,,,,,,,,,,,,,,,,,,,,,,,,,,,,,"Keasby-Hess_Keasby- Hess","1/7/2011 12:36:45+08",
"272014","55873","15401",,"Sunmark",,"Pier","Never Existed","Tanker",,,,,,,,,"5.48",,,,,,,,,,,,,,,,,,,,,,,,,,,,,,,,,,,,,,,,,,,,,,,,,,,,,,,,,,,,,,,,,,,,,,,,,,,,"_Sunmark","20/7/2012 07:27:59+08",
"272015","55874","15401","37000","Tenneco",,"Pier","Never Existed","Tanker",,,,,,,,,"8.22",,,,,,,,"243",,,,,,,,,,,,"27.4",,,,,,,,,,,,,,,,,,,,,,,,,,,,,,,,,,,,,,,,,,,,,,,,,,,,,,,,"Tenneco_Tenneco","5/7/2011 11:21:11+08",
"272016","55875","15401","37001","Texaco","Duplicate","Pier","Never Existed","Tanker",,,,,,,,,"8.53",,,,,,,,"226",,,,,,,,,,,,"31.1",,,,,,,,,,,,,,,,,,,,,,,,,,,,,,,,,,,,,,,,,,,,,,,,,,,,,,,,"Texaco_Texaco","5/7/2011 12:01:28+08",
"272009","55834","15401","37002","Atlantic Pet",,"Jetty","Never Existed","Tanker",,,,,,,,,"10.66",,,,,,,,"335",,,,,,,,,,,,,,,,,,,,,,,,,,,,,,,,,,,,,,,,,,,,,,,,,,,,,,,,,,,,,,,,,,,,"Bayway Terminal_Atlantic Pet","4/7/2011 12:05:33+08",
"272007","55715","15401","40377","Roseton Berth","Buckeye Partners LP","Jetty","Closed","Tanker","N","W","41.558233","-73.98225","80","320",,,"7.32",,"0.61","1.52","1.37",,,,"228.6",,,"30480",,,,,,,,,"25.9",,,,,,"91",,,,,,,"42.36",,,,,,,,,,,,,,,,,,,,,,,,,,,,,,,,,,,"12/05/2021 - No vessel visits in one year.",,,,,,,,"Buckeye - Roseton Terminal_Roseton Berth","12/5/2021 07:53:22+08",
"272008","55716","15401","40384","State Street-P Amboy","Hess","Dolphin Berth","Never Existed","Tanker","N","W","40.538383","-74.253617",,"50",,"9.7","8.53",,,"1.52","1.37",,,,"198.1",,,"35560",,,,,,,,,,,,,,,,,,,,,,"42",,,,,,,,,,,,,,,,,,,,,,,,,,,,,,,,,,,,,,,,,,,"Hess - Perth Amboy Terminal_State Street-P Amboy","4/5/2021 09:11:39+08",
"272017","56350","15401","37019","Con ED Berth","Con Edison Power & Light","Jetty","Closed","Tanker","N","W","40.785933","-73.896133","28","165",,,"10.66",,,"1.52","1.37",,"Unrestricted",,"218",,,,,,,,,,,,,,,,,,,,,,,,,"38.71",,,,,,,,,,,,,,,,,,,,,,"Port or Starboard",,,"Ship",,,,,,,,,,,,,,,,,,"Con ED North (Astoria)_Con ED Berth","21/5/2019 11:21:19+08",
"272018","56372","15401","39399","Bayonne Berth","IMTT","Jetty","Active","Tanker","N","W","40.6468","-74.117383",,"244",,,"13",,,"1.52","1.37","All vessels",,"All vessels","228.79",,,"76578",,,"46837",,,,,,"38.1",,,,,,"114",,"121",,"15.2",,,,,,"Starboard",,,,,,,,,,,,,,,,,,,"Starboard",,,,,,,,,,"Available",,,,,,,,,,,"IMTT Bayonne_Bayonne Berth","10/5/2021 11:48:38+08",
"272019","56373","15401","37025","Constable Tanker Berth",,,"Never Existed","Tanker",,,,,,,,,"9.14",,,,,,,,"182.88",,,,,,,,,,,,,,,,,,,,,,,,,,,,,,,,,,,,,,,,,,,,,,,,,,,,,,,,,,,,,,,,,,,,"Constable Terminal_Constable Tanker Berth","21/5/2019 11:21:19+08",
"272021","56375","15401","37008","Dock No. 03","Kinder Morgan","T Jetty","Active","Tanker","N","W","40.588417","-74.208533",,"228",,"10.97","10.8",,"0.3","1.52","1.37","All vessels",,"All vessels","244",,,"75000",,,,,,,,,"40",,,,,,,,,,,,,"40.54",,,"Either P/S",,,,,,,,,,,,,,,,,,,"Port or Starboard",,,"Ship",,,,,,,"Available",,,,,,,,,,,"Kinder Morgan, Carteret_Dock No. 03","4/5/2021 14:24:01+08",
"272022","56376","15401","37026","South Dock",,,"Never Existed","Tanker","N","W","40.740467","-74.079917",,,,,"9.14",,,,,,,,"198.12",,,,,,,,,,,,,,,,,,,,,,,,,,,,,,,,,,,,,,,,,,,,,,,,,,,,,,,,,,,,,,,,,,,,"Eastern Terminal_South Dock","21/5/2019 11:21:19+08",
"272023","56377","15401","37027","Trumbull Tanker Berth",,"Jetty","Never Existed","Tanker","N","W","40.7454","-74.0763",,,,,"9.75",,,,,,,,"182.88",,,,,,,,,,,,,,,,,,,,,,,,,"41.75",,,,,,,,,,,,,,,,,,,,,,,,,,,,,,,,,,,,,,,,,,,"Trumbull_Trumbull Tanker Berth","21/5/2019 11:21:19+08",
"272024","56378","15401","37029","Star Enterprises Tanker Berth",,,"Never Existed","Tanker",,,,,,,,,"10.67",,,,,,,,"225.55",,,,,,,,,,,,,,,,,,,,,,,,,"41.76",,,,,,,,,,,,,,,,,,,,,,,,,,,,,,,,,,,,,,,,,,,"Star Enterprises_Star Enterprises Tanker Berth","21/5/2019 11:21:19+08",
"272025","56379","15401","37030","Tanker Berth","Darling Ingredients","Floating Pontoon","Active","Tanker","N","W","40.713983","-74.122983","67",,,,"7.32","6.4","0.3","1.52","1.37","No vessels",,"No vessels","182.88",,,"20000",,,,,,,,,"24",,,,,,,,,,,,,"41.76",,,"Starboard",,,,,,,,,,,,,,,,,,,"Starboard",,,,,,,,,,,,,,,,,,,,,"Darling Ingredients - Newark_Tanker Berth","10/5/2021 11:41:47+08",
"272026","56380","15401","45236","Newburgh Berth","El Paso Production Company (Coastal Oil and Gas)","Jetty","Never Existed","Tanker","N","W","41.472367","-74.0101",,,,,"9.44",,,,,,,,"304.8",,,,,,,,,,,,,,,,,,,,,,,,,,,,,,,,,,,,,,,,,,,,,,,,,,,,,,,,,,,,,,,,,,,,"El Pasco (Coastal) Oil Terminal_Newburgh Berth","21/5/2019 11:21:19+08",
"272027","56381","15401","37031","Newark Tanker Berth",,,"Never Existed","Tanker","N","W","40.694233","-74.141633",,,,,"10.67",,,,,,,,"274.32",,,,,,,,,,,,,,,,,,,,,,,,,"41.76",,,,,,,,,,,,,,,,,,,,,,,,,,,,,,,,,,,,,,,,,,,"Hudson Terminal_Newark Tanker Berth","21/5/2019 11:21:19+08",
"272028","56382","15401","37005","Bayonne Tanker Berth",,"Pier","Never Existed","Tanker",,,,,,,,"11","10.05",,,,,,,,"274.32",,,"100000",,,,,,,,,,,,,,,,,,,,,,,,,,,,,,,,,,,,,,,,,,,,,,,,,,,,,,,,,,,,,,,,,"Buckeye - Port Reading Terminal_Bayonne Tanker Berth","21/5/2019 11:21:19+08",
"272029","56383","15401","37032","North Sewaren Berth","Shell","Jetty","Active","Tanker","N","W","40.543233","-74.253183","56","190",,"9.9",,"9.58","0.32","1.52","1.37","All vessels",,"All vessels","213.34","30.47",,"51768",,,,,,,,,"32.3",,,,,,"106.67",,"106.67",,"12.19",,,"43.59",,,"Either P/S",,,,,,,,,,,,,,,,,,,"Port or Starboard",,,"Shore (crew)",,,,,,,"Not Available",,,,,,,,,,,"Shell - Sewaren Terminal_North Sewaren Berth","4/5/2021 09:51:18+08",
"272030","56384","15401","37033","Bowline Point Tanker Berth","Orange and Rockland Utilities","T Jetty","Closed","Tanker","N","W","41.203733","-73.9559",,"200",,,"6.4",,,"1.52","1.37",,,,"152",,,,,,,,,,,,,,,,,,,,,,,,,"42.37",,,,,,,,,,,,,,,,,,,,,,,,,,,,,,,,,,,"12/05/2021 - No vessel visits in one year.",,,,,,,,"Bowline Point Terminal_Bowline Point Tanker Berth","12/5/2021 07:51:19+08",
"272031","56659","15401","37020","Berth B","BP Oil","Pier","Never Existed","Tanker",,,,,,,,"8.53","8.22",,,,,,"Unrestricted",,"243.84",,,,,,,,,,,,,,,,,,,,,,,,,,,,,,,,,,,,,,,,,,,,,,,"Starboard","HFO",,"Ship","Available",,,,,,"Available",,,,,,,,,,,"Trembly Point - Staten_Berth B","21/5/2019 11:21:19+08",
"272032","56660","15401","37018","West of One","IMTT Corp","Pier","Never Existed","Tanker",,,,,"194",,,,,"9.9",,,,,"Unrestricted",,"213.34",,,"50800",,,,,,,,,"35.05",,,,,,"103.62",,,,"15.2",,"5","64.6",,,,,,,,,,,,,,,,,,,,,,"Starboard",,,"Ship",,,,,,,,,,,,,,,,,,"IMTT Bayonne_West of One","22/6/2011 16:38:36+08",
"272033","56661","15401","37018","East of One","IMTT Corp","Pier","Never Existed","Tanker",,,,,,,,,"9.14","8.07",,,,,"Unrestricted",,"198.11",,,,,,,,,,,,"28.64",,,,,,"97.53",,,,,,,,,,,,,,,,,,,,,,,,,,,,,"Port","HFO",,"Ship","Available",,,,,,,,,,,,,,,,,"IMTT Bayonne_East of One","21/5/2019 11:21:19+08",
"272034","56662","15401","37018","Pier A","IMTT Corp","Pier","Never Existed","Tanker","N","W","40.648717","-74.112583",,,,,"13.71",,,,,,"Unrestricted",,"266.68",,,"130000",,,,,,,,,,"Unrestricted",,,,,"134",,,,"18.29",,,"64.6",,,"Either P/S",,,,,,,,,,,,,,,,,,,"Port or Starboard",,,"Ship",,,"3+2+2","3+2+2",,,,,,"Most vessel's dock starboard side to, but vessels can dock either side to depending on BCMBCM is unlimited docking port side to,  but max 134.11m when docking starboard side to berth",,,,,,,,"IMTT Bayonne_Pier A","21/5/2019 11:21:19+08",
"272035","56663","15401","39399","Pier 06 North","IMTT","Pier","Active","Tanker","N","W","40.653617","-74.085883",,"208",,"12.19","12","10.54",,"1.52","1.37","All vessels","Unrestricted","All vessels","253.59",,,"90000",,,,,,,,,"45.72",,,,,,"114.3",,,,,,,,,,"Starboard",,,,,,,,,,,,,,,,,,,"Starboard",,,"Ship",,,,,,,,,,,,,,,,,,"IMTT Bayonne_Pier 06 North","10/5/2021 14:06:57+08",
"272036","56664","15401","39399","Pier 05B","IMTT","T Jetty","Active","Tanker","N","W","40.648717","-74.098833",,"102",,,,"11.27",,"1.52","1.37","All vessels","Unrestricted","All vessels","243.8",,,"107506",,,,,,,,,,"Unrestricted",,,,,,,,,"13.1",,,,,,"Either P/S",,,,,,,,,,,,,,,,,,,"Port or Starboard",,,"Ship","Available",,,,,,,,,,,,,,,,,"IMTT Bayonne_Pier 05B","10/5/2021 13:57:44+08",
"272037","56665","15401","37008","Dock No. 02 ","Kinder Morgan","Jetty","Active","Tanker","N","W","40.583867","-74.209667",,"214",,,"11.3",,"0.3","1.52","1.37","All vessels",,"All vessels","246.89",,,"75000",,,,,,,,,"38",,,,,,,,,,,,,"40.54",,,"Either P/S",,,,,,,,,,,,,,,,,,,"Port or Starboard",,,"Ship",,,"Bow lines lead ahead with limited breasting capability. Chain hook secured to springs bollards. Do not use kooks. Place lines over bollards. When portside towards deploy gang-way aft of manifolds.","Stern line leads are acceptable.",,,"Available",,,,,,,,,,,"Kinder Morgan, Carteret_Dock No. 02","4/5/2021 14:26:54+08",
"272038","56666","15401","37013","No 1 Ship Berth","Mobil Oil Co","Pier","Never Existed","Tanker",,,,,"198",,,"8.23","7.6",,,,,,"Unrestricted",,"243.84",,,"50000",,,"43000",,,,,,,,,,,,"61",,,,,,,"43.6",,,,,,,,,,,,,,,,,,,,,,"Starboard",,,"Ship","Available",,,,,,"Available",,,,,,,,,,,"Port Mobil_No 1 Ship Berth","21/5/2019 11:21:19+08",
"272039","56667","15401","37014","Niagra Mohawk","Niagra Mohawk Steam Gen Plant","Pier","Never Existed","Tanker",,,,,,,,,"9.75",,,,,,"Unrestricted",,"228.6",,,,,,,,,,,,"33.53",,,,,,,,,,,,,"41.15",,,,,,,,,,,,,,,,,,,,,,"Starboard",,,"Ship",,,,,,,"Available",,,,,,,,,,,"Niagra Mohawk_Niagra Mohawk","20/7/2012 09:24:04+08",
"272040","56668","15401","37015","West Berth","Astoria Energy LLC","Pier","Active","Tanker","N","W","40.78385","-73.895183",,"297",,,"10.67",,,"1.52","1.37",,"Unrestricted",,"304.8",,,"155000",,,,,,,,,"43.28",,,,,,"164",,,,"15.2",,,"38.4",,,"Either P/S",,,,,,,,,,,,,,,,,,,"Port or Starboard",,,"Ship",,,,,,,,,,,,,,,,,,"Astoria Energy_West Berth","9/5/2019 09:14:33+08",
"272041","56669","15401","37015","East Berth","Astoria Energy LLC","Finger Pier","Active","Tanker","N","W","40.783733","-73.895",,"183",,,"10.52",,,"1.52","1.37",,"Unrestricted",,"304.8",,,"50800",,,,,,,,,"43.28",,,,,,"106",,,,"15.2",,,"38.4",,,"Either P/S",,,,,,,,,,,,,,,,,,,"Port or Starboard",,,"Ship",,,,,,,,,,,,,,,,,,"Astoria Energy_East Berth","9/5/2019 09:14:12+08",
"272042","56670","15401","37016","Berth No 1","Sears Oil Company","Pier","Never Existed","Tanker",,,,,,,,,"8.84",,,,,,"Unrestricted",,"228.6",,,,,,,,,,,,,,,,,,,,,,,,,"41.15",,,,,,,,,,,,,,,,,,,,,,"Starboard",,,"Ship",,,,,,,,,,,,,,,,,,"Sears Rensselear_Berth No 1","20/7/2012 08:49:05+08",
"272043","56671","15401","37017","A Dock -P Amboy 906","Stolt Nielson","Jetty","Never Existed","Tanker",,,,,"304",,,"11.5","10.67",,,,,,"Unrestricted",,"259.08",,,"81280",,,,,,,,,,,,,,,"122",,,,"15.2",,,"44.2",,,,,,,,,,,,,,,,,,,,,,"Port",,,"Ship",,,"Soft lines are acceptable","Soft lines are acceptable",,,"Available",,,,,,,,,,,"Stolt Outerbridge- P Amboy_A Dock -P Amboy 906","21/5/2019 11:21:19+08",
"272044","56502","15401","37002","Oil Dock No. 01","Phillips 66 ","Jetty","Active","Tanker","N","W","40.632283","-74.2029","195",,"391",,"12.9",,"0.63","1.52","1.37","All vessels",,"All vessels","276",,,"160000",,,,,,,,,"48",,,,,,,,"131.1",,"21.3","1.2",,"40.54",,,"Starboard",,,,,,,,,,,,,,,,,,,"Starboard",,,"Ship",,,,,,,"Available","Pipeline",,,,,,,,,,"Bayway Terminal_Oil Dock No. 01","5/5/2021 08:43:28+08",
"272045","56505","15401","37002","Oil Dock No. 02","Phillips 66 ","Jetty","Active","Tanker","N","W","40.6302","-74.2039","195",,"391","11.3","10.66",,,"1.52","1.37","All vessels","Unrestricted","All vessels","246.87",,,"73000",,,,,,,,,"40",,,,,,"100.58",,,,"14.3",,,"40.54",,,"Starboard",,,,,,,,,,,,,,,,,,,"Starboard",,,"Ship",,,,,,,"Available","Pipeline",,,,,,,,,,"Bayway Terminal_Oil Dock No. 02","5/5/2021 08:21:47+08",
"272046","56506","15401","38971","No. 19","BP Marine","Pier","Never Existed","Tanker","N","W","40.694667","-74.138233","205",,"844",,"10.67",,,"1.52","1.37",,"Unrestricted",,"213.36",,,"55880",,,,,,,,,,,,,,,,,,,,,,,,,,,,,,,,,,,,,,,,,,,,"Starboard",,,"Ship",,,,,,,"Available",,,,,,,,,,,"BP Marine Americas_No. 19","12/5/2021 08:44:14+08",
"272047","56507","15401","37003","Dock No 21","BP North America","Jetty","Never Existed","Tanker","N","W","40.693217","-74.137",,,,"10.4","8.85",,,,,,"Unrestricted",,"243.82",,"Increase possible with HM permission","55880",,,,,,,,,"43.88",,,,,,"102",,,,"12.1",,,"45.12",,,"Starboard",,,,,,,,,,,,,,,,,,,"Starboard","Not Available",,"Ship","Not Available",,,,,,"Available",,,,,,,,,,,"BP Terminal_Dock No 21","4/7/2011 14:23:39+08",
"272048","56508","15401","20132","Buckeye Berth - Perth Amboy","Buckeye","T Jetty","Active","Tanker","N","W","40.534567","-74.2526","178","347",,"11.2","10.36",,"0.61","1.52","1.37","All vessels","Unrestricted","All vessels","259.06",,,"115468",,,,,,,,,"44",,,,,,"137.2",,,,"14.3",,"5","43.58",,,"Either P/S",,,,,,,,,,,,,,,,,,,"Port or Starboard","Not Available",,"Ship","Not Available",,"3 Head lines, 1 Brest lines, 2 Spring lines","2 Spring lines, 1 Brest lines, 3 Stern lines","Not Available",,,,,"Max Airdraught - Northway - 40.53m & Southway 43.58",,,,,,,,"Buckeye Terminal - Perth Amboy_Buckeye Berth - Perth Amboy","29/4/2021 15:24:00+08",
"272049","56509","15401","37022","Berth","Cibro Oil Co","Pier","Never Existed","Tanker",,,,,,,,,"12.19",,,,,,"Unrestricted",,"262.13",,,,,,,,,,,,"42.67",,,,,,,,,,,,,,,,,,,,,,,,,,,,,,,,,,,"Port or Starboard",,,"Ship",,,,,,,,,,,,,,,,,,"Cibro Terminal_Berth","21/5/2019 11:21:19+08",
"272050","56510","15401","37023","CITGO Tremley Pt No. 04 PCI","CITGO Petroleum","Dolphin Berth","Closed","Tanker","N","W","40.6037","-74.204317",,"165",,,"10.97",,,"1.52","1.37",,"Unrestricted",,"201.17",,,"50800",,,,,,,,,"32.31",,,,,,,,,,,,"5","40.54",,,,,,,,,,,,,,,,,,,,,,"Starboard",,,"Ship",,,,,,,"Available",,,"04/05/2021 - No vessel visits in one year.",,,,,,,,"CITGO Petroleum Tremley Point Terminal_CITGO Tremley Pt No. 04 PCI","4/5/2021 15:16:39+08",
"272051","56511","15401","37006","Hudson Ave Brooklyn","Con Edison Power & Light","Pier","Closed","Tanker","N","W","40.705867","-73.981683","132",,,"11.58","10.97",,"0.61","1.52","1.37",,"Unrestricted",,"243.82",,,"81280",,,"80000",,,,,,"38.1",,,,,,"125",,,,,,,"38.71",,,,,,,,,,,,,,,,,,,,,,"Starboard",,,"Ship",,,,,,,"Available",,,"11/05/2021 - No vessel visits in one year.",,,,,,,,"Con ED Hudson Ave._Hudson Ave Brooklyn","11/5/2021 09:16:13+08",
"272052","56512","15401","37007","01","New Jersey Asphalt Terminal","Pier","Active","Tanker","N","W","40.638717","-74.1966",,"67",,,"6.7",,,"1.52","1.37","All vessels","Unrestricted","All vessels","182.88",,,,,,,,,,,,"30.48",,,,,,,,,,,,,"41.76",,,"Port",,,,,,,,,,,,,,,,,,,"Port","HFO",,"Ship","Available",,,,,,"Available",,,"Used by barges.",,,,,,,,"New Jersey Asphalt Terminal_1","6/5/2021 09:32:04+08",
"272053","56513","15401","37009","GATX Staten Isl 223","GATX","Pier","Never Existed","Tanker",,,,,"336",,,"10.7","10.21",,,,,,"Unrestricted",,"228.6",,,"40640",,,,,,,,,"29",,,,,,,,,,,,,"41.15",,,,,,,,,,,,,,,,,,,,,,"Port or Starboard",,,"Ship",,,,,,,,,,,,,,,,,,"Kinder Morgan - Staten Island_GATX Staten Isl 223","21/5/2019 11:21:19+08",
"272054","56514","15401","37010","Only Berth","Gordon","T Jetty","Never Existed","Tanker","N","W","40.648666","-74.101666",,,,,"11.58",,,,,,"Unrestricted",,"243.84",,,,,,,,,,,,,,,,,,,,,,,,,,,,,,,,,,,,,,,,,,,,,,,"Starboard","HFO",,"Shore (crew)","Available",,,,,,,,,,,,,,,,,"Gordons_Only Berth","21/5/2019 11:21:19+08",
"272055","57112","15401","37005","South P Reading","Buckeye Partners LP","T Jetty","Active","Tanker","N","W","40.55735","-74.240467","32","216",,,"11.1",,"0.31","1.52","1.37","All vessels",,"All vessels","243.84",,,"76604",,,,,,,,,,"Unrestricted",,,,,,,,,,,,"44.2",,,"Either P/S",,,,,,,,,,,,,,,,,,,"Port or Starboard",,,"Shore (crew)",,,,,,,,,,,,,,,,,,"Buckeye - Port Reading Terminal_South P Reading","4/5/2021 12:05:33+08",
"272006","55713","15401","36991","Bayonne No. 01 East","Exxon","Pier","Never Existed","Tanker","N","W","40.65015","-74.106583",,,,,"8.8",,,"1.52","1.37",,,,"195.1",,,"50000","8000",,"56896",,,,,,"36.6",,,,,,"88",,,,"19.5","6.4",,"64.6",,,,,,,,,,,,,,,,,,,,,,,"HFO",,,"Available",,"Vessels not achieving manifold airdraught must provide 40ft x 6' cargo hose with boom. Min 6 wires on winches.",,,,,,,"10/05/2021 - No vessel visits in at least four years.",,,,,,,,"Exxon -1 Bayonne_Bayonne No. 01 East","17/5/2021 10:03:02+08",
"272056","55588","15401","37009","Kinder Morgan Berth","Kinder Morgan (land purchased by NorthPoint Development)","Jetty","Closed","Tanker","N","W","40.543283","-74.247917","87","197",,"10.97",,,,"1.52","1.37",,,,"246.89",,,"83823",,,,,,,,,"32.2",,,,,,,,,,,,,"42.68",,,"Either P/S",,,,,,,,,,,,,,,,,,,"Port or Starboard",,,,,,,,,,,,,,,,,,,,,"Kinder Morgan - Staten Island_Kinder Morgan Berth","4/5/2021 12:28:11+08",
"272063","55561","15401","37004","Oil Berth","Sprague","Jetty","Active","Tanker","N","W","40.800983","-73.906283","76","204",,"10.66",,,,"1.52","1.37","All vessels","Unrestricted","All vessels","304.8",,,"80000",,,"74800",,,,,,"38.1",,,,,,"123",,"123",,"37.5",,"5","41.15",,,"Either P/S",,,,,,,,,,,,,,,,,,,"Port or Starboard",,,"Ship","Not Available",,,,,,"Available",,,,,,,,,,,"SpragueTerminal, Bronx_Oil Berth","11/5/2021 09:23:19+08",
"272061","55559","15401","36993","Lovett  Fuel","Closed","Jetty","Never Existed","Tanker",,,,,,,,,"10.06",,,,,,,,"213",,,,,,,,,,,,,,,,,,,,,,,,,,,,,,,,,,,,,,,,,,,,,,,,,,,,,,,,,,,,,,,,,,,,"Hudson River Terminal_Lovett  Fuel","19/4/2011 16:03:50+08",
"272071","59077","15401","38974","Sun Oil (Barges Only)",,"T Jetty","Never Existed","Tanker","N","W","42.61665","-73.7569",,,,"0",,,,,,,,,"213.34",,,,,,,,,,,,"33.52",,,,,,,,,,,,,"40.23",,,,,,,,,,,,,,,,,,,,,,,,,,,,,,,,"Available",,,,,,,,,,,"Sun_Sun Oil (Barges Only)","21/5/2019 11:21:18+08",
"272059","55566","15401","36995","Castle Oil - West",,"Jetty","Never Existed","Tanker",,,,,,,,,"11.27",,,,,,,,"274",,,"90000",,,,,,,,,,,,,,,,,,,,,,,,,,,,,,,,,,,,,,,,,,,,,,,,,,,,,,,,,,,,,,,,,"Edgewater_Castle Oil - West","20/7/2012 07:49:24+08",
"272060","55567","15401","36995","Edison Astor",,"Pier","Never Existed","Tanker",,,,,,,,"10.36","10.05",,,,,,,,"218",,,,,,,,,,,,"30.5",,,,,,,,,,,,,,,,,,,,,,,,,,,,,,,,,,,,,,,,,,,,,,,,,,,,,,,,"Edgewater_Edison Astor","20/7/2012 08:51:25+08",
"272065","55446","15401","37005","North P Reading","Buckeye Partners LP","T Jetty","Active","Tanker","N","W","40.558383","-74.23765","55","252",,"10.67","10.05",,"0.31","1.52","1.37","All vessels",,"All vessels","274.3",,,"115468",,,,,,,,,,"Unrestricted",,,,,"167.63",,,,,,,"43.58",,,"Either P/S",,,,,,,,,,,,,,,,,,,"Port or Starboard",,,"Shore (crew)",,,,,,,"Available",,,"Max Air-draught: 40.53m Northway / 43.58m Southway",,,,,,,,"Buckeye - Port Reading Terminal_North P Reading","4/5/2021 12:07:30+08",
"272064","55443","15401","37028","Tanker Berth","Center Point Terminal Company, LLC","Jetty","Closed","Tanker","N","W","40.708417","-74.121567","21","96",,,"9.14",,,"1.52","1.37",,,,"204.21",,,,,,,,,,,,,,,,,,,,,,,,,"41.76",,,,,,,,,,,,,,,,,,,,,,,,,,,,,,,,,,,"10/05/2021 - No vessel visits in one year.",,,,,,,,"Center Point Terminal Newark_Tanker Berth","10/5/2021 11:36:38+08",
"272066","34703","15401","20132","Chevron Tanker Berth","Chevron","T Jetty","Never Existed","Tanker","N","W","40.534567","-74.2525",,"355",,,"9.45",,,,,,,,"243.84",,,,,,,,,,,,,,,,,,"137.16","47.27",,"47.27",,,,"42.68",,,"Port",,,,,,,,,,,,,,,,,,,"Port or Starboard","HFO",,,"Available",,"3+2+2  Springs must be wires and must have rope tails","3+2+2  Springs must be wires and must have rope tails",,,"Available",,,,,,,,,,,"Buckeye Terminal - Perth Amboy_Chevron Tanker Berth","21/5/2019 11:21:20+08",
"272067","34704","15401","19177","Kinder Morgan Outerbridge","Kinder Morgan","Jetty","Active","Tanker","N","W","40.521617","-74.250133","65","304",,"11.28","10.06",,,"1.52","1.37","All vessels",,"All vessels","274.32",,,"74996",,,,,,,,,"32.26",,,,,,,,,,,,,"36.58",,,"Either P/S",,,,,,,,,,,,,,,,,,,"Port or Starboard",,,,,,,,,,"Available",,,,,,,,,,,"Kinder Morgan Perth Amboy Terminal_Kinder Morgan Outerbridge","29/4/2021 14:37:28+08",
"272068","32031","15401","20132","Berth 3 - South (Barge)","Buckeye","Quay","Never Existed","Tanker","N","W","40.535383","-74.2542","134",,"268",,"6.4",,,,,,,,,,,,,,,,,,,,,,,,,,,,,,,,,,,,,,,,,,,,,,,,,,,,,,,,,,,,,,,,,,,,,,,,,,,,"Buckeye Terminal - Perth Amboy_Berth 3 - South (Barge)","21/5/2019 11:21:24+08",
"272069","32449","15401","20132","Berth 2 - (Barge)  (No Longer Used)","Chevron","Unknown","Never Existed","Tanker","N","W","40.522833","-74.248333",,,,"0",,,,,,,,,,,,,,,,,,,,,,,,,,,,,,,,,,,,,,,,,,,,,,,,,,,,,,,,,,,,,,,,,,,,,,,,,,,,,"Buckeye Terminal - Perth Amboy_Berth 2 - (Barge)  (No Longer Used)","21/5/2019 11:21:23+08",
"272070","32250","15401","20132","Berth 4 - North (Barge)","Buckeye","Quay","Never Existed","Tanker","N","W","40.536333","-74.254433","134",,"268",,"5.8",,,,,,,,,,,,,,,,,,,,,,,,,,,,,,,,,,,,,,,,,,,,,,,,,,,,,,,,,,,,,,,,,,,,,,,,,,,,"Buckeye Terminal - Perth Amboy_Berth 4 - North (Barge)","21/5/2019 11:21:24+08",
"272072","59061","15401","38960","Stapleton Anchorage","Niagara Mohawk Power","STS","Never Existed","Tanker","N","W","40.626833","-74.059166",,,,,"13.72",,,"1.52","1.37",,,,,,,,,,,,,,,,,,,,,,,,,,,,,,,,,,,,,,,,,,,,,,,,,,,,,,,,,,,,,,,,,,,,,,,,"Niagara Mohawk Terminal_Stapleton Anchorage","17/3/2021 02:29:47+08",
"272073","59062","15401","40011","21","Port Authority of New York and New Jersey","Pier","Active","Dry Cargo","N","W","40.693267","-74.1369","213",,"844","12.1",,,,"1.52","1.37",,,,"230.84",,,"31143",,,,,,,,,"37.2",,,"75528",,,,,,,,,,"45.12",,,,"PCC",,,,,,,,,,,,"True",,,,,,"Starboard",,,"Ship",,,,,,,,,,,,,,,,,,"Port Newark Auto Terminal_21","12/5/2021 08:46:52+08",
"272074","59063","15401","38960","Con Ed (Hudson Avenue)",,"Unknown","Never Existed","Tanker",,,,,,,,"0",,,,,,,,,"243.84",,,,,,,,,,,,"38.1",,,,,,,,,,,,,"37.81",,,,,,,,,,,,,,,,,,,,,,,"HFO",,,"Available",,,,,,"Available",,,,,,,,,,,"Niagara Mohawk Terminal_Con Ed (Hudson Avenue)","17/3/2021 02:29:47+08",
"272075","59064","15401","38973","Darlington International/van Iderstine",,"Alongside","Never Existed","Tanker","N","W","40.713533","-74.123067",,,,"0",,,,,,,,,"182.88",,,,,,,,,,,,"22.86",,,,,,,,,,,,,"45.12",,,,,,,,,,,,,,,,,,,,,,,"HFO",,,"Available",,,,,,"Available",,,,,,,,,,,"Texaco_Darlington International/van Iderstine","21/5/2019 11:21:18+08",
"272076","59065","15401","38972","14","Hudson Tank Storage Co.","Quay","Active","Tanker","N","W","40.694267","-74.141617","189",,,,"11.27",,,"1.52","1.37","All vessels",,"All vessels","185.08",,,"50695",,,,,,,,,"35",,,,,,,,,,,,,"45.12",,,"Port",,,,,,,,,,,,,,,,,,,"Port","HFO",,,"Available",,,,,,"Available",,,,,,,,,,,"Hudson Tank Storage Co._14","10/5/2021 08:44:04+08",
"272077","59066","15401","38960","Croda Storage Berth 1",,"Unknown","Never Existed","Tanker","N","W","40.638883","-74.1964",,,,"0",,,,,,,,,"182.88",,,,,,,,,,,,"30.48",,,,,,,,,,,,,"45.12",,,,,,,,,,,,,,,,,,,,,,,"HFO",,,"Available",,,,,,"Available",,,,,,,,,,,"Niagara Mohawk Terminal_Croda Storage Berth 1","17/3/2021 02:29:47+08",
"272078","59067","15401","38960","KMI  - Staten Island",,"Unknown","Never Existed","Tanker",,,,,,,,"10.97",,,,,,,,,"246.89",,,"83823",,,,,,,,,"32.2",,,,,,,,,,,,,"42.68",,,"Either",,,,,,,,,,,,,,,,,,,"Port or Starboard",,,,,,,,,,,,,,,,,,,,,"Niagara Mohawk Terminal_KMI  - Staten Island","17/3/2021 02:29:47+08",
"272079","59248","15401","39105","Dock No. 1","Buckeye Partners LP","L Jetty","Closed","Tanker","N","W","40.510467","-74.292583","75",,,"8.23",,,,"1.52","1.37",,,,"201.17",,,,,,,,,,,,"25.91",,,,,,,,,,,,,"43.58",,,,,,,,,,,,,,,,,,,,,,,,,,,,,,,,,,,"29/04/2021 - No vessel visits in two years.",,,,,,,,"Buckeye Raritan Bay Terminal_Dock No. 1","29/4/2021 14:28:25+08",
"272091","59666","15401","39419","Berth 01 (Bayonne)","Buckeye Partners LP","T Jetty","Active","Tanker","N","W","40.650117","-74.091733",,"86",,"12.95","12.2",,,"1.52","1.37","All vessels",,"All vessels","274.32",,,"115674",,,,,,,,,"44.8",,,,,,"137.16",,,,,,,"67.97",,,"Starboard",,,,,,,,,,,,,,,,,,,"Starboard",,,,,,,,,,,,,,,,,,,,,"Buckeye Bayonne Terminal_Berth 01 (Bayonne)","10/5/2021 13:56:54+08",
"272092","59638","15401","39399","I.M.T.T. Con Hook Berth 6 North","IMTT","Finger Pier","Never Existed","Tanker","N","W","40.653666","-74.086166",,,,"12.19","10.97",,,,,,,,"253.59",,,"90000",,,,,,,,,"45.72",,,,,,"114.3",,,,"17.37",,,,,,"Port",,,,,,,,,,,,,,,,,,,"Port","HFO",,,"Available",,,,,,"Available",,,,,,,,,,,"IMTT Bayonne_I.M.T.T. Con Hook Berth 6 North","21/5/2019 11:21:18+08",
"272093","59672","15401","39411","Gordon Berth","Gordon Terminal Service Co. of N J","T Jetty","Active","Tanker","N","W","40.648917","-74.101683","18","220",,,"10.97",,,"1.52","1.37","All vessels",,"All vessels","244",,,"106290",,,,,,,,,"42",,,,,,,,,,,,,,,,"Either P/S",,,,,,,,,,,,,,,,,,,"Port or Starboard","HFO",,,"Available",,,,,,"Available",,,,,,,,,,,"Gordon Terminal_Gordon Berth","10/5/2021 12:10:38+08",
"272094","59673","15401","39399","Pier 01 West","IMTT","Finger Pier","Active","Tanker","N","W","40.649917","-74.110383","116","170",,"10.67",,"10.05",,"1.52","1.37","All vessels",,"All vessels","213.36",,,"52648",,,,,,,,,"35.05",,,,,,"103.63",,,,,,,,,,"Starboard",,,,,,,,,,,,,,,,,,,"Starboard","HFO",,"Ship","Available",,,,,,"Available",,,,,,,,,,,"IMTT Bayonne_Pier 01 West","10/5/2021 11:55:37+08",
"272095","59674","15401","39399","Pier A","IMTT","T Jetty","Active","Tanker","N","W","40.648683","-74.112533",,"271",,,,"13.89",,"1.52","1.37","All vessels","Unrestricted","All vessels","266.7",,,"130000","80000",,,,,,,,,"Unrestricted",,,,,"134.11",,,,"18.29",,,,,,"Either P/S",,,,,,,,,,,,,,,,,,,"Port or Starboard","HFO",,"Ship","Available",,"3+2+2","3+2+2",,,"Available",,,"Most vessel's dock starboard side to, but vessels can dock either side to depending on BCM. BCM is unlimited docking port side to,  but max 134.11m when docking starboard side to berth.",,,,,,,,"IMTT Bayonne_Pier A","10/5/2021 11:53:26+08",
"272080","59640","15401","39399","Pier 05C","IMTT","T Jetty","Active","Tanker","N","W","40.652","-74.087817",,"312",,,"13.89",,,"1.52","1.37","All vessels",,"All vessels","283.46",,,"130000",,,,,,,,,"46",,,,,,"141.73",,,,,,,,,,"Starboard",,,,,,,,,,,,,,,,,,,"Starboard","HFO",,,"Available",," 2+2+2 (V/l's between 40,000 and 80,000 SDWT);  3+2+2 (V/l's  between 80,000 and 130,000 SDWT)"," 2+2+2 (V/l's between 40,000 and 80,000 SDWT);  3+2+2 (V/l's  between 80,000 and 130,000 SDWT)",,,"Available",,,,,,,,,,,"IMTT Bayonne_Pier 05C","10/5/2021 13:59:18+08",
"272081","59641","15401","39399","Pier 01 East","IMTT","Finger Pier","Closed","Tanker","N","W","40.649917","-74.1102","116","170",,,,"7.92",,"1.52","1.37",,,,"198.12",,,,,,,,,,,,"28.65",,,,,,"97.53",,,,,,,,,,"Either P/S",,,,,,,,,,,,,,,,,,,"Port or Starboard","HFO",,,"Available",,,,,,"Available",,,"10/05/2021 - No vessel visits in one year.",,,,,,,,"IMTT Bayonne_Pier 01 East","10/5/2021 11:56:25+08",
"272082","59642","15401","39399","Pier 03 West","IMTT","Finger Pier","Closed","Tanker","N","W","40.649817","-74.108533",,"102",,,,"9.02","0.61","1.52","1.37",,,,"152.4",,,,,,,,,,,,"24.38",,,,,,"71.62",,,,,,,,,,"Either P/S",,,,,,,,,,,,,,,,,,,"Port or Starboard","HFO",,,"Available",,,,,,"Available",,,"10/05/2021 - No vessel visits in one year.",,,,,,,,"IMTT Bayonne_Pier 03 West","10/5/2021 12:01:34+08",
"272083","59643","15401","39399","Pier 03 East","IMTT","Finger Pier","Closed","Tanker","N","W","40.64975","-74.1083",,,,"5.5",,"4.75",,"1.52","1.37",,,,"121.92",,,,,,,,,,,,"27.43",,,,,,"62.48",,,,,,,,,,"Either P/S",,,,,,,,,,,,,,,,,,,"Port or Starboard","HFO",,,"Available",,,,,,"Available",,,"10/05/2021 - No vessel visits in one year.",,,,,,,,"IMTT Bayonne_Pier 03 East","10/5/2021 12:02:03+08",
"272084","59644","15401","39399","Pier 04 West","IMTT","Finger Pier","Closed","Tanker","N","W","40.649733","-74.107883",,,,"5.8","5.03","4.87","0.3","1.52","1.37",,,,"106.68",,,,,,,,,,,,"24.38",,,,,,"60.96",,,,,,,,,,"Either P/S",,,,,,,,,,,,,,,,,,,"Port or Starboard","HFO",,,"Available",,,,,,"Available",,,"10/05/2021 - No vessel visits in one year.",,,,,,,,"IMTT Bayonne_Pier 04 West","10/5/2021 12:02:54+08",
"272085","59645","15401","39399","Pier 04 East","IMTT","Finger Pier","Closed","Tanker","N","W","40.649717","-74.10765",,,,"7.62",,"5.66",,"1.52","1.37",,,,"114.3",,,,,,,,,,,,"33.52",,,,,,"57.3",,,,,,,,,,"Either P/S",,,,,,,,,,,,,,,,,,,"Port or Starboard","HFO",,,"Available",,,,,,"Available",,,"10/05/2021 - No vessel visits in one year.",,,,,,,,"IMTT Bayonne_Pier 04 East","10/5/2021 12:03:33+08",
"272086","59646","15401","39399","Pier 07 Berth 02.5","IMTT","Quay","Active","Tanker","N","W","40.655617","-74.08755",,,"260",,,"7.31","0.3","1.52","1.37",,,,"97.53",,,,,,,,,,,,,"Unrestricted",,,,,"48.76",,,,,,,,,,"Starboard",,,,,,,,,,,,,,,,,,,"Starboard","HFO",,,"Available",,,,,,"Available",,,"Used by barges.",,,,,,,,"IMTT Bayonne_Pier 07 Berth 02.5","10/5/2021 14:12:22+08",
"272088","59648","15401","39399","Pier 07 Berth 04","IMTT","Quay","Active","Tanker","N","W","40.655517","-74.086317",,,"260",,,"7.49","0.3","1.52","1.37",,,,"121.92",,,,,,,,,,,,,"Unrestricted",,,,,"60.96",,,,,,,,,,,,,,,,,,,,,,,,,,,,,,"HFO",,,"Available",,,,,,"Available",,,"Used by barges.",,,,,,,,"IMTT Bayonne_Pier 07 Berth 04","10/5/2021 14:11:57+08",
"272089","59649","15401","39399","Pier 07 Berth 05","IMTT","Finger Pier","Closed","Tanker","N","W","40.654933","-74.08485",,,,"8.08",,"7.8","0.31","1.52","1.37",,,,"137.16",,,,,,,,,,,,,"Unrestricted",,,,,"70.1",,,,,,,,,,,,,,,,,,,,,,,,,,,,,,"HFO",,,"Available",,,,,,"Available",,,"10/05/2021 - No vessel visits in one year.",,,,,,,,"IMTT Bayonne_Pier 07 Berth 05","10/5/2021 14:10:20+08",
"272090","59650","15401","39399","Pier 07 Berth 06","IMTT","Finger Pier","Closed","Tanker","N","W","40.6548","-74.08485",,,,"8.53",,"8.1","0.3","1.52","1.37",,,,"137.16",,,,,,,,,,,,,"Unrestricted",,,,,"76.2",,,,,,,,,,,,,,,,,,,,,,,,,,,,,,"HFO",,,"Available",,,,,,"Available",,,"10/05/2021 - No vessel visits in one year.",,,,,,,,"IMTT Bayonne_Pier 07 Berth 06","10/5/2021 14:09:32+08",
"272096","59669","15401","39399","I.M.T.T. Con Hook Berth 6 South","IMTT","Finger Pier","Never Existed","Tanker","N","W","40.653333","-74.086166",,,,"11.43","10.21",,,,,,,,"213.36",,,"90000",,,,,,,,,"38.1",,,,,,"106.68",,,,,,,,,,"Starboard",,,,,,,,,,,,,,,,,,,"Starboard","HFO",,,"Available",,,,,,"Available",,,,,,,,,,,"IMTT Bayonne_I.M.T.T. Con Hook Berth 6 South","21/5/2019 11:21:18+08",
"272097","59676","15401","39410","Coastal - Bayonne",,"Unknown","Never Existed","Tanker",,,,,,,,"0","10.97",,,,,,,,"243.84",,,,,,,,,,,,,,,,,,,,,,,,,,,,,,,,,,,,,,,,,,,,,,,,"HFO",,,"Available",,,,,,"Available",,,,,,,,,,,"El Paso  (Ex: Coastal)_Coastal - Bayonne","21/5/2019 11:21:18+08",
"272098","62753","15401","39399","I.M.T.T. Pier 9 T","IMTT","Pier","Never Existed","Tanker",,,,,,,,,"9.75",,,,,,,,"152.4","76.2",,,,,,,,,,,,,,,,,,,,,,,,,,,"Either P/S",,,,,,,,,,,,,,,,,,,"Port or Starboard",,,,,,,,,,,,,,,,,,,,,"IMTT Bayonne_I.M.T.T. Pier 9 T","14/12/2017 11:31:47+08",
"272099","61022","15401","40008","52","Maher Terminals LLC","Quay","Closed","Dry Cargo","N","W","40.686717","-74.159583","197",,"2348","13.7",,,,"1.52","1.37","All vessels",,"All vessels",,,,,,,,,,,,,,,,,,,,,,,,,,"46",,,,"Freight",,,,"True",,,,,"True",,,,,,"4 x 71t Liebherr Super Post- Panamax cranes with 68.6m outreach, 2 x 71t Liebherr Post- Panamax cranes with 68.6m outreach, 2 x 66t Liebherr Super Post- Panamax cranes with 61m outreach, 5 x 66t Fantuzzi Post- Panamax cranes with 61m outreach, 4 x 66t ZPMC Post- Panamax cranes with 61m outreach and 7 x 50.8t Paceco Post- Panamax cranes with 41.1m outreach all available at the terminal.","True",,,,,,,,,,,,,,,"07/05/2021 - No vessel visits in one year. Depths from 13.7 - 15.2m.","True",,,,,,,"Maher Container Terminal - Port Elizabeth_52","7/5/2021 13:34:22+08",
"272100","61024","15401","40008","76","Maher Terminals LLC","Quay","Active","Dry Cargo","N","W","40.673033","-74.139467","230",,"690","15.2","11.9",,,"1.52","1.37","All vessels",,"All vessels","306",,,"85326",,,,,,,,,"40",,,"75579","6921",,,,,,,,,"46",,,,,,,,"True",,,,,"True",,,,,,"4 x 71t Liebherr Super Post- Panamax cranes with 68.6m outreach, 2 x 71t Liebherr Post- Panamax cranes with 68.6m outreach, 2 x 66t Liebherr Super Post- Panamax cranes with 61m outreach, 5 x 66t Fantuzzi Post- Panamax cranes with 61m outreach, 4 x 66t ZPMC Post- Panamax cranes with 61m outreach and 7 x 50.8t Paceco Post- Panamax cranes with 41.1m outreach all available at the terminal.","True",,"Port or Starboard",,,,,,,,,,,,,,"True",,,,,,,"Maher Container Terminal - Port Elizabeth_76","7/5/2021 08:22:04+08",
"272101","61026","15401","40009","82","APM Terminals","Quay","Active","Dry Cargo","N","W","40.66775","-74.143133",,,"1097","15.24","14.1",,,"1.52","1.37","All vessels",,"All vessels","350",,,"125000",,,,,,,,,"48.4",,,"112967",,,,,,,,,,"46",,,,,,,,"True",,,,,"True",,,"True",,,"4 x 50.8t ZPMC Post- Panamax cranes with 62.8m outreach, 6 x 50.8t ZPMC Post- Panamax cranes with 42.7m outreach, 2 x 50.8t Paceco Post- Panamax cranes with 42.7m outreach, 3 x 50.8t Paceco cranes with 35.5m outreach and 1 x 100t floating crane (per contractor) available at the terminal.",,,"Port",,,,"Available",,,,,,"Not Available",,,,"True",,,,,,,"APM Terminals_82","9/5/2019 09:12:25+08",
"272102","61027","15401","40009","No 92",,"Alongside","Never Existed","Dry Cargo","N","W","40.660733","-74.14795","205",,"1370",,,,,,,,,,,,,,,,,,,,,,,,,,,,,,,,,,,,,,,,,,,,,,,,"True",,,,,,"6 x 30t Paceco, height 25m, outreach 35m, 2 x 50t Paceco post panamax, 3 x 50t ZPMC post Panamax.",,,,,,,,,,,,,,,,"Depths from 13.7 - 15.2m",,,,,,,,"APM Terminals_No 92","5/11/2012 10:46:02+08",
"272103","61028","15401","40009","94","APM Terminals","Quay","Active","Dry Cargo","N","W","40.66","-74.150233",,,"760","13.7","11.4",,,"1.52","1.37","All vessels",,"All vessels","299.99",,,"85928",,,,,,,,,"40",,,"75590","6732",,,,,,,,,"46",,,,,,,,"True",,,,,"True",,,"True",,,"4 x 50.8t ZPMC Post- Panamax cranes with 62.8m outreach, 6 x 50.8t ZPMC Post- Panamax cranes with 42.7m outreach, 2 x 50.8t Paceco Post- Panamax cranes with 42.7m outreach, 3 x 50.8t Paceco cranes with 35.5m outreach and 1 x 100t floating crane (per contractor) available at the terminal.",,,"Port or Starboard",,,,"Available",,,,,,"Not Available",,,,"True",,,,,,,"APM Terminals_94","6/5/2021 14:34:35+08",
"272104","61029","15401","40009","No 96",,"Alongside","Never Existed","Dry Cargo","N","W","40.661433","-74.153517","254",,"1370",,,,,,,,,,,,,,,,,,,,,,,,,,,,,,,,,,,,,,,,,,,,,,,,"True",,,,,,"6 x 30t Paceco, height 25m, outreach 35m, 2 x 50t Paceco post panamax, 3 x 50t ZPMC post Panamax.",,,,,,,,,,,,,,,,"Depths 13.7 - 15.2m",,,,,,,,"APM Terminals_No 96","5/11/2012 10:46:10+08",
"272105","61030","15401","40009","No 98",,"Alongside","Never Existed","Dry Cargo","N","W","40.662433","-74.156467","254",,"1370",,,,,,,,,,,,,,,,,,,,,,,,,,,,,,,,,,,,,,,,,,,,,,,,"True",,,,,,"6 x 30t Paceco, height 25m, outreach 35m, 2 x 50t Paceco post panamax, 3 x 50t ZPMC post Panamax.",,,,,,,,,,,,,,,,"Depth 13.7 - 15.2m",,,,,,,,"APM Terminals_No 98","5/11/2012 10:46:20+08",
"272106","61031","15401","40010","51","Port Newark Container Terminal","Quay","Active","Dry Cargo","N","W","40.688217","-74.157417","222",,"1615","12.2","10.6",,,"1.52","1.37","All vessels",,"All vessels","300",,,"85832",,,,,,,,,"40",,,"75590","6732",,,,,,,,,"46",,,,"Freight",,,,"True",,,,,"True",,,,,,"3 x 66t ZPMC cranes with 57m outreach, 2 x 60.9t ZPMC Post- Panamax crane with 51m outreach and 4 x 60.9t Fantuzzi Post Panamax crane with 51m outreach available at the terminal.",,,"Starboard",,,"Ship",,,,,,,,,,"Depths from 12.2 - 15.2m.","True",,,,,,,"Port Newark Container Terminal (PNCT)_51","7/5/2021 13:42:19+08",
"272107","61032","15401","40010","53","Port Newark Container Terminal","Quay","Active","Dry Cargo","N","W","40.687217","-74.155783","222",,"1615",,"12.4",,,"1.52","1.37","All vessels",,"All vessels","333.99",,,"100887",,,,,,,,,"42.8",,,"90449","8084",,,,,,,,,"46",,,,"Freight",,,,"True",,,,,"True",,,,,,"3 x 66t ZPMC cranes with 57m outreach, 2 x 60.9t ZPMC Post- Panamax crane with 51m outreach and 4 x 60.9t Fantuzzi Post Panamax crane with 51m outreach available at the terminal.",,,"Port or Starboard",,,"Ship",,,,,,,,,,"Depths from 12.2 - 15.2m.","True",,,,,,,"Port Newark Container Terminal (PNCT)_53","12/5/2021 09:04:59+08",
"272108","61033","15401","40010","55","Port Newark Container Terminal","Quay","Active","Dry Cargo","N","W","40.685733","-74.153383","222",,"1615",,"12.6",,,"1.52","1.37","All vessels",,"All vessels","339.6",,,"115414",,,,,,,,,"48.4",,,"100430","8814",,,,,,,,,"46",,,,"Freight",,,,"True",,,,,"True",,,,,,"3 x 66t ZPMC cranes with 57m outreach, 2 x 60.9t ZPMC Post- Panamax crane with 51m outreach and 4 x 60.9t Fantuzzi Post Panamax crane with 51m outreach available at the terminal.",,,"Port or Starboard",,,"Ship",,,,,,,,,,"Depths from 12.2 - 15.2m.","True",,,,,,,"Port Newark Container Terminal (PNCT)_55","7/5/2021 13:48:08+08",
"272109","61034","15401","40010","57","Port Newark Container Terminal","Quay","Active","Dry Cargo","N","W","40.6846","-74.151667","222",,"1615",,"13.3",,,"1.52","1.37","All vessels",,"All vessels","365.85",,,"154792",,,,,,,,,"48.4",,,"140096","12400",,,,,,,,,"46",,,,"Freight",,,,"True",,,,,"True",,,,,,"3 x 66t ZPMC cranes with 57m outreach, 2 x 60.9t ZPMC Post- Panamax crane with 51m outreach and 4 x 60.9t Fantuzzi Post Panamax crane with 51m outreach available at the terminal.",,,"Port or Starboard",,,"Ship",,,,,,,,,,"Depths from 12.2 - 15.2m.","True",,,,,,,"Port Newark Container Terminal (PNCT)_57","7/5/2021 13:51:52+08",
"272110","61035","15401","40010","59","Port Newark Container Terminal","Quay","Active","Dry Cargo","N","W","40.683217","-74.149367","222",,"1615",,"13.5",,,"1.52","1.37","All vessels",,"All vessels","366.36",,,"148775",,,,,,,,,"48.4",,,"141635","13102",,,,,,,,,"46",,,,"Freight",,,,"True",,,,,"True",,,,,,"3 x 66t ZPMC cranes with 57m outreach, 2 x 60.9t ZPMC Post- Panamax crane with 51m outreach and 4 x 60.9t Fantuzzi Post Panamax crane with 51m outreach available at the terminal.",,,"Starboard",,,"Ship",,,,,,,,,,"Depths from 12.2 - 15.2m.","True",,,,,,,"Port Newark Container Terminal (PNCT)_59","7/5/2021 14:21:03+08",
"272111","61036","15401","40011","05","Port Authority of New York and New Jersey","Quay","Closed","Dry Cargo","N","W","40.6998","-74.151667",,,"1290","10.6",,,,"1.52","1.37",,,,,,,,,,,,,,,,,,,,,,,,,,,,,"46",,,,"PCC",,,,,,,,,,,,"True",,,,,,,,,,,,,,,,,,,"10/05/2021 - No vessel visits in one year. Depths from 10.6 - 12.1m.",,,,,,,,"Port Newark Auto Terminal_5","10/5/2021 09:28:45+08",
"272112","61037","15401","40011","07","Port Authority of New York and New Jersey","Quay","Closed","Dry Cargo","N","W","40.699167","-74.149867",,,"1290","12.1",,,,"1.52","1.37",,,,,,,,,,,,,,,,,,,,,,,,,,,,,"46",,,,"PCC",,,,,,,,,,,,,,,,,,,,,,,,,,,,,,,"10/05/2021 - No vessel visits in one year. Used by FAPS (Foreign Auto Preparation Service) - imported cars.",,,,,,,,"Port Newark Auto Terminal_7","12/5/2021 09:01:54+08",
"272113","61038","15401","40011","09","Port Authority of New York and New Jersey","Quay","Closed","Dry Cargo","N","W","40.6985","-74.147917",,,"1290","12.1",,,,"1.52","1.37",,,,,,,,,,,,,,,,,,,,,,,,,,,,,"46",,,,"PCC",,,,,,,,,,,,,,,,,,,,,,,,,,,,,,,"10/05/2021 - No vessel visits in one year. Used by FAPS (Foreign Auto Preparation Service) - imported cars.",,,,,,,,"Port Newark Auto Terminal_9","10/5/2021 09:29:49+08",
"272114","61039","15401","40011","11","Port Authority of New York and New Jersey","Quay","Active","Dry Cargo","N","W","40.697933","-74.14625",,,"1290","12.1","9.9",,,"1.52","1.37","All vessels",,"All vessels","296",,,"55738",,,,,,,,,"37.6",,,"100430","3817",,,,,,,,,"46",,,,"PCC",,,,,,,,,"True",,,,,,,,,"Starboard",,,"Ship",,,,,,,,,,"Used by FAPS (Foreign Auto Preparation Service) - imported cars.",,,,,,,,"Port Newark Auto Terminal_11","10/5/2021 09:34:13+08",
"272115","61040","15401","40011","13","Port Authority of New York and New Jersey","Quay","Closed","Dry Cargo","N","W","40.697133","-74.143933",,,"1290","12.1",,,,"1.52","1.37",,,,"230.84",,,"31143",,,,,,,,,"32.26",,,"76420",,,,,,,,,,"46",,,,"PCC",,,,,,,,,,,,,,,,,,"Starboard",,,"Ship",,,,,,,,,,"10/05/2021 - No vessel visits in one year. Used by FAPS (Foreign Auto Preparation Service) - imported cars.",,,,,,,,"Port Newark Auto Terminal_13","10/5/2021 09:49:42+08",
"272116","61041","15401","40011","15","Port Authority of New York and New Jersey (Multi user berths)","Quay","Active","Dry Cargo","N","W","40.696467","-74.142","188",,"1316","12.1","10.9",,,"1.52","1.37","All vessels",,"All vessels","296",,,"55828",,,,,,,,,"37.6",,,"100430","3817",,,,,,,,,"46",,,,"Freight",,,,,,,,,"True",,,,,,,,,"Starboard",,,"Ship",,,,,,,,,,"Used by FAPS (Foreign Auto Preparation Service) - imported cars.",,,,,,,,"Port Newark Auto Terminal_15","10/5/2021 09:51:58+08",
"272117","61042","15401","40011","17","Port Authority of New York and New Jersey","Quay","Closed","Dry Cargo","N","W","40.6958","-74.140083",,,"1290","12.1",,,,"1.52","1.37",,,,,,,,,,,,,,,,,,,,,,,,,,,,,"46",,,,"PCC",,,,,,,,,,,,"True",,,,,,"Starboard",,,"Ship",,,,,,,,,,"10/05/2021 - No vessel visits in one year. Used by FAPS (Foreign Auto Preparation Service) - imported cars.",,,,,,,,"Port Newark Auto Terminal_17","10/5/2021 11:24:12+08",
"272118","61043","15401","40012","No. 01","Port Authority of New York & New Jersey","Quay","Active","Dry Cargo","N","W","40.666683","-74.069167","185","250",,"10","9.6",,,"1.52","1.37","All vessels",,"All vessels","232.39",,,"31143",,,,,,,,,"38",,,"75283",,,,,,,,,,,,,,"PCC",,,,,,,,,,,,,,,,,,"Starboard",,,"Ship",,,,,,,,,,,,,,,,,,"Auto Marine Terminal_No. 01","10/5/2021 14:29:01+08",
"272119","61044","15401","40012","No. 02","Port Authority of New York & New Jersey","Quay","Active","Dry Cargo","N","W","40.66795","-74.0722","90","185",,"10",,,,"1.52","1.37",,,,"227.9",,,"28360",,,,,,,,,"32.26",,,"67264",,,,,,,,,,,,,,"PCC",,,,,,,,,,,,,,,,,,"Starboard",,,"Ship",,,,,,,,,,,,,,,,,,"Auto Marine Terminal_No. 02","10/5/2021 14:41:34+08",
"272120","61045","15401","40013","01 to 03","Global Container Terminals","Quay","Active","Dry Cargo","N","W","40.64035","-74.190383",,,"918","15.2","14",,,"1.52","1.37","All vessels",,"All vessels","348.51",,,"119159",,,,,,,,,"48.2",,,"108930","11142",,,,,,,,,"46",,,,"Freight",,,,"True",,,,,"True",,,,,,"2 x 50.8t Paceco cranes with 41.1m outreach and 4 x 50.8t Liebherr Post- Panamax cranes with 50m outreach available at the terminal.",,,"Port or Starboard",,,,,,,,,,,,,,"True",,,,,,,"GCT New York_01 to 03","6/5/2021 13:52:34+08",
"272121","61046","15401","40014","Pier 09A (North)","Port Authority of New York & New Jersey","Quay","Active","Dry Cargo","N","W","40.68935","-74.00525","230",,,"12.8",,,,"1.52","1.37","All vessels",,"All vessels","145.63",,,"10758",,,,,,,,,"18.25",,,"7878","671",,,,,,,,,,,,,"Freight",,,,"True",,,,,"True",,,,,,"2 x 60.96t Liebherr Gantry Cranes with 45.72m outreach, 2 x 40.64t Paceco Gantry Cranes with 36.57m outreach and 1 x 50.8t Kone Gantry Crane with 40.53m outreach available at the terminal.",,,"Port or Starboard",,,,,,,,,,,,,,,,,,,,,"Red Hook Container Terminal - Brooklyn, NY_Pier 09A (North)","10/5/2021 15:28:35+08",
"272122","61047","15401","40014","Pier 09B (North)","Port Authority of New York & New Jersey","Quay","Closed","Dry Cargo","N","W","40.687917","-74.00625","210",,,"12.8",,,,"1.52","1.37",,,,,,,,,,,,,,,,,,,,,,,,,,,,,,,,,"Freight",,,,"True",,,,,"False",,,,,,,,,,,,,,,,,,,,,,"10/05/2021 - No vessel visits in one year.",,,,,,,,"Red Hook Container Terminal - Brooklyn, NY_Pier 09B (North)","10/5/2021 15:25:48+08",
"272123","61048","15401","40014","Wharf 11","Port Authority of New York & New Jersey","Quay","Closed","Dry Cargo","N","W","40.681917","-74.0113","425",,,,,,,"1.52","1.37",,,,,,,,,,,,,,,,,,,,,,,,,,,,,,,,,"Freight",,,,"True",,,,,"False",,,,,,"2 x 60.96t Liebherr Gantry Cranes with 45.72m outreach, 2 x 40.64t Paceco Gantry Cranes with 36.57m outreach and 1 x 50.8t Kone Gantry Crane with 40.53m outreach available at the terminal.",,,,,,,,,,,,,,,,"10/05/2021 - No vessel visits in one year.",,,,,,,,"Red Hook Container Terminal - Brooklyn, NY_Wharf 11","12/5/2021 09:06:18+08",
"272124","61049","15401","40014","Wharf 10","Red Hook Stevedoring and Terminal Operators","Quay","Active","Dry Cargo","N","W","40.685267","-74.010233","400",,,"12.8","10.9",,,"1.52","1.37","All vessels",,"All vessels","222.14",,,"45474",,,,,,,,,"32.2",,,"28592","2572",,,,,,,,,,,,,"Freight",,,,,,,,,"True",,,,,,"2 x 60.96t Liebherr Gantry Cranes with 45.72m outreach, 2 x 40.64t Paceco Gantry Cranes with 36.57m outreach and 1 x 50.8t Kone Gantry Crane with 40.53m outreach available at the terminal.",,,"Starboard",,,"Ship",,,,,,,,,,,,,,,,,,"Red Hook Container Terminal - Brooklyn, NY_Wharf 1","10/5/2021 15:19:25+08",
"272125","61050","15401","40015","Pier 06","Port Authority of New York and New Jersey ","Pier","Never Existed","Dry Cargo","N","W","40.692783","-74.0028","195",,,"9",,,,,,,,,,,,,,,,,,,,,,,,,,,,,,,,,,,,,,"Fast ferries","Fast ferry",,,"False",,,,,,,,,,,,,,,,,,,,,,,,,,,"Depths from 9.0 - 10.0m",,,,,,,,"Brooklyn Piers_Pier 06","2/5/2019 13:47:49+08",
"272126","61051","15401","40015","Pier 07 (South)","Port Authority of New York and New Jersey ","Pier","Never Existed","Dry Cargo","N","W","40.691367","-74.003417","360",,,"9",,,,,,,,,,,,,,,,,,,,,,,,,,,,,,,,,,,,,,,,,,"True",,,,,,,,,,,,,,,,,,,,,,,,,,,"Depths from 9.0 - 10.0m",,,,,,,,"Brooklyn Piers_Pier 07 (South)","2/5/2019 13:47:49+08",
"272129","61054","15401","40017","North Berth","SBMT","Pier","Closed","Dry Cargo","N","W","40.660267","-74.014617","169",,,"10.6",,,,"1.52","1.37",,,,,,,,,,,,,,,,,,,,,,,,,,,,,,,,,"Freight",,,,"True",,,,,,,,"True",,,,,,,,,,,,,,,,,,,"10/05/2021 - No vessel visits in one year.",,,,,,,,"South Brooklyn Marine Terminal (SBMT)_North Berth","10/5/2021 15:04:16+08",
"272130","61055","15401","40017","West Berth","SBMT","Quay","Closed","Dry Cargo","N","W","40.66015","-74.016483","323",,,"10.6",,,,"1.52","1.37",,,,"199.98",,,"62823",,,,,,,,,"32.26",,,"37128",,,,,,,,,,,,,,"Freight",,,,"True",,,,,"True",,,"True","True",,,,,,,,,,,,,,,,,,"10/05/2021 - No vessel visits in one year.",,,,"Aggregates, Salt, Scrap Metal",,,,"South Brooklyn Marine Terminal (SBMT)_West Berth","10/5/2021 15:02:51+08",
"272131","61056","15401","40018","No 01","Global Container Terminals","Quay","Active","Dry Cargo","N","W","40.67275","-74.083583",,"432","820","15.2","14.8",,,"1.52","1.37","All vessels",,"All vessels","368.07",,,"153514",,,,,,,,,"51.2",,,"152180","14220",,,,,,,,,,,,,"Freight",,,,,,,,,"True",,,,,,"8 x 50.8t gantry cranes are available at the terminal.",,,"Starboard",,,"Ship",,,,,,,,,,,,,,,,,,"GCT Bayonne_01 and 02","10/2/2023 05:32:04+08",
"272132","61057","15401","40019","No. 01","Duraport Marine & Rail","Quay","Active","Dry Cargo","N","W","40.645717","-74.122233","300",,,"9.7",,,,"1.52","1.37","All vessels",,"All vessels","199.9",,,"70000",,,,,,,,,"32.24",,,"34590",,,,,,,,,,,,,,"Freight",,,,"True",,,,,,"True",,"True","True",,,,,"Starboard",,,,,,,,,,,,,,,,,,,,,"Duraport_No. 01","6/5/2021 15:40:54+08",
"272133","84935","15401","48546","34 and 36","Kinder Morgan Bulk Materials","Quay","Closed","Dry Cargo","N","W","40.681517","-74.142817",,,"443",,,"11.58",,"1.52","1.37",,,,,,,,,,,,,,,,,,,,,,,,,,,,,,,,,,,,,"True",,,,,,,,,"True",,,,,,,,,,,,,,,,,,"07/05/2021 - No vessel visits in one year.",,,,,,,,"Kinder Morgan Bulk Materials (Port Newark- South)_34 and 36","7/5/2021 15:27:28+08",
"272134","84936","15401","48549","26","Essex Cement","Quay","Active","Dry Cargo","N","W","40.687083","-74.13785","180",,,,"11",,,"1.52","1.37","All vessels",,"All vessels","223.7",,,"72105",,,,,,,,,"32.26",,,"37663",,,,,,,,,,,,,,,,,,,,,,,,,,,,,,,,"Port or Starboard",,,,,,,,,,,,,"Vessels load/unload alongside floating shiploader.",,,,"Cement",,,,"Essex Cement (Port Newark)_26","10/5/2021 08:31:06+08",
"272135","84937","15401","48550","24","Port Authority of New York and New Jersey (Citrus Products)","Quay","Active","Dry Cargo","N","W","40.688333","-74.136717","157",,,,"8.3",,,"1.52","1.37","All vessels",,"All vessels","204.85",,,"43420",,,,,,,,,"32.24",,,"34432",,,,,,,,,,,,,,,,,,,,,,,,,,,,,,,,"Starboard",,,,,,,,,,,,,,"True",,,,,,,"Citrus Products (Port Newark)_24","10/5/2021 08:36:28+08",
"272137","84939","15401","48548","30","Sims Metal Management","Quay","Active","Dry Cargo","N","W","40.6847","-74.139983","420",,,,"11.7",,,"1.52","1.37","All vessels",,"All vessels","229",,,"81966",,,,,,,,,"32.26",,,"44289",,,,,,,,,,,,,,,,,,"True",,,,,,,,,"True",,,,,"Starboard",,,,,,,,,,,,,"Vessels load/unload alongside floating crane.",,,,"Scrap Metal",,,,"Sims Metals - Port Newark_3","17/5/2021 08:35:44+08",
"272138","84940","15401","48551","08, 10 and 12","Kinder Morgan Bulk Materials","Quay","Active","Dry Cargo","N","W","40.695017","-74.14375",,,"500",,,"11.58",,"1.52","1.37",,,,"229.07",,,"81950",,,,,,,,,"32.26",,,,,,,,,,,,,"40.53",,,,,,,,"True",,,,,,,,,"True",,,,,"Port",,,,,,,,,,,,,,,,,"Aggregates",,,,"Kinder Morgan Bulk Materials (Port Newark- North)_08, 10 and 12","9/5/2019 09:37:22+08",
"272139","84807","15401","40015","Pier 07 North","Port Authority of New York and New Jersey ","Quay","Never Existed","Dry Cargo","N","W","40.692183","-74.003167","215",,,"9",,,,,,,,,,,,,,,,,,,,,,,,,,,,,,,,,,,,,,,,,,"True",,,,,,,,,,,,,,,,,,,,,,,,,,,,,,,,,,,"Brooklyn Piers_Pier 07 North","2/5/2019 13:47:49+08",
"272140","84567","15401","40008","80","Maher Terminals LLC","Quay","Active","Dry Cargo","N","W","40.6694","-74.141983","230",,"690","15.2","13.4",,,"1.52","1.37","All vessels",,"All vessels","349.99",,,"122961",,,,,,,,,"45.8",,,"113973","10114",,,,,,,,,"46",,,,,,,,"True",,,,,"True",,,,,,"4 x 71t Liebherr Super Post- Panamax cranes with 68.6m outreach, 2 x 71t Liebherr Post- Panamax cranes with 68.6m outreach, 2 x 66t Liebherr Super Post- Panamax cranes with 61m outreach, 5 x 66t Fantuzzi Post- Panamax cranes with 61m outreach, 4 x 66t ZPMC Post- Panamax cranes with 61m outreach and 7 x 50.8t Paceco Post- Panamax cranes with 41.1m outreach all available at the terminal.","True",,"Port",,,,"Available","Barge/berth",,,,,,,,,"True",,,,,,,"Maher Container Terminal - Port Elizabeth_8","7/5/2021 08:15:57+08",
"272141","84568","15401",,"82",,"Quay","Never Existed","Dry Cargo","N","W","40.667667","-74.143133","187",,"1810",,,,,,,,,,,,,,,,,,,,,,,,,,,,,,,,,,,,,,,,,,,,,,,,"True",,,,,,"6 x 30t Paceco, height 25m, outreach 35m, 2 x 50t Paceco post panamax, 3 x 50t ZPMC post Panamax.",,,,,,,,,,,,,,,,,,,,,,,,"_82","15/6/2016 16:08:36+08",
"272142","84569","15401","40009","84","APM Terminals","Quay","Active","Dry Cargo","N","W","40.666233","-74.14415",,,"1097","15.24","14.1",,,"1.52","1.37","All vessels",,"All vessels","366.89",,,"165375",,,,,,,,,"51.2",,,"151446","13830",,,,,,,,,"46",,,,,,,,"True",,,,,"True",,,"True",,,"4 x 50.8t ZPMC Post- Panamax cranes with 62.8m outreach, 6 x 50.8t ZPMC Post- Panamax cranes with 42.7m outreach, 2 x 50.8t Paceco Post- Panamax cranes with 42.7m outreach, 3 x 50.8t Paceco cranes with 35.5m outreach and 1 x 100t floating crane (per contractor) available at the terminal.",,,"Port or Starboard",,,,"Available",,,,,,"Not Available",,,,"True",,,,,,,"APM Terminals_84","6/5/2021 15:12:58+08",
"272143","84570","15401","40009","86","APM Terminals","Quay","Active","Dry Cargo","N","W","40.664883","-74.1451",,,"1097","15.24","14.1",,,"1.52","1.37","All vessels",,"All vessels","367.28",,,"148992",,,,,,,,,"48.4",,,"141716","14414",,,,,,,,,"46",,,,,,,,"True",,,,,"True",,,"True",,,"4 x 50.8t ZPMC Post- Panamax cranes with 62.8m outreach, 6 x 50.8t ZPMC Post- Panamax cranes with 42.7m outreach, 2 x 50.8t Paceco Post- Panamax cranes with 42.7m outreach, 3 x 50.8t Paceco cranes with 35.5m outreach and 1 x 100t floating crane (per contractor) available at the terminal.",,,"Port",,,,"Available",,,,,,"Not Available",,,,"True",,,,,,,"APM Terminals_86","6/5/2021 14:48:53+08",
"272144","84571","15401","40009","88","APM Terminals","Quay","Active","Dry Cargo","N","W","40.663283","-74.146217",,,"1097","15.24","14.1",,,"1.52","1.37","All vessels",,"All vessels","367",,,"148723",,,,,,,,,"48.4",,,"141716","13092",,,,,,,,,"46",,,,,,,,"True",,,,,"True",,,"True",,,"4 x 50.8t ZPMC Post- Panamax cranes with 62.8m outreach, 6 x 50.8t ZPMC Post- Panamax cranes with 42.7m outreach, 2 x 50.8t Paceco Post- Panamax cranes with 42.7m outreach, 3 x 50.8t Paceco cranes with 35.5m outreach and 1 x 100t floating crane (per contractor) available at the terminal.",,,"Port",,,,"Available",,,,,,"Not Available",,,,"True",,,,,,,"APM Terminals_88","6/5/2021 14:46:50+08",
"272145","84572","15401","40009","90","APM Terminals","Quay","Active","Dry Cargo","N","W","40.661783","-74.147267",,,"1097","15.24","14.1",,,"1.52","1.37","All vessels",,"All vessels","396",,,"187625",,,,,,,,,"53.6",,,"154169","15128",,,,,,,,,"46",,,,,,,,"True",,,,,"True",,,"True",,,"4 x 50.8t ZPMC Post- Panamax cranes with 62.8m outreach, 6 x 50.8t ZPMC Post- Panamax cranes with 42.7m outreach, 2 x 50.8t Paceco Post- Panamax cranes with 42.7m outreach, 3 x 50.8t Paceco cranes with 35.5m outreach and 1 x 100t floating crane (per contractor) available at the terminal.",,,"Port",,,,"Available",,,,,,"Not Available",,,,"True",,,,,,,"APM Terminals_9","11/10/2021 07:13:04+08",
"272146","84573","15401","40009","92","APM Terminals","Quay","Active","Dry Cargo","N","W","40.660233","-74.148317",,,"1097","15.24","14.1",,,"1.52","1.37","All vessels",,"All vessels","367.28",,,"131938",,,,,,,,,"48.4",,,"131332","11356",,,,,,,,,"46",,,,,,,,"True",,,,,"True",,,"True",,,"4 x 50.8t ZPMC Post- Panamax cranes with 62.8m outreach, 6 x 50.8t ZPMC Post- Panamax cranes with 42.7m outreach, 2 x 50.8t Paceco Post- Panamax cranes with 42.7m outreach, 3 x 50.8t Paceco cranes with 35.5m outreach and 1 x 100t floating crane (per contractor) available at the terminal.",,,"Port",,,,"Available",,,,,,"Not Available",,,,"True",,,,,,,"APM Terminals_92","6/5/2021 14:39:09+08",
"272147","84547","15401","40010","61","Port Newark Container Terminal","Quay","Active","Dry Cargo","N","W","40.6823","-74.14785","222",,"1615",,"14.8",,,"1.52","1.37","All vessels",,"All vessels","367",,,"158097",,,,,,,,,"48.4",,,"149525","15000",,,,,,,,,"46",,,,,,,,"True",,,,,"True",,,,,,"3 x 66t ZPMC cranes with 57m outreach, 2 x 60.9t ZPMC Post- Panamax crane with 51m outreach and 4 x 60.9t Fantuzzi Post Panamax crane with 51m outreach available at the terminal.",,,"Port or Starboard",,,,,,,,,,,,,"Depths from 12.2 - 15.2m.","True",,,,,,,"Port Newark Container Terminal (PNCT)_61","7/5/2021 14:28:46+08",
"272148","84548","15401","40010","63","Port Newark Container Terminal","Quay","Active","Dry Cargo","N","W","40.6811","-74.145917","222",,"1615",,"14",,,"1.52","1.37","All vessels",,"All vessels","367",,,"122405",,,,,,,,,"48.21",,,"109534","9612",,,,,,,,,,,,,,,,,"True",,,,,"True",,,,,,"3 x 66t ZPMC cranes with 57m outreach, 2 x 60.9t ZPMC Post- Panamax crane with 51m outreach and 4 x 60.9t Fantuzzi Post Panamax crane with 51m outreach available at the terminal.",,,"Starboard",,,,,,,,,,,,,"Depths from 12.2 - 15.2m.","True",,,,,,,"Port Newark Container Terminal (PNCT)_63","7/5/2021 14:35:21+08",
"272149","84549","15401","40008","54","Maher Terminals LLC","Quay","Closed","Dry Cargo","N","W","40.68565","-74.15785","197",,"2348","13.7",,,,"1.52","1.37","All vessels",,"All vessels","185.4",,,"23688",,,,,,,,,"25.3",,,,,,,,,,,,,"46",,,,,,,,"True",,,,,"True",,,,,,"4 x 71t Liebherr Super Post- Panamax cranes with 68.6m outreach, 2 x 71t Liebherr Post- Panamax cranes with 68.6m outreach, 2 x 66t Liebherr Super Post- Panamax cranes with 61m outreach, 5 x 66t Fantuzzi Post- Panamax cranes with 61m outreach, 4 x 66t ZPMC Post- Panamax cranes with 61m outreach and 7 x 50.8t Paceco Post- Panamax cranes with 41.1m outreach all available at the terminal.","True",,,,,,,,,,,,,,,"07/05/2021 - No vessel visits in one year. Depths from 13.7 - 15.2m.","True",,,,,,,"Maher Container Terminal - Port Elizabeth_54","7/5/2021 13:33:29+08",
"272150","84550","15401","40008","56","Maher Terminals LLC","Quay","Active","Dry Cargo","N","W","40.68445","-74.1559","197",,"2348","13.7",,,,"1.52","1.37","All vessels",,"All vessels","166.15",,,"18349",,,,,,,,,"25",,,"15375","1284",,,,,,,,,"46",,,,,,,,"True",,,,,"True",,,,,,"4 x 71t Liebherr Super Post- Panamax cranes with 68.6m outreach, 2 x 71t Liebherr Post- Panamax cranes with 68.6m outreach, 2 x 66t Liebherr Super Post- Panamax cranes with 61m outreach, 5 x 66t Fantuzzi Post- Panamax cranes with 61m outreach, 4 x 66t ZPMC Post- Panamax cranes with 61m outreach and 7 x 50.8t Paceco Post- Panamax cranes with 41.1m outreach all available at the terminal.","True",,"Starboard",,,,,,,,,,,,,"Depths from 13.7 - 15.2m.","True",,,,,,,"Maher Container Terminal - Port Elizabeth_56","7/5/2021 13:20:56+08",
"272151","84551","15401","40008","58","Maher Terminals LLC","Quay","Active","Dry Cargo","N","W","40.683317","-74.154067","197",,"2348","13.7",,,,"1.52","1.37","All vessels",,"All vessels","185",,,"26868",,,,,,,,,"30",,,"24876","2259",,,,,,,,,"46",,,,,,,,,,,,,"True",,,,,,"4 x 71t Liebherr Super Post- Panamax cranes with 68.6m outreach, 2 x 71t Liebherr Post- Panamax cranes with 68.6m outreach, 2 x 66t Liebherr Super Post- Panamax cranes with 61m outreach, 5 x 66t Fantuzzi Post- Panamax cranes with 61m outreach, 4 x 66t ZPMC Post- Panamax cranes with 61m outreach and 7 x 50.8t Paceco Post- Panamax cranes with 41.1m outreach all available at the terminal.","True",,"Port or Starboard",,,,,,,,,,,,,"Depths from 13.7 - 15.2m.",,,,,,,,"Maher Container Terminal - Port Elizabeth_58","7/5/2021 13:13:29+08",
"272152","84552","15401","40008","60","Maher Terminals LLC","Quay","Active","Dry Cargo","N","W","40.682267","-74.152383","197",,"2348","13.7","13.1",,,"1.52","1.37","All vessels",,"All vessels","282.1",,,"50200",,,,,,,,,"32.2",,,"16137","1345",,,,,,,,,"46",,,,,,,,"True",,,,,"True",,,,,,"4 x 71t Liebherr Super Post- Panamax cranes with 68.6m outreach, 2 x 71t Liebherr Post- Panamax cranes with 68.6m outreach, 2 x 66t Liebherr Super Post- Panamax cranes with 61m outreach, 5 x 66t Fantuzzi Post- Panamax cranes with 61m outreach, 4 x 66t ZPMC Post- Panamax cranes with 61m outreach and 7 x 50.8t Paceco Post- Panamax cranes with 41.1m outreach all available at the terminal.","True",,"Port or Starboard",,,,,,,,,,,,,"Depths from 13.7 - 15.2m.","True",,,,,,,"Maher Container Terminal - Port Elizabeth_6","7/5/2021 13:11:14+08",
"272153","84553","15401","40008","64","Maher Terminals LLC","Quay","Active","Dry Cargo","N","W","40.679933","-74.148633","197",,"2348",,"14.4",,,"1.52","1.37","All vessels",,"All vessels","366.46",,,"146507",,,,,,,,,"48.4",,,"141712","13208",,,,,,,,,"46",,,,,,,,"True",,,,,"True",,,,,,"4 x 71t Liebherr Super Post- Panamax cranes with 68.6m outreach, 2 x 71t Liebherr Post- Panamax cranes with 68.6m outreach, 2 x 66t Liebherr Super Post- Panamax cranes with 61m outreach, 5 x 66t Fantuzzi Post- Panamax cranes with 61m outreach, 4 x 66t ZPMC Post- Panamax cranes with 61m outreach and 7 x 50.8t Paceco Post- Panamax cranes with 41.1m outreach all available at the terminal.","True",,"Port or Starboard",,,,,,,,,,,,,"Depths from 13.7 - 15.2m.","True",,,,,,,"Maher Container Terminal - Port Elizabeth_64","7/5/2021 13:06:29+08",
"272155","84555","15401","40008","62","Maher Terminals LLC","Quay","Active","Dry Cargo","N","W","40.681133","-74.15055","197",,"2348",,"13.9",,,"1.52","1.37","All vessels",,"All vessels","368.99",,,"165538",,,,,,,,,"51.2",,,"154169","15128",,,,,,,,,"46",,,,,,,,"True",,,,,"True",,,,,,"4 x 71t Liebherr Super Post- Panamax cranes with 68.6m outreach, 2 x 71t Liebherr Post- Panamax cranes with 68.6m outreach, 2 x 66t Liebherr Super Post- Panamax cranes with 61m outreach, 5 x 66t Fantuzzi Post- Panamax cranes with 61m outreach, 4 x 66t ZPMC Post- Panamax cranes with 61m outreach and 7 x 50.8t Paceco Post- Panamax cranes with 41.1m outreach all available at the terminal.","True",,"Port or Starboard",,,,,,,,,,,,,"Depths from 13.7 - 15.2m.","True",,,,,,,"Maher Container Terminal - Port Elizabeth_62","7/5/2021 13:10:00+08",
"272156","84556","15401","40008","66","Maher Terminals LLC","Quay","Active","Dry Cargo","N","W","40.67875","-74.146717","197",,"2348",,"14.4",,,"1.52","1.37","All vessels",,"All vessels","366.5",,,"148992",,,,,,,,,"48.4",,,"143179","13800",,,,,,,,,"46",,,,,,,,"True",,,,,"True",,,,,,"4 x 71t Liebherr Super Post- Panamax cranes with 68.6m outreach, 2 x 71t Liebherr Post- Panamax cranes with 68.6m outreach, 2 x 66t Liebherr Super Post- Panamax cranes with 61m outreach, 5 x 66t Fantuzzi Post- Panamax cranes with 61m outreach, 4 x 66t ZPMC Post- Panamax cranes with 61m outreach and 7 x 50.8t Paceco Post- Panamax cranes with 41.1m outreach all available at the terminal.","True",,"Port or Starboard",,,,,,,,,,,,,"Depths from 13.7 - 15.2m.","True",,,,,,,"Maher Container Terminal - Port Elizabeth_66","7/5/2021 09:26:30+08",
"272157","84557","15401","40008","68","Maher Terminals LLC","Quay","Active","Dry Cargo","N","W","40.67775","-74.145083","197",,"2348","13.7","13.2",,,"1.52","1.37","All vessels",,"All vessels","366.96",,,"165538",,,,,,,,,"51.2",,,"151446","14414",,,,,,,,,"46",,,,,,,,"True",,,,,"True",,,,,,"4 x 71t Liebherr Super Post- Panamax cranes with 68.6m outreach, 2 x 71t Liebherr Post- Panamax cranes with 68.6m outreach, 2 x 66t Liebherr Super Post- Panamax cranes with 61m outreach, 5 x 66t Fantuzzi Post- Panamax cranes with 61m outreach, 4 x 66t ZPMC Post- Panamax cranes with 61m outreach and 7 x 50.8t Paceco Post- Panamax cranes with 41.1m outreach all available at the terminal.","True",,"Port or Starboard",,,,,,,,,,,,,"Depths from 13.7 - 15.2m.","True",,,,,,,"Maher Container Terminal - Port Elizabeth_68","7/5/2021 09:12:49+08",
"272158","84558","15401","40008","70","Maher Terminals LLC","Quay","Active","Dry Cargo","N","W","40.676583","-74.1432","197",,"2348","13.7","13.6",,,"1.52","1.37","All vessels",,"All vessels","349.65",,,"118835",,,,,,,,,"45.8",,,"113515","9954",,,,,,,,,"46",,,,,,,,"True",,,,,"True",,,,,,"4 x 71t Liebherr Super Post- Panamax cranes with 68.6m outreach, 2 x 71t Liebherr Post- Panamax cranes with 68.6m outreach, 2 x 66t Liebherr Super Post- Panamax cranes with 61m outreach, 5 x 66t Fantuzzi Post- Panamax cranes with 61m outreach, 4 x 66t ZPMC Post- Panamax cranes with 61m outreach and 7 x 50.8t Paceco Post- Panamax cranes with 41.1m outreach all available at the terminal.","True",,"Starboard",,,,,,,,,,,,,"Depths from 13.7 - 15.2m.","True",,,,,,,"Maher Container Terminal - Port Elizabeth_7","7/5/2021 09:06:41+08",
"272159","84559","15401","40008","72","Maher Terminals LLC","Quay","Active","Dry Cargo","N","W","40.675467","-74.1414","197",,"2348",,"13.9",,,"1.52","1.37","All vessels",,"All vessels","349.99",,,"124092",,,,,,,,,"48.4",,,"113973","10114",,,,,,,,,"46",,,,,,,,"True",,,,,"True",,,,,,"4 x 71t Liebherr Super Post- Panamax cranes with 68.6m outreach, 2 x 71t Liebherr Post- Panamax cranes with 68.6m outreach, 2 x 66t Liebherr Super Post- Panamax cranes with 61m outreach, 5 x 66t Fantuzzi Post- Panamax cranes with 61m outreach, 4 x 66t ZPMC Post- Panamax cranes with 61m outreach and 7 x 50.8t Paceco Post- Panamax cranes with 41.1m outreach all available at the terminal.","True",,"Port or Starboard",,,,,,,,,,,,,"Depths from 13.7 - 15.2m.","True",,,,,,,"Maher Container Terminal - Port Elizabeth_72","7/5/2021 09:26:45+08",
"272160","84560","15401","40008","78","Maher Terminals LLC","Quay","Active","Dry Cargo","N","W","40.671033","-74.140883","230",,"690","15.2","13",,,"1.52","1.37","All vessels",,"All vessels","368.5",,,"152344",,,,,,,,,"51",,,"148667","13806",,,,,,,,,"46",,,,,,,,"True",,,,,"True",,,,,,"4 x 71t Liebherr Super Post- Panamax cranes with 68.6m outreach, 2 x 71t Liebherr Post- Panamax cranes with 68.6m outreach, 2 x 66t Liebherr Super Post- Panamax cranes with 61m outreach, 5 x 66t Fantuzzi Post- Panamax cranes with 61m outreach, 4 x 66t ZPMC Post- Panamax cranes with 61m outreach and 7 x 50.8t Paceco Post- Panamax cranes with 41.1m outreach all available at the terminal.","True",,"Port",,,,,,,,,,,,,,"True",,,,,,,"Maher Container Terminal - Port Elizabeth_78","7/5/2021 08:06:00+08",
"272190","76268","15401","37008","Dock No. 01C","Kinder Morgan","Pier","Closed","Tanker","N","W","40.586217","-74.209483",,"80",,,,,,"1.52","1.37",,,,,,,,,,,,,,,,,,,,,,,,,,,,,,,,,,,,,,,,,,,,,,,,,,,,,,,,,,,,,,,,"Barge Berth",,,,,,,,"Kinder Morgan, Carteret_Dock No. 01C","4/5/2021 14:30:17+08",
"272161","84561","15401","40008","74","Maher Terminals LLC","Quay","Active","Dry Cargo","N","W","40.674367","-74.1396","197",,"2348","13.7","11.9",,,"1.52","1.37","All vessels",,"All vessels","335.06",,,"103567",,,,,,,,,"42.8",,,"93750","8749",,,,,,,,,"46",,,,,,,,"True",,,,,"True",,,,,,"4 x 71t Liebherr Super Post- Panamax cranes with 68.6m outreach, 2 x 71t Liebherr Post- Panamax cranes with 68.6m outreach, 2 x 66t Liebherr Super Post- Panamax cranes with 61m outreach, 5 x 66t Fantuzzi Post- Panamax cranes with 61m outreach, 4 x 66t ZPMC Post- Panamax cranes with 61m outreach and 7 x 50.8t Paceco Post- Panamax cranes with 41.1m outreach all available at the terminal.","True",,"Starboard",,,,,,,,,,,,,"Depths from 13.7 - 15.2m.","True",,,,,,,"Maher Container Terminal - Port Elizabeth_74","7/5/2021 08:59:22+08",
"272154","84554","15401",,"76",,"Quay","Never Existed","Dry Cargo",,,,,,,,"13.7",,,,,,,,,,,,,,,,,,,,,,,,,,,,,,,,,,,,,,,,,,,,,,,"True",,,,,,,,,,,,,,,,,,,,,,,,,,,,,,"_76","15/6/2016 13:54:36+08",
"272162","84580","15401","40009","96","APM Terminals","Quay","Active","Dry Cargo","N","W","40.661183","-74.153033",,,"760","13.7","11.4",,,"1.52","1.37","All vessels",,"All vessels","334.11",,,"108447",,,,,,,,,"43.2",,,"94322","8580",,,,,,,,,"46",,,,,,,,"True",,,,,"True",,,"True",,,"4 x 50.8t ZPMC Post- Panamax cranes with 62.8m outreach, 6 x 50.8t ZPMC Post- Panamax cranes with 42.7m outreach, 2 x 50.8t Paceco Post- Panamax cranes with 42.7m outreach, 3 x 50.8t Paceco cranes with 35.5m outreach and 1 x 100t floating crane (per contractor) available at the terminal.",,,"Port or Starboard",,,,"Available",,,,,,"Not Available",,,,"True",,,,,,,"APM Terminals_96","6/5/2021 14:17:45+08",
"272163","84581","15401","40009","98","APM Terminals","Quay","Active","Dry Cargo","N","W","40.662067","-74.155167",,,"760","13.7","11.4",,,"1.52","1.37","All vessels",,"All vessels","305.6",,,"81002",,,,,,,,,"40",,,"75752","6589",,,,,,,,,"46",,,,,,,,"True",,,,,"True",,,"True",,,"4 x 50.8t ZPMC Post- Panamax cranes with 62.8m outreach, 6 x 50.8t ZPMC Post- Panamax cranes with 42.7m outreach, 2 x 50.8t Paceco Post- Panamax cranes with 42.7m outreach, 3 x 50.8t Paceco cranes with 35.5m outreach and 1 x 100t floating crane (per contractor) available at the terminal.",,,"Port or Starboard",,,,"Available",,,,,,"Not Available",,,,"True",,,,,,,"APM Terminals_98","6/5/2021 14:08:06+08",
"272164","84598","15401","40011","23","Port Authority of New York and New Jersey","Quay","Active","Dry Cargo","N","W","40.691183","-74.134917","213",,"844","12.1","10.5",,,"1.52","1.37","All vessels",,"All vessels","296",,,"55631",,,,,,,,,"38",,,"100430","3817",,,,,,,,,,,,,"PCC",,,,,,,,,"True",,,,,,,,,"Starboard",,,"Ship",,,,,,,,,,"Used in conjunction with adjacent fuel berth No 21 for FAPS (Foreign Auto Preparation Service) - imported cars. Toyata storage area.",,,,,,,,"Port Newark Auto Terminal_23","10/5/2021 11:28:52+08",
"272165","84599","15401","40011","25","Port Authority of New York and New Jersey","Quay","Closed","Dry Cargo","N","W","40.690183","-74.133983","213",,"844","12.1",,,,"1.52","1.37",,,,,,,,,,,,,,,,,,,,,,,,,,,,,,,,,"PCC",,,,,,,,,,,,,,,,,,,,,,,,,,,,,,,"10/05/2021 - No vessel visits in one year. Used by FAPS (Foreign Auto Preparation Service) - imported cars. Toyata storage area.",,,,,,,,"Port Newark Auto Terminal_25","10/5/2021 11:32:55+08",
"272168","84777","15401","48473","Quay","Ports America","Quay","Closed","Dry Cargo","N","W","40.670467","-74.08445","480",,,,"7.9",,,"1.52","1.37",,,,"184",,,"13000",,,,,,,,,"32",,,"47000",,,,,,,,,,,,,,"PCC",,,,,,,,,"False",,,,,,,,,"Port or Starboard",,,"Ship",,,,,,,,,,"10/05/2021 - No vessel visits in one year.",,,,,,,,"Bayonne Auto Terminal_Quay","10/5/2021 14:27:05+08",
"272169","84811","15401","40015","Pier 08 (South)","Port Authority of New York and New Jersey ","Quay","Never Existed","Dry Cargo","N","W","40.689917","-74.004517","205",,,"9",,,,,,,,,,,,,,,,,,,,,,,,,,,,,,,,,,,,,,,,,,"True",,,,,,,,,,,,,,,,,,,,,,,,,,,,,,,,,,,"Brooklyn Piers_Pier 08 (South)","2/5/2019 13:47:49+08",
"272170","84747","15401","40014","Pier 09A (South)","Port Authority of New York & New Jersey","Quay","Closed","Dry Cargo","N","W","40.688483","-74.005617","190",,,"12.8",,,,"1.52","1.37",,,,,,,,,,,,,,,,,,,,,,,,,,,,,,,,,,,,,,,,,,"False",,,,,,,,,,,,,,,,,,,,,,"10/05/2021 - No vessel visits in one year.",,,,,,,,"Red Hook Container Terminal - Brooklyn, NY_Pier 09A (South)","10/5/2021 15:26:20+08",
"272171","84748","15401","40014","Pier 09B (South)","Port Authority of New York & New Jersey","Quay","Closed","Dry Cargo","N","W","40.6871","-74.006683","198",,,,,,,"1.52","1.37",,,,,,,,,,,,,,,,,,,,,,,,,,,,,,,,,,,,,"True",,,,,"False",,,,,,,,,,,,,,,,,,,,,,"10/05/2021 - No vessel visits in one year.",,,,,,,,"Red Hook Container Terminal - Brooklyn, NY_Pier 09B (South)","10/5/2021 15:21:20+08",
"272172","84749","15401","40014","Wharf 12","Port Authority of New York & New Jersey","Quay","Never Existed","Dry Cargo","N","W","40.68295","-74.01395","197",,,"12.5",,,,,,,,,,,,,,,,,,,,,,,,,,,,,,,,,,,,,,"Freight",,,,,,,,,,,,,,,,,,,,,,,,,,,,,,,,,,,"Others",,,,"Red Hook Container Terminal - Brooklyn, NY_Wharf 12","14/11/2017 08:38:08+08",
"272166","84762","15401","48462","Pier 90","Ports America","Pier","Closed","Dry Cargo","N","W","40.767867","-73.99885","316",,,,,"10.9",,"1.52","1.37",,,,"333.33",,,"13188",,,,,,,,,"37.92",,,,,,,,,,,,,,,,,,"Cruise",,,,,,,,,,,,,,,,,"Starboard",,,"Ship",,,,,,,,,,"11/05/2021 - No vessel visits in one year.",,,,,,,,"Manhattan Cruise Terminal_Pier 9","11/5/2021 09:18:36+08",
"272167","84763","15401","48462","Pier 88","Ports America","Pier","Closed","Dry Cargo","N","W","40.766667","-73.999583","297",,,,,"10.9",,"1.52","1.37",,,,"333.33",,,"13188",,,,,,,,,"41.4",,,"165157",,,,,,,,,,,,,,,"Cruise",,,,,,,,,,,,,,,,,"Starboard",,,"Ship",,,,,,,,,,"11/05/2021 - No vessel visits in one year.",,,,,,,,"Manhattan Cruise Terminal_Pier 88","11/5/2021 09:17:54+08",
"272173","84606","15401","19177","Barge Berth","Kinder Morgan","Dolphin Berth","Never Existed","Tanker","N","W","40.523317","-74.249533","12","136",,"6.4",,,,,,,,,,,,,,,,,,,,,,,,,,,,,,,,,,,,,,,,,,,,,,,,,,,,,,,,,,,,,,,,,,,,,,,,,,,,,"Kinder Morgan Perth Amboy Terminal_Barge Berth","7/5/2019 10:51:44+08",
"272174","84607","15401","37009","Barge Berths","Kinder Morgan (land purchased by NorthPoint Development)","Quay","Closed","Tanker","N","W","40.545583","-74.246217","625",,,"4.87",,,,"1.52","1.37",,,,,,,,,,,,,,,,,,,,,,,,,,,,,,,,,,,,,,,,,,,,,,,,,,,,,,,,,,,,,,,,"Depths 4.87m to 7.01m.",,,,,,,,"Kinder Morgan - Staten Island_Barge Berths","4/5/2021 12:21:16+08",
"272175","95123","15401","52574","Arthur Kill Main Quay","Atlantic Offshore Terminals","Quay","Never Existed","Dry Cargo","N","W","40.523283","-74.2495","330",,,,,,,,,,,,,,,,,,,,,,,,,,,,,,,,,,,,,,,,,,,,,"True",,,,,,,"True","True","True",,,,,,,,,,,,,,,,,,"Used for assembly and staging of offshore wind turbines.",,,,,,,,"Arthur Kill Terminal (Statin Island)_Arthur Kill Main Quay","29/4/2021 15:04:53+08",
"272179","76406","15401","45290","Wet Berth ","Bayonne Dry Dock & Repair Corp.","Quay","Never Existed","Dry Cargo","N","W","40.661267","-74.07245","488",,,"11",,,,,,,,,,,,,,,,,,,,,,,,,,,,,,,,,,,,,,,,,,,,,,,,,,,,,,,,,,,,,,,,,,,,,,,,,,,,,"Bayonne Dry Dock & Repair Corp._Wet Berth","2/5/2019 11:00:34+08",
"272180","76420","15401","45294","Quay","Cape Liberty Cruise Port LLC","Quay","Active","Dry Cargo","N","W","40.6647","-74.070267","395",,,"15.8",,,,"1.52","1.37","All vessels",,"All vessels","347.06",,,"12000",,,,,,,,,"41.4",,,"169000",,,,,,,,,,,,,,,"Cruise",,,,,,,,"False",,,,,,,,,"Starboard",,,"Passenger",,,,,,,,,,,,,,,,,,"Cape Liberty Cruise Terminal_Quay","10/5/2021 14:23:24+08",
"272176","76298","15401","45253","Dock No. 01","Amerada Hess","Dolphin Berth","Closed","Tanker","N","W","40.7054","-74.120367",,"68",,,,,,"1.52","1.37",,,,,,,,,,,,,,,,,,,,,,,,,,,,,,,,,,,,,,,,,,,,,,,,,,,,,,,,,,,,,,,,"10/05/2021 - No vessel visits in one year.",,,,,,,,"Amerada Hess Terminal_Dock No. 01","10/5/2021 11:34:44+08",
"272177","76299","15401","45254","Dock No. 01","Shell","Dolphin Berth","Closed","Tanker","N","W","40.706667","-74.120833","20","117",,,,,,"1.52","1.37",,,,,,,,,,,,,,,,,,,,,,,,,,,,,,,,,,,,,,,,,,,,,,,,,,,,,,,,,,,,,,,,"10/05/2021 - No vessel visits in one year.",,,,,,,,"Shell - Newark Terminal_Dock No. 01","10/5/2021 11:35:40+08",
"272181","76287","15401","45251","Ship Berth","NuStar Energy LP","T Jetty","Closed","Tanker","N","W","40.605783","-74.205883",,,,,,,,"1.52","1.37",,,,,,,,,,,,,,,,,,,,,,,,,,,,,,,,,,,,,,,,,,,,,,,,,,,,,,,,,,,,,,,,"05/05/2021 - No vessel visits in one year.",,,,,,,,"NuStar - Linden Terminal_Ship Berth","5/5/2021 07:58:47+08",
"272182","76288","15401","45251","South Berth","NuStar Energy LP","Jetty","Closed","Tanker","N","W","40.60715","-74.205983",,"74",,,,"11.1",,"1.52","1.37",,,,"228.6",,,,,,,,,,,,"32.26",,,,,,,,,,,,,,,,"Either P/S",,,,,,,,,,,,,,,,,,,"Port or Starboard",,,,,,,,,,,,,"05/05/2021 - No vessel visits in one year.",,,,,,,,"NuStar - Linden Terminal_South Berth","5/5/2021 08:04:02+08",
"272183","76289","15401","45251","North Berth","NuStar Energy LP","Jetty","Active","Tanker","N","W","40.608717","-74.20565",,"82",,,,"11.1",,"1.52","1.37","All vessels",,"All vessels","228.6",,,"76580",,,,,,,,,"32.26",,,,,,,,,,,,,,,,"Either P/S",,,,,,,,,,,,,,,,,,,"Port or Starboard",,,,,,,,,,,,,,,,,,,,,"NuStar - Linden Terminal_North Berth","5/5/2021 08:12:19+08",
"272184","76290","15401","37023","CITGO Tremley Pt No. 01 PCI","CITGO Petroleum","Quay","Closed","Tanker","N","W","40.600383","-74.2012","112",,,,,,,"1.52","1.37",,,,,,,,,,,,,,,,,,,,,,,,,,,,,,,,"Either P/S",,,,,,,,,,,,,,,,,,,"Port or Starboard",,,,,,,,,,,,,"04/05/2021 - No vessel visits in one year.",,,,,,,,"CITGO Petroleum Tremley Point Terminal_CITGO Tremley Pt No. 01 PCI","4/5/2021 15:06:29+08",
"272186","76292","15401","37023","CITGO Tremley Pt No. 03 PCI","CITGO Petroleum","Dolphin Berth","Closed","Tanker","N","W","40.602917","-74.203217",,"160",,,,,,"1.52","1.37",,,,,,,,,,,,,,,,,,,,,,,,,,,,,,,,,,,,,,,,,,,,,,,,,,,,,,,,,,,,,,,,"04/05/2021 - No vessel visits in one year.",,,,,,,,"CITGO Petroleum Tremley Point Terminal_CITGO Tremley Pt No. 03 PCI","4/5/2021 15:11:00+08",
"272187","76293","15401","37023","South Berth","CITGO Petroleum","Dolphin Berth","Active","Tanker","N","W","40.598683","-74.201433","18","195",,,"10.97",,"0.6","1.52","1.37","All vessels",,"All vessels","201.17",,,"51745",,,,,,,,,"32.25",,,,,,,,,,,,,,,,"Port",,,,,,,,,,,,,,,,,,,"Port",,,,,,,,,,,,,,,,,,,,,"CITGO Petroleum Tremley Point Terminal_South Berth","4/5/2021 15:05:17+08",
"272178","76395","15401","45288","GMD Wet Berth ","GMD Shipyard","Quay","Never Existed","Dry Cargo","N","W","40.701067","-73.97195","330",,,"11",,,,,,,,,,,,,,,,,,,,,,,,,,,,,,,,,,,,,,,,,,,,,,,,,,"True","True",,,,,,,,,,,,,,,,,,,,,,,,,,"GMD Shipyard_GMD Wet Berth","3/5/2019 09:11:11+08",
"272188","76266","15401","37008","Dock No. 01A","Kinder Morgan","Pier","Closed","Tanker","N","W","40.585667","-74.209833",,"90",,,,,,"1.52","1.37",,,,,,,,,,,,,,,,,,,,,,,,,,,,,,,,,,,,,,,,,,,,,,,,,,,,,,,,,,,,,,,,,,,,,,,,"Kinder Morgan, Carteret_Dock No. 01A","4/5/2021 14:33:29+08",
"272191","76269","15401","37008","Dock No. 01 North","Kinder Morgan","T Jetty","Closed","Tanker","N","W","40.58705","-74.2092","90",,,,,,,"1.52","1.37",,,,,,,,,,,,,,,,,,,,,,,,,,,,,,,,,,,,,,,,,,,,,,,,,,,,,,,,,,,,,,,,"Barge Berth",,,,,,,,"Kinder Morgan, Carteret_Dock No. 01 North","4/5/2021 14:29:37+08",
"272195","96616","15401","53200","02, 04 and 06","Red Hook Stevedoring and Terminal Operators","Quay","Active","Dry Cargo","N","W","40.697067","-74.149617",,,"610","10.97","9.9",,,"1.52","1.37","All vessels",,"All vessels","199.98",,,"21421",,,,,,,,,"32.26",,,"59968",,,,,,,,,,,,,,"PCC",,,,"True",,,,,"False",,,"True",,,"2 x Lieberr LHM 420 Mobile Harbor Cranes available at the terminal.",,,"Port or Starboard",,,"Ship",,,,,,,,,,,,,,,,,,"Red Hook Terminal Newark_02, 04 and 06","10/5/2021 15:12:45+08",
"272196","96617","15401","53201","Lafarge Berth","Lafarge","T Jetty","Closed","Dry Cargo","N","W","40.64875","-74.096283",,"145",,,,,,"1.52","1.37",,,,,,,,,,,,,,,,,,,,,,,,,,,,,,,,,,,,,,,,,,,,,,,,,,,,,,,,,,,,,,,,,,,,"Cement",,,,"Lafarge - Bayonne Terminal_Lafarge Berth","12/5/2021 09:23:44+08",
"2932","96740","15401","53241","Floating Pontoon","Atlantic Salt Inc.","Floating Pontoon","Active","Dry Cargo","N","W","40.645717","-74.096017",,,,,,,,,,,,,"199.98",,,"62716",,,,,,,,,"32.26",,,"35207",,,,,,,,,,,,,,,,,,,,,,,,,,,,,,,,,,,,,,,,,,,,,,,,,"Salt",,,,"Floating Pontoon","29/6/2021 09:36:22+08",
"272193","95156","15401","52594","ASR Berth","American Sugar Refining, Inc.","Quay","Active","Dry Cargo","N","W","40.928367","-73.905767","28","200",,,,,,"1.52","1.37","All vessels",,"All vessels","179.9",,,"32389",,,,,,,,,"28.4",,,"20924",,,,,,,,,,,,,,,,,,,,,,,,,,,,,,,,"Port",,,,,,,,,,,,,"Vessels moor alongside floating cranes.",,,,"Sugar",,,,"Domino Sugar Terminal_ASR Berth","12/5/2021 09:22:06+08",
"272194","95157","15401","52594","South Berth","American Sugar Refining, Inc.","Jetty","Never Existed","Dry Cargo","N","W","40.9279","-73.905817","28",,,,,,,,,,,,,,,,,,,,,,,,,,,,,,,,,,,,,,,,,,,,,,,,,,,,,,,,,,,"Port",,,"Ship",,,,,,,,,,,,,,"Sugar",,,,"Domino Sugar Terminal_South Berth","12/5/2021 07:49:54+08",
"272192","95143","15401","40010","16","Port Newark Container Terminal","Quay","Active","Dry Cargo","N","W","40.693283","-74.139967","150",,,,"10",,,"1.52","1.37","All vessels",,"All vessels","240.6",,,"49770",,,,,,,,,"36.5",,,"76420",,,,,,,,,,,,,,"Pass/Vehicle/Rail",,,,,,,,,"True",,,,,,,,,"Starboard",,,"Ship",,,,,,,,,,,,,,,,,,"Port Newark Container Terminal (PNCT)_16","12/5/2021 09:24:19+08",
"22037","98392","15401","40018","No 02","Global Container Terminals","Quay","Active","Dry Cargo","N","W","40.670833","-74.079117","433",,"820","15.2","14.8",,,"1.52","1.37","All vessels",,"All vessels",,,,,,,,,,,,,,,,,,,,,,,,,,,,,,"Freight",,,,,,,,,"True",,,,,,"8 x 50.8t gantry cranes are available at the terminal.",,,"Starboard",,,"Ship",,,,,,,,,,,,,,,,,,,"10/2/2023 05:38:09+08",
"272020","56374","15401","39399","Pier 06 South","IMTT","Finger Pier","Active","Tanker","N","W","40.65345","-74.08595",,"208",,"11.58",,"10.66",,"1.52","1.37",,"Unrestricted",,"213.36",,,"90000",,,,,,,,,"38.1",,,,,,"103.62",,,,,,,"44.5",,,"Starboard",,,,,,,,,,,,,,,,,,,"Starboard",,,"Ship",,,,,,,,,,,,,,,,,,"IMTT Bayonne_Pier 06 South","10/5/2021 14:01:48+08",
"271991","55966","15401","37023","Petro Port",,"Pier","Never Existed","Tanker",,,,,,,,,"11.27",,,,,,,,"305",,,,,,,,,,,,,,,,,,,,,,,,,,,,,,,,,,,,,,,,,,,,,,,,,,,,,,,,,,,,,,,,,,,,"CITGO Petroleum Tremley Point Terminal_Petro Port","7/7/2011 15:30:50+08",
"272062","55560","15401","36993","King Fuel",,"Jetty","Never Existed","Tanker",,,,,,,,,"8.23",,,,,,,,"182",,,,,,,,,,,,"30.4",,,,,,,,,,,,,,,,,,,,,,,,,,,,,,,,,,,,,,,,,,,,,,,,,,,,,,,,"Hudson River Terminal_King Fuel","19/4/2011 16:14:33+08",
"272058","55565","15401","36995","Castle Oil - East",,"Pier","Never Existed","Tanker",,,,,,,,,"11.27",,,,,,,,"192",,,"30000",,,,,,,,,,,,,,,"99",,,,,,,,,,,,,,,,,,,,,,,,,,,,,,,,,,,,,,,,,,,,,,,,,,"Edgewater_Castle Oil - East","20/7/2012 07:48:56+08",
"272087","59647","15401","39399","I.m.t.t. Pier Seven Berth 3","Imtt","Unknown","Never Existed","Tanker",,,,,,,,"0","7.01",,,,,,,,"76.2",,,,,,,,,,,,,,,,,,"38.1",,,,,,,,,,,,,,,,,,,,,,,,,,,,,,"HFO",,,"Available",,,,,,"Available",,,,,,,,,,,"IMTT Bayonne_I.m.t.t. Pier Seven Berth 3","21/5/2019 11:21:18+08",
"272128","61053","15401","40016","Pier 12","Ports America","Quay","Active","Dry Cargo","N","W","40.682833","-74.01415","268",,,"10.97","10.05",,,"1.52","1.37","All vessels",,"All vessels","346",,,"19189",,,,,,,,,"41",,,"149215",,,,,,,,,,,,,,,"Cruise",,,,,,,,,,,,,,,,,"Port",,,"Passenger","Available",,,,,,,,,,,,,,,,,"Brooklyn Cruise Terminal_Pier 12","10/5/2021 15:07:31+08",
"272136","84938","15401","48550","22","Port Authority of New York and New Jersey (Citrus Products)","Quay","Never Existed","Both","N","W","40.689767","-74.136683","170",,,,,,,,,,,,,,,,,,,,,,,,,,,,,,,,,,,,,,,,,,,,,,,,,,,,,,,,,,,,,,,,,,,,,,,,,,,,,,,,"Citrus Products (Port Newark)_22","2/5/2019 14:49:34+08",
"272185","76291","15401","37023","CITGO Tremley Pt No. 02 PCI","CITGO Petroleum","Quay","Closed","Tanker","N","W","40.601383","-74.201633","118",,,,,,,"1.52","1.37",,,,,,,,,,,,,,,,,,,,,,,,,,,,,,,,,,,,,,,,,,,,,,,,,,,,,,,,,,,,,,,,"04/05/2021 - No vessel visits in one year.",,,,,,,,"CITGO Petroleum Tremley Point Terminal_CITGO Tremley Pt No. 02 PCI","4/5/2021 15:10:17+08",
"272189","76267","15401","37008","Dock No. 01B","Kinder Morgan","Pier","Closed","Tanker","N","W","40.58605","-74.209483",,"80",,,,,,"1.52","1.37",,,,,,,,,,,,,,,,,,,,,,,,,,,,,,,,,,,,,,,,,,,,,,,,,,,,,,,,,,,,,,,,"Barge Berth",,,,,,,,"Kinder Morgan, Carteret_Dock No. 01B","4/5/2021 14:31:44+08",
"272012","55871","15401",,"Celanese CH",,"Pier","Never Existed","Tanker",,,,,,,,,"7.62",,,,,,,,"305",,,,,,,,,,,,"24.4",,,,,,,,,,,,,,,,,,,,,,,,,,,,,,,,,,,,,,,,,,,,,,,,,,,,,,,,"_Celanese CH","20/7/2012 07:39:23+08",
"272057","55564","15401","36998","Koppers Kok","CLosed","Pier","Never Existed","Tanker",,,,,,,,,"9.75",,,,,,,,"183",,,,,,,,,,,,"21.3",,,,,,"91",,,,,,,,,,,,,,,,,,,,,,,,,,,,,,,,,,,,,,,,,,,,,,,,,,"Keamey_Koppers Kok","26/4/2011 12:56:53+08",
