"序号","时间","CBOE:波动率指数(VIX):收盘()"
"1","2025-06-13","20.82"
"2","2025-06-12","18.02"
"3","2025-06-11","17.26"
"4","2025-06-10","16.95"
"5","2025-06-09","17.16"
"6","2025-06-06","16.77"
"7","2025-06-05","18.48"
"8","2025-06-04","17.61"
"9","2025-06-03","17.69"
"10","2025-06-02","18.36"
"11","2025-05-30","18.57"
"12","2025-05-29","19.18"
"13","2025-05-28","19.31"
"14","2025-05-27","18.96"
"15","2025-05-26","22.29"
"16","2025-05-23","22.29"
"17","2025-05-22","20.28"
"18","2025-05-21","20.87"
"19","2025-05-20","18.09"
"20","2025-05-19","18.14"
"21","2025-05-16","17.24"
"22","2025-05-15","17.83"
"23","2025-05-14","18.62"
"24","2025-05-13","18.22"
"25","2025-05-12","18.39"
"26","2025-05-09","21.90"
"27","2025-05-08","22.48"
"28","2025-05-07","23.55"
"29","2025-05-06","24.76"
"30","2025-05-05","23.64"
"31","2025-05-02","22.68"
"32","2025-05-01","24.60"
"33","2025-04-30","24.70"
"34","2025-04-29","25.02"
"35","2025-04-28","25.36"
"36","2025-04-25","24.84"
"37","2025-04-24","26.47"
"38","2025-04-23","28.45"
"39","2025-04-22","30.57"
"40","2025-04-21","33.82"
"41","2025-04-17","30.79"
"42","2025-04-16","32.64"
"43","2025-04-15","30.26"
"44","2025-04-14","30.89"
"45","2025-04-11","37.56"
"46","2025-04-10","40.72"
"47","2025-04-09","33.62"
"48","2025-04-08","52.33"
"49","2025-04-07","46.98"
"50","2025-04-04","45.31"
"51","2025-04-03","30.02"
"52","2025-04-02","21.51"
"53","2025-04-01","21.77"
"54","2025-03-31","22.28"
"55","2025-03-28","21.65"
"56","2025-03-27","18.69"
"57","2025-03-26","17.22"
"58","2025-03-25","17.67"
"59","2025-03-24","17.48"
"60","2025-03-21","19.28"
"61","2025-03-20","19.80"
"62","2025-03-19","19.90"
"63","2025-03-18","21.70"
"64","2025-03-17","20.51"
"65","2025-03-14","21.77"
"66","2025-03-13","24.66"
"67","2025-03-12","24.23"
"68","2025-03-11","26.92"
"69","2025-03-10","27.86"
"70","2025-03-07","23.37"
"71","2025-03-06","24.87"
"72","2025-03-05","21.93"
"73","2025-03-04","23.51"
"74","2025-03-03","22.78"
"75","2025-02-28","19.63"
"76","2025-02-27","21.13"
"77","2025-02-26","19.10"
"78","2025-02-25","19.43"
"79","2025-02-24","18.98"
"80","2025-02-21","18.21"
"81","2025-02-20","15.66"
"82","2025-02-19","15.27"
"83","2025-02-18","15.35"
"84","2025-02-17","14.77"
"85","2025-02-14","14.77"
"86","2025-02-13","15.10"
"87","2025-02-12","15.89"
"88","2025-02-11","16.02"
"89","2025-02-10","15.81"
"90","2025-02-07","16.54"
"91","2025-02-06","15.50"
"92","2025-02-05","17.58"
"93","2025-02-04","19.01"
"94","2025-02-03","20.06"
"95","2025-01-31","16.43"
"96","2025-01-30","15.84"
"97","2025-01-29","16.56"
"98","2025-01-28","16.41"
"99","2025-01-27","17.90"
"100","2025-01-24","14.85"
"101","2025-01-23","15.02"
"102","2025-01-22","14.86"
"103","2025-01-21","15.06"
"104","2025-01-20","15.97"
"105","2025-01-17","15.97"
"106","2025-01-16","16.60"
"107","2025-01-15","16.12"
"108","2025-01-14","18.71"
"109","2025-01-13","19.19"
"110","2025-01-10","19.54"
"111","2025-01-09","17.70"
"112","2025-01-08","17.70"
"113","2025-01-07","17.82"
"114","2025-01-06","16.04"
"115","2025-01-03","16.13"
"116","2025-01-02","17.93"
"117","2024-12-31","17.35"
"118","2024-12-30","17.40"
"119","2024-12-27","15.95"
"120","2024-12-26","14.73"
"121","2024-12-24","14.27"
"122","2024-12-23","16.78"
"123","2024-12-20","18.36"
"124","2024-12-19","21.32"
"125","2024-12-18","27.62"
"126","2024-12-17","15.87"
"127","2024-12-16","14.69"
"128","2024-12-13","13.81"
"129","2024-12-12","13.92"
"130","2024-12-11","13.58"
"131","2024-12-10","14.18"
"132","2024-12-09","14.19"
"133","2024-12-06","12.77"
"134","2024-12-05","13.54"
"135","2024-12-04","13.10"
"136","2024-12-03","13.33"
"137","2024-12-02","14.09"
"138","2024-11-29","13.51"
"139","2024-11-28","14.10"
"140","2024-11-27","14.10"
"141","2024-11-26","14.10"
"142","2024-11-25","14.60"
"143","2024-11-22","15.24"
"144","2024-11-21","16.87"
"145","2024-11-20","16.26"
"146","2024-11-19","16.35"
"147","2024-11-18","15.58"
"148","2024-11-15","16.14"
"149","2024-11-14","14.31"
"150","2024-11-13","14.02"
"151","2024-11-12","14.71"
"152","2024-11-11","14.97"
"153","2024-11-08","14.94"
"154","2024-11-07","15.20"
"155","2024-11-06","16.27"
"156","2024-11-05","20.49"
"157","2024-11-04","21.98"
"158","2024-11-01","22.45"
"159","2024-10-31","23.16"
"160","2024-10-30","20.35"
"161","2024-10-29","19.94"
"162","2024-10-28","19.21"
"163","2024-10-25","18.95"
"164","2024-10-24","19.08"
"165","2024-10-23","19.24"
"166","2024-10-22","18.20"
"167","2024-10-21","18.37"
"168","2024-10-18","19.11"
"169","2024-10-17","19.11"
"170","2024-10-16","19.58"
"171","2024-10-15","20.64"
"172","2024-10-14","19.70"
"173","2024-10-11","21.08"
"174","2024-10-10","20.93"
"175","2024-10-09","21.63"
"176","2024-10-08","21.42"
"177","2024-10-07","22.64"
"178","2024-10-04","20.28"
"179","2024-10-03","19.94"
"180","2024-10-02","19.58"
"181","2024-10-01","16.86"
"182","2024-09-30","17.19"
"183","2024-09-27","16.96"
"184","2024-09-26","15.37"
"185","2024-09-25","15.41"
"186","2024-09-24","15.79"
"187","2024-09-23","16.62"
"188","2024-09-20","16.15"
"189","2024-09-19","16.33"
"190","2024-09-18","18.23"
"191","2024-09-17","17.61"
"192","2024-09-16","17.14"
"193","2024-09-13","16.56"
"194","2024-09-12","17.76"
"195","2024-09-11","17.69"
"196","2024-09-10","19.08"
"197","2024-09-09","19.45"
"198","2024-09-06","22.38"
"199","2024-09-05","19.90"
"200","2024-09-04","21.32"
"201","2024-09-03","20.72"
"202","2024-09-02","15.00"
"203","2024-08-30","15.00"
"204","2024-08-29","15.65"
"205","2024-08-28","17.11"
"206","2024-08-27","15.43"
"207","2024-08-26","16.15"
"208","2024-08-23","16.90"
"209","2024-08-22","16.14"
"210","2024-08-21","16.07"
"211","2024-08-20","14.90"
"212","2024-08-19","15.82"
"213","2024-08-16","14.80"
"214","2024-08-15","16.41"
"215","2024-08-14","16.19"
"216","2024-08-13","18.12"
"217","2024-08-12","20.58"
"218","2024-08-09","20.37"
"219","2024-08-08","28.81"
"220","2024-08-07","27.85"
"221","2024-08-06","27.71"
"222","2024-08-05","37.12"
"223","2024-08-02","23.39"
"224","2024-08-01","18.59"
"225","2024-07-31","16.36"
"226","2024-07-30","17.69"
"227","2024-07-29","16.60"
"228","2024-07-26","17.57"
"229","2024-07-25","18.72"
"230","2024-07-24","15.50"
"231","2024-07-23","15.02"
"232","2024-07-22","16.67"
"233","2024-07-19","16.52"
"234","2024-07-18","15.93"
"235","2024-07-17","14.48"
"236","2024-07-16","13.19"
"237","2024-07-15","13.12"
"238","2024-07-12","12.46"
"239","2024-07-11","12.92"
"240","2024-07-10","12.85"
"241","2024-07-09","12.51"
"242","2024-07-08","12.37"
"243","2024-07-05","12.48"
"244","2024-07-04","12.26"
"245","2024-07-03","12.15"
"246","2024-07-02","12.81"
"247","2024-07-01","12.92"
"248","2024-06-28","12.36"
"249","2024-06-27","12.72"
"250","2024-06-26","12.55"
"251","2024-06-25","12.84"
"252","2024-06-24","13.33"
"253","2024-06-21","13.20"
"254","2024-06-20","13.28"
"255","2024-06-19","12.41"
"256","2024-06-18","12.30"
"257","2024-06-17","12.75"
"258","2024-06-14","12.66"
"259","2024-06-13","11.94"
"260","2024-06-12","12.04"
"261","2024-06-11","12.85"
"262","2024-06-10","12.74"
"263","2024-06-07","12.77"
"264","2024-06-06","12.58"
"265","2024-06-05","12.63"
"266","2024-06-04","13.16"
"267","2024-06-03","13.28"
"268","2024-05-31","14.49"
"269","2024-05-30","14.70"
"270","2024-05-29","14.28"
"271","2024-05-28","12.40"
"272","2024-05-27","11.93"
"273","2024-05-24","11.93"
"274","2024-05-23","11.60"
"275","2024-05-22","12.09"
"276","2024-05-21","12.47"
"277","2024-05-20","12.17"
"278","2024-05-17","11.99"
"279","2024-05-16","12.42"
"280","2024-05-15","13.78"
"281","2024-05-14","13.42"
"282","2024-05-13","13.60"
"283","2024-05-10","12.76"
"284","2024-05-09","13.21"
"285","2024-05-08","13.00"
"286","2024-05-07","13.23"
"287","2024-05-06","13.49"
"288","2024-05-03","13.49"
"289","2024-05-02","14.68"
"290","2024-05-01","15.39"
"291","2024-04-30","15.65"
"292","2024-04-29","14.67"
"293","2024-04-26","15.03"
"294","2024-04-25","15.37"
"295","2024-04-24","15.97"
"296","2024-04-23","16.63"
"297","2024-04-22","18.20"
"298","2024-04-19","18.71"
"299","2024-04-18","18.00"
"300","2024-04-17","17.96"
"301","2024-04-16","18.40"
"302","2024-04-15","19.23"
"303","2024-04-12","17.31"
"304","2024-04-11","14.91"
"305","2024-04-10","15.09"
"306","2024-04-09","15.40"
"307","2024-04-08","15.19"
"308","2024-04-05","16.03"
"309","2024-04-04","16.35"
"310","2024-04-03","14.33"
"311","2024-04-02","14.61"
"312","2024-04-01","13.65"
"313","2024-03-28","13.01"
"314","2024-03-27","12.78"
"315","2024-03-26","13.24"
"316","2024-03-25","13.19"
"317","2024-03-22","13.02"
"318","2024-03-21","12.89"
"319","2024-03-20","13.89"
"320","2024-03-19","13.82"
"321","2024-03-18","14.33"
"322","2024-03-15","14.41"
"323","2024-03-14","14.40"
"324","2024-03-13","13.75"
"325","2024-03-12","13.84"
"326","2024-03-11","15.22"
"327","2024-03-08","14.74"
"328","2024-03-07","14.44"
"329","2024-03-06","14.50"
"330","2024-03-05","14.46"
"331","2024-03-04","13.49"
"332","2024-03-01","13.11"
"333","2024-02-29","13.40"
"334","2024-02-28","13.84"
"335","2024-02-27","13.43"
"336","2024-02-26","13.74"
"337","2024-02-23","13.75"
"338","2024-02-22","14.54"
"339","2024-02-21","15.34"
"340","2024-02-20","15.42"
"341","2024-02-19","14.71"
"342","2024-02-16","14.24"
"343","2024-02-15","14.01"
"344","2024-02-14","14.38"
"345","2024-02-13","15.85"
"346","2024-02-12","13.93"
"347","2024-02-09","12.93"
"348","2024-02-08","12.79"
"349","2024-02-07","12.83"
"350","2024-02-06","13.06"
"351","2024-02-05","13.67"
"352","2024-02-02","13.85"
"353","2024-02-01","13.88"
"354","2024-01-31","14.35"
"355","2024-01-30","13.31"
"356","2024-01-29","13.60"
"357","2024-01-26","13.26"
"358","2024-01-25","13.45"
"359","2024-01-24","13.14"
"360","2024-01-23","12.55"
"361","2024-01-22","13.19"
"362","2024-01-19","13.30"
"363","2024-01-18","14.13"
"364","2024-01-17","14.79"
"365","2024-01-16","13.84"
"366","2024-01-15","13.25"
"367","2024-01-12","12.70"
"368","2024-01-11","12.44"
"369","2024-01-10","12.69"
"370","2024-01-09","12.76"
"371","2024-01-08","13.08"
"372","2024-01-05","13.35"
"373","2024-01-04","14.13"
"374","2024-01-03","14.04"
"375","2024-01-02","13.20"
"376","2023-12-29","12.45"
"377","2023-12-28","12.47"
"378","2023-12-27","12.43"
"379","2023-12-26","12.99"
"380","2023-12-22","13.03"
"381","2023-12-21","13.65"
"382","2023-12-20","13.67"
"383","2023-12-19","12.53"
"384","2023-12-18","12.56"
"385","2023-12-15","12.28"
"386","2023-12-14","12.48"
"387","2023-12-13","12.19"
"388","2023-12-12","12.07"
"389","2023-12-11","12.63"
"390","2023-12-08","12.35"
"391","2023-12-07","13.06"
"392","2023-12-06","12.97"
"393","2023-12-05","12.85"
"394","2023-12-04","13.08"
"395","2023-12-01","12.63"
"396","2023-11-30","12.92"
"397","2023-11-29","12.98"
"398","2023-11-28","12.69"
"399","2023-11-27","12.69"
"400","2023-11-24","12.46"
"401","2023-11-23","12.80"
"402","2023-11-22","12.85"
"403","2023-11-21","13.35"
"404","2023-11-20","13.41"
"405","2023-11-17","13.80"
"406","2023-11-16","14.32"
"407","2023-11-15","14.18"
"408","2023-11-14","14.16"
"409","2023-11-13","14.76"
"410","2023-11-10","14.17"
"411","2023-11-09","15.29"
"412","2023-11-08","14.45"
"413","2023-11-07","14.81"
"414","2023-11-06","14.89"
"415","2023-11-03","14.91"
"416","2023-11-02","15.66"
"417","2023-11-01","16.87"
"418","2023-10-31","18.14"
"419","2023-10-30","19.75"
"420","2023-10-27","21.27"
"421","2023-10-26","20.68"
"422","2023-10-25","20.19"
"423","2023-10-24","18.97"
"424","2023-10-23","20.37"
"425","2023-10-20","21.71"
"426","2023-10-19","21.40"
"427","2023-10-18","19.22"
"428","2023-10-17","17.88"
"429","2023-10-16","17.21"
"430","2023-10-13","19.32"
"431","2023-10-12","16.69"
"432","2023-10-11","16.09"
"433","2023-10-10","17.03"
"434","2023-10-09","17.70"
"435","2023-10-06","17.45"
"436","2023-10-05","18.49"
"437","2023-10-04","18.58"
"438","2023-10-03","19.78"
"439","2023-10-02","17.61"
"440","2023-09-29","17.52"
"441","2023-09-28","17.34"
"442","2023-09-27","18.22"
"443","2023-09-26","18.94"
"444","2023-09-25","16.90"
"445","2023-09-22","17.20"
"446","2023-09-21","17.54"
"447","2023-09-20","15.14"
"448","2023-09-19","14.11"
"449","2023-09-18","14.17"
"450","2023-09-15","13.79"
"451","2023-09-14","12.82"
"452","2023-09-13","13.48"
"453","2023-09-12","14.23"
"454","2023-09-11","13.80"
"455","2023-09-08","13.84"
"456","2023-09-07","14.40"
"457","2023-09-06","14.45"
"458","2023-09-05","14.01"
"459","2023-09-04","13.82"
"460","2023-09-01","13.09"
"461","2023-08-31","13.57"
"462","2023-08-30","13.88"
"463","2023-08-29","14.45"
"464","2023-08-28","15.08"
"465","2023-08-25","15.68"
"466","2023-08-24","17.20"
"467","2023-08-23","15.98"
"468","2023-08-22","16.97"
"469","2023-08-21","17.13"
"470","2023-08-18","17.30"
"471","2023-08-17","17.89"
"472","2023-08-16","16.78"
"473","2023-08-15","16.46"
"474","2023-08-14","14.82"
"475","2023-08-11","14.84"
"476","2023-08-10","15.85"
"477","2023-08-09","15.96"
"478","2023-08-08","15.99"
"479","2023-08-07","15.77"
"480","2023-08-04","17.10"
"481","2023-08-03","15.92"
"482","2023-08-02","16.09"
"483","2023-08-01","13.93"
"484","2023-07-31","13.63"
"485","2023-07-28","13.33"
"486","2023-07-27","14.41"
"487","2023-07-26","13.19"
"488","2023-07-25","13.86"
"489","2023-07-24","13.88"
"490","2023-07-21","13.60"
"491","2023-07-20","13.99"
"492","2023-07-19","13.76"
"493","2023-07-18","13.30"
"494","2023-07-17","13.48"
"495","2023-07-14","13.34"
"496","2023-07-13","13.61"
"497","2023-07-12","13.54"
"498","2023-07-11","14.84"
"499","2023-07-10","15.07"
"500","2023-07-07","14.83"
"501","2023-07-06","15.44"
"502","2023-07-05","14.18"
"503","2023-07-04","13.70"
"504","2023-07-03","13.57"
"505","2023-06-30","13.59"
"506","2023-06-29","13.54"
"507","2023-06-28","13.43"
"508","2023-06-27","13.74"
"509","2023-06-26","14.25"
"510","2023-06-23","13.44"
"511","2023-06-22","12.91"
"512","2023-06-21","13.20"
"513","2023-06-20","13.88"
"514","2023-06-19","14.19"
"515","2023-06-16","13.54"
"516","2023-06-15","14.50"
"517","2023-06-14","13.88"
"518","2023-06-13","14.61"
"519","2023-06-12","15.01"
"520","2023-06-09","13.83"
"521","2023-06-08","13.65"
"522","2023-06-07","13.94"
"523","2023-06-06","13.96"
"524","2023-06-05","14.73"
"525","2023-06-02","14.60"
"526","2023-06-01","15.65"
"527","2023-05-31","17.94"
"528","2023-05-30","17.46"
"529","2023-05-29","17.46"
"530","2023-05-26","17.95"
"531","2023-05-25","19.14"
"532","2023-05-24","20.03"
"533","2023-05-23","18.53"
"534","2023-05-22","17.21"
"535","2023-05-19","16.81"
"536","2023-05-18","16.05"
"537","2023-05-17","16.87"
"538","2023-05-16","17.99"
"539","2023-05-15","17.12"
"540","2023-05-12","17.03"
"541","2023-05-11","16.93"
"542","2023-05-10","16.94"
"543","2023-05-09","17.71"
"544","2023-05-08","16.98"
"545","2023-05-05","17.19"
"546","2023-05-04","20.09"
"547","2023-05-03","18.34"
"548","2023-05-02","17.78"
"549","2023-05-01","16.08"
"550","2023-04-28","15.78"
"551","2023-04-27","17.03"
"552","2023-04-26","18.84"
"553","2023-04-25","18.76"
"554","2023-04-24","16.89"
"555","2023-04-21","16.77"
"556","2023-04-20","17.17"
"557","2023-04-19","16.46"
"558","2023-04-18","16.83"
"559","2023-04-17","16.95"
"560","2023-04-14","17.07"
"561","2023-04-13","17.80"
"562","2023-04-12","19.09"
"563","2023-04-11","19.10"
"564","2023-04-10","18.97"
"565","2023-04-06","18.40"
"566","2023-04-05","19.08"
"567","2023-04-04","19.00"
"568","2023-04-03","18.55"
"569","2023-03-31","18.70"
"570","2023-03-30","19.02"
"571","2023-03-29","19.12"
"572","2023-03-28","19.97"
"573","2023-03-27","20.60"
"574","2023-03-24","21.74"
"575","2023-03-23","22.61"
"576","2023-03-22","22.26"
"577","2023-03-21","21.38"
"578","2023-03-20","24.15"
"579","2023-03-17","25.51"
"580","2023-03-16","22.99"
"581","2023-03-15","26.14"
"582","2023-03-14","23.73"
"583","2023-03-13","26.52"
"584","2023-03-10","24.80"
"585","2023-03-09","22.61"
"586","2023-03-08","19.11"
"587","2023-03-07","19.59"
"588","2023-03-06","18.61"
"589","2023-03-03","18.49"
"590","2023-03-02","19.59"
"591","2023-03-01","20.58"
"592","2023-02-28","20.70"
"593","2023-02-27","20.95"
"594","2023-02-24","21.67"
"595","2023-02-23","21.14"
"596","2023-02-22","22.29"
"597","2023-02-21","22.87"
"598","2023-02-20","21.23"
"599","2023-02-17","20.02"
"600","2023-02-16","20.17"
"601","2023-02-15","18.23"
"602","2023-02-14","18.91"
"603","2023-02-13","20.34"
"604","2023-02-10","20.53"
"605","2023-02-09","20.71"
"606","2023-02-08","19.63"
"607","2023-02-07","18.66"
"608","2023-02-06","19.43"
"609","2023-02-03","18.17"
"610","2023-02-02","18.73"
"611","2023-02-01","17.87"
"612","2023-01-31","19.40"
"613","2023-01-30","19.94"
"614","2023-01-27","18.51"
"615","2023-01-26","18.73"
"616","2023-01-25","19.08"
"617","2023-01-24","19.20"
"618","2023-01-23","19.81"
"619","2023-01-20","19.85"
"620","2023-01-19","20.52"
"621","2023-01-18","20.34"
"622","2023-01-17","19.36"
"623","2023-01-16","18.35"
"624","2023-01-13","18.35"
"625","2023-01-12","18.83"
"626","2023-01-11","21.09"
"627","2023-01-10","20.58"
"628","2023-01-09","21.97"
"629","2023-01-06","21.13"
"630","2023-01-05","22.46"
"631","2023-01-04","22.01"
"632","2023-01-03","22.90"
"633","2022-12-30","21.67"
"634","2022-12-29","21.44"
"635","2022-12-28","22.14"
"636","2022-12-27","21.65"
"637","2022-12-23","20.87"
"638","2022-12-22","21.97"
"639","2022-12-21","20.07"
"640","2022-12-20","21.48"
"641","2022-12-19","22.42"
"642","2022-12-16","22.62"
"643","2022-12-15","22.83"
"644","2022-12-14","21.14"
"645","2022-12-13","22.55"
"646","2022-12-12","25.00"
"647","2022-12-09","22.83"
"648","2022-12-08","22.27"
"649","2022-12-07","22.68"
"650","2022-12-06","22.17"
"651","2022-12-05","20.75"
"652","2022-12-02","19.06"
"653","2022-12-01","19.84"
"654","2022-11-30","20.58"
"655","2022-11-29","21.89"
"656","2022-11-28","22.21"
"657","2022-11-25","20.50"
"658","2022-11-24","20.42"
"659","2022-11-23","20.35"
"660","2022-11-22","21.29"
"661","2022-11-21","22.36"
"662","2022-11-18","23.12"
"663","2022-11-17","23.93"
"664","2022-11-16","24.11"
"665","2022-11-15","24.54"
"666","2022-11-14","23.73"
"667","2022-11-11","22.52"
"668","2022-11-10","23.53"
"669","2022-11-09","26.09"
"670","2022-11-08","25.54"
"671","2022-11-07","24.35"
"672","2022-11-04","24.55"
"673","2022-11-03","25.30"
"674","2022-11-02","25.86"
"675","2022-11-01","25.81"
"676","2022-10-31","25.88"
"677","2022-10-28","25.75"
"678","2022-10-27","27.39"
"679","2022-10-26","27.28"
"680","2022-10-25","28.46"
"681","2022-10-24","29.85"
"682","2022-10-21","29.69"
"683","2022-10-20","29.98"
"684","2022-10-19","30.76"
"685","2022-10-18","30.50"
"686","2022-10-17","31.37"
"687","2022-10-14","32.02"
"688","2022-10-13","31.94"
"689","2022-10-12","33.57"
"690","2022-10-11","33.63"
"691","2022-10-10","32.45"
"692","2022-10-07","31.36"
"693","2022-10-06","30.52"
"694","2022-10-05","28.55"
"695","2022-10-04","29.07"
"696","2022-10-03","30.10"
"697","2022-09-30","31.62"
"698","2022-09-29","31.84"
"699","2022-09-28","30.18"
"700","2022-09-27","32.60"
"701","2022-09-26","32.26"
"702","2022-09-23","29.92"
"703","2022-09-22","27.35"
"704","2022-09-21","27.99"
"705","2022-09-20","27.16"
"706","2022-09-19","25.76"
"707","2022-09-16","26.30"
"708","2022-09-15","26.27"
"709","2022-09-14","26.16"
"710","2022-09-13","27.27"
"711","2022-09-12","23.87"
"712","2022-09-09","22.79"
"713","2022-09-08","23.61"
"714","2022-09-07","24.64"
"715","2022-09-06","26.91"
"716","2022-09-05","25.99"
"717","2022-09-02","25.47"
"718","2022-09-01","25.56"
"719","2022-08-31","25.87"
"720","2022-08-30","26.21"
"721","2022-08-29","26.21"
"722","2022-08-26","25.56"
"723","2022-08-25","21.78"
"724","2022-08-24","22.82"
"725","2022-08-23","24.11"
"726","2022-08-22","23.80"
"727","2022-08-19","20.60"
"728","2022-08-18","19.56"
"729","2022-08-17","19.90"
"730","2022-08-16","19.69"
"731","2022-08-15","19.95"
"732","2022-08-12","19.53"
"733","2022-08-11","20.20"
"734","2022-08-10","19.74"
"735","2022-08-09","21.77"
"736","2022-08-08","21.29"
"737","2022-08-05","21.15"
"738","2022-08-04","21.44"
"739","2022-08-03","21.95"
"740","2022-08-02","23.93"
"741","2022-08-01","22.84"
"742","2022-07-29","21.33"
"743","2022-07-28","22.33"
"744","2022-07-27","23.24"
"745","2022-07-26","24.69"
"746","2022-07-25","23.36"
"747","2022-07-22","23.03"
"748","2022-07-21","23.11"
"749","2022-07-20","23.82"
"750","2022-07-19","24.50"
"751","2022-07-18","25.30"
"752","2022-07-15","24.23"
"753","2022-07-14","26.40"
"754","2022-07-13","26.82"
"755","2022-07-12","27.29"
"756","2022-07-11","26.17"
"757","2022-07-08","24.64"
"758","2022-07-07","26.08"
"759","2022-07-06","26.73"
"760","2022-07-05","27.54"
"761","2022-07-04","27.53"
"762","2022-07-01","26.70"
"763","2022-06-30","28.71"
"764","2022-06-29","28.16"
"765","2022-06-28","28.36"
"766","2022-06-27","26.95"
"767","2022-06-24","27.23"
"768","2022-06-23","29.05"
"769","2022-06-22","28.95"
"770","2022-06-21","30.19"
"771","2022-06-20","31.03"
"772","2022-06-17","31.13"
"773","2022-06-16","32.95"
"774","2022-06-15","29.62"
"775","2022-06-14","32.69"
"776","2022-06-13","34.02"
"777","2022-06-10","27.75"
"778","2022-06-09","26.09"
"779","2022-06-08","23.96"
"780","2022-06-07","24.02"
"781","2022-06-06","25.07"
"782","2022-06-03","24.79"
"783","2022-06-02","24.72"
"784","2022-06-01","25.69"
"785","2022-05-31","26.19"
"786","2022-05-30","26.54"
"787","2022-05-27","25.72"
"788","2022-05-26","27.50"
"789","2022-05-25","28.37"
"790","2022-05-24","29.45"
"791","2022-05-23","28.48"
"792","2022-05-20","29.43"
"793","2022-05-19","29.35"
"794","2022-05-18","30.96"
"795","2022-05-17","26.10"
"796","2022-05-16","27.81"
"797","2022-05-13","28.87"
"798","2022-05-12","31.77"
"799","2022-05-11","32.56"
"800","2022-05-10","32.99"
"801","2022-05-09","34.75"
"802","2022-05-06","30.19"
"803","2022-05-05","31.20"
"804","2022-05-04","25.42"
"805","2022-05-03","29.25"
"806","2022-05-02","32.34"
"807","2022-04-29","33.40"
"808","2022-04-28","29.99"
"809","2022-04-27","31.60"
"810","2022-04-26","33.52"
"811","2022-04-25","27.02"
"812","2022-04-22","28.21"
"813","2022-04-21","22.68"
"814","2022-04-20","20.32"
"815","2022-04-19","21.37"
"816","2022-04-18","22.17"
"817","2022-04-14","22.70"
"818","2022-04-13","21.82"
"819","2022-04-12","24.26"
"820","2022-04-11","24.37"
"821","2022-04-08","21.16"
"822","2022-04-07","21.55"
"823","2022-04-06","22.10"
"824","2022-04-05","21.03"
"825","2022-04-04","18.57"
"826","2022-04-01","19.63"
"827","2022-03-31","20.56"
"828","2022-03-30","19.33"
"829","2022-03-29","18.90"
"830","2022-03-28","19.63"
"831","2022-03-25","20.81"
"832","2022-03-24","21.67"
"833","2022-03-23","23.57"
"834","2022-03-22","22.94"
"835","2022-03-21","23.53"
"836","2022-03-18","23.87"
"837","2022-03-17","25.67"
"838","2022-03-16","26.67"
"839","2022-03-15","29.83"
"840","2022-03-14","31.77"
"841","2022-03-11","30.75"
"842","2022-03-10","30.23"
"843","2022-03-09","32.45"
"844","2022-03-08","35.13"
"845","2022-03-07","36.45"
"846","2022-03-04","31.98"
"847","2022-03-03","30.48"
"848","2022-03-02","30.74"
"849","2022-03-01","33.32"
"850","2022-02-28","30.15"
"851","2022-02-25","27.59"
"852","2022-02-24","30.32"
"853","2022-02-23","31.02"
"854","2022-02-22","28.81"
"855","2022-02-18","27.75"
"856","2022-02-17","28.11"
"857","2022-02-16","24.29"
"858","2022-02-15","25.70"
"859","2022-02-14","28.33"
"860","2022-02-11","27.36"
"861","2022-02-10","23.91"
"862","2022-02-09","19.96"
"863","2022-02-08","21.44"
"864","2022-02-07","22.86"
"865","2022-02-04","23.22"
"866","2022-02-03","24.35"
"867","2022-02-02","22.09"
"868","2022-02-01","21.96"
"869","2022-01-31","24.83"
"870","2022-01-28","27.66"
"871","2022-01-27","30.49"
"872","2022-01-26","31.96"
"873","2022-01-25","31.16"
"874","2022-01-24","29.90"
"875","2022-01-21","28.85"
"876","2022-01-20","25.59"
"877","2022-01-19","23.85"
"878","2022-01-18","22.79"
"879","2022-01-14","19.19"
"880","2022-01-13","20.31"
"881","2022-01-12","17.62"
"882","2022-01-11","18.41"
"883","2022-01-10","19.40"
"884","2022-01-07","18.76"
"885","2022-01-06","19.61"
"886","2022-01-05","19.73"
"887","2022-01-04","16.91"
"888","2022-01-03","16.60"
"889","2021-12-31","17.22"
"890","2021-12-30","17.33"
"891","2021-12-29","16.95"
"892","2021-12-28","17.54"
"893","2021-12-27","17.68"
"894","2021-12-23","17.96"
"895","2021-12-22","18.63"
"896","2021-12-21","21.01"
"897","2021-12-20","22.87"
"898","2021-12-17","21.57"
"899","2021-12-16","20.57"
"900","2021-12-15","19.29"
"901","2021-12-14","21.89"
"902","2021-12-13","20.31"
"903","2021-12-10","18.69"
"904","2021-12-09","21.58"
"905","2021-12-08","19.90"
"906","2021-12-07","21.89"
"907","2021-12-06","27.18"
"908","2021-12-03","30.67"
"909","2021-12-02","27.95"
"910","2021-12-01","31.12"
"911","2021-11-30","27.19"
"912","2021-11-29","22.96"
"913","2021-11-26","28.62"
"914","2021-11-24","18.58"
"915","2021-11-23","19.38"
"916","2021-11-22","19.17"
"917","2021-11-19","17.91"
"918","2021-11-18","17.59"
"919","2021-11-17","17.11"
"920","2021-11-16","16.37"
"921","2021-11-15","16.49"
"922","2021-11-12","16.29"
"923","2021-11-11","17.66"
"924","2021-11-10","18.73"
"925","2021-11-09","17.78"
"926","2021-11-08","17.22"
"927","2021-11-05","16.48"
"928","2021-11-04","15.44"
"929","2021-11-03","15.10"
"930","2021-11-02","16.03"
"931","2021-11-01","16.41"
"932","2021-10-29","16.26"
"933","2021-10-28","16.53"
"934","2021-10-27","16.98"
"935","2021-10-26","15.98"
"936","2021-10-25","15.24"
"937","2021-10-22","15.43"
"938","2021-10-21","15.01"
"939","2021-10-20","15.49"
"940","2021-10-19","15.70"
"941","2021-10-18","16.31"
"942","2021-10-15","16.30"
"943","2021-10-14","16.86"
"944","2021-10-13","18.64"
"945","2021-10-12","19.85"
"946","2021-10-11","20.00"
"947","2021-10-08","18.77"
"948","2021-10-07","19.54"
"949","2021-10-06","21.00"
"950","2021-10-05","21.30"
"951","2021-10-04","22.96"
"952","2021-10-01","21.15"
"953","2021-09-30","23.14"
"954","2021-09-29","22.56"
"955","2021-09-28","23.25"
"956","2021-09-27","18.76"
"957","2021-09-24","17.75"
"958","2021-09-23","18.63"
"959","2021-09-22","20.87"
"960","2021-09-21","24.36"
"961","2021-09-20","25.71"
"962","2021-09-17","20.81"
"963","2021-09-16","18.69"
"964","2021-09-15","18.18"
"965","2021-09-14","19.46"
"966","2021-09-13","19.37"
"967","2021-09-10","20.95"
"968","2021-09-09","18.80"
"969","2021-09-08","17.96"
"970","2021-09-07","18.14"
"971","2021-09-03","16.41"
"972","2021-09-02","16.41"
"973","2021-09-01","16.11"
"974","2021-08-31","16.48"
"975","2021-08-30","16.19"
"976","2021-08-27","16.39"
"977","2021-08-26","18.84"
"978","2021-08-25","16.79"
"979","2021-08-24","17.22"
"980","2021-08-23","17.15"
"981","2021-08-20","18.56"
"982","2021-08-19","21.67"
"983","2021-08-18","21.57"
"984","2021-08-17","17.91"
"985","2021-08-16","16.12"
"986","2021-08-13","15.45"
"987","2021-08-12","15.59"
"988","2021-08-11","16.06"
"989","2021-08-10","16.77"
"990","2021-08-09","16.73"
"991","2021-08-06","16.15"
"992","2021-08-05","17.28"
"993","2021-08-04","17.97"
"994","2021-08-03","18.04"
"995","2021-08-02","19.46"
"996","2021-07-30","18.24"
"997","2021-07-29","17.70"
"998","2021-07-28","18.31"
"999","2021-07-27","19.36"
"1000","2021-07-26","17.58"
"1001","2021-07-23","17.20"
"1002","2021-07-22","17.69"
"1003","2021-07-21","17.91"
"1004","2021-07-20","19.87"
"1005","2021-07-19","22.50"
"1006","2021-07-16","18.45"
"1007","2021-07-15","17.01"
"1008","2021-07-14","16.33"
"1009","2021-07-13","17.12"
"1010","2021-07-12","16.17"
"1011","2021-07-09","16.18"
"1012","2021-07-08","19.00"
"1013","2021-07-07","16.20"
"1014","2021-07-06","16.44"
"1015","2021-07-02","15.07"
"1016","2021-07-01","15.48"
"1017","2021-06-30","15.76"
"1018","2021-06-29","16.02"
"1019","2021-06-28","15.76"
"1020","2021-06-25","15.62"
"1021","2021-06-24","15.71"
"1022","2021-06-23","16.33"
"1023","2021-06-22","16.64"
"1024","2021-06-21","17.88"
"1025","2021-06-18","20.64"
"1026","2021-06-17","17.75"
"1027","2021-06-16","18.15"
"1028","2021-06-15","17.02"
"1029","2021-06-14","16.39"
"1030","2021-06-11","15.65"
"1031","2021-06-10","16.10"
"1032","2021-06-09","17.89"
"1033","2021-06-08","17.07"
"1034","2021-06-07","16.42"
"1035","2021-06-04","16.42"
"1036","2021-06-03","18.04"
"1037","2021-06-02","17.48"
"1038","2021-06-01","17.90"
"1039","2021-05-28","16.76"
"1040","2021-05-27","16.74"
"1041","2021-05-26","17.36"
"1042","2021-05-25","18.84"
"1043","2021-05-24","18.40"
"1044","2021-05-21","20.15"
"1045","2021-05-20","20.67"
"1046","2021-05-19","22.18"
"1047","2021-05-18","21.34"
"1048","2021-05-17","19.72"
"1049","2021-05-14","18.81"
"1050","2021-05-13","23.13"
"1051","2021-05-12","27.59"
"1052","2021-05-11","21.84"
"1053","2021-05-10","19.66"
"1054","2021-05-07","16.69"
"1055","2021-05-06","18.39"
"1056","2021-05-05","19.15"
"1057","2021-05-04","19.48"
"1058","2021-05-03","18.31"
"1059","2021-04-30","18.61"
"1060","2021-04-29","17.61"
"1061","2021-04-28","17.28"
"1062","2021-04-27","17.56"
"1063","2021-04-26","17.64"
"1064","2021-04-23","17.33"
"1065","2021-04-22","18.71"
"1066","2021-04-21","17.50"
"1067","2021-04-20","18.68"
"1068","2021-04-19","17.29"
"1069","2021-04-16","16.17"
"1070","2021-04-15","16.57"
"1071","2021-04-14","16.99"
"1072","2021-04-13","16.65"
"1073","2021-04-12","16.91"
"1074","2021-04-09","16.69"
"1075","2021-04-08","16.95"
"1076","2021-04-07","17.16"
"1077","2021-04-06","18.12"
"1078","2021-04-05","17.91"
"1079","2021-04-01","17.33"
"1080","2021-03-31","19.40"
"1081","2021-03-30","19.61"
"1082","2021-03-29","20.74"
"1083","2021-03-26","18.86"
"1084","2021-03-25","19.81"
"1085","2021-03-24","21.20"
"1086","2021-03-23","20.30"
"1087","2021-03-22","18.88"
"1088","2021-03-19","20.95"
"1089","2021-03-18","21.58"
"1090","2021-03-17","19.23"
"1091","2021-03-16","19.79"
"1092","2021-03-15","20.03"
"1093","2021-03-12","20.69"
"1094","2021-03-11","21.91"
"1095","2021-03-10","22.56"
"1096","2021-03-09","24.03"
"1097","2021-03-08","25.47"
"1098","2021-03-05","24.66"
"1099","2021-03-04","28.57"
"1100","2021-03-03","26.67"
"1101","2021-03-02","24.10"
"1102","2021-03-01","23.35"
"1103","2021-02-26","27.95"
"1104","2021-02-25","28.89"
"1105","2021-02-24","21.34"
"1106","2021-02-23","23.11"
"1107","2021-02-22","23.45"
"1108","2021-02-19","22.05"
"1109","2021-02-18","22.49"
"1110","2021-02-17","21.50"
"1111","2021-02-16","21.46"
"1112","2021-02-12","19.97"
"1113","2021-02-11","21.25"
"1114","2021-02-10","21.99"
"1115","2021-02-09","21.63"
"1116","2021-02-08","21.24"
"1117","2021-02-05","20.87"
"1118","2021-02-04","21.77"
"1119","2021-02-03","22.91"
"1120","2021-02-02","25.56"
"1121","2021-02-01","30.24"
"1122","2021-01-29","33.09"
"1123","2021-01-28","30.21"
"1124","2021-01-27","37.21"
"1125","2021-01-26","23.00"
"1126","2021-01-25","23.19"
"1127","2021-01-23","21.93"
"1128","2021-01-22","21.30"
"1129","2021-01-21","21.56"
"1130","2021-01-20","23.10"
"1131","2021-01-19","23.04"
"1132","2021-01-16","24.21"
"1133","2021-01-15","23.21"
"1134","2021-01-14","22.21"
"1135","2021-01-13","23.28"
"1136","2021-01-12","24.18"
"1137","2021-01-11","24.08"
"1138","2021-01-09","21.69"
"1139","2021-01-08","22.33"
"1140","2021-01-07","25.10"
"1141","2021-01-06","25.35"
"1142","2021-01-05","26.70"
"1143","2021-01-04","26.97"
"1144","2021-01-01","22.68"
"1145","2020-12-31","22.75"
"1146","2020-12-30","22.77"
"1147","2020-12-29","23.08"
"1148","2020-12-28","21.70"
"1149","2020-12-24","21.53"
"1150","2020-12-23","23.31"
"1151","2020-12-22","24.23"
"1152","2020-12-21","25.16"
"1153","2020-12-18","21.57"
"1154","2020-12-17","21.93"
"1155","2020-12-16","22.50"
"1156","2020-12-15","22.89"
"1157","2020-12-14","24.72"
"1158","2020-12-11","23.31"
"1159","2020-12-10","22.52"
"1160","2020-12-09","22.27"
"1161","2020-12-08","20.68"
"1162","2020-12-07","21.30"
"1163","2020-12-04","20.79"
"1164","2020-12-03","21.28"
"1165","2020-12-02","21.17"
"1166","2020-12-01","20.77"
"1167","2020-11-30","20.57"
"1168","2020-11-27","20.84"
"1169","2020-11-25","21.25"
"1170","2020-11-24","21.64"
"1171","2020-11-23","22.66"
"1172","2020-11-20","23.70"
"1173","2020-11-19","23.11"
"1174","2020-11-18","23.84"
"1175","2020-11-17","22.71"
"1176","2020-11-16","22.45"
"1177","2020-11-13","23.10"
"1178","2020-11-12","25.35"
"1179","2020-11-11","23.45"
"1180","2020-11-10","24.80"
"1181","2020-11-09","25.75"
"1182","2020-11-06","24.86"
"1183","2020-11-05","27.58"
"1184","2020-11-04","29.57"
"1185","2020-11-03","35.55"
"1186","2020-11-02","37.13"
"1187","2020-10-30","38.02"
"1188","2020-10-29","37.59"
"1189","2020-10-28","40.28"
"1190","2020-10-27","33.35"
"1191","2020-10-26","32.46"
"1192","2020-10-23","27.55"
"1193","2020-10-22","28.11"
"1194","2020-10-21","28.65"
"1195","2020-10-20","29.35"
"1196","2020-10-19","29.18"
"1197","2020-10-16","27.41"
"1198","2020-10-15","26.97"
"1199","2020-10-14","26.40"
"1200","2020-10-13","26.07"
"1201","2020-10-12","25.07"
"1202","2020-10-09","25.00"
"1203","2020-10-08","26.36"
"1204","2020-10-07","28.06"
"1205","2020-10-06","29.48"
"1206","2020-10-05","27.96"
"1207","2020-10-02","27.63"
"1208","2020-10-01","26.70"
"1209","2020-09-30","26.37"
"1210","2020-09-29","26.27"
"1211","2020-09-28","26.19"
"1212","2020-09-25","28.51"
"1213","2020-09-24","28.51"
"1214","2020-09-23","26.86"
"1215","2020-09-22","27.78"
"1216","2020-09-18","25.83"
"1217","2020-09-17","26.04"
"1218","2020-09-15","25.85"
"1219","2020-09-11","29.71"
"1220","2020-09-10","29.71"
"1221","2020-09-09","28.81"
"1222","2020-09-08","31.46"
"1223","2020-09-04","30.75"
"1224","2020-09-03","33.60"
"1225","2020-09-02","26.57"
"1226","2020-09-01","26.12"
"1227","2020-08-31","26.41"
"1228","2020-08-28","24.47"
"1229","2020-08-27","24.47"
"1230","2020-08-26","23.27"
"1231","2020-08-25","22.03"
"1232","2020-08-24","22.37"
"1233","2020-08-21","22.72"
"1234","2020-08-20","22.72"
"1235","2020-08-19","22.54"
"1236","2020-08-18","21.51"
"1237","2020-08-17","21.35"
"1238","2020-08-14","22.13"
"1239","2020-08-13","22.13"
"1240","2020-08-12","22.28"
"1241","2020-08-11","24.03"
"1242","2020-08-10","22.13"
"1243","2020-08-07","22.65"
"1244","2020-08-06","22.65"
"1245","2020-08-05","22.99"
"1246","2020-08-04","23.76"
"1247","2020-08-03","24.28"
"1248","2020-07-31","24.46"
"1249","2020-07-30","24.76"
"1250","2020-07-29","24.10"
"1251","2020-07-28","25.44"
"1252","2020-07-27","25.84"
"1253","2020-07-24","26.08"
"1254","2020-07-23","24.32"
"1255","2020-07-22","24.84"
"1256","2020-07-21","24.46"
"1257","2020-07-20","25.68"
"1258","2020-07-17","28.00"
"1259","2020-07-16","27.76"
"1260","2020-07-15","29.52"
"1261","2020-07-14","32.19"
"1262","2020-07-13","27.29"
"1263","2020-07-10","27.29"
"1264","2020-07-09","29.26"
"1265","2020-07-08","28.08"
"1266","2020-07-07","29.43"
"1267","2020-07-06","27.94"
"1268","2020-07-02","27.68"
"1269","2020-07-01","28.62"
"1270","2020-06-30","30.43"
"1271","2020-06-29","31.78"
"1272","2020-06-26","34.73"
"1273","2020-06-25","32.22"
"1274","2020-06-24","33.84"
"1275","2020-06-23","31.37"
"1276","2020-06-22","31.77"
"1277","2020-06-19","35.12"
"1278","2020-06-18","32.94"
"1279","2020-06-17","33.47"
"1280","2020-06-16","33.67"
"1281","2020-06-15","34.40"
"1282","2020-06-12","36.09"
"1283","2020-06-11","40.79"
"1284","2020-06-10","27.57"
"1285","2020-06-09","27.57"
"1286","2020-06-08","25.81"
"1287","2020-06-05","24.52"
"1288","2020-06-04","25.81"
"1289","2020-06-03","25.66"
"1290","2020-06-02","26.84"
"1291","2020-06-01","28.23"
"1292","2020-05-29","27.51"
"1293","2020-05-28","28.59"
"1294","2020-05-27","27.62"
"1295","2020-05-26","28.16"
"1296","2020-05-22","28.16"
"1297","2020-05-21","29.53"
"1298","2020-05-20","27.99"
"1299","2020-05-19","30.53"
"1300","2020-05-18","29.30"
"1301","2020-05-15","31.89"
"1302","2020-05-14","32.61"
"1303","2020-05-13","35.28"
"1304","2020-05-12","33.04"
"1305","2020-05-11","27.57"
"1306","2020-05-08","27.98"
"1307","2020-05-07","31.44"
"1308","2020-05-06","34.12"
"1309","2020-05-05","33.61"
"1310","2020-05-04","35.97"
"1311","2020-05-01","37.19"
"1312","2020-04-30","34.15"
"1313","2020-04-29","31.23"
"1314","2020-04-28","33.57"
"1315","2020-04-27","33.29"
"1316","2020-04-24","35.93"
"1317","2020-04-23","41.38"
"1318","2020-04-22","41.98"
"1319","2020-04-21","45.41"
"1320","2020-04-20","43.83"
"1321","2020-04-17","38.15"
"1322","2020-04-16","40.11"
"1323","2020-04-15","40.84"
"1324","2020-04-14","37.76"
"1325","2020-04-13","41.17"
"1326","2020-04-09","41.67"
"1327","2020-04-08","43.35"
"1328","2020-04-07","46.70"
"1329","2020-04-06","45.24"
"1330","2020-04-03","46.80"
"1331","2020-04-02","50.91"
"1332","2020-04-01","57.06"
"1333","2020-03-31","53.54"
"1334","2020-03-30","57.08"
"1335","2020-03-27","65.54"
"1336","2020-03-26","61.00"
"1337","2020-03-25","63.95"
"1338","2020-03-24","61.67"
"1339","2020-03-23","61.59"
"1340","2020-03-20","66.04"
"1341","2020-03-19","72.00"
"1342","2020-03-18","76.45"
"1343","2020-03-17","75.91"
"1344","2020-03-16","82.69"
"1345","2020-03-13","57.83"
"1346","2020-03-12","75.47"
"1347","2020-03-11","53.90"
"1348","2020-03-10","47.30"
"1349","2020-03-09","54.46"
"1350","2020-03-06","39.62"
"1351","2020-03-05","31.99"
"1352","2020-03-04","36.82"
"1353","2020-03-03","33.42"
"1354","2020-03-02","40.11"
"1355","2020-02-28","39.16"
"1356","2020-02-27","39.16"
"1357","2020-02-26","27.56"
"1358","2020-02-25","25.03"
"1359","2020-02-24","17.08"
"1360","2020-02-21","15.56"
"1361","2020-02-20","14.38"
"1362","2020-02-19","14.83"
"1363","2020-02-18","13.68"
"1364","2020-02-14","14.15"
"1365","2020-02-13","13.74"
"1366","2020-02-12","13.74"
"1367","2020-02-11","15.04"
"1368","2020-02-10","15.47"
"1369","2020-02-07","14.96"
"1370","2020-02-06","15.15"
"1371","2020-02-05","16.05"
"1372","2020-02-04","17.97"
"1373","2020-02-03","18.84"
"1374","2020-01-31","15.49"
"1375","2020-01-30","16.39"
"1376","2020-01-29","16.28"
"1377","2020-01-28","18.23"
"1378","2020-01-27","14.56"
"1379","2020-01-24","14.56"
"1380","2020-01-23","12.91"
"1381","2020-01-22","12.85"
"1382","2020-01-21","12.10"
"1383","2020-01-17","12.32"
"1384","2020-01-16","12.42"
"1385","2020-01-15","12.39"
"1386","2020-01-14","12.32"
"1387","2020-01-13","12.56"
"1388","2020-01-10","12.54"
"1389","2020-01-09","13.45"
"1390","2020-01-08","13.45"
"1391","2020-01-07","13.79"
"1392","2020-01-06","13.85"
"1393","2020-01-03","14.02"
"1394","2020-01-02","12.47"
"1395","2019-12-31","13.78"
"1396","2019-12-30","14.82"
"1397","2019-12-27","13.43"
"1398","2019-12-26","12.65"
"1399","2019-12-24","12.67"
"1400","2019-12-23","12.61"
"1401","2019-12-20","12.51"
"1402","2019-12-19","12.50"
"1403","2019-12-18","12.58"
"1404","2019-12-17","12.29"
"1405","2019-12-16","12.14"
"1406","2019-12-13","12.63"
"1407","2019-12-12","13.94"
"1408","2019-12-11","14.99"
"1409","2019-12-10","15.68"
"1410","2019-12-09","15.86"
"1411","2019-12-06","13.62"
"1412","2019-12-05","14.52"
"1413","2019-12-04","14.80"
"1414","2019-12-03","15.96"
"1415","2019-12-02","14.91"
"1416","2019-11-29","12.62"
"1417","2019-11-28","11.75"
"1418","2019-11-27","11.75"
"1419","2019-11-26","11.54"
"1420","2019-11-25","11.87"
"1421","2019-11-22","12.34"
"1422","2019-11-21","13.13"
"1423","2019-11-20","12.78"
"1424","2019-11-19","12.86"
"1425","2019-11-18","12.46"
"1426","2019-11-15","12.05"
"1427","2019-11-14","13.05"
"1428","2019-11-13","13.00"
"1429","2019-11-12","12.68"
"1430","2019-11-11","12.69"
"1431","2019-11-08","12.07"
"1432","2019-11-07","12.73"
"1433","2019-11-06","12.62"
"1434","2019-11-05","13.10"
"1435","2019-11-04","12.83"
"1436","2019-11-01","12.30"
"1437","2019-10-31","13.22"
"1438","2019-10-30","12.33"
"1439","2019-10-29","13.20"
"1440","2019-10-28","13.11"
"1441","2019-10-25","12.65"
"1442","2019-10-24","13.71"
"1443","2019-10-23","14.01"
"1444","2019-10-22","14.46"
"1445","2019-10-21","14.00"
"1446","2019-10-18","14.25"
"1447","2019-10-17","13.79"
"1448","2019-10-16","13.68"
"1449","2019-10-15","13.54"
"1450","2019-10-14","14.57"
"1451","2019-10-11","15.58"
"1452","2019-10-10","17.57"
"1453","2019-10-09","18.64"
"1454","2019-10-08","20.28"
"1455","2019-10-07","17.86"
"1456","2019-10-04","17.04"
"1457","2019-10-03","19.12"
"1458","2019-10-02","20.56"
"1459","2019-10-01","18.56"
"1460","2019-09-30","16.24"
"1461","2019-09-27","17.22"
"1462","2019-09-26","16.07"
"1463","2019-09-25","15.96"
"1464","2019-09-24","17.05"
"1465","2019-09-23","14.91"
"1466","2019-09-20","15.32"
"1467","2019-09-19","14.05"
"1468","2019-09-18","13.95"
"1469","2019-09-17","14.44"
"1470","2019-09-16","14.67"
"1471","2019-09-13","13.74"
"1472","2019-09-12","14.22"
"1473","2019-09-11","14.61"
"1474","2019-09-10","15.20"
"1475","2019-09-09","15.27"
"1476","2019-09-06","15.00"
"1477","2019-09-05","16.27"
"1478","2019-09-04","17.33"
"1479","2019-09-03","19.66"
"1480","2019-08-30","18.98"
"1481","2019-08-29","17.88"
"1482","2019-08-28","19.35"
"1483","2019-08-27","20.31"
"1484","2019-08-26","19.32"
"1485","2019-08-23","19.87"
"1486","2019-08-22","16.68"
"1487","2019-08-21","15.80"
"1488","2019-08-20","17.50"
"1489","2019-08-19","16.88"
"1490","2019-08-16","18.47"
"1491","2019-08-15","21.18"
"1492","2019-08-14","22.10"
"1493","2019-08-13","17.52"
"1494","2019-08-12","21.09"
"1495","2019-08-09","17.97"
"1496","2019-08-08","16.91"
"1497","2019-08-07","19.49"
"1498","2019-08-06","20.17"
"1499","2019-08-05","24.59"
"1500","2019-08-02","17.61"
"1501","2019-08-01","17.87"
"1502","2019-07-31","16.12"
"1503","2019-07-30","13.94"
"1504","2019-07-29","12.83"
"1505","2019-07-26","12.16"
"1506","2019-07-25","12.74"
"1507","2019-07-24","12.07"
"1508","2019-07-23","12.61"
"1509","2019-07-22","13.53"
"1510","2019-07-19","14.45"
"1511","2019-07-18","13.53"
"1512","2019-07-17","13.97"
"1513","2019-07-16","12.86"
"1514","2019-07-15","12.68"
"1515","2019-07-12","12.39"
"1516","2019-07-11","12.93"
"1517","2019-07-10","13.03"
"1518","2019-07-09","14.09"
"1519","2019-07-08","13.96"
"1520","2019-07-05","13.28"
"1521","2019-07-03","12.57"
"1522","2019-07-02","12.93"
"1523","2019-07-01","14.06"
"1524","2019-06-28","15.08"
"1525","2019-06-27","15.82"
"1526","2019-06-26","16.21"
"1527","2019-06-25","16.28"
"1528","2019-06-24","15.26"
"1529","2019-06-21","15.40"
"1530","2019-06-20","14.75"
"1531","2019-06-19","14.33"
"1532","2019-06-18","15.15"
"1533","2019-06-17","15.35"
"1534","2019-06-14","15.28"
"1535","2019-06-11","15.99"
"1536","2019-06-10","15.94"
"1537","2019-06-07","16.30"
"1538","2019-06-06","15.93"
"1539","2019-06-05","16.09"
"1540","2019-06-04","16.97"
"1541","2019-06-03","18.86"
"1542","2019-05-31","18.71"
"1543","2019-05-30","17.30"
"1544","2019-05-29","17.90"
"1545","2019-05-28","17.50"
"1546","2019-05-24","15.85"
"1547","2019-05-23","16.92"
"1548","2019-05-22","14.75"
"1549","2019-05-21","14.95"
"1550","2019-05-20","16.31"
"1551","2019-05-17","15.96"
"1552","2019-05-16","15.29"
"1553","2019-05-15","16.44"
"1554","2019-05-14","18.06"
"1555","2019-05-13","20.55"
"1556","2019-05-10","16.04"
"1557","2019-05-09","19.10"
"1558","2019-05-08","19.40"
"1559","2019-05-07","19.32"
"1560","2019-05-06","15.44"
"1561","2019-05-03","12.87"
"1562","2019-05-02","14.42"
"1563","2019-05-01","14.80"
"1564","2019-04-30","13.12"
"1565","2019-04-29","13.11"
"1566","2019-04-26","12.73"
"1567","2019-04-25","13.25"
"1568","2019-04-24","13.14"
"1569","2019-04-23","12.28"
"1570","2019-04-22","12.42"
"1571","2019-04-18","12.09"
"1572","2019-04-17","12.60"
"1573","2019-04-16","12.18"
"1574","2019-04-15","12.32"
"1575","2019-04-12","12.01"
"1576","2019-04-11","13.02"
"1577","2019-04-10","13.30"
"1578","2019-04-09","14.28"
"1579","2019-04-08","13.18"
"1580","2019-04-05","12.82"
"1581","2019-04-04","13.58"
"1582","2019-04-03","13.74"
"1583","2019-04-02","13.36"
"1584","2019-04-01","13.40"
"1585","2019-03-29","13.71"
"1586","2019-03-28","14.43"
"1587","2019-03-27","15.15"
"1588","2019-03-26","14.68"
"1589","2019-03-25","16.33"
"1590","2019-03-22","16.48"
"1591","2019-03-21","13.63"
"1592","2019-03-20","13.91"
"1593","2019-03-19","13.56"
"1594","2019-03-18","13.10"
"1595","2019-03-15","12.88"
"1596","2019-03-14","13.50"
"1597","2019-03-13","13.41"
"1598","2019-03-12","13.77"
"1599","2019-03-11","14.33"
"1600","2019-03-08","16.05"
"1601","2019-03-07","16.59"
"1602","2019-03-06","15.74"
"1603","2019-03-05","14.74"
"1604","2019-03-04","14.63"
"1605","2019-03-01","13.57"
"1606","2019-02-28","14.78"
"1607","2019-02-27","14.70"
"1608","2019-02-26","15.17"
"1609","2019-02-25","14.85"
"1610","2019-02-22","13.51"
"1611","2019-02-21","14.46"
"1612","2019-02-20","14.02"
"1613","2019-02-19","14.88"
"1614","2019-02-15","14.91"
"1615","2019-02-14","16.22"
"1616","2019-02-13","15.65"
"1617","2019-02-12","15.43"
"1618","2019-02-11","15.97"
"1619","2019-02-08","15.72"
"1620","2019-02-07","16.37"
"1621","2019-02-06","15.38"
"1622","2019-02-05","15.57"
"1623","2019-02-04","15.73"
"1624","2019-02-01","16.14"
"1625","2019-01-31","16.57"
"1626","2019-01-30","17.66"
"1627","2019-01-29","19.13"
"1628","2019-01-28","18.87"
"1629","2019-01-25","17.42"
"1630","2019-01-24","18.89"
"1631","2019-01-23","19.52"
"1632","2019-01-22","20.80"
"1633","2019-01-18","17.80"
"1634","2019-01-17","18.06"
"1635","2019-01-16","19.04"
"1636","2019-01-15","18.60"
"1637","2019-01-14","19.07"
"1638","2019-01-11","18.19"
"1639","2019-01-10","19.50"
"1640","2019-01-09","19.98"
"1641","2019-01-08","20.47"
"1642","2019-01-07","21.40"
"1643","2019-01-04","21.38"
"1644","2019-01-03","25.45"
"1645","2019-01-02","23.22"
"1646","2018-12-31","25.42"
"1647","2018-12-28","28.34"
"1648","2018-12-27","29.96"
"1649","2018-12-26","30.41"
"1650","2018-12-24","36.07"
"1651","2018-12-21","30.11"
"1652","2018-12-20","28.38"
"1653","2018-12-19","25.58"
"1654","2018-12-18","25.58"
"1655","2018-12-17","24.52"
"1656","2018-12-14","21.63"
"1657","2018-12-13","20.65"
"1658","2018-12-12","21.46"
"1659","2018-12-11","21.76"
"1660","2018-12-07","23.23"
"1661","2018-12-06","21.19"
"1662","2018-12-04","20.74"
"1663","2018-12-03","16.44"
"1664","2018-11-30","18.07"
"1665","2018-11-29","18.79"
"1666","2018-11-28","18.49"
"1667","2018-11-27","19.02"
"1668","2018-11-26","18.90"
"1669","2018-11-23","21.52"
"1670","2018-11-21","20.80"
"1671","2018-11-19","20.10"
"1672","2018-11-16","18.14"
"1673","2018-11-15","19.98"
"1674","2018-11-13","20.02"
"1675","2018-11-12","20.45"
"1676","2018-11-09","17.36"
"1677","2018-11-08","16.72"
"1678","2018-11-07","16.36"
"1679","2018-11-06","19.91"
"1680","2018-11-05","19.96"
"1681","2018-11-02","19.51"
"1682","2018-11-01","19.34"
"1683","2018-10-31","21.23"
"1684","2018-10-30","23.35"
"1685","2018-10-29","24.70"
"1686","2018-10-26","24.16"
"1687","2018-10-25","24.22"
"1688","2018-10-24","25.23"
"1689","2018-10-23","20.71"
"1690","2018-10-22","19.64"
"1691","2018-10-19","19.89"
"1692","2018-10-18","20.06"
"1693","2018-10-17","17.40"
"1694","2018-10-16","17.62"
"1695","2018-10-15","21.30"
"1696","2018-10-12","21.31"
"1697","2018-10-11","24.98"
"1698","2018-10-10","22.96"
"1699","2018-10-09","15.95"
"1700","2018-10-08","15.69"
"1701","2018-10-05","14.82"
"1702","2018-10-04","14.22"
"1703","2018-10-03","11.61"
"1704","2018-10-02","12.05"
"1705","2018-10-01","12.00"
"1706","2018-09-28","12.12"
"1707","2018-09-26","12.89"
"1708","2018-09-25","12.42"
"1709","2018-09-24","12.20"
"1710","2018-09-21","11.68"
"1711","2018-09-20","11.80"
"1712","2018-09-19","11.75"
"1713","2018-09-18","12.79"
"1714","2018-09-17","13.68"
"1715","2018-09-14","12.07"
"1716","2018-09-13","12.37"
"1717","2018-09-12","13.14"
"1718","2018-09-11","13.22"
"1719","2018-09-10","14.16"
"1720","2018-09-07","14.88"
"1721","2018-09-06","14.65"
"1722","2018-09-05","13.91"
"1723","2018-09-04","13.16"
"1724","2018-08-31","12.86"
"1725","2018-08-30","13.53"
"1726","2018-08-29","12.25"
"1727","2018-08-28","12.50"
"1728","2018-08-27","12.16"
"1729","2018-08-24","11.99"
"1730","2018-08-23","12.41"
"1731","2018-08-22","12.25"
"1732","2018-08-21","12.86"
"1733","2018-08-20","12.49"
"1734","2018-08-17","12.64"
"1735","2018-08-16","13.45"
"1736","2018-08-15","14.64"
"1737","2018-08-14","13.31"
"1738","2018-08-13","14.78"
"1739","2018-08-10","13.16"
"1740","2018-08-09","11.27"
"1741","2018-08-08","10.85"
"1742","2018-08-07","10.93"
"1743","2018-08-06","11.27"
"1744","2018-08-03","11.64"
"1745","2018-08-02","12.19"
"1746","2018-08-01","13.15"
"1747","2018-07-31","12.83"
"1748","2018-07-30","14.26"
"1749","2018-07-27","13.03"
"1750","2018-07-26","12.14"
"1751","2018-07-25","12.29"
"1752","2018-07-24","12.41"
"1753","2018-07-23","12.62"
"1754","2018-07-20","12.86"
"1755","2018-07-19","12.87"
"1756","2018-07-18","12.10"
"1757","2018-07-17","12.06"
"1758","2018-07-16","12.83"
"1759","2018-07-13","12.18"
"1760","2018-07-12","12.58"
"1761","2018-07-11","13.63"
"1762","2018-07-10","12.64"
"1763","2018-07-09","12.69"
"1764","2018-07-06","13.37"
"1765","2018-07-05","14.97"
"1766","2018-07-03","16.14"
"1767","2018-07-02","15.60"
"1768","2018-06-29","16.09"
"1769","2018-06-28","16.85"
"1770","2018-06-27","17.91"
"1771","2018-06-26","15.92"
"1772","2018-06-25","17.33"
"1773","2018-06-22","13.77"
"1774","2018-06-21","14.64"
"1775","2018-06-20","12.79"
"1776","2018-06-19","13.35"
"1777","2018-06-18","12.31"
"1778","2018-06-15","11.98"
"1779","2018-06-14","12.12"
"1780","2018-06-13","12.94"
"1781","2018-06-12","12.34"
"1782","2018-06-11","12.35"
"1783","2018-06-08","12.18"
"1784","2018-06-07","12.13"
"1785","2018-06-06","11.64"
"1786","2018-06-05","12.40"
"1787","2018-06-04","12.74"
"1788","2018-06-01","13.46"
"1789","2018-05-31","15.43"
"1790","2018-05-30","14.94"
"1791","2018-05-29","17.02"
"1792","2018-05-25","13.22"
"1793","2018-05-24","12.53"
"1794","2018-05-23","12.58"
"1795","2018-05-22","13.22"
"1796","2018-05-21","13.08"
"1797","2018-05-18","13.42"
"1798","2018-05-17","13.43"
"1799","2018-05-16","13.42"
"1800","2018-05-15","14.63"
"1801","2018-05-14","12.93"
"1802","2018-05-11","12.65"
"1803","2018-05-10","13.23"
"1804","2018-05-09","13.42"
"1805","2018-05-08","14.71"
"1806","2018-05-07","14.75"
"1807","2018-05-04","14.77"
"1808","2018-05-03","15.90"
"1809","2018-05-02","15.97"
"1810","2018-05-01","15.49"
"1811","2018-04-27","15.41"
"1812","2018-04-26","16.24"
"1813","2018-04-25","17.84"
"1814","2018-04-24","18.02"
"1815","2018-04-23","16.34"
"1816","2018-04-20","16.88"
"1817","2018-04-19","15.96"
"1818","2018-04-18","15.60"
"1819","2018-04-17","15.25"
"1820","2018-04-16","16.56"
"1821","2018-04-13","17.41"
"1822","2018-04-12","18.49"
"1823","2018-04-11","20.24"
"1824","2018-04-10","20.47"
"1825","2018-04-09","21.77"
"1826","2018-04-06","21.49"
"1827","2018-04-05","18.94"
"1828","2018-04-04","20.06"
"1829","2018-04-03","21.10"
"1830","2018-04-02","23.62"
"1831","2018-03-29","19.97"
"1832","2018-03-28","22.87"
"1833","2018-03-27","22.50"
"1834","2018-03-26","21.03"
"1835","2018-03-23","24.87"
"1836","2018-03-22","23.34"
"1837","2018-03-21","17.86"
"1838","2018-03-20","18.20"
"1839","2018-03-19","19.02"
"1840","2018-03-16","15.80"
"1841","2018-03-15","16.59"
"1842","2018-03-14","17.23"
"1843","2018-03-13","16.35"
"1844","2018-03-12","15.78"
"1845","2018-03-09","14.64"
"1846","2018-03-08","16.54"
"1847","2018-03-07","17.76"
"1848","2018-03-06","18.36"
"1849","2018-03-05","18.73"
"1850","2018-03-02","19.59"
"1851","2018-03-01","22.47"
"1852","2018-02-28","19.85"
"1853","2018-02-27","18.59"
"1854","2018-02-26","15.80"
"1855","2018-02-23","16.49"
"1856","2018-02-22","18.72"
"1857","2018-02-21","20.02"
"1858","2018-02-20","20.60"
"1859","2018-02-16","19.46"
"1860","2018-02-15","19.13"
"1861","2018-02-14","19.26"
"1862","2018-02-13","24.97"
"1863","2018-02-09","29.06"
"1864","2018-02-07","27.73"
"1865","2018-02-06","29.98"
"1866","2018-02-05","37.32"
"1867","2018-02-02","17.31"
"1868","2018-02-01","13.47"
"1869","2018-01-31","13.54"
"1870","2018-01-30","14.79"
"1871","2018-01-29","13.84"
"1872","2018-01-26","11.08"
"1873","2018-01-25","11.58"
"1874","2018-01-24","11.47"
"1875","2018-01-23","11.10"
"1876","2018-01-22","11.03"
"1877","2018-01-19","11.27"
"1878","2018-01-18","12.22"
"1879","2018-01-17","11.91"
"1880","2018-01-16","11.66"
"1881","2018-01-12","10.16"
"1882","2018-01-11","9.88"
"1883","2018-01-10","9.82"
"1884","2018-01-09","10.08"
"1885","2018-01-08","9.52"
"1886","2018-01-05","9.22"
"1887","2018-01-04","9.22"
"1888","2018-01-03","9.15"
"1889","2018-01-02","9.77"
"1890","2017-12-29","11.04"
"1891","2017-12-28","10.18"
"1892","2017-12-27","10.47"
"1893","2017-12-26","10.25"
"1894","2017-12-22","9.90"
"1895","2017-12-21","9.62"
"1896","2017-12-20","9.72"
"1897","2017-12-19","10.03"
"1898","2017-12-18","9.53"
"1899","2017-12-15","9.42"
"1900","2017-12-14","10.49"
"1901","2017-12-13","10.18"
"1902","2017-12-12","9.92"
"1903","2017-12-11","9.34"
"1904","2017-12-08","9.58"
"1905","2017-12-07","10.16"
"1906","2017-12-06","11.02"
"1907","2017-12-05","11.33"
"1908","2017-12-04","11.68"
"1909","2017-12-01","11.43"
"1910","2017-11-30","11.28"
"1911","2017-11-29","10.70"
"1912","2017-11-28","10.03"
"1913","2017-11-27","9.87"
"1914","2017-11-24","9.67"
"1915","2017-11-21","9.73"
"1916","2017-11-20","10.65"
"1917","2017-11-17","11.43"
"1918","2017-11-16","11.76"
"1919","2017-11-15","13.13"
"1920","2017-11-14","11.59"
"1921","2017-11-13","11.50"
"1922","2017-11-10","11.29"
"1923","2017-11-09","10.50"
"1924","2017-11-08","9.78"
"1925","2017-11-07","9.89"
"1926","2017-11-06","9.40"
"1927","2017-11-03","9.14"
"1928","2017-11-02","9.93"
"1929","2017-11-01","10.20"
"1930","2017-10-31","10.18"
"1931","2017-10-30","10.50"
"1932","2017-10-27","9.80"
"1933","2017-10-26","11.30"
"1934","2017-10-25","11.23"
"1935","2017-10-24","11.16"
"1936","2017-10-23","11.07"
"1937","2017-10-20","9.97"
"1938","2017-10-19","10.05"
"1939","2017-10-18","10.07"
"1940","2017-10-17","10.31"
"1941","2017-10-16","9.91"
"1942","2017-10-13","9.61"
"1943","2017-10-12","9.91"
"1944","2017-10-11","9.85"
"1945","2017-10-10","10.08"
"1946","2017-10-09","10.33"
"1947","2017-10-06","9.65"
"1948","2017-10-05","9.19"
"1949","2017-10-04","9.63"
"1950","2017-10-03","9.51"
"1951","2017-10-02","9.45"
"1952","2017-09-29","9.51"
"1953","2017-09-28","9.55"
"1954","2017-09-27","9.87"
"1955","2017-09-26","10.17"
"1956","2017-09-25","10.21"
"1957","2017-09-22","9.59"
"1958","2017-09-21","9.67"
"1959","2017-09-20","9.78"
"1960","2017-09-19","10.18"
"1961","2017-09-18","10.15"
"1962","2017-09-15","10.17"
"1963","2017-09-14","10.44"
"1964","2017-09-13","10.50"
"1965","2017-09-12","10.58"
"1966","2017-09-11","10.73"
"1967","2017-09-08","12.12"
"1968","2017-09-07","11.55"
"1969","2017-09-06","11.63"
"1970","2017-09-05","12.23"
"1971","2017-09-01","10.13"
"1972","2017-08-31","10.59"
"1973","2017-08-30","11.22"
"1974","2017-08-29","11.70"
"1975","2017-08-28","11.32"
"1976","2017-08-25","11.28"
"1977","2017-08-24","12.23"
"1978","2017-08-23","12.25"
"1979","2017-08-22","11.35"
"1980","2017-08-21","13.19"
"1981","2017-08-18","14.26"
"1982","2017-08-17","15.55"
"1983","2017-08-16","11.74"
"1984","2017-08-15","12.04"
"1985","2017-08-14","12.33"
"1986","2017-08-11","15.51"
"1987","2017-08-10","16.04"
"1988","2017-08-09","11.11"
"1989","2017-08-08","10.96"
"1990","2017-08-07","9.93"
"1991","2017-08-04","10.03"
"1992","2017-08-03","10.44"
"1993","2017-08-02","10.28"
"1994","2017-08-01","10.09"
"1995","2017-07-31","10.26"
"1996","2017-07-28","10.29"
"1997","2017-07-27","10.11"
"1998","2017-07-26","9.60"
"1999","2017-07-25","9.43"
"2000","2017-07-24","9.43"
"2001","2017-07-21","9.36"
"2002","2017-07-20","9.58"
"2003","2017-07-19","9.79"
"2004","2017-07-18","9.89"
"2005","2017-07-17","9.82"
"2006","2017-07-14","9.51"
"2007","2017-07-13","9.90"
"2008","2017-07-12","10.30"
"2009","2017-07-11","10.89"
"2010","2017-07-10","11.11"
"2011","2017-07-07","11.19"
"2012","2017-07-06","12.54"
"2013","2017-07-05","11.07"
"2014","2017-07-03","11.22"
"2015","2017-06-30","11.18"
"2016","2017-06-29","11.44"
"2017","2017-06-28","10.03"
"2018","2017-06-27","11.06"
"2019","2017-06-26","9.90"
"2020","2017-06-23","10.02"
"2021","2017-06-22","10.48"
"2022","2017-06-21","10.75"
"2023","2017-06-20","10.86"
"2024","2017-06-19","10.37"
"2025","2017-06-16","10.38"
"2026","2017-06-15","10.90"
"2027","2017-06-14","10.64"
"2028","2017-06-13","10.42"
"2029","2017-06-12","11.46"
"2030","2017-06-09","10.70"
"2031","2017-06-08","10.16"
"2032","2017-06-07","10.39"
"2033","2017-06-06","10.45"
"2034","2017-06-05","10.07"
"2035","2017-06-02","9.75"
"2036","2017-06-01","9.89"
"2037","2017-05-31","10.41"
"2038","2017-05-30","10.38"
"2039","2017-05-26","9.81"
"2040","2017-05-25","9.99"
"2041","2017-05-24","10.02"
"2042","2017-05-23","10.72"
"2043","2017-05-22","10.93"
"2044","2017-05-19","12.04"
"2045","2017-05-18","14.66"
"2046","2017-05-17","15.59"
"2047","2017-05-16","10.65"
"2048","2017-05-15","10.42"
"2049","2017-05-12","10.40"
"2050","2017-05-11","10.60"
"2051","2017-05-10","10.21"
"2052","2017-05-09","9.96"
"2053","2017-05-08","9.77"
"2054","2017-05-05","10.57"
"2055","2017-05-04","10.46"
"2056","2017-05-03","10.68"
"2057","2017-05-02","10.59"
"2058","2017-05-01","10.11"
"2059","2017-04-28","10.82"
"2060","2017-04-27","10.36"
"2061","2017-04-26","10.85"
"2062","2017-04-25","10.76"
"2063","2017-04-24","10.84"
"2064","2017-04-21","14.63"
"2065","2017-04-20","14.15"
"2066","2017-04-19","14.93"
"2067","2017-04-18","14.42"
"2068","2017-04-17","14.66"
"2069","2017-04-13","15.96"
"2070","2017-04-12","15.77"
"2071","2017-04-11","15.07"
"2072","2017-04-10","14.05"
"2073","2017-04-07","12.87"
"2074","2017-04-06","12.39"
"2075","2017-04-05","12.89"
"2076","2017-04-04","11.79"
"2077","2017-04-03","12.38"
"2078","2017-03-31","12.37"
"2079","2017-03-30","11.54"
"2080","2017-03-29","11.42"
"2081","2017-03-28","11.53"
"2082","2017-03-27","12.50"
"2083","2017-03-24","12.96"
"2084","2017-03-23","13.12"
"2085","2017-03-22","12.81"
"2086","2017-03-21","12.47"
"2087","2017-03-20","11.34"
"2088","2017-03-17","11.28"
"2089","2017-03-16","11.21"
"2090","2017-03-15","11.63"
"2091","2017-03-14","12.30"
"2092","2017-03-13","11.35"
"2093","2017-03-10","11.66"
"2094","2017-03-08","11.86"
"2095","2017-03-07","11.45"
"2096","2017-03-06","11.24"
"2097","2017-03-03","10.96"
"2098","2017-03-02","11.81"
"2099","2017-03-01","12.54"
"2100","2017-02-28","12.92"
"2101","2017-02-27","12.09"
"2102","2017-02-24","11.47"
"2103","2017-02-23","11.71"
"2104","2017-02-21","11.57"
"2105","2017-02-17","11.49"
"2106","2017-02-16","11.76"
"2107","2017-02-15","11.97"
"2108","2017-02-14","10.74"
"2109","2017-02-13","11.07"
"2110","2017-02-10","10.85"
"2111","2017-02-09","10.88"
"2112","2017-02-08","11.45"
"2113","2017-02-06","11.37"
"2114","2017-02-03","10.97"
"2115","2017-02-02","11.93"
"2116","2017-02-01","11.81"
"2117","2017-01-31","11.99"
"2118","2017-01-30","11.88"
"2119","2017-01-27","10.58"
"2120","2017-01-26","10.63"
"2121","2017-01-25","10.81"
"2122","2017-01-24","11.07"
"2123","2017-01-23","11.77"
"2124","2017-01-20","11.54"
"2125","2017-01-19","12.78"
"2126","2017-01-18","12.48"
"2127","2017-01-17","11.87"
"2128","2017-01-13","11.23"
"2129","2017-01-12","11.54"
"2130","2017-01-11","11.26"
"2131","2017-01-10","11.49"
"2132","2017-01-09","11.56"
"2133","2017-01-06","11.32"
"2134","2017-01-05","11.67"
"2135","2017-01-04","11.85"
"2136","2017-01-03","12.85"
"2137","2016-12-30","14.04"
"2138","2016-12-29","13.37"
"2139","2016-12-28","12.95"
"2140","2016-12-27","11.99"
"2141","2016-12-23","11.44"
"2142","2016-12-22","11.43"
"2143","2016-12-21","11.27"
"2144","2016-12-20","11.45"
"2145","2016-12-19","11.71"
"2146","2016-12-16","12.20"
"2147","2016-12-15","12.79"
"2148","2016-12-14","13.19"
"2149","2016-12-13","12.72"
"2150","2016-12-12","12.64"
"2151","2016-12-09","11.75"
"2152","2016-12-08","12.64"
"2153","2016-12-07","12.22"
"2154","2016-12-06","11.79"
"2155","2016-12-05","12.14"
"2156","2016-12-02","14.12"
"2157","2016-12-01","14.07"
"2158","2016-11-30","13.33"
"2159","2016-11-29","12.90"
"2160","2016-11-25","12.34"
"2161","2016-11-23","12.43"
"2162","2016-11-22","12.41"
"2163","2016-11-21","12.42"
"2164","2016-11-18","12.85"
"2165","2016-11-17","13.35"
"2166","2016-11-16","13.72"
"2167","2016-11-15","13.37"
"2168","2016-11-14","14.48"
"2169","2016-11-11","14.17"
"2170","2016-11-10","14.74"
"2171","2016-11-09","14.38"
"2172","2016-11-08","18.74"
"2173","2016-11-07","18.71"
"2174","2016-11-04","22.51"
"2175","2016-11-03","22.08"
"2176","2016-11-02","19.32"
"2177","2016-11-01","18.56"
"2178","2016-10-31","17.06"
"2179","2016-10-28","16.19"
"2180","2016-10-27","15.36"
"2181","2016-10-26","14.24"
"2182","2016-10-25","13.46"
"2183","2016-10-24","13.02"
"2184","2016-10-21","13.34"
"2185","2016-10-20","13.75"
"2186","2016-10-19","14.41"
"2187","2016-10-18","15.28"
"2188","2016-10-17","16.21"
"2189","2016-10-14","16.12"
"2190","2016-10-13","16.69"
"2191","2016-10-12","15.91"
"2192","2016-10-11","15.36"
"2193","2016-10-10","13.38"
"2194","2016-10-07","13.48"
"2195","2016-10-06","12.84"
"2196","2016-10-05","12.99"
"2197","2016-10-04","13.63"
"2198","2016-10-03","13.57"
"2199","2016-09-30","13.29"
"2200","2016-09-29","14.02"
"2201","2016-09-28","12.39"
"2202","2016-09-27","13.10"
"2203","2016-09-26","14.50"
"2204","2016-09-23","12.29"
"2205","2016-09-22","12.02"
"2206","2016-09-21","13.30"
"2207","2016-09-20","15.92"
"2208","2016-09-19","15.53"
"2209","2016-09-16","15.37"
"2210","2016-09-15","16.30"
"2211","2016-09-14","18.14"
"2212","2016-09-13","17.85"
"2213","2016-09-12","15.16"
"2214","2016-09-09","17.50"
"2215","2016-09-08","12.51"
"2216","2016-09-07","11.94"
"2217","2016-09-06","12.02"
"2218","2016-09-02","11.98"
"2219","2016-09-01","13.48"
"2220","2016-08-31","13.42"
"2221","2016-08-30","13.12"
"2222","2016-08-29","12.94"
"2223","2016-08-26","13.65"
"2224","2016-08-25","13.63"
"2225","2016-08-24","13.45"
"2226","2016-08-23","12.38"
"2227","2016-08-22","12.27"
"2228","2016-08-19","11.34"
"2229","2016-08-18","11.43"
"2230","2016-08-17","12.19"
"2231","2016-08-16","12.64"
"2232","2016-08-15","11.81"
"2233","2016-08-12","11.55"
"2234","2016-08-11","11.68"
"2235","2016-08-10","12.05"
"2236","2016-08-09","11.66"
"2237","2016-08-08","11.50"
"2238","2016-08-05","11.39"
"2239","2016-08-04","12.42"
"2240","2016-08-03","12.86"
"2241","2016-08-02","13.37"
"2242","2016-08-01","12.44"
"2243","2016-07-29","11.87"
"2244","2016-07-28","12.72"
"2245","2016-07-27","12.83"
"2246","2016-07-26","13.05"
"2247","2016-07-25","12.87"
"2248","2016-07-22","12.02"
"2249","2016-07-21","12.74"
"2250","2016-07-20","11.77"
"2251","2016-07-19","11.97"
"2252","2016-07-18","12.44"
"2253","2016-07-15","12.67"
"2254","2016-07-14","12.82"
"2255","2016-07-13","13.04"
"2256","2016-07-12","13.55"
"2257","2016-07-11","13.54"
"2258","2016-07-08","13.20"
"2259","2016-07-07","14.76"
"2260","2016-07-06","14.96"
"2261","2016-07-05","15.58"
"2262","2016-07-01","14.77"
"2263","2016-06-30","15.63"
"2264","2016-06-29","16.64"
"2265","2016-06-28","18.75"
"2266","2016-06-27","23.85"
"2267","2016-06-24","25.76"
"2268","2016-06-23","17.25"
"2269","2016-06-22","21.17"
"2270","2016-06-21","18.48"
"2271","2016-06-20","18.37"
"2272","2016-06-17","19.41"
"2273","2016-06-16","19.37"
"2274","2016-06-15","20.14"
"2275","2016-06-14","20.50"
"2276","2016-06-13","20.97"
"2277","2016-06-10","17.03"
"2278","2016-06-09","14.64"
"2279","2016-06-08","14.08"
"2280","2016-06-07","14.05"
"2281","2016-06-06","13.65"
"2282","2016-06-03","13.47"
"2283","2016-06-02","13.63"
"2284","2016-06-01","14.20"
"2285","2016-05-31","14.19"
"2286","2016-05-27","13.12"
"2287","2016-05-26","13.43"
"2288","2016-05-25","13.90"
"2289","2016-05-24","14.42"
"2290","2016-05-23","15.82"
"2291","2016-05-20","15.20"
"2292","2016-05-19","16.33"
"2293","2016-05-18","15.95"
"2294","2016-05-17","15.57"
"2295","2016-05-16","14.68"
"2296","2016-05-13","15.04"
"2297","2016-05-12","14.41"
"2298","2016-05-11","14.69"
"2299","2016-05-10","13.63"
"2300","2016-05-09","14.57"
"2301","2016-05-06","14.72"
"2302","2016-05-05","15.91"
"2303","2016-05-04","16.05"
"2304","2016-05-03","15.60"
"2305","2016-05-02","14.68"
"2306","2016-04-29","15.70"
"2307","2016-04-28","15.22"
"2308","2016-04-27","13.77"
"2309","2016-04-26","13.96"
"2310","2016-04-25","14.08"
"2311","2016-04-22","13.22"
"2312","2016-04-21","13.95"
"2313","2016-04-20","13.28"
"2314","2016-04-19","13.24"
"2315","2016-04-18","13.35"
"2316","2016-04-15","13.62"
"2317","2016-04-14","13.72"
"2318","2016-04-13","13.84"
"2319","2016-04-12","14.85"
"2320","2016-04-11","16.26"
"2321","2016-04-08","15.36"
"2322","2016-04-07","16.16"
"2323","2016-04-06","14.09"
"2324","2016-04-05","15.42"
"2325","2016-04-04","14.12"
"2326","2016-04-01","13.10"
"2327","2016-03-31","13.95"
"2328","2016-03-30","13.56"
"2329","2016-03-29","13.82"
"2330","2016-03-28","15.24"
"2331","2016-03-24","14.74"
"2332","2016-03-23","14.94"
"2333","2016-03-22","14.17"
"2334","2016-03-21","13.79"
"2335","2016-03-18","14.02"
"2336","2016-03-17","14.44"
"2337","2016-03-16","14.99"
"2338","2016-03-15","16.84"
"2339","2016-03-14","16.92"
"2340","2016-03-11","16.50"
"2341","2016-03-10","18.05"
"2342","2016-03-09","18.34"
"2343","2016-03-08","18.67"
"2344","2016-03-07","17.35"
"2345","2016-03-04","16.86"
"2346","2016-03-03","16.70"
"2347","2016-03-02","17.09"
"2348","2016-03-01","17.70"
"2349","2016-02-29","20.55"
"2350","2016-02-26","19.81"
"2351","2016-02-25","19.11"
"2352","2016-02-24","20.72"
"2353","2016-02-23","20.98"
"2354","2016-02-22","19.38"
"2355","2016-02-19","20.53"
"2356","2016-02-18","21.64"
"2357","2016-02-17","22.31"
"2358","2016-02-16","24.11"
"2359","2016-02-12","25.40"
"2360","2016-02-11","28.14"
"2361","2016-02-10","26.29"
"2362","2016-02-09","26.54"
"2363","2016-02-08","26.00"
"2364","2016-02-05","23.38"
"2365","2016-02-04","21.84"
"2366","2016-02-03","21.65"
"2367","2016-02-02","21.98"
"2368","2016-02-01","19.98"
"2369","2016-01-29","20.20"
"2370","2016-01-28","22.42"
"2371","2016-01-27","23.11"
"2372","2016-01-26","22.50"
"2373","2016-01-25","24.15"
"2374","2016-01-22","22.34"
"2375","2016-01-21","26.69"
"2376","2016-01-20","27.59"
"2377","2016-01-19","26.05"
"2378","2016-01-15","27.02"
"2379","2016-01-14","23.95"
"2380","2016-01-13","25.22"
"2381","2016-01-12","22.47"
"2382","2016-01-11","24.30"
"2383","2016-01-08","27.01"
"2384","2016-01-07","24.99"
"2385","2016-01-06","20.59"
"2386","2016-01-05","19.34"
"2387","2016-01-04","20.70"
"2388","2015-12-31","18.21"
"2389","2015-12-30","17.29"
"2390","2015-12-29","16.08"
"2391","2015-12-28","16.91"
"2392","2015-12-24","15.74"
"2393","2015-12-23","15.57"
"2394","2015-12-22","16.60"
"2395","2015-12-21","18.70"
"2396","2015-12-18","20.70"
"2397","2015-12-17","18.94"
"2398","2015-12-16","17.86"
"2399","2015-12-15","20.95"
"2400","2015-12-14","22.73"
"2401","2015-12-11","24.39"
"2402","2015-12-10","19.34"
"2403","2015-12-09","19.61"
"2404","2015-12-08","17.60"
"2405","2015-12-07","15.84"
"2406","2015-12-04","14.81"
"2407","2015-12-03","18.11"
"2408","2015-12-02","15.91"
"2409","2015-12-01","14.67"
"2410","2015-11-30","16.13"
"2411","2015-11-27","15.12"
"2412","2015-11-25","15.19"
"2413","2015-11-24","15.93"
"2414","2015-11-23","15.62"
"2415","2015-11-20","15.47"
"2416","2015-11-19","16.99"
"2417","2015-11-18","16.85"
"2418","2015-11-17","18.84"
"2419","2015-11-16","18.16"
"2420","2015-11-13","20.08"
"2421","2015-11-12","18.37"
"2422","2015-11-11","16.06"
"2423","2015-11-10","15.29"
"2424","2015-11-09","16.52"
"2425","2015-11-06","14.33"
"2426","2015-11-05","15.05"
"2427","2015-11-04","15.51"
"2428","2015-11-03","14.54"
"2429","2015-11-02","14.15"
"2430","2015-10-30","15.07"
"2431","2015-10-29","14.61"
"2432","2015-10-28","14.33"
"2433","2015-10-27","15.43"
"2434","2015-10-26","15.29"
"2435","2015-10-23","14.46"
"2436","2015-10-22","14.45"
"2437","2015-10-21","16.70"
"2438","2015-10-20","15.75"
"2439","2015-10-19","14.98"
"2440","2015-10-16","15.05"
"2441","2015-10-15","16.05"
"2442","2015-10-14","18.03"
"2443","2015-10-13","17.67"
"2444","2015-10-12","16.17"
"2445","2015-10-09","17.08"
"2446","2015-10-08","17.42"
"2447","2015-10-07","18.40"
"2448","2015-10-06","19.40"
"2449","2015-10-05","19.54"
"2450","2015-10-02","20.94"
"2451","2015-10-01","22.55"
"2452","2015-09-30","24.50"
"2453","2015-09-29","26.83"
"2454","2015-09-28","27.63"
"2455","2015-09-25","23.62"
"2456","2015-09-24","23.47"
"2457","2015-09-23","22.13"
"2458","2015-09-22","22.44"
"2459","2015-09-21","20.14"
"2460","2015-09-18","22.28"
"2461","2015-09-17","21.14"
"2462","2015-09-16","21.35"
"2463","2015-09-15","22.54"
"2464","2015-09-14","24.25"
"2465","2015-09-11","23.20"
"2466","2015-09-10","24.37"
"2467","2015-09-09","26.23"
"2468","2015-09-08","24.90"
"2469","2015-09-04","27.80"
"2470","2015-09-03","25.61"
"2471","2015-09-02","26.09"
"2472","2015-09-01","31.40"
"2473","2015-08-31","28.43"
"2474","2015-08-28","26.05"
"2475","2015-08-27","26.10"
"2476","2015-08-26","30.32"
"2477","2015-08-25","36.02"
"2478","2015-08-21","28.03"
"2479","2015-08-20","19.14"
"2480","2015-08-19","15.25"
"2481","2015-08-18","13.79"
"2482","2015-08-17","13.02"
"2483","2015-08-14","12.83"
"2484","2015-08-13","13.49"
"2485","2015-08-11","13.71"
"2486","2015-08-10","12.23"
"2487","2015-08-07","13.39"
"2488","2015-08-06","13.77"
"2489","2015-08-05","12.51"
"2490","2015-08-04","13.00"
"2491","2015-08-03","12.56"
"2492","2015-07-31","12.12"
"2493","2015-07-30","12.13"
"2494","2015-07-29","12.50"
"2495","2015-07-28","13.44"
"2496","2015-07-27","15.60"
"2497","2015-07-24","13.74"
"2498","2015-07-23","12.64"
"2499","2015-07-22","12.12"
"2500","2015-07-21","12.22"
"2501","2015-07-20","12.25"
"2502","2015-07-17","11.95"
"2503","2015-07-16","12.11"
"2504","2015-07-15","13.23"
"2505","2015-07-14","13.37"
"2506","2015-07-10","16.83"
"2507","2015-07-09","19.97"
"2508","2015-07-08","19.66"
"2509","2015-07-07","16.09"
"2510","2015-07-06","17.01"
"2511","2015-07-02","16.79"
"2512","2015-07-01","16.09"
"2513","2015-06-30","18.23"
"2514","2015-06-29","18.85"
"2515","2015-06-26","14.02"
"2516","2015-06-25","14.01"
"2517","2015-06-24","13.26"
"2518","2015-06-23","12.11"
"2519","2015-06-22","12.74"
"2520","2015-06-19","13.96"
"2521","2015-06-18","13.19"
"2522","2015-06-17","14.50"
"2523","2015-06-16","14.81"
"2524","2015-06-15","15.39"
"2525","2015-06-12","13.78"
"2526","2015-06-11","12.85"
"2527","2015-06-10","13.22"
"2528","2015-06-09","14.47"
"2529","2015-06-08","15.29"
"2530","2015-06-05","14.21"
"2531","2015-06-04","14.71"
"2532","2015-06-03","13.66"
"2533","2015-06-02","14.24"
"2534","2015-06-01","13.97"
"2535","2015-05-29","13.84"
"2536","2015-05-28","13.31"
"2537","2015-05-27","13.27"
"2538","2015-05-26","14.06"
"2539","2015-05-22","12.13"
"2540","2015-05-21","12.11"
"2541","2015-05-20","12.88"
"2542","2015-05-19","12.85"
"2543","2015-05-18","12.73"
"2544","2015-05-15","12.38"
"2545","2015-05-14","12.74"
"2546","2015-05-13","13.76"
"2547","2015-05-12","13.86"
"2548","2015-05-11","13.85"
"2549","2015-05-08","12.86"
"2550","2015-05-07","15.13"
"2551","2015-05-06","15.15"
"2552","2015-05-05","14.31"
"2553","2015-05-04","12.85"
"2554","2015-05-01","12.70"
"2555","2015-04-30","14.55"
"2556","2015-04-29","13.39"
"2557","2015-04-28","12.41"
"2558","2015-04-27","13.12"
"2559","2015-04-24","12.29"
"2560","2015-04-23","12.48"
"2561","2015-04-22","12.71"
"2562","2015-04-21","13.25"
"2563","2015-04-20","13.30"
"2564","2015-04-17","13.89"
"2565","2015-04-16","12.60"
"2566","2015-04-15","12.84"
"2567","2015-04-14","13.67"
"2568","2015-04-13","13.94"
"2569","2015-04-10","12.58"
"2570","2015-04-09","13.09"
"2571","2015-04-08","13.98"
"2572","2015-04-07","14.78"
"2573","2015-04-06","14.74"
"2574","2015-04-02","14.67"
"2575","2015-04-01","15.11"
"2576","2015-03-31","15.29"
"2577","2015-03-30","14.51"
"2578","2015-03-27","15.07"
"2579","2015-03-26","15.80"
"2580","2015-03-25","15.44"
"2581","2015-03-24","13.62"
"2582","2015-03-23","13.41"
"2583","2015-03-20","13.02"
"2584","2015-03-19","14.07"
"2585","2015-03-18","13.97"
"2586","2015-03-17","15.66"
"2587","2015-03-16","15.61"
"2588","2015-03-13","16.00"
"2589","2015-03-12","15.42"
"2590","2015-03-11","16.87"
"2591","2015-03-10","16.69"
"2592","2015-03-09","15.06"
"2593","2015-03-06","15.20"
"2594","2015-03-05","14.04"
"2595","2015-03-04","14.23"
"2596","2015-03-03","13.86"
"2597","2015-03-02","13.04"
"2598","2015-02-27","13.34"
"2599","2015-02-26","13.91"
"2600","2015-02-25","13.84"
"2601","2015-02-24","13.69"
"2602","2015-02-23","14.56"
"2603","2015-02-20","14.30"
"2604","2015-02-19","15.29"
"2605","2015-02-18","15.45"
"2606","2015-02-17","15.80"
"2607","2015-02-13","14.69"
"2608","2015-02-12","15.34"
"2609","2015-02-11","16.96"
"2610","2015-02-10","17.23"
"2611","2015-02-09","18.55"
"2612","2015-02-06","17.29"
"2613","2015-02-05","16.85"
"2614","2015-02-04","18.33"
"2615","2015-02-03","17.33"
"2616","2015-02-02","19.43"
"2617","2015-01-30","20.97"
"2618","2015-01-29","18.76"
"2619","2015-01-28","20.44"
"2620","2015-01-27","17.22"
"2621","2015-01-26","15.52"
"2622","2015-01-23","16.66"
"2623","2015-01-22","16.40"
"2624","2015-01-21","18.85"
"2625","2015-01-20","19.89"
"2626","2015-01-16","20.95"
"2627","2015-01-15","22.39"
"2628","2015-01-14","21.48"
"2629","2015-01-13","20.56"
"2630","2015-01-12","19.60"
"2631","2015-01-09","17.55"
"2632","2015-01-08","17.01"
"2633","2015-01-07","19.31"
"2634","2015-01-06","21.12"
"2635","2015-01-05","19.92"
"2636","2015-01-02","17.79"
"2637","2014-12-31","19.20"
"2638","2014-12-30","15.92"
"2639","2014-12-29","15.06"
"2640","2014-12-26","14.50"
"2641","2014-12-24","14.37"
"2642","2014-12-23","14.80"
"2643","2014-12-22","15.25"
"2644","2014-12-19","16.49"
"2645","2014-12-18","16.81"
"2646","2014-12-17","19.44"
"2647","2014-12-16","23.57"
"2648","2014-12-15","20.42"
"2649","2014-12-12","21.08"
"2650","2014-12-11","20.08"
"2651","2014-12-10","18.53"
"2652","2014-12-09","14.89"
"2653","2014-12-08","14.21"
"2654","2014-12-05","11.82"
"2655","2014-12-04","12.38"
"2656","2014-12-03","12.47"
"2657","2014-12-02","12.85"
"2658","2014-12-01","14.29"
"2659","2014-11-28","13.33"
"2660","2014-11-26","12.07"
"2661","2014-11-25","12.25"
"2662","2014-11-24","12.62"
"2663","2014-11-21","12.90"
"2664","2014-11-20","13.58"
"2665","2014-11-19","13.96"
"2666","2014-11-18","13.86"
"2667","2014-11-17","13.99"
"2668","2014-11-14","13.31"
"2669","2014-11-13","13.79"
"2670","2014-11-12","13.02"
"2671","2014-11-11","12.92"
"2672","2014-11-10","12.67"
"2673","2014-11-07","13.12"
"2674","2014-11-06","13.67"
"2675","2014-11-05","14.17"
"2676","2014-11-04","14.89"
"2677","2014-11-03","14.73"
"2678","2014-10-31","14.03"
"2679","2014-10-30","14.52"
"2680","2014-10-29","15.15"
"2681","2014-10-28","14.39"
"2682","2014-10-27","16.04"
"2683","2014-10-24","16.11"
"2684","2014-10-23","16.53"
"2685","2014-10-22","17.87"
"2686","2014-10-21","16.08"
"2687","2014-10-20","18.57"
"2688","2014-10-17","21.99"
"2689","2014-10-16","25.20"
"2690","2014-10-15","26.25"
"2691","2014-10-14","22.79"
"2692","2014-10-13","24.64"
"2693","2014-10-10","21.24"
"2694","2014-10-09","18.76"
"2695","2014-10-08","15.11"
"2696","2014-10-07","17.20"
"2697","2014-10-06","15.46"
"2698","2014-10-03","14.55"
"2699","2014-10-02","16.16"
"2700","2014-10-01","16.71"
"2701","2014-09-30","16.31"
"2702","2014-09-29","15.98"
"2703","2014-09-26","14.85"
"2704","2014-09-25","15.64"
"2705","2014-09-24","13.27"
"2706","2014-09-23","14.93"
"2707","2014-09-22","13.69"
"2708","2014-09-19","12.11"
"2709","2014-09-18","12.03"
"2710","2014-09-17","12.65"
"2711","2014-09-16","12.73"
"2712","2014-09-15","14.12"
"2713","2014-09-12","13.31"
"2714","2014-09-11","12.80"
"2715","2014-09-10","12.88"
"2716","2014-09-09","13.50"
"2717","2014-09-08","12.66"
"2718","2014-09-05","12.09"
"2719","2014-09-04","12.64"
"2720","2014-09-03","12.36"
"2721","2014-09-02","12.25"
"2722","2014-08-29","11.98"
"2723","2014-08-28","12.05"
"2724","2014-08-27","11.78"
"2725","2014-08-26","11.63"
"2726","2014-08-25","11.70"
"2727","2014-08-22","11.47"
"2728","2014-08-21","11.76"
"2729","2014-08-20","11.78"
"2730","2014-08-19","12.21"
"2731","2014-08-18","12.32"
"2732","2014-08-15","13.15"
"2733","2014-08-14","12.42"
"2734","2014-08-13","12.90"
"2735","2014-08-12","14.13"
"2736","2014-08-11","14.23"
"2737","2014-08-08","15.77"
"2738","2014-08-07","16.66"
"2739","2014-08-06","16.37"
"2740","2014-08-05","16.87"
"2741","2014-08-04","15.12"
"2742","2014-08-01","17.03"
"2743","2014-07-31","16.95"
"2744","2014-07-30","13.33"
"2745","2014-07-29","13.28"
"2746","2014-07-28","12.56"
"2747","2014-07-25","12.69"
"2748","2014-07-24","11.84"
"2749","2014-07-23","11.52"
"2750","2014-07-22","12.24"
"2751","2014-07-21","12.81"
"2752","2014-07-18","12.06"
"2753","2014-07-17","14.54"
"2754","2014-07-16","11.00"
"2755","2014-07-15","11.96"
"2756","2014-07-14","11.82"
"2757","2014-07-11","12.08"
"2758","2014-07-10","12.59"
"2759","2014-07-09","11.65"
"2760","2014-07-08","11.98"
"2761","2014-07-07","11.33"
"2762","2014-07-03","10.32"
"2763","2014-07-02","10.82"
"2764","2014-07-01","11.15"
"2765","2014-06-30","11.57"
"2766","2014-06-27","11.26"
"2767","2014-06-26","11.63"
"2768","2014-06-25","11.59"
"2769","2014-06-24","12.13"
"2770","2014-06-23","10.98"
"2771","2014-06-20","10.85"
"2772","2014-06-19","10.62"
"2773","2014-06-18","10.61"
"2774","2014-06-17","12.06"
"2775","2014-06-16","12.65"
"2776","2014-06-13","12.18"
"2777","2014-06-12","12.56"
"2778","2014-06-11","11.60"
"2779","2014-06-10","10.99"
"2780","2014-06-09","11.15"
"2781","2014-06-06","10.73"
"2782","2014-06-05","11.68"
"2783","2014-06-04","12.08"
"2784","2014-06-03","11.87"
"2785","2014-06-02","11.58"
"2786","2014-05-30","11.40"
"2787","2014-05-29","11.57"
"2788","2014-05-28","11.68"
"2789","2014-05-27","11.51"
"2790","2014-05-23","11.36"
"2791","2014-05-22","12.03"
"2792","2014-05-21","11.91"
"2793","2014-05-20","12.96"
"2794","2014-05-19","12.42"
"2795","2014-05-16","12.44"
"2796","2014-05-15","13.17"
"2797","2014-05-14","12.17"
"2798","2014-05-13","12.13"
"2799","2014-05-12","12.23"
"2800","2014-05-09","12.92"
"2801","2014-05-08","13.43"
"2802","2014-05-07","13.40"
"2803","2014-05-06","13.80"
"2804","2014-05-05","13.29"
"2805","2014-05-02","12.91"
"2806","2014-05-01","13.25"
"2807","2014-04-30","13.41"
"2808","2014-04-29","13.71"
"2809","2014-04-28","13.97"
"2810","2014-04-25","14.06"
"2811","2014-04-24","13.32"
"2812","2014-04-23","13.27"
"2813","2014-04-22","13.19"
"2814","2014-04-21","13.25"
"2815","2014-04-17","13.36"
"2816","2014-04-16","14.18"
"2817","2014-04-15","15.61"
"2818","2014-04-14","16.11"
"2819","2014-04-11","17.03"
"2820","2014-04-10","15.89"
"2821","2014-04-09","13.82"
"2822","2014-04-08","14.89"
"2823","2014-04-07","15.57"
"2824","2014-04-04","13.96"
"2825","2014-04-03","13.37"
"2826","2014-04-02","13.09"
"2827","2014-04-01","13.10"
"2828","2014-03-31","13.88"
"2829","2014-03-28","14.41"
"2830","2014-03-27","14.62"
"2831","2014-03-26","14.93"
"2832","2014-03-25","14.02"
"2833","2014-03-24","15.09"
"2834","2014-03-21","15.00"
"2835","2014-03-20","14.52"
"2836","2014-03-19","15.12"
"2837","2014-03-18","14.52"
"2838","2014-03-17","15.64"
"2839","2014-03-14","17.82"
"2840","2014-03-13","16.22"
"2841","2014-03-12","14.47"
"2842","2014-03-11","14.80"
"2843","2014-03-10","14.20"
"2844","2014-03-07","14.11"
"2845","2014-03-06","14.21"
"2846","2014-03-05","13.89"
"2847","2014-03-04","14.10"
"2848","2014-03-03","16.00"
"2849","2014-02-28","14.00"
"2850","2014-02-27","14.04"
"2851","2014-02-26","14.35"
"2852","2014-02-25","13.67"
"2853","2014-02-24","14.23"
"2854","2014-02-21","14.68"
"2855","2014-02-20","14.79"
"2856","2014-02-19","15.50"
"2857","2014-02-18","13.87"
"2858","2014-02-14","13.57"
"2859","2014-02-13","14.14"
"2860","2014-02-12","14.30"
"2861","2014-02-11","14.51"
"2862","2014-02-10","15.26"
"2863","2014-02-07","15.29"
"2864","2014-02-06","17.23"
"2865","2014-02-05","19.95"
"2866","2014-02-04","19.11"
"2867","2014-02-03","21.44"
"2868","2014-01-31","18.41"
"2869","2014-01-30","17.29"
"2870","2014-01-29","17.35"
"2871","2014-01-28","15.80"
"2872","2014-01-27","17.42"
"2873","2014-01-24","18.14"
"2874","2014-01-23","13.77"
"2875","2014-01-22","12.84"
"2876","2014-01-21","12.87"
"2877","2014-01-17","12.44"
"2878","2014-01-16","12.53"
"2879","2014-01-15","12.28"
"2880","2014-01-14","12.28"
"2881","2014-01-13","13.28"
"2882","2014-01-10","12.14"
"2883","2014-01-09","12.89"
"2884","2014-01-08","12.87"
"2885","2014-01-07","12.92"
"2886","2014-01-06","13.55"
"2887","2014-01-03","13.76"
"2888","2014-01-02","14.23"
"2889","2013-12-31","13.72"
"2890","2013-12-30","13.56"
"2891","2013-12-27","12.46"
"2892","2013-12-26","12.33"
"2893","2013-12-24","12.48"
"2894","2013-12-23","13.04"
"2895","2013-12-20","13.79"
"2896","2013-12-19","14.15"
"2897","2013-12-18","13.80"
"2898","2013-12-17","16.21"
"2899","2013-12-16","16.03"
"2900","2013-12-13","15.76"
"2901","2013-12-12","15.54"
"2902","2013-12-11","15.42"
"2903","2013-12-10","13.91"
"2904","2013-12-09","13.49"
"2905","2013-12-06","13.79"
"2906","2013-12-05","15.08"
"2907","2013-12-04","14.70"
"2908","2013-12-03","14.55"
"2909","2013-12-02","14.23"
"2910","2013-11-29","13.70"
"2911","2013-11-27","12.98"
"2912","2013-11-26","12.81"
"2913","2013-11-25","12.79"
"2914","2013-11-22","12.26"
"2915","2013-11-21","12.66"
"2916","2013-11-20","13.40"
"2917","2013-11-19","13.39"
"2918","2013-11-18","13.10"
"2919","2013-11-15","12.19"
"2920","2013-11-14","12.37"
"2921","2013-11-13","12.52"
"2922","2013-11-12","12.82"
"2923","2013-11-11","12.53"
"2924","2013-11-08","12.90"
"2925","2013-11-07","13.91"
"2926","2013-11-06","12.67"
"2927","2013-11-05","13.27"
"2928","2013-11-04","12.93"
"2929","2013-11-01","13.28"
"2930","2013-10-31","13.75"
"2931","2013-10-30","13.65"
"2932","2013-10-29","13.41"
"2933","2013-10-28","13.31"
"2934","2013-10-25","13.09"
"2935","2013-10-24","13.20"
"2936","2013-10-23","13.42"
"2937","2013-10-22","13.33"
"2938","2013-10-21","13.16"
"2939","2013-10-18","13.04"
"2940","2013-10-17","13.48"
"2941","2013-10-16","14.71"
"2942","2013-10-15","18.66"
"2943","2013-10-14","16.07"
"2944","2013-10-11","15.72"
"2945","2013-10-10","16.48"
"2946","2013-10-09","19.60"
"2947","2013-10-08","20.34"
"2948","2013-10-07","19.41"
"2949","2013-10-04","16.74"
"2950","2013-10-03","17.67"
"2951","2013-10-02","16.60"
"2952","2013-10-01","15.54"
"2953","2013-09-30","16.60"
"2954","2013-09-27","15.46"
"2955","2013-09-26","14.06"
"2956","2013-09-25","14.01"
"2957","2013-09-24","14.08"
"2958","2013-09-23","14.31"
"2959","2013-09-20","13.12"
"2960","2013-09-19","13.16"
"2961","2013-09-18","13.59"
"2962","2013-09-17","14.53"
"2963","2013-09-16","14.38"
"2964","2013-09-13","14.16"
"2965","2013-09-12","14.29"
"2966","2013-09-11","13.82"
"2967","2013-09-10","14.53"
"2968","2013-09-09","15.63"
"2969","2013-09-06","15.85"
"2970","2013-09-05","15.77"
"2971","2013-09-04","15.88"
"2972","2013-09-03","16.61"
"2973","2013-08-30","17.01"
"2974","2013-08-29","16.81"
"2975","2013-08-28","16.49"
"2976","2013-08-27","16.77"
"2977","2013-08-26","14.99"
"2978","2013-08-23","13.98"
"2979","2013-08-22","14.76"
"2980","2013-08-21","15.94"
"2981","2013-08-19","15.10"
"2982","2013-08-16","14.37"
"2983","2013-08-15","14.73"
"2984","2013-08-14","13.04"
"2985","2013-08-13","12.31"
"2986","2013-08-12","12.81"
"2987","2013-08-09","13.41"
"2988","2013-08-08","12.73"
"2989","2013-08-07","12.98"
"2990","2013-08-06","12.72"
"2991","2013-08-05","11.84"
"2992","2013-08-02","11.98"
"2993","2013-08-01","12.94"
"2994","2013-07-31","13.45"
"2995","2013-07-30","13.39"
"2996","2013-07-29","13.39"
"2997","2013-07-26","12.72"
"2998","2013-07-25","12.97"
"2999","2013-07-24","165.21"
"3000","2013-07-23","165.73"
"3001","2013-07-22","166.04"
"3002","2013-07-19","165.91"
"3003","2013-07-18","165.74"
"3004","2013-07-17","165.10"
"3005","2013-07-16","164.94"
"3006","2013-07-15","165.55"
"3007","2013-07-12","165.32"
"3008","2013-07-11","164.82"
"3009","2013-07-10","162.60"
"3010","2013-07-09","162.66"
"3011","2013-07-08","161.49"
"3012","2013-07-05","160.81"
"3013","2013-07-03","159.54"
"3014","2013-07-02","159.57"
"3015","2013-07-01","159.62"
"3016","2013-06-28","159.16"
"3017","2013-06-27","159.89"
"3018","2013-06-26","159.46"
"3019","2013-06-25","158.39"
"3020","2013-06-24","157.73"
"3021","2013-06-21","158.81"
"3022","2013-06-20","159.26"
"3023","2013-06-19","161.50"
"3024","2013-06-18","164.08"
"3025","2013-06-17","163.05"
"3026","2013-06-14","162.49"
"3027","2013-06-13","163.26"
"3028","2013-06-12","162.49"
"3029","2013-06-11","162.60"
"3030","2013-06-10","163.48"
"3031","2013-06-07","163.88"
"3032","2013-06-06","162.65"
"3033","2013-06-05","161.58"
"3034","2013-06-04","163.17"
"3035","2013-06-03","164.00"
"3036","2013-05-31","162.96"
"3037","2013-05-30","165.01"
"3038","2013-05-29","164.56"
"3039","2013-05-28","165.57"
"3040","2013-05-24","164.95"
"3041","2013-05-23","165.22"
"3042","2013-05-22","165.68"
"3043","2013-05-21","167.06"
"3044","2013-05-20","166.77"
"3045","2013-05-17","166.88"
"3046","2013-05-16","165.18"
"3047","2013-05-15","166.00"
"3048","2013-05-14","165.18"
"3049","2013-05-13","163.49"
"3050","2013-05-10","163.46"
"3051","2013-05-09","162.83"
"3052","2013-05-08","163.28"
"3053","2013-05-07","162.54"
"3054","2013-05-06","161.72"
"3055","2013-05-03","161.49"
"3056","2013-05-02","159.90"
"3057","2013-05-01","158.51"
"3058","2013-04-30","159.88"
"3059","2013-04-29","159.56"
"3060","2013-04-26","158.46"
"3061","2013-04-25","158.85"
"3062","2013-04-24","158.14"
"3063","2013-04-23","158.15"
"3064","2013-04-22","156.75"
"3065","2013-04-19","156.14"
"3066","2013-04-18","155.40"
"3067","2013-04-17","156.21"
"3068","2013-04-16","158.79"
"3069","2013-04-15","156.55"
"3070","2013-04-12","160.23"
"3071","2013-04-11","160.68"
"3072","2013-04-10","160.09"
"3073","2013-04-09","158.16"
"3074","2013-04-08","157.60"
"3075","2013-04-05","156.56"
"3076","2013-04-04","157.23"
"3077","2013-04-03","156.59"
"3078","2013-04-02","158.23"
"3079","2013-04-01","157.41"
"3080","2013-03-28","158.11"
"3081","2013-03-27","157.57"
"3082","2013-03-26","157.56"
"3083","2013-03-25","156.29"
"3084","2013-03-22","156.81"
"3085","2013-03-21","155.69"
"3086","2013-03-20","156.99"
"3087","2013-03-19","155.94"
"3088","2013-03-18","156.32"
"3089","2013-03-15","157.19"
"3090","2013-03-14","157.44"
"3091","2013-03-13","156.56"
"3092","2013-03-12","156.30"
"3093","2013-03-11","156.67"
"3094","2013-03-08","156.15"
"3095","2013-03-07","155.44"
"3096","2013-03-06","155.14"
"3097","2013-03-05","154.93"
"3098","2013-03-04","153.46"
"3099","2013-03-01","152.75"
"3100","2013-02-28","152.40"
"3101","2013-02-27","152.52"
"3102","2013-02-26","150.57"
"3103","2013-02-25","149.63"
"3104","2013-02-22","152.42"
"3105","2013-02-21","151.07"
"3106","2013-02-20","152.00"
"3107","2013-02-19","153.90"
"3108","2013-02-15","152.75"
"3109","2013-02-14","152.90"
"3110","2013-02-13","152.78"
"3111","2013-02-12","152.67"
"3112","2013-02-11","152.42"
"3113","2013-02-08","152.51"
"3114","2013-02-07","151.76"
"3115","2013-02-06","151.98"
"3116","2013-02-05","151.87"
"3117","2013-02-04","150.52"
"3118","2013-02-01","152.04"
"3119","2013-01-31","150.87"
"3120","2013-01-30","151.30"
"3121","2013-01-29","151.68"
"3122","2013-01-28","151.14"
"3123","2013-01-25","151.30"
"3124","2013-01-24","150.48"
"3125","2013-01-23","150.42"
"3126","2013-01-22","150.30"
"3127","2013-01-18","149.87"
"3128","2013-01-17","149.76"
"3129","2013-01-16","148.98"
"3130","2013-01-15","149.22"
"3131","2013-01-14","149.05"
"3132","2013-01-11","149.19"
"3133","2013-01-10","149.27"
"3134","2013-01-09","148.20"
"3135","2013-01-08","147.85"
"3136","2013-01-07","148.28"
"3137","2013-01-04","148.85"
"3138","2013-01-03","148.23"
"3139","2013-01-02","148.63"
"3140","2012-12-31","146.71"
"3141","2012-12-28","147.06"
"3142","2012-12-27","147.20"
"3143","2012-12-26","147.50"
"3144","2012-12-24","147.11"
"3145","2012-12-21","147.89"
"3146","2012-12-20","148.16"
"3147","2012-12-19","147.14"
"3148","2012-12-18","147.90"
"3149","2012-12-17","146.22"
"3150","2012-12-14","144.84"
"3151","2012-12-13","145.38"
"3152","2012-12-12","146.17"
"3153","2012-12-11","146.07"
"3154","2012-12-10","145.32"
"3155","2012-12-07","145.35"
"3156","2012-12-06","145.11"
"3157","2012-12-05","144.55"
"3158","2012-12-04","144.51"
"3159","2012-12-03","144.60"
"3160","2012-11-30","145.14"
"3161","2012-11-29","145.12"
"3162","2012-11-28","144.62"
"3163","2012-11-27","143.70"
"3164","2012-11-26","144.34"
"3165","2012-11-23","144.82"
"3166","2012-11-21","143.33"
"3167","2012-11-20","142.99"
"3168","2012-11-19","142.89"
"3169","2012-11-16","140.30"
"3170","2012-11-15","139.87"
"3171","2012-11-14","140.09"
"3172","2012-11-13","141.87"
"3173","2012-11-12","142.60"
"3174","2012-11-09","143.26"
"3175","2012-11-08","143.22"
"3176","2012-11-07","145.01"
"3177","2012-11-06","147.69"
"3178","2012-11-05","146.83"
"3179","2012-11-02","146.37"
"3180","2012-11-01","147.58"
"3181","2012-10-31","146.82"
"3182","2012-10-26","146.88"
"3183","2012-10-25","147.15"
"3184","2012-10-24","147.22"
"3185","2012-10-23","147.67"
"3186","2012-10-22","148.99"
"3187","2012-10-19","149.05"
"3188","2012-10-18","150.98"
"3189","2012-10-17","151.38"
"3190","2012-10-16","151.04"
"3191","2012-10-15","149.51"
"3192","2012-10-12","148.51"
"3193","2012-10-11","148.95"
"3194","2012-10-10","149.10"
"3195","2012-10-09","150.12"
"3196","2012-10-08","151.46"
"3197","2012-10-05","152.03"
"3198","2012-10-04","152.18"
"3199","2012-10-03","151.35"
"3200","2012-10-02","150.98"
"3201","2012-10-01","151.10"
"3202","2012-09-28","150.69"
"3203","2012-09-27","151.11"
"3204","2012-09-26","150.79"
"3205","2012-09-25","151.21"
"3206","2012-09-24","152.06"
"3207","2012-09-21","152.65"
"3208","2012-09-20","152.72"
"3209","2012-09-19","152.93"
"3210","2012-09-18","152.78"
"3211","2012-09-17","152.97"
"3212","2012-09-14","153.44"
"3213","2012-09-13","152.84"
"3214","2012-09-12","150.37"
"3215","2012-09-11","150.08"
"3216","2012-09-10","149.61"
"3217","2012-09-07","150.53"
"3218","2012-09-06","150.06"
"3219","2012-09-05","147.25"
"3220","2012-09-04","147.62"
"3221","2012-08-31","17.47"
"3222","2012-08-30","17.83"
"3223","2012-08-29","148.49"
"3224","2012-08-28","148.33"
"3225","2012-08-27","16.35"
"3226","2012-08-24","15.18"
"3227","2012-08-23","147.94"
"3228","2012-08-22","149.05"
"3229","2012-08-21","15.02"
"3230","2012-08-20","14.02"
"3231","2012-08-17","13.45"
"3232","2012-08-16","149.43"
"3233","2012-08-15","14.63"
"3234","2012-08-14","14.85"
"3235","2012-08-13","148.21"
"3236","2012-08-10","148.43"
"3237","2012-08-09","15.28"
"3238","2012-08-08","15.32"
"3239","2012-08-07","148.12"
"3240","2012-08-06","15.95"
"3241","2012-08-03","15.64"
"3242","2012-08-02","17.57"
"3243","2012-08-01","146.18"
"3244","2012-07-31","18.93"
"3245","2012-07-30","147.24"
"3246","2012-07-27","16.70"
"3247","2012-07-26","17.53"
"3248","2012-07-25","19.34"
"3249","2012-07-24","20.47"
"3250","2012-07-23","144.73"
"3251","2012-07-20","16.27"
"3252","2012-07-19","15.45"
"3253","2012-07-18","16.16"
"3254","2012-07-17","16.48"
"3255","2012-07-16","17.11"
"3256","2012-07-13","16.74"
"3257","2012-07-12","18.33"
"3258","2012-07-11","142.80"
"3259","2012-07-10","142.88"
"3260","2012-07-09","144.02"
"3261","2012-07-06","17.10"
"3262","2012-07-05","145.66"
"3263","2012-07-03","146.25"
"3264","2012-07-02","145.37"
"3265","2012-06-29","145.24"
"3266","2012-06-28","19.71"
"3267","2012-06-27","19.45"
"3268","2012-06-26","19.72"
"3269","2012-06-25","20.38"
"3270","2012-06-22","18.11"
"3271","2012-06-21","20.08"
"3272","2012-06-20","145.08"
"3273","2012-06-19","18.38"
"3274","2012-06-18","144.27"
"3275","2012-06-15","144.25"
"3276","2012-06-14","21.68"
"3277","2012-06-13","24.27"
"3278","2012-06-12","22.09"
"3279","2012-06-11","140.90"
"3280","2012-06-08","21.23"
"3281","2012-06-07","141.45"
"3282","2012-06-06","141.55"
"3283","2012-06-05","24.68"
"3284","2012-06-04","138.55"
"3285","2012-06-01","139.21"
"3286","2012-05-31","141.92"
"3287","2012-05-30","142.18"
"3288","2012-05-29","21.03"
"3289","2012-05-25","21.76"
"3290","2012-05-24","21.54"
"3291","2012-05-23","22.33"
"3292","2012-05-22","22.48"
"3293","2012-05-21","22.01"
"3294","2012-05-18","25.10"
"3295","2012-05-17","24.49"
"3296","2012-05-16","142.10"
"3297","2012-05-15","21.97"
"3298","2012-05-14","144.89"
"3299","2012-05-11","19.89"
"3300","2012-05-10","18.83"
"3301","2012-05-09","20.08"
"3302","2012-05-08","147.61"
"3303","2012-05-07","18.94"
"3304","2012-05-04","19.16"
"3305","2012-05-03","0.00"
"3306","2012-05-02","151.69"
"3307","2012-05-01","152.05"
"3308","2012-04-30","17.15"
"3309","2012-04-27","16.32"
"3310","2012-04-26","151.54"
"3311","2012-04-25","150.72"
"3312","2012-04-24","149.15"
"3313","2012-04-23","148.83"
"3314","2012-04-20","149.92"
"3315","2012-04-19","150.06"
"3316","2012-04-18","18.64"
"3317","2012-04-17","151.65"
"3318","2012-04-16","149.40"
"3319","2012-04-13","149.61"
"3320","2012-04-12","151.46"
"3321","2012-04-11","149.87"
"3322","2012-04-10","20.39"
"3323","2012-04-09","151.12"
"3324","2012-04-05","152.78"
"3325","2012-04-04","16.44"
"3326","2012-04-03","154.35"
"3327","2012-04-02","154.92"
"3328","2012-03-30","15.50"
"3329","2012-03-29","15.48"
"3330","2012-03-28","15.47"
"3331","2012-03-27","15.59"
"3332","2012-03-26","14.26"
"3333","2012-03-23","152.81"
"3334","2012-03-22","152.71"
"3335","2012-03-21","15.13"
"3336","2012-03-20","15.58"
"3337","2012-03-19","15.04"
"3338","2012-03-16","14.47"
"3339","2012-03-15","15.42"
"3340","2012-03-14","15.31"
"3341","2012-03-13","14.80"
"3342","2012-03-12","15.64"
"3343","2012-03-09","17.11"
"3344","2012-03-08","17.95"
"3345","2012-03-07","19.07"
"3346","2012-03-06","20.87"
"3347","2012-03-05","18.05"
"3348","2012-03-02","17.29"
"3349","2012-03-01","17.26"
"3350","2012-02-29","18.43"
"3351","2012-02-28","17.96"
"3352","2012-02-27","18.19"
"3353","2012-02-24","17.31"
"3354","2012-02-23","16.80"
"3355","2012-02-22","18.19"
"3356","2012-02-21","18.19"
"3357","2012-02-17","17.78"
"3358","2012-02-16","19.22"
"3359","2012-02-15","21.14"
"3360","2012-02-14","19.54"
"3361","2012-02-13","19.04"
"3362","2012-02-10","20.79"
"3363","2012-02-09","18.63"
"3364","2012-02-08","18.16"
"3365","2012-02-07","17.65"
"3366","2012-02-06","17.76"
"3367","2012-02-03","17.10"
"3368","2012-02-02","17.98"
"3369","2012-02-01","18.55"
"3370","2012-01-31","19.44"
"3371","2012-01-30","19.40"
"3372","2012-01-27","18.53"
"3373","2012-01-26","18.57"
"3374","2012-01-25","18.31"
"3375","2012-01-24","18.91"
"3376","2012-01-23","18.67"
"3377","2012-01-20","18.28"
"3378","2012-01-19","19.87"
"3379","2012-01-18","20.89"
"3380","2012-01-17","22.20"
"3381","2012-01-13","20.91"
"3382","2012-01-12","20.47"
"3383","2012-01-11","21.05"
"3384","2012-01-10","20.69"
"3385","2012-01-09","21.07"
"3386","2012-01-06","20.63"
"3387","2012-01-05","21.48"
"3388","2012-01-04","22.22"
"3389","2012-01-03","22.97"
"3390","2011-12-30","23.40"
"3391","2011-12-29","22.65"
"3392","2011-12-28","23.52"
"3393","2011-12-27","21.91"
"3394","2011-12-23","20.73"
"3395","2011-12-22","21.16"
"3396","2011-12-21","21.43"
"3397","2011-12-20","23.22"
"3398","2011-12-19","24.92"
"3399","2011-12-16","24.29"
"3400","2011-12-15","25.11"
"3401","2011-12-14","26.04"
"3402","2011-12-13","25.41"
"3403","2011-12-12","25.67"
"3404","2011-12-09","26.38"
"3405","2011-12-08","30.59"
"3406","2011-12-07","28.67"
"3407","2011-12-06","28.13"
"3408","2011-12-05","27.84"
"3409","2011-12-02","27.52"
"3410","2011-12-01","27.41"
"3411","2011-11-30","27.80"
"3412","2011-11-29","30.64"
"3413","2011-11-28","32.13"
"3414","2011-11-25","34.47"
"3415","2011-11-23","33.98"
"3416","2011-11-22","31.97"
"3417","2011-11-21","32.91"
"3418","2011-11-18","32.00"
"3419","2011-11-17","34.51"
"3420","2011-11-16","33.51"
"3421","2011-11-15","31.22"
"3422","2011-11-14","31.13"
"3423","2011-11-11","30.04"
"3424","2011-11-10","32.81"
"3425","2011-11-09","36.16"
"3426","2011-11-08","27.48"
"3427","2011-11-07","29.85"
"3428","2011-11-04","30.16"
"3429","2011-11-03","30.50"
"3430","2011-11-02","32.74"
"3431","2011-11-01","34.77"
"3432","2011-10-31","29.96"
"3433","2011-10-28","24.53"
"3434","2011-10-27","25.46"
"3435","2011-10-26","29.86"
"3436","2011-10-25","32.22"
"3437","2011-10-24","29.26"
"3438","2011-10-21","31.32"
"3439","2011-10-20","34.78"
"3440","2011-10-19","34.44"
"3441","2011-10-18","31.56"
"3442","2011-10-17","33.39"
"3443","2011-10-14","28.24"
"3444","2011-10-13","30.70"
"3445","2011-10-12","31.26"
"3446","2011-10-11","32.86"
"3447","2011-10-10","33.02"
"3448","2011-10-07","36.20"
"3449","2011-10-06","36.27"
"3450","2011-10-05","37.81"
"3451","2011-10-04","40.82"
"3452","2011-10-03","45.45"
"3453","2011-09-30","42.96"
"3454","2011-09-29","38.84"
"3455","2011-09-28","41.08"
"3456","2011-09-27","37.71"
"3457","2011-09-26","39.02"
"3458","2011-09-23","41.25"
"3459","2011-09-22","41.35"
"3460","2011-09-21","37.32"
"3461","2011-09-20","32.86"
"3462","2011-09-19","32.73"
"3463","2011-09-16","30.98"
"3464","2011-09-15","31.97"
"3465","2011-09-14","34.60"
"3466","2011-09-13","36.91"
"3467","2011-09-12","38.59"
"3468","2011-09-09","38.52"
"3469","2011-09-08","34.32"
"3470","2011-09-07","33.38"
"3471","2011-09-06","37.00"
"3472","2011-09-02","33.92"
"3473","2011-09-01","31.82"
"3474","2011-08-31","31.62"
"3475","2011-08-30","32.89"
"3476","2011-08-29","32.28"
"3477","2011-08-26","35.59"
"3478","2011-08-25","39.76"
"3479","2011-08-24","35.90"
"3480","2011-08-23","36.27"
"3481","2011-08-22","42.44"
"3482","2011-08-19","43.05"
"3483","2011-08-18","42.67"
"3484","2011-08-17","31.58"
"3485","2011-08-16","32.85"
"3486","2011-08-15","31.87"
"3487","2011-08-12","36.36"
"3488","2011-08-11","39.00"
"3489","2011-08-10","42.99"
"3490","2011-08-09","35.06"
"3491","2011-08-08","48.00"
"3492","2011-08-05","32.00"
"3493","2011-08-04","31.66"
"3494","2011-08-03","23.38"
"3495","2011-08-02","24.79"
"3496","2011-08-01","23.66"
"3497","2011-07-29","25.25"
"3498","2011-07-28","23.74"
"3499","2011-07-27","22.98"
"3500","2011-07-26","20.23"
"3501","2011-07-25","19.35"
"3502","2011-07-22","17.52"
"3503","2011-07-21","17.56"
"3504","2011-07-20","19.09"
"3505","2011-07-19","19.21"
"3506","2011-07-18","20.95"
"3507","2011-07-15","19.53"
"3508","2011-07-14","20.80"
"3509","2011-07-13","19.91"
"3510","2011-07-12","19.87"
"3511","2011-07-11","18.39"
"3512","2011-07-08","15.95"
"3513","2011-07-07","15.95"
"3514","2011-07-06","16.34"
"3515","2011-07-05","16.06"
"3516","2011-07-01","15.87"
"3517","2011-06-30","16.52"
"3518","2011-06-29","17.27"
"3519","2011-06-28","19.17"
"3520","2011-06-27","20.56"
"3521","2011-06-24","21.10"
"3522","2011-06-23","19.29"
"3523","2011-06-22","18.52"
"3524","2011-06-21","18.86"
"3525","2011-06-20","19.99"
"3526","2011-06-17","21.85"
"3527","2011-06-16","22.73"
"3528","2011-06-15","21.32"
"3529","2011-06-14","18.26"
"3530","2011-06-13","19.61"
"3531","2011-06-10","18.86"
"3532","2011-06-09","17.77"
"3533","2011-06-08","18.79"
"3534","2011-06-07","18.07"
"3535","2011-06-06","18.49"
"3536","2011-06-03","17.95"
"3537","2011-06-02","18.09"
"3538","2011-06-01","18.30"
"3539","2011-05-31","15.45"
"3540","2011-05-27","15.98"
"3541","2011-05-26","16.09"
"3542","2011-05-25","17.07"
"3543","2011-05-24","17.82"
"3544","2011-05-23","18.27"
"3545","2011-05-20","17.43"
"3546","2011-05-19","15.52"
"3547","2011-05-18","16.23"
"3548","2011-05-17","17.55"
"3549","2011-05-16","18.24"
"3550","2011-05-13","17.07"
"3551","2011-05-12","16.03"
"3552","2011-05-11","16.95"
"3553","2011-05-10","15.91"
"3554","2011-05-09","17.16"
"3555","2011-05-06","18.40"
"3556","2011-05-05","18.20"
"3557","2011-05-04","17.08"
"3558","2011-05-03","16.70"
"3559","2011-05-02","15.99"
"3560","2011-04-29","14.75"
"3561","2011-04-28","14.62"
"3562","2011-04-27","15.35"
"3563","2011-04-26","15.62"
"3564","2011-04-25","15.77"
"3565","2011-04-21","14.69"
"3566","2011-04-20","15.07"
"3567","2011-04-19","15.83"
"3568","2011-04-18","16.96"
"3569","2011-04-15","15.32"
"3570","2011-04-14","16.27"
"3571","2011-04-13","16.92"
"3572","2011-04-12","17.09"
"3573","2011-04-11","16.59"
"3574","2011-04-08","17.87"
"3575","2011-04-07","17.11"
"3576","2011-04-06","16.90"
"3577","2011-04-05","17.25"
"3578","2011-04-04","17.50"
"3579","2011-04-01","17.40"
"3580","2011-03-31","17.74"
"3581","2011-03-30","17.71"
"3582","2011-03-29","18.16"
"3583","2011-03-28","19.44"
"3584","2011-03-25","17.91"
"3585","2011-03-24","18.00"
"3586","2011-03-23","19.17"
"3587","2011-03-22","20.21"
"3588","2011-03-21","20.61"
"3589","2011-03-18","24.44"
"3590","2011-03-17","26.37"
"3591","2011-03-16","29.40"
"3592","2011-03-15","24.32"
"3593","2011-03-14","21.13"
"3594","2011-03-11","20.08"
"3595","2011-03-10","21.88"
"3596","2011-03-09","20.22"
"3597","2011-03-08","19.82"
"3598","2011-03-07","20.66"
"3599","2011-03-04","19.06"
"3600","2011-03-03","18.60"
"3601","2011-03-02","20.70"
"3602","2011-03-01","21.01"
"3603","2011-02-28","18.35"
"3604","2011-02-25","19.22"
"3605","2011-02-24","21.32"
"3606","2011-02-23","22.13"
"3607","2011-02-22","20.80"
"3608","2011-02-18","16.43"
"3609","2011-02-17","16.59"
"3610","2011-02-16","16.72"
"3611","2011-02-15","16.37"
"3612","2011-02-14","15.95"
"3613","2011-02-11","15.69"
"3614","2011-02-10","16.09"
"3615","2011-02-09","15.87"
"3616","2011-02-08","15.81"
"3617","2011-02-07","16.28"
"3618","2011-02-04","15.93"
"3619","2011-02-03","16.69"
"3620","2011-02-02","17.30"
"3621","2011-02-01","17.63"
"3622","2011-01-31","19.53"
"3623","2011-01-28","20.04"
"3624","2011-01-27","16.15"
"3625","2011-01-26","16.64"
"3626","2011-01-25","17.59"
"3627","2011-01-24","17.65"
"3628","2011-01-21","18.47"
"3629","2011-01-20","17.99"
"3630","2011-01-19","17.31"
"3631","2011-01-18","15.87"
"3632","2011-01-14","15.46"
"3633","2011-01-13","16.39"
"3634","2011-01-12","16.24"
"3635","2011-01-11","16.89"
"3636","2011-01-10","17.54"
"3637","2011-01-07","17.14"
"3638","2011-01-06","17.40"
"3639","2011-01-05","17.02"
"3640","2011-01-04","17.38"
"3641","2011-01-03","17.61"
"3642","2010-12-31","17.75"
"3643","2010-12-30","17.52"
"3644","2010-12-29","17.28"
"3645","2010-12-28","17.52"
"3646","2010-12-27","17.67"
"3647","2010-12-23","16.47"
"3648","2010-12-22","15.45"
"3649","2010-12-21","16.49"
"3650","2010-12-20","16.41"
"3651","2010-12-17","16.11"
"3652","2010-12-16","17.39"
"3653","2010-12-15","17.94"
"3654","2010-12-14","17.61"
"3655","2010-12-13","17.55"
"3656","2010-12-10","17.61"
"3657","2010-12-09","17.25"
"3658","2010-12-08","17.74"
"3659","2010-12-07","17.99"
"3660","2010-12-06","18.02"
"3661","2010-12-03","18.01"
"3662","2010-12-02","19.39"
"3663","2010-12-01","21.36"
"3664","2010-11-30","23.54"
"3665","2010-11-29","21.53"
"3666","2010-11-26","22.22"
"3667","2010-11-24","19.56"
"3668","2010-11-23","20.63"
"3669","2010-11-22","18.37"
"3670","2010-11-19","18.04"
"3671","2010-11-18","18.75"
"3672","2010-11-17","21.76"
"3673","2010-11-16","22.58"
"3674","2010-11-15","20.20"
"3675","2010-11-12","20.61"
"3676","2010-11-11","18.64"
"3677","2010-11-10","18.47"
"3678","2010-11-09","19.08"
"3679","2010-11-08","18.29"
"3680","2010-11-05","18.26"
"3681","2010-11-04","18.52"
"3682","2010-11-03","19.56"
"3683","2010-11-02","21.57"
"3684","2010-11-01","21.83"
"3685","2010-10-29","21.20"
"3686","2010-10-28","20.88"
"3687","2010-10-27","20.71"
"3688","2010-10-26","20.22"
"3689","2010-10-25","19.85"
"3690","2010-10-22","18.78"
"3691","2010-10-21","19.27"
"3692","2010-10-20","19.79"
"3693","2010-10-19","20.63"
"3694","2010-10-18","19.09"
"3695","2010-10-15","19.03"
"3696","2010-10-14","19.88"
"3697","2010-10-13","19.07"
"3698","2010-10-12","18.93"
"3699","2010-10-11","18.96"
"3700","2010-10-08","20.71"
"3701","2010-10-07","21.56"
"3702","2010-10-06","21.49"
"3703","2010-10-05","21.76"
"3704","2010-10-04","23.53"
"3705","2010-10-01","22.50"
"3706","2010-09-30","23.70"
"3707","2010-09-29","23.25"
"3708","2010-09-28","22.60"
"3709","2010-09-27","22.54"
"3710","2010-09-24","21.71"
"3711","2010-09-23","23.87"
"3712","2010-09-22","22.51"
"3713","2010-09-21","22.35"
"3714","2010-09-20","21.50"
"3715","2010-09-17","22.01"
"3716","2010-09-16","21.72"
"3717","2010-09-15","22.10"
"3718","2010-09-14","21.56"
"3719","2010-09-13","21.21"
"3720","2010-09-10","21.99"
"3721","2010-09-09","22.81"
"3722","2010-09-08","23.25"
"3723","2010-09-07","23.80"
"3724","2010-09-03","21.31"
"3725","2010-09-02","23.19"
"3726","2010-09-01","23.89"
"3727","2010-08-31","26.05"
"3728","2010-08-30","27.21"
"3729","2010-08-27","24.45"
"3730","2010-08-26","27.37"
"3731","2010-08-25","26.70"
"3732","2010-08-24","27.46"
"3733","2010-08-23","25.66"
"3734","2010-08-20","25.49"
"3735","2010-08-19","26.44"
"3736","2010-08-18","24.59"
"3737","2010-08-17","24.33"
"3738","2010-08-16","26.10"
"3739","2010-08-13","26.24"
"3740","2010-08-12","25.73"
"3741","2010-08-11","25.39"
"3742","2010-08-10","22.37"
"3743","2010-08-09","22.14"
"3744","2010-08-06","21.74"
"3745","2010-08-05","22.10"
"3746","2010-08-04","22.21"
"3747","2010-08-03","22.63"
"3748","2010-08-02","22.01"
"3749","2010-07-30","23.50"
"3750","2010-07-29","24.13"
"3751","2010-07-28","24.25"
"3752","2010-07-27","23.19"
"3753","2010-07-26","22.73"
"3754","2010-07-23","23.47"
"3755","2010-07-22","24.63"
"3756","2010-07-21","25.64"
"3757","2010-07-20","23.93"
"3758","2010-07-19","25.97"
"3759","2010-07-16","26.25"
"3760","2010-07-15","25.14"
"3761","2010-07-14","24.89"
"3762","2010-07-13","24.56"
"3763","2010-07-12","24.43"
"3764","2010-07-09","24.98"
"3765","2010-07-08","25.71"
"3766","2010-07-07","26.84"
"3767","2010-07-06","29.65"
"3768","2010-07-02","30.12"
"3769","2010-07-01","32.86"
"3770","2010-06-30","34.54"
"3771","2010-06-29","34.13"
"3772","2010-06-28","29.00"
"3773","2010-06-25","28.53"
"3774","2010-06-24","29.74"
"3775","2010-06-23","26.91"
"3776","2010-06-22","27.05"
"3777","2010-06-21","24.88"
"3778","2010-06-18","23.95"
"3779","2010-06-17","25.05"
"3780","2010-06-16","25.92"
"3781","2010-06-15","25.87"
"3782","2010-06-14","28.58"
"3783","2010-06-11","28.79"
"3784","2010-06-10","30.57"
"3785","2010-06-09","33.73"
"3786","2010-06-08","33.70"
"3787","2010-06-07","36.57"
"3788","2010-06-04","35.48"
"3789","2010-06-03","29.46"
"3790","2010-06-02","30.17"
"3791","2010-06-01","35.54"
"3792","2010-05-28","32.07"
"3793","2010-05-27","29.68"
"3794","2010-05-26","35.02"
"3795","2010-05-25","34.61"
"3796","2010-05-24","38.32"
"3797","2010-05-21","40.10"
"3798","2010-05-20","45.79"
"3799","2010-05-19","35.32"
"3800","2010-05-18","33.55"
"3801","2010-05-17","30.84"
"3802","2010-05-14","31.24"
"3803","2010-05-13","26.68"
"3804","2010-05-12","25.52"
"3805","2010-05-11","28.32"
"3806","2010-05-10","28.84"
"3807","2010-05-07","40.95"
"3808","2010-05-06","32.80"
"3809","2010-05-05","24.91"
"3810","2010-05-04","23.84"
"3811","2010-05-03","20.19"
"3812","2010-04-30","22.05"
"3813","2010-04-29","18.44"
"3814","2010-04-28","21.08"
"3815","2010-04-27","22.81"
"3816","2010-04-26","17.47"
"3817","2010-04-23","16.62"
"3818","2010-04-22","16.47"
"3819","2010-04-21","16.32"
"3820","2010-04-20","15.73"
"3821","2010-04-19","17.34"
"3822","2010-04-16","18.36"
"3823","2010-04-15","15.89"
"3824","2010-04-14","15.59"
"3825","2010-04-13","16.20"
"3826","2010-04-12","15.58"
"3827","2010-04-09","16.14"
"3828","2010-04-08","16.48"
"3829","2010-04-07","16.62"
"3830","2010-04-06","16.23"
"3831","2010-04-05","17.02"
"3832","2010-04-01","17.47"
"3833","2010-03-31","17.59"
"3834","2010-03-30","17.13"
"3835","2010-03-29","17.59"
"3836","2010-03-26","17.77"
"3837","2010-03-25","18.40"
"3838","2010-03-24","17.55"
"3839","2010-03-23","16.35"
"3840","2010-03-22","16.87"
"3841","2010-03-19","16.97"
"3842","2010-03-18","16.62"
"3843","2010-03-17","16.91"
"3844","2010-03-16","17.69"
"3845","2010-03-15","18.00"
"3846","2010-03-12","17.58"
"3847","2010-03-11","18.06"
"3848","2010-03-10","18.57"
"3849","2010-03-09","17.92"
"3850","2010-03-08","17.79"
"3851","2010-03-05","17.42"
"3852","2010-03-04","18.72"
"3853","2010-03-03","18.83"
"3854","2010-03-02","19.06"
"3855","2010-03-01","19.26"
"3856","2010-02-26","19.50"
"3857","2010-02-25","20.10"
"3858","2010-02-24","20.27"
"3859","2010-02-23","21.37"
"3860","2010-02-22","19.94"
"3861","2010-02-19","20.02"
"3862","2010-02-18","20.63"
"3863","2010-02-17","21.72"
"3864","2010-02-16","22.25"
"3865","2010-02-12","22.73"
"3866","2010-02-11","23.96"
"3867","2010-02-10","25.40"
"3868","2010-02-09","26.00"
"3869","2010-02-08","26.51"
"3870","2010-02-05","26.11"
"3871","2010-02-04","26.08"
"3872","2010-02-03","21.60"
"3873","2010-02-02","21.48"
"3874","2010-02-01","22.59"
"3875","2010-01-29","24.62"
"3876","2010-01-28","23.73"
"3877","2010-01-27","23.14"
"3878","2010-01-26","24.55"
"3879","2010-01-25","25.41"
"3880","2010-01-22","27.31"
"3881","2010-01-21","22.27"
"3882","2010-01-20","18.68"
"3883","2010-01-19","17.58"
"3884","2010-01-15","17.91"
"3885","2010-01-14","17.63"
"3886","2010-01-13","17.85"
"3887","2010-01-12","18.25"
"3888","2010-01-11","17.55"
"3889","2010-01-08","18.13"
"3890","2010-01-07","19.06"
"3891","2010-01-06","19.16"
"3892","2010-01-05","19.35"
"3893","2010-01-04","20.04"
"3894","2009-12-31","21.68"
"3895","2009-12-30","19.96"
"3896","2009-12-29","20.01"
"3897","2009-12-28","19.93"
"3898","2009-12-24","19.47"
"3899","2009-12-23","19.71"
"3900","2009-12-22","19.54"
"3901","2009-12-21","20.49"
"3902","2009-12-18","21.68"
"3903","2009-12-17","22.51"
"3904","2009-12-16","20.54"
"3905","2009-12-15","21.49"
"3906","2009-12-14","21.15"
"3907","2009-12-11","21.59"
"3908","2009-12-10","22.32"
"3909","2009-12-09","22.66"
"3910","2009-12-08","23.69"
"3911","2009-12-07","22.10"
"3912","2009-12-04","21.25"
"3913","2009-12-03","22.46"
"3914","2009-12-02","21.12"
"3915","2009-12-01","21.92"
"3916","2009-11-30","24.51"
"3917","2009-11-27","24.74"
"3918","2009-11-25","20.48"
"3919","2009-11-24","20.47"
"3920","2009-11-23","21.16"
"3921","2009-11-20","22.19"
"3922","2009-11-19","22.63"
"3923","2009-11-18","21.63"
"3924","2009-11-17","22.41"
"3925","2009-11-16","22.89"
"3926","2009-11-13","23.36"
"3927","2009-11-12","24.24"
"3928","2009-11-11","23.04"
"3929","2009-11-10","22.84"
"3930","2009-11-09","23.15"
"3931","2009-11-06","24.19"
"3932","2009-11-05","25.43"
"3933","2009-11-04","27.72"
"3934","2009-11-03","28.81"
"3935","2009-11-02","29.78"
"3936","2009-10-30","30.69"
"3937","2009-10-29","24.76"
"3938","2009-10-28","27.91"
"3939","2009-10-27","24.83"
"3940","2009-10-26","24.31"
"3941","2009-10-23","22.27"
"3942","2009-10-22","20.69"
"3943","2009-10-21","22.22"
"3944","2009-10-20","20.90"
"3945","2009-10-19","21.49"
"3946","2009-10-16","21.43"
"3947","2009-10-15","21.72"
"3948","2009-10-14","22.86"
"3949","2009-10-13","22.99"
"3950","2009-10-12","23.01"
"3951","2009-10-09","23.12"
"3952","2009-10-08","24.18"
"3953","2009-10-07","24.68"
"3954","2009-10-06","25.70"
"3955","2009-10-05","26.84"
"3956","2009-10-02","28.68"
"3957","2009-10-01","28.27"
"3958","2009-09-30","25.61"
"3959","2009-09-29","25.19"
"3960","2009-09-28","24.88"
"3961","2009-09-25","25.61"
"3962","2009-09-24","24.95"
"3963","2009-09-23","23.49"
"3964","2009-09-22","23.08"
"3965","2009-09-21","24.06"
"3966","2009-09-18","23.92"
"3967","2009-09-17","23.65"
"3968","2009-09-16","23.69"
"3969","2009-09-15","23.42"
"3970","2009-09-14","23.86"
"3971","2009-09-11","24.15"
"3972","2009-09-10","23.55"
"3973","2009-09-09","24.32"
"3974","2009-09-08","25.62"
"3975","2009-09-04","25.26"
"3976","2009-09-03","27.10"
"3977","2009-09-02","28.90"
"3978","2009-09-01","29.15"
"3979","2009-08-31","26.01"
"3980","2009-08-28","24.76"
"3981","2009-08-27","24.68"
"3982","2009-08-26","24.95"
"3983","2009-08-25","24.92"
"3984","2009-08-24","25.14"
"3985","2009-08-21","25.01"
"3986","2009-08-20","25.09"
"3987","2009-08-19","26.26"
"3988","2009-08-18","26.18"
"3989","2009-08-17","27.89"
"3990","2009-08-14","24.27"
"3991","2009-08-13","24.71"
"3992","2009-08-12","25.45"
"3993","2009-08-11","25.99"
"3994","2009-08-10","24.99"
"3995","2009-08-07","24.76"
"3996","2009-08-06","25.67"
"3997","2009-08-05","24.90"
"3998","2009-08-04","24.89"
"3999","2009-08-03","25.56"
"4000","2009-07-31","25.92"
"4001","2009-07-30","25.40"
"4002","2009-07-29","25.61"
"4003","2009-07-28","25.01"
"4004","2009-07-27","24.28"
"4005","2009-07-24","23.09"
"4006","2009-07-23","23.43"
"4007","2009-07-22","23.47"
"4008","2009-07-21","23.87"
"4009","2009-07-20","24.40"
"4010","2009-07-17","24.34"
"4011","2009-07-16","25.42"
"4012","2009-07-15","25.89"
"4013","2009-07-14","25.02"
"4014","2009-07-13","26.31"
"4015","2009-07-10","29.02"
"4016","2009-07-09","29.78"
"4017","2009-07-08","31.30"
"4018","2009-07-07","30.85"
"4019","2009-07-06","29.00"
"4020","2009-07-02","27.95"
"4021","2009-07-01","26.22"
"4022","2009-06-30","26.35"
"4023","2009-06-29","25.35"
"4024","2009-06-26","25.93"
"4025","2009-06-25","26.36"
"4026","2009-06-24","29.05"
"4027","2009-06-23","30.58"
"4028","2009-06-22","31.17"
"4029","2009-06-19","27.99"
"4030","2009-06-18","30.03"
"4031","2009-06-17","31.54"
"4032","2009-06-16","32.68"
"4033","2009-06-15","30.81"
"4034","2009-06-12","28.15"
"4035","2009-06-11","28.11"
"4036","2009-06-10","28.46"
"4037","2009-06-09","28.27"
"4038","2009-06-08","29.77"
"4039","2009-06-05","29.62"
"4040","2009-06-04","30.18"
"4041","2009-06-03","31.02"
"4042","2009-06-02","29.63"
"4043","2009-06-01","30.04"
"4044","2009-05-29","28.92"
"4045","2009-05-28","31.67"
"4046","2009-05-27","32.36"
"4047","2009-05-26","30.62"
"4048","2009-05-22","32.63"
"4049","2009-05-21","31.35"
"4050","2009-05-20","29.03"
"4051","2009-05-19","28.80"
"4052","2009-05-18","30.24"
"4053","2009-05-15","33.12"
"4054","2009-05-14","31.37"
"4055","2009-05-13","33.65"
"4056","2009-05-12","31.80"
"4057","2009-05-11","32.87"
"4058","2009-05-08","32.05"
"4059","2009-05-07","33.44"
"4060","2009-05-06","32.45"
"4061","2009-05-05","33.36"
"4062","2009-05-04","34.53"
"4063","2009-05-01","35.30"
"4064","2009-04-30","36.50"
"4065","2009-04-29","36.08"
"4066","2009-04-28","37.95"
"4067","2009-04-27","38.32"
"4068","2009-04-24","36.82"
"4069","2009-04-23","37.15"
"4070","2009-04-22","38.10"
"4071","2009-04-21","37.14"
"4072","2009-04-20","39.18"
"4073","2009-04-17","33.94"
"4074","2009-04-16","35.79"
"4075","2009-04-15","36.17"
"4076","2009-04-14","37.67"
"4077","2009-04-13","37.81"
"4078","2009-04-09","36.53"
"4079","2009-04-08","38.85"
"4080","2009-04-07","40.39"
"4081","2009-04-06","40.93"
"4082","2009-04-03","39.70"
"4083","2009-04-02","42.04"
"4084","2009-04-01","42.28"
"4085","2009-03-31","44.14"
"4086","2009-03-30","45.54"
"4087","2009-03-27","41.04"
"4088","2009-03-26","40.36"
"4089","2009-03-25","42.25"
"4090","2009-03-24","42.93"
"4091","2009-03-23","43.23"
"4092","2009-03-20","45.89"
"4093","2009-03-19","43.68"
"4094","2009-03-18","40.06"
"4095","2009-03-17","40.80"
"4096","2009-03-16","43.74"
"4097","2009-03-13","42.36"
"4098","2009-03-12","41.18"
"4099","2009-03-11","43.61"
"4100","2009-03-10","44.37"
"4101","2009-03-09","49.68"
"4102","2009-03-06","49.33"
"4103","2009-03-05","50.17"
"4104","2009-03-04","47.56"
"4105","2009-03-03","50.93"
"4106","2009-03-02","52.65"
"4107","2009-02-27","46.35"
"4108","2009-02-26","44.66"
"4109","2009-02-25","44.67"
"4110","2009-02-24","45.49"
"4111","2009-02-23","52.62"
"4112","2009-02-20","49.30"
"4113","2009-02-19","47.08"
"4114","2009-02-18","48.46"
"4115","2009-02-17","48.66"
"4116","2009-02-13","42.93"
"4117","2009-02-12","41.25"
"4118","2009-02-11","44.53"
"4119","2009-02-10","46.67"
"4120","2009-02-09","43.64"
"4121","2009-02-06","43.37"
"4122","2009-02-05","43.73"
"4123","2009-02-04","43.85"
"4124","2009-02-03","43.06"
"4125","2009-02-02","45.52"
"4126","2009-01-30","44.84"
"4127","2009-01-29","42.63"
"4128","2009-01-28","39.66"
"4129","2009-01-27","42.25"
"4130","2009-01-26","45.69"
"4131","2009-01-23","47.27"
"4132","2009-01-22","47.29"
"4133","2009-01-21","46.42"
"4134","2009-01-20","56.65"
"4135","2009-01-16","46.11"
"4136","2009-01-15","51.00"
"4137","2009-01-14","49.14"
"4138","2009-01-13","43.27"
"4139","2009-01-12","45.84"
"4140","2009-01-09","42.82"
"4141","2009-01-08","42.56"
"4142","2009-01-07","43.39"
"4143","2009-01-06","38.56"
"4144","2009-01-05","39.08"
"4145","2009-01-02","39.19"
"4146","2008-12-31","40.00"
"4147","2008-12-30","41.63"
"4148","2008-12-29","43.90"
"4149","2008-12-26","43.38"
"4150","2008-12-24","44.21"
"4151","2008-12-23","45.02"
"4152","2008-12-22","44.56"
"4153","2008-12-19","44.93"
"4154","2008-12-18","47.34"
"4155","2008-12-17","49.84"
"4156","2008-12-16","52.37"
"4157","2008-12-15","56.76"
"4158","2008-12-12","54.28"
"4159","2008-12-11","55.78"
"4160","2008-12-10","55.73"
"4161","2008-12-09","58.91"
"4162","2008-12-08","58.49"
"4163","2008-12-05","59.93"
"4164","2008-12-04","63.64"
"4165","2008-12-03","60.72"
"4166","2008-12-02","62.98"
"4167","2008-12-01","68.51"
"4168","2008-11-28","55.28"
"4169","2008-11-26","54.92"
"4170","2008-11-25","60.90"
"4171","2008-11-24","64.70"
"4172","2008-11-21","72.67"
"4173","2008-11-20","80.86"
"4174","2008-11-19","74.26"
"4175","2008-11-18","67.64"
"4176","2008-11-17","69.15"
"4177","2008-11-14","66.31"
"4178","2008-11-13","59.83"
"4179","2008-11-12","66.46"
"4180","2008-11-11","61.44"
"4181","2008-11-10","59.98"
"4182","2008-11-07","56.10"
"4183","2008-11-06","63.68"
"4184","2008-11-05","54.56"
"4185","2008-11-04","47.73"
"4186","2008-11-03","53.68"
"4187","2008-10-31","59.89"
"4188","2008-10-30","62.90"
"4189","2008-10-29","69.96"
"4190","2008-10-28","66.96"
"4191","2008-10-27","80.06"
"4192","2008-10-24","79.13"
"4193","2008-10-23","67.80"
"4194","2008-10-22","69.65"
"4195","2008-10-21","53.11"
"4196","2008-10-20","52.97"
"4197","2008-10-17","70.33"
"4198","2008-10-16","67.61"
"4199","2008-10-15","69.25"
"4200","2008-10-14","55.13"
"4201","2008-10-13","54.99"
"4202","2008-10-10","69.95"
"4203","2008-10-09","63.92"
"4204","2008-10-08","57.53"
"4205","2008-10-07","53.68"
"4206","2008-10-06","52.05"
"4207","2008-10-03","45.14"
"4208","2008-10-02","45.26"
"4209","2008-10-01","39.81"
"4210","2008-09-30","39.39"
"4211","2008-09-29","46.72"
"4212","2008-09-26","34.74"
"4213","2008-09-25","32.82"
"4214","2008-09-24","35.19"
"4215","2008-09-23","35.72"
"4216","2008-09-22","33.85"
"4217","2008-09-19","32.07"
"4218","2008-09-18","33.10"
"4219","2008-09-17","36.22"
"4220","2008-09-16","30.30"
"4221","2008-09-15","31.70"
"4222","2008-09-12","25.66"
"4223","2008-09-11","24.39"
"4224","2008-09-10","24.52"
"4225","2008-09-09","25.47"
"4226","2008-09-08","22.64"
"4227","2008-09-05","23.06"
"4228","2008-09-04","24.03"
"4229","2008-09-03","21.43"
"4230","2008-09-02","21.99"
"4231","2008-08-29","20.65"
"4232","2008-08-28","19.43"
"4233","2008-08-27","19.76"
"4234","2008-08-26","20.49"
"4235","2008-08-25","20.97"
"4236","2008-08-22","18.81"
"4237","2008-08-21","19.82"
"4238","2008-08-20","20.42"
"4239","2008-08-19","21.28"
"4240","2008-08-18","20.98"
"4241","2008-08-15","19.58"
"4242","2008-08-14","20.34"
"4243","2008-08-13","21.55"
"4244","2008-08-12","21.17"
"4245","2008-08-11","20.12"
"4246","2008-08-08","20.66"
"4247","2008-08-07","21.15"
"4248","2008-08-06","20.23"
"4249","2008-08-05","21.14"
"4250","2008-08-04","23.49"
"4251","2008-08-01","22.57"
"4252","2008-07-31","22.94"
"4253","2008-07-30","21.21"
"4254","2008-07-29","22.03"
"4255","2008-07-28","24.23"
"4256","2008-07-25","22.91"
"4257","2008-07-24","23.44"
"4258","2008-07-23","21.31"
"4259","2008-07-22","21.18"
"4260","2008-07-21","23.05"
"4261","2008-07-18","24.05"
"4262","2008-07-17","25.01"
"4263","2008-07-16","25.10"
"4264","2008-07-15","28.54"
"4265","2008-07-14","28.48"
"4266","2008-07-11","27.49"
"4267","2008-07-10","25.59"
"4268","2008-07-09","25.23"
"4269","2008-07-08","23.15"
"4270","2008-07-07","25.78"
"4271","2008-07-03","24.78"
"4272","2008-07-02","25.92"
"4273","2008-07-01","23.65"
"4274","2008-06-30","23.95"
"4275","2008-06-27","23.44"
"4276","2008-06-26","23.93"
"4277","2008-06-25","21.14"
"4278","2008-06-24","22.42"
"4279","2008-06-23","22.64"
"4280","2008-06-20","22.87"
"4281","2008-06-19","21.58"
"4282","2008-06-18","22.24"
"4283","2008-06-17","21.13"
"4284","2008-06-16","20.95"
"4285","2008-06-13","21.22"
"4286","2008-06-12","23.33"
"4287","2008-06-11","24.12"
"4288","2008-06-10","23.18"
"4289","2008-06-09","23.12"
"4290","2008-06-06","23.56"
"4291","2008-06-05","18.63"
"4292","2008-06-04","20.80"
"4293","2008-06-03","20.24"
"4294","2008-06-02","19.83"
"4295","2008-05-30","17.83"
"4296","2008-05-29","18.14"
"4297","2008-05-28","19.07"
"4298","2008-05-27","19.64"
"4299","2008-05-23","19.55"
"4300","2008-05-22","18.05"
"4301","2008-05-21","18.59"
"4302","2008-05-20","17.58"
"4303","2008-05-19","17.01"
"4304","2008-05-16","16.47"
"4305","2008-05-15","16.30"
"4306","2008-05-14","17.66"
"4307","2008-05-13","17.98"
"4308","2008-05-12","17.79"
"4309","2008-05-09","19.41"
"4310","2008-05-08","19.40"
"4311","2008-05-07","19.73"
"4312","2008-05-06","18.21"
"4313","2008-05-05","18.90"
"4314","2008-05-02","18.18"
"4315","2008-05-01","18.88"
"4316","2008-04-30","20.79"
"4317","2008-04-29","20.24"
"4318","2008-04-28","19.64"
"4319","2008-04-25","19.59"
"4320","2008-04-24","20.06"
"4321","2008-04-23","20.26"
"4322","2008-04-22","20.87"
"4323","2008-04-21","20.50"
"4324","2008-04-18","20.13"
"4325","2008-04-17","20.37"
"4326","2008-04-16","20.53"
"4327","2008-04-15","22.78"
"4328","2008-04-14","23.82"
"4329","2008-04-11","23.46"
"4330","2008-04-10","21.98"
"4331","2008-04-09","22.81"
"4332","2008-04-08","22.36"
"4333","2008-04-07","22.42"
"4334","2008-04-04","22.45"
"4335","2008-04-03","23.21"
"4336","2008-04-02","23.43"
"4337","2008-04-01","22.68"
"4338","2008-03-31","25.61"
"4339","2008-03-28","25.71"
"4340","2008-03-27","25.88"
"4341","2008-03-26","26.08"
"4342","2008-03-25","25.72"
"4343","2008-03-24","25.73"
"4344","2008-03-20","26.62"
"4345","2008-03-19","29.84"
"4346","2008-03-18","25.79"
"4347","2008-03-17","32.24"
"4348","2008-03-14","31.16"
"4349","2008-03-13","27.29"
"4350","2008-03-12","27.22"
"4351","2008-03-11","26.36"
"4352","2008-03-10","29.38"
"4353","2008-03-07","27.49"
"4354","2008-03-06","27.55"
"4355","2008-03-05","24.60"
"4356","2008-03-04","25.52"
"4357","2008-03-03","26.28"
"4358","2008-02-29","26.54"
"4359","2008-02-28","23.53"
"4360","2008-02-27","22.69"
"4361","2008-02-26","21.90"
"4362","2008-02-25","23.03"
"4363","2008-02-22","24.06"
"4364","2008-02-21","25.12"
"4365","2008-02-20","24.40"
"4366","2008-02-19","25.59"
"4367","2008-02-15","25.02"
"4368","2008-02-14","25.54"
"4369","2008-02-13","24.88"
"4370","2008-02-12","26.33"
"4371","2008-02-11","27.60"
"4372","2008-02-08","28.01"
"4373","2008-02-07","27.66"
"4374","2008-02-06","28.97"
"4375","2008-02-05","28.24"
"4376","2008-02-04","25.99"
"4377","2008-02-01","24.02"
"4378","2008-01-31","26.20"
"4379","2008-01-30","27.62"
"4380","2008-01-29","27.32"
"4381","2008-01-28","27.78"
"4382","2008-01-25","29.08"
"4383","2008-01-24","27.78"
"4384","2008-01-23","29.02"
"4385","2008-01-22","31.01"
"4386","2008-01-18","27.18"
"4387","2008-01-17","28.46"
"4388","2008-01-16","24.38"
"4389","2008-01-15","23.34"
"4390","2008-01-14","22.90"
"4391","2008-01-11","23.68"
"4392","2008-01-10","23.45"
"4393","2008-01-09","24.12"
"4394","2008-01-08","25.43"
"4395","2008-01-07","23.79"
"4396","2008-01-04","23.94"
"4397","2008-01-03","22.49"
"4398","2008-01-02","23.17"
"4399","2007-12-31","22.50"
"4400","2007-12-28","20.74"
"4401","2007-12-27","20.26"
"4402","2007-12-26","18.66"
"4403","2007-12-24","18.60"
"4404","2007-12-21","18.47"
"4405","2007-12-20","20.58"
"4406","2007-12-19","21.68"
"4407","2007-12-18","22.64"
"4408","2007-12-17","24.52"
"4409","2007-12-14","23.27"
"4410","2007-12-13","22.56"
"4411","2007-12-12","22.47"
"4412","2007-12-11","23.59"
"4413","2007-12-10","20.74"
"4414","2007-12-07","20.85"
"4415","2007-12-06","20.96"
"4416","2007-12-05","22.53"
"4417","2007-12-04","23.79"
"4418","2007-12-03","23.61"
"4419","2007-11-30","22.87"
"4420","2007-11-29","23.97"
"4421","2007-11-28","24.11"
"4422","2007-11-27","26.28"
"4423","2007-11-26","28.91"
"4424","2007-11-23","25.61"
"4425","2007-11-21","26.84"
"4426","2007-11-20","24.88"
"4427","2007-11-19","26.01"
"4428","2007-11-16","25.49"
"4429","2007-11-15","28.06"
"4430","2007-11-14","25.94"
"4431","2007-11-13","24.10"
"4432","2007-11-12","31.09"
"4433","2007-11-09","28.50"
"4434","2007-11-08","26.16"
"4435","2007-11-07","26.49"
"4436","2007-11-06","21.39"
"4437","2007-11-05","24.31"
"4438","2007-11-02","23.01"
"4439","2007-11-01","23.21"
"4440","2007-10-31","18.53"
"4441","2007-10-30","21.07"
"4442","2007-10-29","19.87"
"4443","2007-10-26","19.56"
"4444","2007-10-25","21.17"
"4445","2007-10-24","20.80"
"4446","2007-10-23","20.41"
"4447","2007-10-22","21.64"
"4448","2007-10-19","22.96"
"4449","2007-10-18","18.50"
"4450","2007-10-17","18.54"
"4451","2007-10-16","20.02"
"4452","2007-10-15","19.25"
"4453","2007-10-12","17.73"
"4454","2007-10-11","18.88"
"4455","2007-10-10","16.67"
"4456","2007-10-09","16.12"
"4457","2007-10-08","17.46"
"4458","2007-10-05","16.91"
"4459","2007-10-04","18.44"
"4460","2007-10-03","18.80"
"4461","2007-10-02","18.49"
"4462","2007-10-01","17.84"
"4463","2007-09-28","18.00"
"4464","2007-09-27","17.00"
"4465","2007-09-26","17.63"
"4466","2007-09-25","18.60"
"4467","2007-09-24","19.37"
"4468","2007-09-21","19.00"
"4469","2007-09-20","20.45"
"4470","2007-09-19","20.03"
"4471","2007-09-18","20.35"
"4472","2007-09-17","26.48"
"4473","2007-09-14","24.92"
"4474","2007-09-13","24.76"
"4475","2007-09-12","24.96"
"4476","2007-09-11","25.27"
"4477","2007-09-10","27.38"
"4478","2007-09-07","26.23"
"4479","2007-09-06","23.99"
"4480","2007-09-05","24.58"
"4481","2007-09-04","22.78"
"4482","2007-08-31","23.38"
"4483","2007-08-30","25.06"
"4484","2007-08-29","23.81"
"4485","2007-08-28","26.30"
"4486","2007-08-27","22.72"
"4487","2007-08-24","20.72"
"4488","2007-08-23","22.62"
"4489","2007-08-22","22.89"
"4490","2007-08-21","25.25"
"4491","2007-08-20","26.33"
"4492","2007-08-17","29.99"
"4493","2007-08-16","30.83"
"4494","2007-08-15","30.67"
"4495","2007-08-14","27.68"
"4496","2007-08-13","26.57"
"4497","2007-08-10","28.30"
"4498","2007-08-09","26.48"
"4499","2007-08-08","21.45"
"4500","2007-08-07","21.56"
"4501","2007-08-06","22.94"
"4502","2007-08-03","25.16"
"4503","2007-08-02","21.22"
"4504","2007-08-01","23.67"
"4505","2007-07-31","23.52"
"4506","2007-07-30","20.87"
"4507","2007-07-27","24.17"
"4508","2007-07-26","20.74"
"4509","2007-07-25","18.10"
"4510","2007-07-24","18.55"
"4511","2007-07-23","16.81"
"4512","2007-07-20","16.95"
"4513","2007-07-19","15.23"
"4514","2007-07-18","16.00"
"4515","2007-07-17","15.63"
"4516","2007-07-16","15.59"
"4517","2007-07-13","15.15"
"4518","2007-07-12","15.54"
"4519","2007-07-11","16.64"
"4520","2007-07-10","17.57"
"4521","2007-07-09","15.16"
"4522","2007-07-06","14.72"
"4523","2007-07-05","15.48"
"4524","2007-07-03","14.92"
"4525","2007-07-02","15.40"
"4526","2007-06-29","16.23"
"4527","2007-06-28","15.54"
"4528","2007-06-27","15.53"
"4529","2007-06-26","18.89"
"4530","2007-06-25","16.65"
"4531","2007-06-22","15.75"
"4532","2007-06-21","14.21"
"4533","2007-06-20","14.67"
"4534","2007-06-19","12.85"
"4535","2007-06-18","13.42"
"4536","2007-06-15","13.94"
"4537","2007-06-14","13.64"
"4538","2007-06-13","14.73"
"4539","2007-06-12","16.67"
"4540","2007-06-11","14.71"
"4541","2007-06-08","14.84"
"4542","2007-06-07","17.06"
"4543","2007-06-06","14.87"
"4544","2007-06-05","13.63"
"4545","2007-06-04","13.29"
"4546","2007-06-01","12.78"
"4547","2007-05-31","13.05"
"4548","2007-05-30","12.83"
"4549","2007-05-29","13.53"
"4550","2007-05-25","13.34"
"4551","2007-05-24","14.08"
"4552","2007-05-23","13.24"
"4553","2007-05-22","13.06"
"4554","2007-05-21","13.30"
"4555","2007-05-18","12.76"
"4556","2007-05-17","13.51"
"4557","2007-05-16","13.50"
"4558","2007-05-15","14.01"
"4559","2007-05-14","13.96"
"4560","2007-05-11","12.95"
"4561","2007-05-10","13.60"
"4562","2007-05-09","12.88"
"4563","2007-05-08","13.21"
"4564","2007-05-07","13.15"
"4565","2007-05-04","12.91"
"4566","2007-05-03","13.09"
"4567","2007-05-02","13.08"
"4568","2007-05-01","13.51"
"4569","2007-04-30","14.22"
"4570","2007-04-27","12.45"
"4571","2007-04-26","12.79"
"4572","2007-04-25","13.21"
"4573","2007-04-24","13.12"
"4574","2007-04-23","13.04"
"4575","2007-04-20","12.07"
"4576","2007-04-19","12.54"
"4577","2007-04-18","12.42"
"4578","2007-04-17","12.14"
"4579","2007-04-16","11.98"
"4580","2007-04-13","12.20"
"4581","2007-04-12","12.71"
"4582","2007-04-11","13.49"
"4583","2007-04-10","12.68"
"4584","2007-04-09","13.14"
"4585","2007-04-05","13.23"
"4586","2007-04-04","13.24"
"4587","2007-04-03","13.46"
"4588","2007-04-02","14.53"
"4589","2007-03-30","14.64"
"4590","2007-03-29","15.14"
"4591","2007-03-28","14.98"
"4592","2007-03-27","13.48"
"4593","2007-03-26","13.16"
"4594","2007-03-23","12.95"
"4595","2007-03-22","12.93"
"4596","2007-03-21","12.19"
"4597","2007-03-20","13.27"
"4598","2007-03-19","14.59"
"4599","2007-03-16","16.79"
"4600","2007-03-15","16.43"
"4601","2007-03-14","17.27"
"4602","2007-03-13","18.13"
"4603","2007-03-12","13.99"
"4604","2007-03-09","14.09"
"4605","2007-03-08","14.29"
"4606","2007-03-07","15.24"
"4607","2007-03-06","15.96"
"4608","2007-03-05","19.63"
"4609","2007-03-02","18.61"
"4610","2007-03-01","15.82"
"4611","2007-02-28","15.42"
"4612","2007-02-27","18.31"
"4613","2007-02-26","11.15"
"4614","2007-02-23","10.58"
"4615","2007-02-22","10.18"
"4616","2007-02-21","10.20"
"4617","2007-02-20","10.24"
"4618","2007-02-16","10.02"
"4619","2007-02-15","10.22"
"4620","2007-02-14","10.23"
"4621","2007-02-13","10.34"
"4622","2007-02-12","11.61"
"4623","2007-02-09","11.10"
"4624","2007-02-08","10.44"
"4625","2007-02-07","10.32"
"4626","2007-02-06","10.65"
"4627","2007-02-05","10.55"
"4628","2007-02-02","10.08"
"4629","2007-02-01","10.31"
"4630","2007-01-31","10.42"
"4631","2007-01-30","10.96"
"4632","2007-01-29","11.45"
"4633","2007-01-26","11.13"
"4634","2007-01-25","11.22"
"4635","2007-01-24","9.89"
"4636","2007-01-23","10.34"
"4637","2007-01-22","10.77"
"4638","2007-01-19","10.40"
"4639","2007-01-18","10.85"
"4640","2007-01-17","10.59"
"4641","2007-01-16","10.74"
"4642","2007-01-12","10.15"
"4643","2007-01-11","10.87"
"4644","2007-01-10","11.47"
"4645","2007-01-09","11.91"
"4646","2007-01-08","12.00"
"4647","2007-01-05","12.14"
"4648","2007-01-04","11.51"
"4649","2007-01-03","12.04"
"4650","2006-12-29","11.56"
"4651","2006-12-28","10.99"
"4652","2006-12-27","10.64"
"4653","2006-12-26","11.26"
"4654","2006-12-22","11.36"
"4655","2006-12-21","10.53"
"4656","2006-12-20","10.26"
"4657","2006-12-19","10.30"
"4658","2006-12-18","10.60"
"4659","2006-12-15","10.05"
"4660","2006-12-14","9.97"
"4661","2006-12-13","10.18"
"4662","2006-12-12","10.65"
"4663","2006-12-11","10.71"
"4664","2006-12-08","12.07"
"4665","2006-12-07","12.67"
"4666","2006-12-06","11.33"
"4667","2006-12-05","11.27"
"4668","2006-12-04","11.23"
"4669","2006-12-01","11.66"
"4670","2006-11-30","10.91"
"4671","2006-11-29","10.83"
"4672","2006-11-28","11.62"
"4673","2006-11-27","12.30"
"4674","2006-11-24","10.73"
"4675","2006-11-22","10.14"
"4676","2006-11-21","9.90"
"4677","2006-11-20","9.97"
"4678","2006-11-17","10.05"
"4679","2006-11-16","10.16"
"4680","2006-11-15","10.31"
"4681","2006-11-14","10.50"
"4682","2006-11-13","10.86"
"4683","2006-11-10","10.79"
"4684","2006-11-09","11.01"
"4685","2006-11-08","10.75"
"4686","2006-11-07","11.09"
"4687","2006-11-06","11.16"
"4688","2006-11-03","11.16"
"4689","2006-11-02","11.42"
"4690","2006-11-01","11.51"
"4691","2006-10-31","11.10"
"4692","2006-10-30","11.20"
"4693","2006-10-27","10.80"
"4694","2006-10-26","10.56"
"4695","2006-10-25","10.66"
"4696","2006-10-24","10.78"
"4697","2006-10-23","11.08"
"4698","2006-10-20","10.63"
"4699","2006-10-19","10.90"
"4700","2006-10-18","11.34"
"4701","2006-10-17","11.73"
"4702","2006-10-16","11.09"
"4703","2006-10-13","10.75"
"4704","2006-10-12","11.09"
"4705","2006-10-11","11.62"
"4706","2006-10-10","11.52"
"4707","2006-10-09","11.68"
"4708","2006-10-06","11.56"
"4709","2006-10-05","11.98"
"4710","2006-10-04","11.86"
"4711","2006-10-03","12.24"
"4712","2006-10-02","12.57"
"4713","2006-09-29","11.98"
"4714","2006-09-28","11.72"
"4715","2006-09-27","11.58"
"4716","2006-09-26","11.53"
"4717","2006-09-25","12.12"
"4718","2006-09-22","12.59"
"4719","2006-09-21","12.25"
"4720","2006-09-20","11.39"
"4721","2006-09-19","11.98"
"4722","2006-09-18","11.78"
"4723","2006-09-15","11.76"
"4724","2006-09-14","11.55"
"4725","2006-09-13","11.18"
"4726","2006-09-12","11.92"
"4727","2006-09-11","12.99"
"4728","2006-09-08","13.16"
"4729","2006-09-07","13.88"
"4730","2006-09-06","13.74"
"4731","2006-09-05","12.63"
"4732","2006-09-01","11.96"
"4733","2006-08-31","12.31"
"4734","2006-08-30","12.22"
"4735","2006-08-29","12.28"
"4736","2006-08-28","12.18"
"4737","2006-08-25","12.31"
"4738","2006-08-24","12.40"
"4739","2006-08-23","12.40"
"4740","2006-08-22","12.19"
"4741","2006-08-21","12.22"
"4742","2006-08-18","11.64"
"4743","2006-08-17","12.24"
"4744","2006-08-16","12.41"
"4745","2006-08-15","13.42"
"4746","2006-08-14","14.26"
"4747","2006-08-11","14.30"
"4748","2006-08-10","14.46"
"4749","2006-08-09","15.20"
"4750","2006-08-08","15.23"
"4751","2006-08-07","15.23"
"4752","2006-08-04","14.34"
"4753","2006-08-03","14.46"
"4754","2006-08-02","14.34"
"4755","2006-08-01","15.05"
"4756","2006-07-31","14.95"
"4757","2006-07-28","14.33"
"4758","2006-07-27","14.94"
"4759","2006-07-26","14.62"
"4760","2006-07-25","14.85"
"4761","2006-07-24","14.98"
"4762","2006-07-21","17.40"
"4763","2006-07-20","16.21"
"4764","2006-07-19","15.55"
"4765","2006-07-18","17.74"
"4766","2006-07-17","18.64"
"4767","2006-07-14","18.05"
"4768","2006-07-13","17.79"
"4769","2006-07-12","14.49"
"4770","2006-07-11","13.14"
"4771","2006-07-10","14.02"
"4772","2006-07-07","13.97"
"4773","2006-07-06","13.65"
"4774","2006-07-05","14.15"
"4775","2006-07-03","13.05"
"4776","2006-06-30","13.08"
"4777","2006-06-29","13.03"
"4778","2006-06-28","15.79"
"4779","2006-06-27","16.40"
"4780","2006-06-26","15.62"
"4781","2006-06-23","15.89"
"4782","2006-06-22","15.88"
"4783","2006-06-21","15.52"
"4784","2006-06-20","16.69"
"4785","2006-06-19","17.83"
"4786","2006-06-16","17.25"
"4787","2006-06-15","15.90"
"4788","2006-06-14","21.46"
"4789","2006-06-13","23.81"
"4790","2006-06-12","20.96"
"4791","2006-06-09","18.12"
"4792","2006-06-08","18.35"
"4793","2006-06-07","17.80"
"4794","2006-06-06","17.34"
"4795","2006-06-05","16.65"
"4796","2006-06-02","14.32"
"4797","2006-06-01","14.52"
"4798","2006-05-31","16.44"
"4799","2006-05-30","18.66"
"4800","2006-05-26","14.26"
"4801","2006-05-25","15.50"
"4802","2006-05-24","17.36"
"4803","2006-05-23","18.26"
"4804","2006-05-22","17.72"
"4805","2006-05-19","17.18"
"4806","2006-05-18","16.99"
"4807","2006-05-17","16.26"
"4808","2006-05-16","13.35"
"4809","2006-05-15","13.57"
"4810","2006-05-12","14.19"
"4811","2006-05-11","12.49"
"4812","2006-05-10","11.78"
"4813","2006-05-09","11.99"
"4814","2006-05-08","12.00"
"4815","2006-05-05","11.62"
"4816","2006-05-04","11.86"
"4817","2006-05-03","11.99"
"4818","2006-05-02","11.99"
"4819","2006-05-01","12.54"
"4820","2006-04-28","11.59"
"4821","2006-04-27","11.84"
"4822","2006-04-26","11.76"
"4823","2006-04-25","11.75"
"4824","2006-04-24","11.75"
"4825","2006-04-21","11.59"
"4826","2006-04-20","11.64"
"4827","2006-04-19","11.32"
"4828","2006-04-18","11.40"
"4829","2006-04-17","12.58"
"4830","2006-04-13","12.38"
"4831","2006-04-12","12.76"
"4832","2006-04-11","13.00"
"4833","2006-04-10","12.19"
"4834","2006-04-07","12.26"
"4835","2006-04-06","11.45"
"4836","2006-04-05","11.13"
"4837","2006-04-04","11.14"
"4838","2006-04-03","11.57"
"4839","2006-03-31","11.39"
"4840","2006-03-30","11.57"
"4841","2006-03-29","10.95"
"4842","2006-03-28","11.58"
"4843","2006-03-27","11.46"
"4844","2006-03-24","11.19"
"4845","2006-03-23","11.17"
"4846","2006-03-22","11.21"
"4847","2006-03-21","11.62"
"4848","2006-03-20","11.79"
"4849","2006-03-17","12.12"
"4850","2006-03-16","11.98"
"4851","2006-03-15","11.35"
"4852","2006-03-14","10.74"
"4853","2006-03-13","11.37"
"4854","2006-03-10","11.85"
"4855","2006-03-09","12.68"
"4856","2006-03-08","12.32"
"4857","2006-03-07","12.66"
"4858","2006-03-06","12.74"
"4859","2006-03-03","11.96"
"4860","2006-03-02","11.72"
"4861","2006-03-01","11.54"
"4862","2006-02-28","12.34"
"4863","2006-02-27","11.59"
"4864","2006-02-24","11.46"
"4865","2006-02-23","11.87"
"4866","2006-02-22","11.88"
"4867","2006-02-21","12.41"
"4868","2006-02-17","12.01"
"4869","2006-02-16","11.48"
"4870","2006-02-15","12.31"
"4871","2006-02-14","12.25"
"4872","2006-02-13","13.35"
"4873","2006-02-10","12.87"
"4874","2006-02-09","13.12"
"4875","2006-02-08","12.83"
"4876","2006-02-07","13.59"
"4877","2006-02-06","13.04"
"4878","2006-02-03","12.96"
"4879","2006-02-02","13.23"
"4880","2006-02-01","12.36"
"4881","2006-01-31","12.95"
"4882","2006-01-30","12.39"
"4883","2006-01-27","11.97"
"4884","2006-01-26","12.42"
"4885","2006-01-25","12.87"
"4886","2006-01-24","13.31"
"4887","2006-01-23","13.93"
"4888","2006-01-20","14.56"
"4889","2006-01-19","11.98"
"4890","2006-01-18","12.25"
"4891","2006-01-17","11.91"
"4892","2006-01-13","11.23"
"4893","2006-01-12","11.20"
"4894","2006-01-11","10.94"
"4895","2006-01-10","10.86"
"4896","2006-01-09","11.13"
"4897","2006-01-06","11.00"
"4898","2006-01-05","11.31"
"4899","2006-01-04","11.37"
"4900","2006-01-03","11.14"
"4901","2005-12-30","12.07"
"4902","2005-12-29","11.61"
"4903","2005-12-28","11.35"
"4904","2005-12-27","11.57"
"4905","2005-12-23","10.27"
"4906","2005-12-22","10.29"
"4907","2005-12-21","10.81"
"4908","2005-12-20","11.19"
"4909","2005-12-19","11.38"
"4910","2005-12-16","10.68"
"4911","2005-12-15","10.73"
"4912","2005-12-14","10.48"
"4913","2005-12-13","11.11"
"4914","2005-12-12","11.47"
"4915","2005-12-09","11.69"
"4916","2005-12-08","12.21"
"4917","2005-12-07","12.18"
"4918","2005-12-06","11.52"
"4919","2005-12-05","11.60"
"4920","2005-12-02","11.01"
"4921","2005-12-01","11.24"
"4922","2005-11-30","12.06"
"4923","2005-11-29","11.89"
"4924","2005-11-28","11.84"
"4925","2005-11-25","10.88"
"4926","2005-11-23","10.96"
"4927","2005-11-22","10.60"
"4928","2005-11-21","10.82"
"4929","2005-11-18","11.12"
"4930","2005-11-17","11.25"
"4931","2005-11-16","12.26"
"4932","2005-11-15","12.23"
"4933","2005-11-14","12.18"
"4934","2005-11-11","11.63"
"4935","2005-11-10","11.90"
"4936","2005-11-09","12.80"
"4937","2005-11-08","13.08"
"4938","2005-11-07","13.10"
"4939","2005-11-04","13.17"
"4940","2005-11-03","13.00"
"4941","2005-11-02","13.48"
"4942","2005-11-01","14.85"
"4943","2005-10-31","15.32"
"4944","2005-10-28","14.25"
"4945","2005-10-27","16.02"
"4946","2005-10-26","14.59"
"4947","2005-10-25","14.53"
"4948","2005-10-24","14.74"
"4949","2005-10-21","16.13"
"4950","2005-10-20","16.11"
"4951","2005-10-19","13.50"
"4952","2005-10-18","15.33"
"4953","2005-10-17","14.67"
"4954","2005-10-14","14.87"
"4955","2005-10-13","16.47"
"4956","2005-10-12","16.22"
"4957","2005-10-11","15.63"
"4958","2005-10-10","15.55"
"4959","2005-10-07","14.59"
"4960","2005-10-06","14.96"
"4961","2005-10-05","14.55"
"4962","2005-10-04","13.20"
"4963","2005-10-03","12.46"
"4964","2005-09-30","11.92"
"4965","2005-09-29","12.24"
"4966","2005-09-28","12.63"
"4967","2005-09-27","12.76"
"4968","2005-09-26","13.04"
"4969","2005-09-23","12.96"
"4970","2005-09-22","13.33"
"4971","2005-09-21","13.79"
"4972","2005-09-20","12.64"
"4973","2005-09-19","12.14"
"4974","2005-09-16","11.22"
"4975","2005-09-15","12.49"
"4976","2005-09-14","12.91"
"4977","2005-09-13","12.39"
"4978","2005-09-12","11.65"
"4979","2005-09-09","11.98"
"4980","2005-09-08","12.93"
"4981","2005-09-07","12.52"
"4982","2005-09-06","12.93"
"4983","2005-09-02","13.57"
"4984","2005-09-01","13.15"
"4985","2005-08-31","12.60"
"4986","2005-08-30","13.65"
"4987","2005-08-29","13.52"
"4988","2005-08-26","13.72"
"4989","2005-08-25","13.73"
"4990","2005-08-24","14.17"
"4991","2005-08-23","13.34"
"4992","2005-08-22","13.42"
"4993","2005-08-19","13.42"
"4994","2005-08-18","13.42"
"4995","2005-08-17","13.30"
"4996","2005-08-16","13.52"
"4997","2005-08-15","12.26"
"4998","2005-08-12","12.74"
"4999","2005-08-11","12.42"
"5000","2005-08-10","12.38"
"5001","2005-08-09","12.40"
"5002","2005-08-08","13.21"
"5003","2005-08-05","12.48"
"5004","2005-08-04","12.52"
"5005","2005-08-03","11.83"
"5006","2005-08-02","11.75"
"5007","2005-08-01","12.08"
"5008","2005-07-29","11.57"
"5009","2005-07-28","10.52"
"5010","2005-07-27","10.36"
"5011","2005-07-26","10.99"
"5012","2005-07-25","11.10"
"5013","2005-07-22","10.52"
"5014","2005-07-21","10.97"
"5015","2005-07-20","10.23"
"5016","2005-07-19","10.45"
"5017","2005-07-18","10.77"
"5018","2005-07-15","10.33"
"5019","2005-07-14","10.81"
"5020","2005-07-13","10.84"
"5021","2005-07-12","10.95"
"5022","2005-07-11","11.28"
"5023","2005-07-08","11.45"
"5024","2005-07-07","12.49"
"5025","2005-07-06","12.27"
"5026","2005-07-05","11.68"
"5027","2005-07-01","11.40"
"5028","2005-06-30","12.04"
"5029","2005-06-29","11.77"
"5030","2005-06-28","11.58"
"5031","2005-06-27","12.52"
"5032","2005-06-24","12.18"
"5033","2005-06-23","12.13"
"5034","2005-06-22","11.05"
"5035","2005-06-21","11.08"
"5036","2005-06-20","11.47"
"5037","2005-06-17","11.48"
"5038","2005-06-16","11.15"
"5039","2005-06-15","11.46"
"5040","2005-06-14","11.79"
"5041","2005-06-13","11.65"
"5042","2005-06-10","11.96"
"5043","2005-06-09","12.08"
"5044","2005-06-08","12.70"
"5045","2005-06-07","12.39"
"5046","2005-06-06","12.28"
"5047","2005-06-03","12.15"
"5048","2005-06-02","11.84"
"5049","2005-06-01","12.36"
"5050","2005-05-31","13.29"
"5051","2005-05-27","12.15"
"5052","2005-05-26","12.24"
"5053","2005-05-25","12.58"
"5054","2005-05-24","12.69"
"5055","2005-05-23","12.95"
"5056","2005-05-20","13.14"
"5057","2005-05-19","13.32"
"5058","2005-05-18","13.63"
"5059","2005-05-17","14.57"
"5060","2005-05-16","15.68"
"5061","2005-05-13","16.32"
"5062","2005-05-12","16.12"
"5063","2005-05-11","14.45"
"5064","2005-05-10","14.91"
"5065","2005-05-09","13.75"
"5066","2005-05-06","14.05"
"5067","2005-05-05","13.98"
"5068","2005-05-04","13.85"
"5069","2005-05-03","14.53"
"5070","2005-05-02","15.12"
"5071","2005-04-29","15.31"
"5072","2005-04-28","16.86"
"5073","2005-04-27","14.87"
"5074","2005-04-26","14.91"
"5075","2005-04-25","14.62"
"5076","2005-04-22","15.38"
"5077","2005-04-21","14.41"
"5078","2005-04-20","16.92"
"5079","2005-04-19","14.96"
"5080","2005-04-18","16.56"
"5081","2005-04-15","17.74"
"5082","2005-04-14","14.53"
"5083","2005-04-13","13.31"
"5084","2005-04-12","11.30"
"5085","2005-04-11","11.98"
"5086","2005-04-08","12.62"
"5087","2005-04-07","12.33"
"5088","2005-04-06","13.15"
"5089","2005-04-05","13.68"
"5090","2005-04-04","14.11"
"5091","2005-04-01","14.09"
"5092","2005-03-31","14.02"
"5093","2005-03-30","13.64"
"5094","2005-03-29","14.49"
"5095","2005-03-28","13.75"
"5096","2005-03-24","13.42"
"5097","2005-03-23","14.06"
"5098","2005-03-22","14.27"
"5099","2005-03-21","13.61"
"5100","2005-03-18","13.14"
"5101","2005-03-17","13.29"
"5102","2005-03-16","13.49"
"5103","2005-03-15","13.15"
"5104","2005-03-14","12.39"
"5105","2005-03-11","12.80"
"5106","2005-03-10","12.49"
"5107","2005-03-09","12.70"
"5108","2005-03-08","12.40"
"5109","2005-03-07","12.26"
"5110","2005-03-04","11.94"
"5111","2005-03-03","12.93"
"5112","2005-03-02","12.50"
"5113","2005-03-01","12.04"
"5114","2005-02-28","12.08"
"5115","2005-02-25","11.49"
"5116","2005-02-24","11.57"
"5117","2005-02-23","12.39"
"5118","2005-02-22","13.14"
"5119","2005-02-18","11.18"
"5120","2005-02-17","11.77"
"5121","2005-02-16","11.10"
"5122","2005-02-15","11.27"
"5123","2005-02-14","11.52"
"5124","2005-02-11","11.43"
"5125","2005-02-10","11.51"
"5126","2005-02-09","12.00"
"5127","2005-02-08","11.60"
"5128","2005-02-07","11.73"
"5129","2005-02-04","11.21"
"5130","2005-02-03","11.79"
"5131","2005-02-02","11.66"
"5132","2005-02-01","12.03"
"5133","2005-01-31","12.82"
"5134","2005-01-28","13.24"
"5135","2005-01-27","13.24"
"5136","2005-01-26","13.44"
"5137","2005-01-25","14.06"
"5138","2005-01-24","14.65"
"5139","2005-01-21","14.36"
"5140","2005-01-20","13.83"
"5141","2005-01-19","13.18"
"5142","2005-01-18","12.47"
"5143","2005-01-14","12.43"
"5144","2005-01-13","12.84"
"5145","2005-01-12","12.56"
"5146","2005-01-11","13.19"
"5147","2005-01-10","13.23"
"5148","2005-01-07","13.49"
"5149","2005-01-06","13.58"
"5150","2005-01-05","14.09"
"5151","2005-01-04","13.98"
"5152","2005-01-03","14.08"
"5153","2004-12-31","13.29"
"5154","2004-12-30","12.56"
"5155","2004-12-29","11.62"
"5156","2004-12-28","12.00"
"5157","2004-12-27","12.14"
"5158","2004-12-23","11.23"
"5159","2004-12-22","11.45"
"5160","2004-12-21","11.55"
"5161","2004-12-20","11.83"
"5162","2004-12-17","11.95"
"5163","2004-12-16","12.27"
"5164","2004-12-15","12.35"
"5165","2004-12-14","12.73"
"5166","2004-12-13","12.54"
"5167","2004-12-10","12.76"
"5168","2004-12-09","12.88"
"5169","2004-12-08","13.19"
"5170","2004-12-07","13.67"
"5171","2004-12-06","13.19"
"5172","2004-12-03","12.96"
"5173","2004-12-02","12.98"
"5174","2004-12-01","12.97"
"5175","2004-11-30","13.24"
"5176","2004-11-29","13.30"
"5177","2004-11-26","12.78"
"5178","2004-11-24","12.72"
"5179","2004-11-23","12.67"
"5180","2004-11-22","12.97"
"5181","2004-11-19","13.50"
"5182","2004-11-18","12.98"
"5183","2004-11-17","13.21"
"5184","2004-11-16","13.21"
"5185","2004-11-15","13.38"
"5186","2004-11-12","13.33"
"5187","2004-11-11","13.04"
"5188","2004-11-10","13.08"
"5189","2004-11-09","13.61"
"5190","2004-11-08","13.80"
"5191","2004-11-05","13.84"
"5192","2004-11-04","13.97"
"5193","2004-11-03","14.04"
"5194","2004-11-02","16.18"
"5195","2004-11-01","16.27"
"5196","2004-10-29","16.27"
"5197","2004-10-28","15.39"
"5198","2004-10-27","15.72"
"5199","2004-10-26","16.39"
"5200","2004-10-25","16.58"
"5201","2004-10-22","15.28"
"5202","2004-10-21","14.54"
"5203","2004-10-20","14.85"
"5204","2004-10-19","15.13"
"5205","2004-10-18","14.71"
"5206","2004-10-15","15.04"
"5207","2004-10-14","16.43"
"5208","2004-10-13","15.42"
"5209","2004-10-12","15.05"
"5210","2004-10-11","14.71"
"5211","2004-10-08","15.05"
"5212","2004-10-07","14.50"
"5213","2004-10-06","13.28"
"5214","2004-10-05","13.95"
"5215","2004-10-04","13.41"
"5216","2004-10-01","12.75"
"5217","2004-09-30","13.34"
"5218","2004-09-29","13.21"
"5219","2004-09-28","13.83"
"5220","2004-09-27","14.62"
"5221","2004-09-24","14.28"
"5222","2004-09-23","14.80"
"5223","2004-09-22","14.74"
"5224","2004-09-21","13.66"
"5225","2004-09-20","14.43"
"5226","2004-09-17","14.03"
"5227","2004-09-16","14.39"
"5228","2004-09-15","14.64"
"5229","2004-09-14","13.56"
"5230","2004-09-13","13.17"
"5231","2004-09-10","13.76"
"5232","2004-09-09","14.01"
"5233","2004-09-08","14.06"
"5234","2004-09-07","14.07"
"5235","2004-09-03","13.91"
"5236","2004-09-02","14.28"
"5237","2004-09-01","14.91"
"5238","2004-08-31","15.29"
"5239","2004-08-30","15.44"
"5240","2004-08-27","14.71"
"5241","2004-08-26","14.91"
"5242","2004-08-25","14.98"
"5243","2004-08-24","15.33"
"5244","2004-08-23","15.88"
"5245","2004-08-20","16.00"
"5246","2004-08-19","16.96"
"5247","2004-08-18","16.23"
"5248","2004-08-17","17.02"
"5249","2004-08-16","17.57"
"5250","2004-08-13","17.98"
"5251","2004-08-12","19.08"
"5252","2004-08-11","18.04"
"5253","2004-08-10","17.47"
"5254","2004-08-09","18.89"
"5255","2004-08-06","19.34"
"5256","2004-08-05","18.32"
"5257","2004-08-04","16.21"
"5258","2004-08-03","16.03"
"5259","2004-08-02","15.37"
"5260","2004-07-30","15.32"
"5261","2004-07-29","15.68"
"5262","2004-07-28","16.15"
"5263","2004-07-27","16.55"
"5264","2004-07-26","17.30"
"5265","2004-07-23","16.50"
"5266","2004-07-22","15.75"
"5267","2004-07-21","16.41"
"5268","2004-07-20","14.17"
"5269","2004-07-19","15.17"
"5270","2004-07-16","14.34"
"5271","2004-07-15","14.71"
"5272","2004-07-14","13.76"
"5273","2004-07-13","14.46"
"5274","2004-07-12","14.96"
"5275","2004-07-09","15.78"
"5276","2004-07-08","16.20"
"5277","2004-07-07","15.81"
"5278","2004-07-06","16.25"
"5279","2004-07-02","15.08"
"5280","2004-07-01","15.20"
"5281","2004-06-30","14.34"
"5282","2004-06-29","15.47"
"5283","2004-06-28","16.07"
"5284","2004-06-25","15.19"
"5285","2004-06-24","14.81"
"5286","2004-06-23","13.98"
"5287","2004-06-22","14.31"
"5288","2004-06-21","15.26"
"5289","2004-06-18","14.99"
"5290","2004-06-17","15.15"
"5291","2004-06-16","14.79"
"5292","2004-06-15","15.05"
"5293","2004-06-14","16.07"
"5294","2004-06-10","15.04"
"5295","2004-06-09","15.39"
"5296","2004-06-08","15.01"
"5297","2004-06-07","15.39"
"5298","2004-06-04","16.78"
"5299","2004-06-03","17.03"
"5300","2004-06-02","16.08"
"5301","2004-06-01","16.30"
"5302","2004-05-28","15.50"
"5303","2004-05-27","15.28"
"5304","2004-05-26","15.97"
"5305","2004-05-25","15.96"
"5306","2004-05-24","18.08"
"5307","2004-05-21","18.49"
"5308","2004-05-20","18.67"
"5309","2004-05-19","18.93"
"5310","2004-05-18","19.33"
"5311","2004-05-17","19.96"
"5312","2004-05-14","18.47"
"5313","2004-05-13","18.86"
"5314","2004-05-12","18.14"
"5315","2004-05-11","18.57"
"5316","2004-05-10","19.77"
"5317","2004-05-07","18.13"
"5318","2004-05-06","17.05"
"5319","2004-05-05","15.77"
"5320","2004-05-04","16.55"
"5321","2004-05-03","16.62"
"5322","2004-04-30","17.19"
"5323","2004-04-29","16.60"
"5324","2004-04-28","16.29"
"5325","2004-04-27","15.07"
"5326","2004-04-26","14.77"
"5327","2004-04-23","14.01"
"5328","2004-04-22","14.61"
"5329","2004-04-21","15.60"
"5330","2004-04-20","16.67"
"5331","2004-04-19","15.42"
"5332","2004-04-16","14.94"
"5333","2004-04-15","15.74"
"5334","2004-04-14","15.62"
"5335","2004-04-13","17.26"
"5336","2004-04-12","15.28"
"5337","2004-04-08","16.26"
"5338","2004-04-07","15.76"
"5339","2004-04-06","15.32"
"5340","2004-04-05","14.97"
"5341","2004-04-02","15.64"
"5342","2004-04-01","16.65"
"5343","2004-03-31","16.74"
"5344","2004-03-30","16.28"
"5345","2004-03-29","16.50"
"5346","2004-03-26","17.33"
"5347","2004-03-25","17.88"
"5348","2004-03-24","19.81"
"5349","2004-03-23","20.67"
"5350","2004-03-22","21.58"
"5351","2004-03-19","19.15"
"5352","2004-03-18","18.53"
"5353","2004-03-17","18.11"
"5354","2004-03-16","20.34"
"5355","2004-03-15","21.13"
"5356","2004-03-12","18.30"
"5357","2004-03-11","20.67"
"5358","2004-03-10","18.67"
"5359","2004-03-09","16.60"
"5360","2004-03-08","15.79"
"5361","2004-03-05","14.48"
"5362","2004-03-04","14.40"
"5363","2004-03-03","14.55"
"5364","2004-03-02","14.86"
"5365","2004-03-01","14.44"
"5366","2004-02-27","14.55"
"5367","2004-02-26","14.83"
"5368","2004-02-25","14.93"
"5369","2004-02-24","15.90"
"5370","2004-02-23","16.29"
"5371","2004-02-20","16.04"
"5372","2004-02-19","15.80"
"5373","2004-02-18","15.59"
"5374","2004-02-17","15.40"
"5375","2004-02-13","15.58"
"5376","2004-02-12","15.31"
"5377","2004-02-11","15.39"
"5378","2004-02-10","15.94"
"5379","2004-02-09","16.39"
"5380","2004-02-06","16.00"
"5381","2004-02-05","17.71"
"5382","2004-02-04","17.87"
"5383","2004-02-03","17.34"
"5384","2004-02-02","17.11"
"5385","2004-01-30","16.63"
"5386","2004-01-29","17.14"
"5387","2004-01-28","16.78"
"5388","2004-01-27","15.35"
"5389","2004-01-26","14.55"
"5390","2004-01-23","14.84"
"5391","2004-01-22","14.71"
"5392","2004-01-21","14.34"
"5393","2004-01-20","15.21"
"5394","2004-01-16","15.00"
"5395","2004-01-15","15.56"
"5396","2004-01-14","16.75"
"5397","2004-01-13","18.04"
"5398","2004-01-12","16.82"
"5399","2004-01-09","16.75"
"5400","2004-01-08","15.61"
"5401","2004-01-07","15.50"
"5402","2004-01-06","16.73"
"5403","2004-01-05","17.49"
"5404","2004-01-02","18.22"
"5405","2003-12-31","18.31"
"5406","2003-12-30","17.68"
"5407","2003-12-29","17.09"
"5408","2003-12-26","17.45"
"5409","2003-12-24","16.66"
"5410","2003-12-23","16.49"
"5411","2003-12-22","16.94"
"5412","2003-12-19","16.42"
"5413","2003-12-18","16.16"
"5414","2003-12-17","15.58"
"5415","2003-12-16","15.93"
"5416","2003-12-15","17.23"
"5417","2003-12-12","16.41"
"5418","2003-12-11","16.73"
"5419","2003-12-10","17.87"
"5420","2003-12-09","17.63"
"5421","2003-12-08","16.54"
"5422","2003-12-05","17.09"
"5423","2003-12-04","16.30"
"5424","2003-12-03","16.63"
"5425","2003-12-02","16.27"
"5426","2003-12-01","16.77"
"5427","2003-11-28","16.32"
"5428","2003-11-26","16.23"
"5429","2003-11-25","16.71"
"5430","2003-11-24","17.44"
"5431","2003-11-21","18.98"
"5432","2003-11-20","19.48"
"5433","2003-11-19","18.80"
"5434","2003-11-18","19.11"
"5435","2003-11-17","18.60"
"5436","2003-11-14","16.94"
"5437","2003-11-13","16.47"
"5438","2003-11-12","16.75"
"5439","2003-11-11","17.54"
"5440","2003-11-10","17.62"
"5441","2003-11-07","16.93"
"5442","2003-11-06","16.74"
"5443","2003-11-05","16.86"
"5444","2003-11-04","16.55"
"5445","2003-11-03","16.55"
"5446","2003-10-31","16.10"
"5447","2003-10-30","16.33"
"5448","2003-10-29","16.43"
"5449","2003-10-28","16.82"
"5450","2003-10-27","18.05"
"5451","2003-10-24","17.71"
"5452","2003-10-23","17.68"
"5453","2003-10-22","17.67"
"5454","2003-10-21","16.55"
